ISO-10303-21;
HEADER;
FILE_DESCRIPTION(('FreeCAD Model'),'2;1');
FILE_NAME('Open CASCADE Shape Model','2025-03-06T14:27:02',('Author'),(
    ''),'Open CASCADE STEP processor 7.8','FreeCAD','Unknown');
FILE_SCHEMA(('AUTOMOTIVE_DESIGN { 1 0 10303 214 1 1 1 1 }'));
ENDSEC;
DATA;
#1 = APPLICATION_PROTOCOL_DEFINITION('international standard',
  'automotive_design',2000,#2);
#2 = APPLICATION_CONTEXT(
  'core data for automotive mechanical design processes');
#3 = SHAPE_DEFINITION_REPRESENTATION(#4,#10);
#4 = PRODUCT_DEFINITION_SHAPE('','',#5);
#5 = PRODUCT_DEFINITION('design','',#6,#9);
#6 = PRODUCT_DEFINITION_FORMATION('','',#7);
#7 = PRODUCT('KnobEdit','KnobEdit','',(#8));
#8 = PRODUCT_CONTEXT('',#2,'mechanical');
#9 = PRODUCT_DEFINITION_CONTEXT('part definition',#2,'design');
#10 = ADVANCED_BREP_SHAPE_REPRESENTATION('',(#11,#15),#8125);
#11 = AXIS2_PLACEMENT_3D('',#12,#13,#14);
#12 = CARTESIAN_POINT('',(0.,0.,0.));
#13 = DIRECTION('',(0.,0.,1.));
#14 = DIRECTION('',(1.,0.,-0.));
#15 = MANIFOLD_SOLID_BREP('',#16);
#16 = CLOSED_SHELL('',(#17,#45,#78,#102,#136,#238,#263,#447,#556,#635,
    #728,#739,#763,#953,#1052,#1161,#1215,#1239,#1429,#1528,#1637,#1691,
    #1724,#1914,#2013,#2122,#2176,#2201,#2391,#2490,#2599,#2653,#2677,
    #2867,#2966,#3075,#3129,#3153,#3343,#3442,#3551,#3605,#3638,#3828,
    #3927,#4036,#4090,#4115,#4291,#4390,#4499,#4553,#4577,#4753,#4852,
    #4961,#5015,#5039,#5222,#5321,#5430,#5484,#5517,#5700,#5799,#5908,
    #5962,#5987,#6170,#6269,#6378,#6432,#6456,#6639,#6738,#6847,#6901,
    #6925,#7101,#7200,#7309,#7363,#7387,#7635,#7734,#7843,#7897,#7906,
    #7915,#7989,#8012,#8079));
#17 = ADVANCED_FACE('',(#18,#29),#40,.F.);
#18 = FACE_BOUND('',#19,.T.);
#19 = EDGE_LOOP('',(#20));
#20 = ORIENTED_EDGE('',*,*,#21,.F.);
#21 = EDGE_CURVE('',#22,#22,#24,.T.);
#22 = VERTEX_POINT('',#23);
#23 = CARTESIAN_POINT('',(-15.5,0.,-49.75));
#24 = CIRCLE('',#25,15.5);
#25 = AXIS2_PLACEMENT_3D('',#26,#27,#28);
#26 = CARTESIAN_POINT('',(-1.138921523207E-31,0.,-49.75));
#27 = DIRECTION('',(2.324646799147E-16,0.,-1.));
#28 = DIRECTION('',(-1.,0.,-2.324646799147E-16));
#29 = FACE_BOUND('',#30,.T.);
#30 = EDGE_LOOP('',(#31));
#31 = ORIENTED_EDGE('',*,*,#32,.T.);
#32 = EDGE_CURVE('',#33,#33,#35,.T.);
#33 = VERTEX_POINT('',#34);
#34 = CARTESIAN_POINT('',(-14.5,1.E-15,-49.75));
#35 = CIRCLE('',#36,14.5);
#36 = AXIS2_PLACEMENT_3D('',#37,#38,#39);
#37 = CARTESIAN_POINT('',(0.,8.9E-16,-49.75));
#38 = DIRECTION('',(1.224646799147E-16,0.,-1.));
#39 = DIRECTION('',(-1.,0.,-1.224646799147E-16));
#40 = PLANE('',#41);
#41 = AXIS2_PLACEMENT_3D('',#42,#43,#44);
#42 = CARTESIAN_POINT('',(-8.5,0.,-49.75));
#43 = DIRECTION('',(2.324646799147E-16,0.,-1.));
#44 = DIRECTION('',(-1.,0.,-2.324646799147E-16));
#45 = ADVANCED_FACE('',(#46),#73,.T.);
#46 = FACE_BOUND('',#47,.T.);
#47 = EDGE_LOOP('',(#48,#59,#64,#65,#66));
#48 = ORIENTED_EDGE('',*,*,#49,.T.);
#49 = EDGE_CURVE('',#50,#52,#54,.T.);
#50 = VERTEX_POINT('',#51);
#51 = CARTESIAN_POINT('',(17.,0.,-74.25));
#52 = VERTEX_POINT('',#53);
#53 = CARTESIAN_POINT('',(-17.,0.,-74.25));
#54 = CIRCLE('',#55,17.);
#55 = AXIS2_PLACEMENT_3D('',#56,#57,#58);
#56 = CARTESIAN_POINT('',(5.680384657911E-15,0.,-74.25));
#57 = DIRECTION('',(-2.324646799147E-16,0.,1.));
#58 = DIRECTION('',(1.,0.,2.324646799147E-16));
#59 = ORIENTED_EDGE('',*,*,#60,.F.);
#60 = EDGE_CURVE('',#22,#52,#61,.T.);
#61 = B_SPLINE_CURVE_WITH_KNOTS('',1,(#62,#63),.UNSPECIFIED.,.F.,.F.,(2,
    2),(-9.3E-16,24.545875417267),.PIECEWISE_BEZIER_KNOTS.);
#62 = CARTESIAN_POINT('',(-15.5,-3.8E-15,-49.75));
#63 = CARTESIAN_POINT('',(-17.,-4.16E-15,-74.25));
#64 = ORIENTED_EDGE('',*,*,#21,.T.);
#65 = ORIENTED_EDGE('',*,*,#60,.T.);
#66 = ORIENTED_EDGE('',*,*,#67,.T.);
#67 = EDGE_CURVE('',#52,#50,#68,.T.);
#68 = CIRCLE('',#69,17.);
#69 = AXIS2_PLACEMENT_3D('',#70,#71,#72);
#70 = CARTESIAN_POINT('',(5.680384657911E-15,0.,-74.25));
#71 = DIRECTION('',(-2.324646799147E-16,0.,1.));
#72 = DIRECTION('',(1.,0.,2.324646799147E-16));
#73 = CONICAL_SURFACE('',#74,15.5,6.11481626493E-02);
#74 = AXIS2_PLACEMENT_3D('',#75,#76,#77);
#75 = CARTESIAN_POINT('',(0.,0.,-49.75));
#76 = DIRECTION('',(2.324646799147E-16,0.,-1.));
#77 = DIRECTION('',(-1.,0.,-2.324646799147E-16));
#78 = ADVANCED_FACE('',(#79),#97,.F.);
#79 = FACE_BOUND('',#80,.F.);
#80 = EDGE_LOOP('',(#81,#90,#95,#96));
#81 = ORIENTED_EDGE('',*,*,#82,.F.);
#82 = EDGE_CURVE('',#83,#83,#85,.T.);
#83 = VERTEX_POINT('',#84);
#84 = CARTESIAN_POINT('',(-14.5,1.E-15,-74.75));
#85 = CIRCLE('',#86,14.5);
#86 = AXIS2_PLACEMENT_3D('',#87,#88,#89);
#87 = CARTESIAN_POINT('',(3.061616997868E-15,8.9E-16,-74.75));
#88 = DIRECTION('',(1.224646799147E-16,0.,-1.));
#89 = DIRECTION('',(-1.,0.,-1.224646799147E-16));
#90 = ORIENTED_EDGE('',*,*,#91,.T.);
#91 = EDGE_CURVE('',#83,#33,#92,.T.);
#92 = B_SPLINE_CURVE_WITH_KNOTS('',1,(#93,#94),.UNSPECIFIED.,.F.,.F.,(2,
    2),(0.,25.),.PIECEWISE_BEZIER_KNOTS.);
#93 = CARTESIAN_POINT('',(-14.5,2.66E-15,-74.75));
#94 = CARTESIAN_POINT('',(-14.5,2.66E-15,-49.75));
#95 = ORIENTED_EDGE('',*,*,#32,.T.);
#96 = ORIENTED_EDGE('',*,*,#91,.F.);
#97 = CYLINDRICAL_SURFACE('',#98,14.5);
#98 = AXIS2_PLACEMENT_3D('',#99,#100,#101);
#99 = CARTESIAN_POINT('',(3.061616997868E-15,8.9E-16,-74.75));
#100 = DIRECTION('',(-1.224646799147E-16,0.,1.));
#101 = DIRECTION('',(1.,0.,1.224646799147E-16));
#102 = ADVANCED_FACE('',(#103),#131,.T.);
#103 = FACE_BOUND('',#104,.T.);
#104 = EDGE_LOOP('',(#105,#116,#123,#128,#129,#130));
#105 = ORIENTED_EDGE('',*,*,#106,.F.);
#106 = EDGE_CURVE('',#107,#109,#111,.T.);
#107 = VERTEX_POINT('',#108);
#108 = CARTESIAN_POINT('',(-18.,0.,-76.75));
#109 = VERTEX_POINT('',#110);
#110 = CARTESIAN_POINT('',(18.,0.,-76.75));
#111 = CIRCLE('',#112,18.);
#112 = AXIS2_PLACEMENT_3D('',#113,#114,#115);
#113 = CARTESIAN_POINT('',(6.266546357698E-15,0.,-76.75));
#114 = DIRECTION('',(2.324646799147E-16,0.,-1.));
#115 = DIRECTION('',(-1.,0.,-2.324646799147E-16));
#116 = ORIENTED_EDGE('',*,*,#117,.F.);
#117 = EDGE_CURVE('',#109,#107,#118,.T.);
#118 = CIRCLE('',#119,18.);
#119 = AXIS2_PLACEMENT_3D('',#120,#121,#122);
#120 = CARTESIAN_POINT('',(6.266546357698E-15,0.,-76.75));
#121 = DIRECTION('',(2.324646799147E-16,0.,-1.));
#122 = DIRECTION('',(-1.,0.,-2.324646799147E-16));
#123 = ORIENTED_EDGE('',*,*,#124,.F.);
#124 = EDGE_CURVE('',#50,#109,#125,.T.);
#125 = B_SPLINE_CURVE_WITH_KNOTS('',1,(#126,#127),.UNSPECIFIED.,.F.,.F.,
  (2,2),(0.,2.692582403567),.PIECEWISE_BEZIER_KNOTS.);
#126 = CARTESIAN_POINT('',(17.,6.25E-15,-74.25));
#127 = CARTESIAN_POINT('',(18.,6.61E-15,-76.75));
#128 = ORIENTED_EDGE('',*,*,#67,.F.);
#129 = ORIENTED_EDGE('',*,*,#49,.F.);
#130 = ORIENTED_EDGE('',*,*,#124,.T.);
#131 = CONICAL_SURFACE('',#132,17.,0.380506377112);
#132 = AXIS2_PLACEMENT_3D('',#133,#134,#135);
#133 = CARTESIAN_POINT('',(5.680384657911E-15,0.,-74.25));
#134 = DIRECTION('',(2.324646799147E-16,0.,-1.));
#135 = DIRECTION('',(-1.,0.,-2.324646799147E-16));
#136 = ADVANCED_FACE('',(#137,#140),#233,.F.);
#137 = FACE_BOUND('',#138,.F.);
#138 = EDGE_LOOP('',(#139));
#139 = ORIENTED_EDGE('',*,*,#82,.T.);
#140 = FACE_BOUND('',#141,.F.);
#141 = EDGE_LOOP('',(#142,#153,#162,#189,#208));
#142 = ORIENTED_EDGE('',*,*,#143,.T.);
#143 = EDGE_CURVE('',#144,#146,#148,.T.);
#144 = VERTEX_POINT('',#145);
#145 = CARTESIAN_POINT('',(5.640555183272,-7.644222473507,-74.75));
#146 = VERTEX_POINT('',#147);
#147 = CARTESIAN_POINT('',(9.5,0.,-74.75));
#148 = CIRCLE('',#149,9.5);
#149 = AXIS2_PLACEMENT_3D('',#150,#151,#152);
#150 = CARTESIAN_POINT('',(3.061616997868E-15,0.,-74.75));
#151 = DIRECTION('',(-1.224646799147E-16,0.,1.));
#152 = DIRECTION('',(1.,0.,1.224646799147E-16));
#153 = ORIENTED_EDGE('',*,*,#154,.T.);
#154 = EDGE_CURVE('',#146,#155,#157,.T.);
#155 = VERTEX_POINT('',#156);
#156 = CARTESIAN_POINT('',(5.64059982504,7.644189532826,-74.75));
#157 = CIRCLE('',#158,9.5);
#158 = AXIS2_PLACEMENT_3D('',#159,#160,#161);
#159 = CARTESIAN_POINT('',(3.061616997868E-15,0.,-74.75));
#160 = DIRECTION('',(-1.224646799147E-16,0.,1.));
#161 = DIRECTION('',(1.,0.,1.224646799147E-16));
#162 = ORIENTED_EDGE('',*,*,#163,.T.);
#163 = EDGE_CURVE('',#155,#164,#166,.T.);
#164 = VERTEX_POINT('',#165);
#165 = CARTESIAN_POINT('',(-9.469769661671,3.922495247246,-74.75));
#166 = B_SPLINE_CURVE_WITH_KNOTS('',6,(#167,#168,#169,#170,#171,#172,
    #173,#174,#175,#176,#177,#178,#179,#180,#181,#182,#183,#184,#185,
    #186,#187,#188),.UNSPECIFIED.,.F.,.F.,(7,5,5,5,7),(0.,0.228673144941
    ,0.469856107149,0.726064282196,1.),.UNSPECIFIED.);
#167 = CARTESIAN_POINT('',(6.673761048337,6.673733003942,-74.75));
#168 = CARTESIAN_POINT('',(6.17601318563,7.217095240759,-74.75));
#169 = CARTESIAN_POINT('',(5.62723057042,7.713863469131,-74.75));
#170 = CARTESIAN_POINT('',(5.033234993988,8.158150990377,-74.75));
#171 = CARTESIAN_POINT('',(4.400542445997,8.545320279294,-74.75));
#172 = CARTESIAN_POINT('',(3.736136877754,8.871689306308,-74.75));
#173 = CARTESIAN_POINT('',(2.321382249971,9.41218077894,-74.75));
#174 = CARTESIAN_POINT('',(1.568146406764,9.619251831665,-74.75));
#175 = CARTESIAN_POINT('',(0.79673886254,9.752942608483,-74.75));
#176 = CARTESIAN_POINT('',(1.607821211474E-02,9.811917584657,-74.75));
#177 = CARTESIAN_POINT('',(-0.764935722672,9.796068415959,-74.75));
#178 = CARTESIAN_POINT('',(-2.357992684042,9.612007864362,-74.75));
#179 = CARTESIAN_POINT('',(-3.169165216338,9.434339393451,-74.75));
#180 = CARTESIAN_POINT('',(-3.960253058698,9.175435506307,-74.75));
#181 = CARTESIAN_POINT('',(-4.721463650325,8.83874706379,-74.75));
#182 = CARTESIAN_POINT('',(-5.443704549776,8.428994352815,-74.75));
#183 = CARTESIAN_POINT('',(-6.840503375603,7.44310467273,-74.75));
#184 = CARTESIAN_POINT('',(-7.508542430794,6.85724810493,-74.75));
#185 = CARTESIAN_POINT('',(-8.112759846546,6.202635508007,-74.75));
#186 = CARTESIAN_POINT('',(-8.64509733725,5.488396286527,-74.75));
#187 = CARTESIAN_POINT('',(-9.09898217794,4.724582926677,-74.75));
#188 = CARTESIAN_POINT('',(-9.469769707638,3.92249517051,-74.75));
#189 = ORIENTED_EDGE('',*,*,#190,.T.);
#190 = EDGE_CURVE('',#164,#191,#193,.T.);
#191 = VERTEX_POINT('',#192);
#192 = CARTESIAN_POINT('',(-9.469762420562,-3.922512159228,-74.75));
#193 = B_SPLINE_CURVE_WITH_KNOTS('',4,(#194,#195,#196,#197,#198,#199,
    #200,#201,#202,#203,#204,#205,#206,#207),.UNSPECIFIED.,.F.,.F.,(5,3,
    3,3,5),(0.,0.250000047157,0.500000002006,0.749999955988,1.),
  .UNSPECIFIED.);
#194 = CARTESIAN_POINT('',(-9.469769661671,3.922495247246,-74.75));
#195 = CARTESIAN_POINT('',(-9.66231447679,3.457649596408,-74.75));
#196 = CARTESIAN_POINT('',(-9.824436319708,2.980199011409,-74.75));
#197 = CARTESIAN_POINT('',(-9.954893337956,2.493143038641,-74.75));
#198 = CARTESIAN_POINT('',(-10.15120984443,1.506188435489,-74.75));
#199 = CARTESIAN_POINT('',(-10.2170705692,1.006283714607,-74.75));
#200 = CARTESIAN_POINT('',(-10.2500009804,0.503135671156,-74.75));
#201 = CARTESIAN_POINT('',(-10.25000003862,-0.503154137247,-74.75));
#202 = CARTESIAN_POINT('',(-10.21706868502,-1.006302117024,-74.75));
#203 = CARTESIAN_POINT('',(-10.15120702117,-1.506206712507,-74.75));
#204 = CARTESIAN_POINT('',(-9.954888671101,-2.493160940147,-74.75));
#205 = CARTESIAN_POINT('',(-9.824430748206,-2.980216663336,-74.75));
#206 = CARTESIAN_POINT('',(-9.662308026886,-3.457666942489,-74.75));
#207 = CARTESIAN_POINT('',(-9.469762362131,-3.922512234192,-74.75));
#208 = ORIENTED_EDGE('',*,*,#209,.T.);
#209 = EDGE_CURVE('',#191,#144,#210,.T.);
#210 = B_SPLINE_CURVE_WITH_KNOTS('',6,(#211,#212,#213,#214,#215,#216,
    #217,#218,#219,#220,#221,#222,#223,#224,#225,#226,#227,#228,#229,
    #230,#231,#232),.UNSPECIFIED.,.F.,.F.,(7,5,5,5,7),(0.,0.273935726353
    ,0.530143903607,0.77132686326,1.),.UNSPECIFIED.);
#211 = CARTESIAN_POINT('',(-9.469762420562,-3.922512159228,-74.75));
#212 = CARTESIAN_POINT('',(-9.098974431809,-4.724596781869,-74.75));
#213 = CARTESIAN_POINT('',(-8.645089714428,-5.488407077711,-74.75));
#214 = CARTESIAN_POINT('',(-8.112752904717,-6.20264341847,-74.75));
#215 = CARTESIAN_POINT('',(-7.508536673231,-6.857253411203,-74.75));
#216 = CARTESIAN_POINT('',(-6.840499236387,-7.443107734451,-74.75));
#217 = CARTESIAN_POINT('',(-5.44370422362,-8.428993887547,-74.75));
#218 = CARTESIAN_POINT('',(-4.721465480771,-8.838745263368,-74.75));
#219 = CARTESIAN_POINT('',(-3.960257280244,-9.1754328019,-74.75));
#220 = CARTESIAN_POINT('',(-3.16917198299,-9.434336256224,-74.75));
#221 = CARTESIAN_POINT('',(-2.358002062899,-9.612004797345,-74.75));
#222 = CARTESIAN_POINT('',(-0.764950129257,-9.796066476357,-74.75));
#223 = CARTESIAN_POINT('',(1.606138346219E-02,-9.8119166465,-74.75));
#224 = CARTESIAN_POINT('',(0.796719720599,-9.752943137884,-74.75));
#225 = CARTESIAN_POINT('',(1.56812514456,-9.619254271794,-74.75));
#226 = CARTESIAN_POINT('',(2.321359135445,-9.412185541975,-74.75));
#227 = CARTESIAN_POINT('',(3.736110796628,-8.871699274769,-74.75));
#228 = CARTESIAN_POINT('',(4.400515217834,-8.545333099357,-74.75));
#229 = CARTESIAN_POINT('',(5.033206975077,-8.158166926934,-74.75));
#230 = CARTESIAN_POINT('',(5.627202160184,-7.713882727792,-74.75));
#231 = CARTESIAN_POINT('',(6.175984828317,-7.217117969241,-74.75));
#232 = CARTESIAN_POINT('',(6.673733234637,-6.673759297306,-74.75));
#233 = PLANE('',#234);
#234 = AXIS2_PLACEMENT_3D('',#235,#236,#237);
#235 = CARTESIAN_POINT('',(3.061616997868E-15,0.,-74.75));
#236 = DIRECTION('',(1.224646799147E-16,0.,-1.));
#237 = DIRECTION('',(-1.,0.,-1.224646799147E-16));
#238 = ADVANCED_FACE('',(#239),#258,.T.);
#239 = FACE_BOUND('',#240,.T.);
#240 = EDGE_LOOP('',(#241,#242,#249,#256,#257));
#241 = ORIENTED_EDGE('',*,*,#106,.T.);
#242 = ORIENTED_EDGE('',*,*,#243,.F.);
#243 = EDGE_CURVE('',#244,#109,#246,.T.);
#244 = VERTEX_POINT('',#245);
#245 = CARTESIAN_POINT('',(18.,0.,-86.75));
#246 = B_SPLINE_CURVE_WITH_KNOTS('',1,(#247,#248),.UNSPECIFIED.,.F.,.F.,
  (2,2),(10.5,20.5),.PIECEWISE_BEZIER_KNOTS.);
#247 = CARTESIAN_POINT('',(18.,-4.41E-15,-86.75));
#248 = CARTESIAN_POINT('',(18.,-4.41E-15,-76.75));
#249 = ORIENTED_EDGE('',*,*,#250,.T.);
#250 = EDGE_CURVE('',#244,#244,#251,.T.);
#251 = CIRCLE('',#252,18.);
#252 = AXIS2_PLACEMENT_3D('',#253,#254,#255);
#253 = CARTESIAN_POINT('',(8.581193156845E-15,0.,-86.75));
#254 = DIRECTION('',(-2.324646799147E-16,0.,1.));
#255 = DIRECTION('',(1.,0.,2.324646799147E-16));
#256 = ORIENTED_EDGE('',*,*,#243,.T.);
#257 = ORIENTED_EDGE('',*,*,#117,.T.);
#258 = CYLINDRICAL_SURFACE('',#259,18.);
#259 = AXIS2_PLACEMENT_3D('',#260,#261,#262);
#260 = CARTESIAN_POINT('',(1.101707229595E-14,0.,-97.25));
#261 = DIRECTION('',(-2.324646799147E-16,0.,1.));
#262 = DIRECTION('',(1.,0.,2.324646799147E-16));
#263 = ADVANCED_FACE('',(#264),#442,.F.);
#264 = FACE_BOUND('',#265,.T.);
#265 = EDGE_LOOP('',(#266,#267,#275,#373,#381));
#266 = ORIENTED_EDGE('',*,*,#143,.T.);
#267 = ORIENTED_EDGE('',*,*,#268,.T.);
#268 = EDGE_CURVE('',#146,#269,#271,.T.);
#269 = VERTEX_POINT('',#270);
#270 = CARTESIAN_POINT('',(9.5,-1.027217659875E-08,-74.97323516882));
#271 = LINE('',#272,#273);
#272 = CARTESIAN_POINT('',(9.5,0.,-74.75));
#273 = VECTOR('',#274,1.);
#274 = DIRECTION('',(5.141040633873E-17,0.,-1.));
#275 = ORIENTED_EDGE('',*,*,#276,.T.);
#276 = EDGE_CURVE('',#269,#277,#279,.T.);
#277 = VERTEX_POINT('',#278);
#278 = CARTESIAN_POINT('',(9.5,-2.054439743778E-08,-76.47323303953));
#279 = B_SPLINE_CURVE_WITH_KNOTS('',8,(#280,#281,#282,#283,#284,#285,
    #286,#287,#288,#289,#290,#291,#292,#293,#294,#295,#296,#297,#298,
    #299,#300,#301,#302,#303,#304,#305,#306,#307,#308,#309,#310,#311,
    #312,#313,#314,#315,#316,#317,#318,#319,#320,#321,#322,#323,#324,
    #325,#326,#327,#328,#329,#330,#331,#332,#333,#334,#335,#336,#337,
    #338,#339,#340,#341,#342,#343,#344,#345,#346,#347,#348,#349,#350,
    #351,#352,#353,#354,#355,#356,#357,#358,#359,#360,#361,#362,#363,
    #364,#365,#366,#367,#368,#369,#370,#371,#372),.UNSPECIFIED.,.F.,.F.,
  (9,7,7,7,7,7,7,7,7,7,7,7,7,9),(0.,2.051823435024E-02,
    5.256696868604E-02,0.12256696135,0.214751321629,0.308618201903,
    0.322464227483,0.413470277094,0.54930840352,0.685961382137,
    0.789534948046,0.883899783075,0.960630420378,1.),.UNSPECIFIED.);
#280 = CARTESIAN_POINT('',(9.5,-2.054434666832E-08,-74.97323516882));
#281 = CARTESIAN_POINT('',(9.499999999669,-0.153071925126,
    -74.97708153972));
#282 = CARTESIAN_POINT('',(9.497181230749,-0.306143878194,
    -74.98092796979));
#283 = CARTESIAN_POINT('',(9.491543694483,-0.45915523629,-74.98477445214
    ));
#284 = CARTESIAN_POINT('',(9.483088951704,-0.612045445725,
    -74.98862097982));
#285 = CARTESIAN_POINT('',(9.471820122827,-0.76475404258,-74.99246754584
    ));
#286 = CARTESIAN_POINT('',(9.457741887858,-0.917220652707,
    -74.99631414319));
#287 = CARTESIAN_POINT('',(9.440860486388,-1.069384991726,
    -75.00016076478));
#288 = CARTESIAN_POINT('',(9.390449321796,-1.458295859206,
    -75.01001571298));
#289 = CARTESIAN_POINT('',(9.352894820267,-1.694521585947,
    -75.01602407655));
#290 = CARTESIAN_POINT('',(9.308550052923,-1.929634160419,
    -75.02203247038));
#291 = CARTESIAN_POINT('',(9.257453916179,-2.163405821371,
    -75.02804087498));
#292 = CARTESIAN_POINT('',(9.199654362953,-2.39561093114,-75.03404927524
    ));
#293 = CARTESIAN_POINT('',(9.135208402658,-2.626025975644,
    -75.04005766038));
#294 = CARTESIAN_POINT('',(9.064182101212,-2.854429564385,
    -75.04606602396));
#295 = CARTESIAN_POINT('',(8.817308297894,-3.574603185654,
    -75.06519762017));
#296 = CARTESIAN_POINT('',(8.616920295722,-4.057996914294,
    -75.07832162133));
#297 = CARTESIAN_POINT('',(8.386275683624,-4.528459813022,
    -75.09144515207));
#298 = CARTESIAN_POINT('',(8.126363709984,-4.983786964867,
    -75.10456817113));
#299 = CARTESIAN_POINT('',(7.838352592548,-5.421881290497,
    -75.11769120391));
#300 = CARTESIAN_POINT('',(7.523581888163,-5.84075079817,-75.13081475709
    ));
#301 = CARTESIAN_POINT('',(7.18356840217,-6.238514132355,-75.14393875528
    ));
#302 = CARTESIAN_POINT('',(6.341269055855,-7.107127948237,
    -75.17434425728));
#303 = CARTESIAN_POINT('',(5.821574258935,-7.561326208719,
    -75.19162987897));
#304 = CARTESIAN_POINT('',(5.264876494261,-7.971899945066,
    -75.20891419953));
#305 = CARTESIAN_POINT('',(4.675491167303,-8.33538006721,-75.22619679344
    ));
#306 = CARTESIAN_POINT('',(4.058046484811,-8.648836457911,
    -75.24347936896));
#307 = CARTESIAN_POINT('',(3.417455682994,-8.909847226837,
    -75.26076364893));
#308 = CARTESIAN_POINT('',(2.75892884052,-9.116538413241,-75.27804923857
    ));
#309 = CARTESIAN_POINT('',(1.404874572707,-9.421608708051,
    -75.31292915175));
#310 = CARTESIAN_POINT('',(0.708618501256,-9.518003478919,
    -75.33053023371));
#311 = CARTESIAN_POINT('',(5.114984161055E-03,-9.55551795786,
    -75.34812963724));
#312 = CARTESIAN_POINT('',(-0.699815452571,-9.533595180244,
    -75.36572702202));
#313 = CARTESIAN_POINT('',(-1.400391052651,-9.452346505474,
    -75.38332441274));
#314 = CARTESIAN_POINT('',(-2.090875780027,-9.312506045477,
    -75.40092382355));
#315 = CARTESIAN_POINT('',(-2.765592846377,-9.115474725034,
    -75.41852489054));
#316 = CARTESIAN_POINT('',(-3.515318830067,-8.826279139138,
    -75.43871828506));
#317 = CARTESIAN_POINT('',(-3.611230900262,-8.787906710269,
    -75.44131406001));
#318 = CARTESIAN_POINT('',(-3.706663660712,-8.748343383267,
    -75.44390983718));
#319 = CARTESIAN_POINT('',(-3.801599865061,-8.70759615673,
    -75.44650561656));
#320 = CARTESIAN_POINT('',(-3.89602238606,-8.665672331912,
    -75.44910139784));
#321 = CARTESIAN_POINT('',(-3.989914215564,-8.622579512717,
    -75.45169718038));
#322 = CARTESIAN_POINT('',(-4.083258464538,-8.578325605707,
    -75.45429296323));
#323 = CARTESIAN_POINT('',(-4.785854660009,-8.234472730989,
    -75.47395009264));
#324 = CARTESIAN_POINT('',(-5.371405469317,-7.886165013788,
    -75.49101454758));
#325 = CARTESIAN_POINT('',(-5.927763875686,-7.490370230737,
    -75.50807771733));
#326 = CARTESIAN_POINT('',(-6.450466038193,-7.04999410458,
    -75.52513922997));
#327 = CARTESIAN_POINT('',(-6.935441595968,-6.568384933657,
    -75.54220073345));
#328 = CARTESIAN_POINT('',(-7.378994628243,-6.049300259325,
    -75.55926388664));
#329 = CARTESIAN_POINT('',(-7.777835168784,-5.496928785714,
    -75.57632834228));
#330 = CARTESIAN_POINT('',(-8.653560259057,-4.048808875219,
    -75.61885600478));
#331 = CARTESIAN_POINT('',(-9.07270715754,-3.116951129335,
    -75.64434470689));
#332 = CARTESIAN_POINT('',(-9.376449606518,-2.136447630442,
    -75.66982060664));
#333 = CARTESIAN_POINT('',(-9.558795529918,-1.124102666063,
    -75.69528776045));
#334 = CARTESIAN_POINT('',(-9.616277581455,-9.707364732088E-02,
    -75.72075543034));
#335 = CARTESIAN_POINT('',(-9.548287915057,0.927145576233,
    -75.74623127235));
#336 = CARTESIAN_POINT('',(-9.356756763746,1.930818512982,
    -75.77172010414));
#337 = CARTESIAN_POINT('',(-8.737061908855,3.866919218021,
    -75.82280538953));
#338 = CARTESIAN_POINT('',(-8.306925962943,4.800631935098,
    -75.84844763508));
#339 = CARTESIAN_POINT('',(-7.762952174713,5.678559970787,
    -75.87407657313));
#340 = CARTESIAN_POINT('',(-7.114052572121,6.484873436716,
    -75.89969659631));
#341 = CARTESIAN_POINT('',(-6.371100529695,7.205452678455,
    -75.92531665193));
#342 = CARTESIAN_POINT('',(-5.547151349227,7.828166973877,
    -75.95094533821));
#343 = CARTESIAN_POINT('',(-4.657144495312,8.342680620815,
    -75.97658736441));
#344 = CARTESIAN_POINT('',(-3.008026549644,9.044270056634,
    -76.02162374433));
#345 = CARTESIAN_POINT('',(-2.268678040392,9.280757914958,
    -76.04104708873));
#346 = CARTESIAN_POINT('',(-1.508460871876,9.447991544221,
    -76.06046759137));
#347 = CARTESIAN_POINT('',(-0.734981339647,9.543938914183,
    -76.07988554473));
#348 = CARTESIAN_POINT('',(4.406866207788E-02,9.567552269038,
    -76.09930348102));
#349 = CARTESIAN_POINT('',(0.820927504057,9.518689278758,-76.11872397452
    ));
#350 = CARTESIAN_POINT('',(1.587767431391,9.398193397597,-76.13814737372
    ));
#351 = CARTESIAN_POINT('',(3.019073800485,9.034975985329,-76.1752557588)
  );
#352 = CARTESIAN_POINT('',(3.686910251287,8.803990530435,-76.19295025257
    ));
#353 = CARTESIAN_POINT('',(4.334288986781,8.516643513924,-76.21064299962
    ));
#354 = CARTESIAN_POINT('',(4.955682809144,8.175113611171,-76.22833363814
    ));
#355 = CARTESIAN_POINT('',(5.545909784644,7.782169517541,-76.24602426272
    ));
#356 = CARTESIAN_POINT('',(6.100118289828,7.341124797054,-76.26371698242
    ));
#357 = CARTESIAN_POINT('',(6.613820110831,6.855872027012,-76.2814114676)
  );
#358 = CARTESIAN_POINT('',(7.464451544651,5.904205329189,-76.31348753727
    ));
#359 = CARTESIAN_POINT('',(7.816576068344,5.451104857908,-76.32787399972
    ));
#360 = CARTESIAN_POINT('',(8.137173248322,4.974106513141,-76.34225999219
    ));
#361 = CARTESIAN_POINT('',(8.424370407002,4.475787553112,-76.35664534618
    ));
#362 = CARTESIAN_POINT('',(8.676559248169,3.958868997752,-76.37103073111
    ));
#363 = CARTESIAN_POINT('',(8.892385148449,3.4262066501,-76.38541679311)
  );
#364 = CARTESIAN_POINT('',(9.070760599893,2.880794947153,-76.3998033066)
  );
#365 = CARTESIAN_POINT('',(9.28280810572,2.041013923601,-76.42156912797)
  );
#366 = CARTESIAN_POINT('',(9.344651911191,1.753701740146,-76.42894991898
    ));
#367 = CARTESIAN_POINT('',(9.396328969746,1.464264466789,-76.43633063384
    ));
#368 = CARTESIAN_POINT('',(9.437755031993,1.173122260786,-76.44371126373
    ));
#369 = CARTESIAN_POINT('',(9.468866860865,0.880697978164,-76.45109183069
    ));
#370 = CARTESIAN_POINT('',(9.48962224298,0.587417092176,-76.45847234962)
  );
#371 = CARTESIAN_POINT('',(9.5,0.29370761176,-76.46585279014));
#372 = CARTESIAN_POINT('',(9.5,-1.7763568394E-15,-76.4732330385));
#373 = ORIENTED_EDGE('',*,*,#374,.F.);
#374 = EDGE_CURVE('',#375,#277,#377,.T.);
#375 = VERTEX_POINT('',#376);
#376 = CARTESIAN_POINT('',(9.5,-1.027214133014E-08,-76.02676206315));
#377 = LINE('',#378,#379);
#378 = CARTESIAN_POINT('',(9.5,0.,-74.75));
#379 = VECTOR('',#380,1.);
#380 = DIRECTION('',(5.141040633873E-17,0.,-1.));
#381 = ORIENTED_EDGE('',*,*,#382,.F.);
#382 = EDGE_CURVE('',#144,#375,#383,.T.);
#383 = B_SPLINE_CURVE_WITH_KNOTS('',8,(#384,#385,#386,#387,#388,#389,
    #390,#391,#392,#393,#394,#395,#396,#397,#398,#399,#400,#401,#402,
    #403,#404,#405,#406,#407,#408,#409,#410,#411,#412,#413,#414,#415,
    #416,#417,#418,#419,#420,#421,#422,#423,#424,#425,#426,#427,#428,
    #429,#430,#431,#432,#433,#434,#435,#436,#437,#438,#439,#440,#441),
  .UNSPECIFIED.,.F.,.F.,(9,7,7,7,7,7,7,7,9),(0.,7.601921114907E-02,
    0.197745812779,0.327351978659,0.478503312031,0.629576370155,
    0.74404646493,0.86023746869,1.),.UNSPECIFIED.);
#384 = CARTESIAN_POINT('',(5.643191479289,-7.642276488592,
    -74.74991765802));
#385 = CARTESIAN_POINT('',(5.254851715619,-7.929033405669,
    -74.76204859245));
#386 = CARTESIAN_POINT('',(4.849840659205,-8.193251321888,
    -74.77418005706));
#387 = CARTESIAN_POINT('',(4.429710494665,-8.433778550361,-74.7863112605
    ));
#388 = CARTESIAN_POINT('',(3.996085607918,-8.649614852961,
    -74.79844216581));
#389 = CARTESIAN_POINT('',(3.550655402546,-8.8398982995,-74.81057310892)
  );
#390 = CARTESIAN_POINT('',(3.095171294482,-9.003901171906,
    -74.82270441884));
#391 = CARTESIAN_POINT('',(2.631447885016,-9.14103491343,-74.83483603971
    ));
#392 = CARTESIAN_POINT('',(1.408648203098,-9.426729357697,
    -74.86639223636));
#393 = CARTESIAN_POINT('',(0.639347155806,-9.532650263522,
    -74.88582333812));
#394 = CARTESIAN_POINT('',(-0.138613931847,-9.566703313598,
    -74.90525149816));
#395 = CARTESIAN_POINT('',(-0.917383277057,-9.528193576057,
    -74.92467712445));
#396 = CARTESIAN_POINT('',(-1.689194207328,-9.417412007941,
    -74.9441027567));
#397 = CARTESIAN_POINT('',(-2.446367234413,-9.23555483935,
    -74.96353089763));
#398 = CARTESIAN_POINT('',(-3.181327444146,-8.984802275268,
    -74.98296191037));
#399 = CARTESIAN_POINT('',(-4.63766319428,-8.331833919472,
    -75.02306946342));
#400 = CARTESIAN_POINT('',(-5.355612250617,-7.920626538794,
    -75.0437598544));
#401 = CARTESIAN_POINT('',(-6.03143271093,-7.43888233064,-75.06444593091
    ));
#402 = CARTESIAN_POINT('',(-6.657141363043,-6.891784548364,
    -75.0851285269));
#403 = CARTESIAN_POINT('',(-7.225576885735,-6.285394899256,
    -75.10581110915));
#404 = CARTESIAN_POINT('',(-7.730433262561,-5.626660669639,
    -75.12649722868));
#405 = CARTESIAN_POINT('',(-8.166253930059,-4.923380223931,
    -75.14718768477));
#406 = CARTESIAN_POINT('',(-8.951561701039,-3.322776870838,
    -75.19199082905));
#407 = CARTESIAN_POINT('',(-9.275147162934,-2.411625369636,
    -75.21612878131));
#408 = CARTESIAN_POINT('',(-9.492235179879,-1.465285886125,
    -75.24025724618));
#409 = CARTESIAN_POINT('',(-9.59880555035,-0.49835751915,-75.26437871901
    ));
#410 = CARTESIAN_POINT('',(-9.59294157058,0.474408268588,-75.28850033718
    ));
#411 = CARTESIAN_POINT('',(-9.475022008303,1.438140782003,
    -75.31262861448));
#412 = CARTESIAN_POINT('',(-9.247533720181,2.377903145992,-75.3367663788
    ));
#413 = CARTESIAN_POINT('',(-8.585155386,4.179169332589,-75.38499506975)
  );
#414 = CARTESIAN_POINT('',(-8.149900349226,5.041998227428,
    -75.40912036164));
#415 = CARTESIAN_POINT('',(-7.615750671672,5.852164996603,
    -75.43323620508));
#416 = CARTESIAN_POINT('',(-6.990475041281,6.59669948262,-75.45734554147
    ));
#417 = CARTESIAN_POINT('',(-6.283402518557,7.264044787566,
    -75.48145486027));
#418 = CARTESIAN_POINT('',(-5.505530312929,7.844218129534,
    -75.50557088681));
#419 = CARTESIAN_POINT('',(-4.669357003638,8.328712635656,
    -75.52969635562));
#420 = CARTESIAN_POINT('',(-3.123073883798,9.001378185867,-75.5720715779
    ));
#421 = CARTESIAN_POINT('',(-2.430987506318,9.233128354208,
    -75.59034282153));
#422 = CARTESIAN_POINT('',(-1.719552177245,9.403920300782,
    -75.60861203099));
#423 = CARTESIAN_POINT('',(-0.995059071813,9.511953766812,
    -75.62687878993));
#424 = CARTESIAN_POINT('',(-0.263892990075,9.556198887165,
    -75.64514554237));
#425 = CARTESIAN_POINT('',(0.467486382966,9.536341852857,-75.66341470923
    ));
#426 = CARTESIAN_POINT('',(1.192551546923,9.45284193552,-75.6816858512)
  );
#427 = CARTESIAN_POINT('',(2.627559888243,9.15916676982,-75.7184945257)
  );
#428 = CARTESIAN_POINT('',(3.337468157239,8.947033020509,-75.73704086621
    ));
#429 = CARTESIAN_POINT('',(4.027496062382,8.672062551695,-75.7555853298)
  );
#430 = CARTESIAN_POINT('',(4.691180994879,8.33651040222,-75.77412737676)
  );
#431 = CARTESIAN_POINT('',(5.322451569921,7.943355911533,-75.79266946042
    ));
#432 = CARTESIAN_POINT('',(5.915610069609,7.49624248161,-75.81121400908)
  );
#433 = CARTESIAN_POINT('',(6.465374825925,6.999523913226,-75.82976042661
    ));
#434 = CARTESIAN_POINT('',(7.570350808936,5.807537083086,-75.87060532627
    ));
#435 = CARTESIAN_POINT('',(8.10454053077,5.091894584823,-75.89291997123)
  );
#436 = CARTESIAN_POINT('',(8.560911563202,4.320556122623,-75.91522804938
    ));
#437 = CARTESIAN_POINT('',(8.932933213877,3.503532573207,-75.93753129839
    ));
#438 = CARTESIAN_POINT('',(9.215544791342,2.651442042491,-75.95983468646
    ));
#439 = CARTESIAN_POINT('',(9.405239238579,1.77551218202,-75.98214403883)
  );
#440 = CARTESIAN_POINT('',(9.5,0.887523581975,-76.00445932576));
#441 = CARTESIAN_POINT('',(9.5,-1.7763568394E-15,-76.02676206264));
#442 = CYLINDRICAL_SURFACE('',#443,9.5);
#443 = AXIS2_PLACEMENT_3D('',#444,#445,#446);
#444 = CARTESIAN_POINT('',(3.061616997868E-15,0.,-74.75));
#445 = DIRECTION('',(1.224646799147E-16,0.,-1.));
#446 = DIRECTION('',(1.,0.,1.224646799147E-16));
#447 = ADVANCED_FACE('',(#448),#493,.F.);
#448 = FACE_BOUND('',#449,.F.);
#449 = EDGE_LOOP('',(#450,#451,#452,#488));
#450 = ORIENTED_EDGE('',*,*,#382,.F.);
#451 = ORIENTED_EDGE('',*,*,#209,.F.);
#452 = ORIENTED_EDGE('',*,*,#453,.T.);
#453 = EDGE_CURVE('',#191,#454,#456,.T.);
#454 = VERTEX_POINT('',#455);
#455 = CARTESIAN_POINT('',(10.250001129492,1.027213086231E-08,
    -75.59375043028));
#456 = B_SPLINE_CURVE_WITH_KNOTS('',9,(#457,#458,#459,#460,#461,#462,
    #463,#464,#465,#466,#467,#468,#469,#470,#471,#472,#473,#474,#475,
    #476,#477,#478,#479,#480,#481,#482,#483,#484,#485,#486,#487),
  .UNSPECIFIED.,.F.,.F.,(10,7,7,7,10),(0.,1.614938419963,3.229876839926,
    4.844815259889,6.459753679852),.UNSPECIFIED.);
#457 = CARTESIAN_POINT('',(10.25,-1.7763568394E-15,-74.09375));
#458 = CARTESIAN_POINT('',(10.250001637559,-1.788962806397,
    -74.13541729049));
#459 = CARTESIAN_POINT('',(9.89873644117,-3.577913325115,-74.17708348979
    ));
#460 = CARTESIAN_POINT('',(9.196216322011,-5.288070721091,
    -74.21875002711));
#461 = CARTESIAN_POINT('',(8.163065856101,-6.840563693061,
    -74.26041689706));
#462 = CARTESIAN_POINT('',(6.840557731294,-8.163067279583,-74.3020835589
    ));
#463 = CARTESIAN_POINT('',(5.288064044319,-9.196212978566,-74.343750238)
  );
#464 = CARTESIAN_POINT('',(3.57792489475,-9.898736332951,-74.38541688765
    ));
#465 = CARTESIAN_POINT('',(4.223748839666E-07,-10.60126156138,
    -74.46875020653));
#466 = CARTESIAN_POINT('',(-3.577924832928,-9.898740430398,
    -74.55208355158));
#467 = CARTESIAN_POINT('',(-5.288063329187,-9.196218549322,
    -74.59375023205));
#468 = CARTESIAN_POINT('',(-6.840562738989,-8.163062478351,
    -74.6354168989));
#469 = CARTESIAN_POINT('',(-8.163061730846,-6.840561214313,
    -74.67708354619));
#470 = CARTESIAN_POINT('',(-9.196215965461,-5.28806117634,
    -74.71875019468));
#471 = CARTESIAN_POINT('',(-9.898738489121,-3.577923379392,
    -74.76041686394));
#472 = CARTESIAN_POINT('',(-10.6012623227,-1.573111008129E-09,
    -74.84375021514));
#473 = CARTESIAN_POINT('',(-9.89873858084,3.577923394256,-74.92708356633
    ));
#474 = CARTESIAN_POINT('',(-9.196216072474,5.288061218283,
    -74.96875023559));
#475 = CARTESIAN_POINT('',(-8.163061727492,6.840561229028,
    -75.01041688409));
#476 = CARTESIAN_POINT('',(-6.8405626808,8.163062408941,-75.05208353138)
  );
#477 = CARTESIAN_POINT('',(-5.288063322523,9.196218449924,
    -75.09375019823));
#478 = CARTESIAN_POINT('',(-3.577924841698,9.898740411528,
    -75.13541687869));
#479 = CARTESIAN_POINT('',(4.144429926787E-07,10.601261606186,
    -75.21875022374));
#480 = CARTESIAN_POINT('',(3.57792488598,9.898736305539,-75.30208354262)
  );
#481 = CARTESIAN_POINT('',(5.288063976776,9.196212910188,-75.34375019228
    ));
#482 = CARTESIAN_POINT('',(6.840557847893,8.163067058789,-75.38541687136
    ));
#483 = CARTESIAN_POINT('',(8.1630653576,6.840563953717,-75.42708353323)
  );
#484 = CARTESIAN_POINT('',(9.196217405983,5.288071447507,-75.46875040314
    ));
#485 = CARTESIAN_POINT('',(9.898736784363,3.577912691965,-75.51041694049
    ));
#486 = CARTESIAN_POINT('',(10.249999490142,1.788962816669,
    -75.55208313978));
#487 = CARTESIAN_POINT('',(10.250001129492,1.027212881348E-08,
    -75.59375043028));
#488 = ORIENTED_EDGE('',*,*,#489,.F.);
#489 = EDGE_CURVE('',#375,#454,#490,.T.);
#490 = B_SPLINE_CURVE_WITH_KNOTS('',1,(#491,#492),.UNSPECIFIED.,.F.,.F.,
  (2,2),(0.,0.9375),.PIECEWISE_BEZIER_KNOTS.);
#491 = CARTESIAN_POINT('',(9.438101506665,-2.30875980837E-08,
    -76.06249903289));
#492 = CARTESIAN_POINT('',(10.250001129492,1.027212881348E-08,
    -75.59375043028));
#493 = B_SPLINE_SURFACE_WITH_KNOTS('',1,9,(
    (#494,#495,#496,#497,#498,#499,#500,#501,#502,#503,#504,#505,#506
      ,#507,#508,#509,#510,#511,#512,#513,#514,#515,#516,#517,#518,#519
      ,#520,#521,#522,#523,#524)
    ,(#525,#526,#527,#528,#529,#530,#531,#532,#533,#534,#535,#536,#537
      ,#538,#539,#540,#541,#542,#543,#544,#545,#546,#547,#548,#549,#550
      ,#551,#552,#553,#554,#555
    )),.UNSPECIFIED.,.F.,.F.,.F.,(2,2),(10,7,7,7,10),(0.,0.9375),(0.,
    1.614938419963,3.229876839926,4.844815259889,6.459753679852),
  .UNSPECIFIED.);
#494 = CARTESIAN_POINT('',(9.438101183952,0.,-74.5625));
#495 = CARTESIAN_POINT('',(9.438101651827,-1.647258931461,
    -74.60416526454));
#496 = CARTESIAN_POINT('',(9.114660979546,-3.294506153875,
    -74.64583298167));
#497 = CARTESIAN_POINT('',(8.467787348559,-4.869210168528,
    -74.68749993902));
#498 = CARTESIAN_POINT('',(7.516468957517,-6.298722324129,
    -74.72916614884));
#499 = CARTESIAN_POINT('',(6.298722402405,-7.516472966597,
    -74.77083282632));
#500 = CARTESIAN_POINT('',(4.869198781065,-8.467783550243,
    -74.81249946506));
#501 = CARTESIAN_POINT('',(3.294518784141,-9.114660563584,
    -74.85416616997));
#502 = CARTESIAN_POINT('',(-4.424577470448E-07,-9.761539065021,
    -74.93749953578));
#503 = CARTESIAN_POINT('',(-3.294518917521,-9.114664330212,
    -75.02083284279));
#504 = CARTESIAN_POINT('',(-4.869197139833,-8.467789057838,
    -75.06249947844));
#505 = CARTESIAN_POINT('',(-6.298723403095,-7.516469507496,
    -75.10416614469));
#506 = CARTESIAN_POINT('',(-7.516468110001,-6.298723049715,
    -75.14583285491));
#507 = CARTESIAN_POINT('',(-8.467786846005,-4.869195377812,
    -75.18749956242));
#508 = CARTESIAN_POINT('',(-9.114662668063,-3.294517012013,
    -75.22916622325));
#509 = CARTESIAN_POINT('',(-9.761539742183,1.300760238365E-08,
    -75.31249951644));
#510 = CARTESIAN_POINT('',(-9.114662685185,3.29451704139,-75.39583280964
    ));
#511 = CARTESIAN_POINT('',(-8.467786863154,4.869195413142,
    -75.43749947047));
#512 = CARTESIAN_POINT('',(-7.516468091677,6.298723074644,
    -75.47916617798));
#513 = CARTESIAN_POINT('',(-6.298723365745,7.51646950503,-75.5208328882)
  );
#514 = CARTESIAN_POINT('',(-4.869197114582,8.467789042864,
    -75.56249955445));
#515 = CARTESIAN_POINT('',(-3.294518894895,9.114664333904,-75.6041661901
    ));
#516 = CARTESIAN_POINT('',(-4.178098910083E-07,9.761539077822,
    -75.68749949711));
#517 = CARTESIAN_POINT('',(3.294518806766,9.114660546668,-75.77083286292
    ));
#518 = CARTESIAN_POINT('',(4.869198785114,8.467783517282,-75.81249956783
    ));
#519 = CARTESIAN_POINT('',(6.298722456445,7.516472886145,-75.85416620657
    ));
#520 = CARTESIAN_POINT('',(7.516468832452,6.29872237788,-75.89583288406)
  );
#521 = CARTESIAN_POINT('',(8.467787671693,4.869210352727,-75.93749909386
    ));
#522 = CARTESIAN_POINT('',(9.114661086685,3.294505947843,-75.97916605122
    ));
#523 = CARTESIAN_POINT('',(9.438101042819,1.647258908373,-76.02083376835
    ));
#524 = CARTESIAN_POINT('',(9.438101506665,-2.30875980837E-08,
    -76.06249903289));
#525 = CARTESIAN_POINT('',(10.25,-1.7763568394E-15,-74.09375));
#526 = CARTESIAN_POINT('',(10.250001637559,-1.788962806397,
    -74.13541729049));
#527 = CARTESIAN_POINT('',(9.89873644117,-3.577913325115,-74.17708348979
    ));
#528 = CARTESIAN_POINT('',(9.196216322011,-5.288070721091,
    -74.21875002711));
#529 = CARTESIAN_POINT('',(8.163065856101,-6.840563693061,
    -74.26041689706));
#530 = CARTESIAN_POINT('',(6.840557731294,-8.163067279583,-74.3020835589
    ));
#531 = CARTESIAN_POINT('',(5.288064044319,-9.196212978566,-74.343750238)
  );
#532 = CARTESIAN_POINT('',(3.57792489475,-9.898736332951,-74.38541688765
    ));
#533 = CARTESIAN_POINT('',(4.223748839666E-07,-10.60126156138,
    -74.46875020653));
#534 = CARTESIAN_POINT('',(-3.577924832928,-9.898740430398,
    -74.55208355158));
#535 = CARTESIAN_POINT('',(-5.288063329187,-9.196218549322,
    -74.59375023205));
#536 = CARTESIAN_POINT('',(-6.840562738989,-8.163062478351,
    -74.6354168989));
#537 = CARTESIAN_POINT('',(-8.163061730846,-6.840561214313,
    -74.67708354619));
#538 = CARTESIAN_POINT('',(-9.196215965461,-5.28806117634,
    -74.71875019468));
#539 = CARTESIAN_POINT('',(-9.898738489121,-3.577923379392,
    -74.76041686394));
#540 = CARTESIAN_POINT('',(-10.6012623227,-1.573111008129E-09,
    -74.84375021514));
#541 = CARTESIAN_POINT('',(-9.89873858084,3.577923394256,-74.92708356633
    ));
#542 = CARTESIAN_POINT('',(-9.196216072474,5.288061218283,
    -74.96875023559));
#543 = CARTESIAN_POINT('',(-8.163061727492,6.840561229028,
    -75.01041688409));
#544 = CARTESIAN_POINT('',(-6.8405626808,8.163062408941,-75.05208353138)
  );
#545 = CARTESIAN_POINT('',(-5.288063322523,9.196218449924,
    -75.09375019823));
#546 = CARTESIAN_POINT('',(-3.577924841698,9.898740411528,
    -75.13541687869));
#547 = CARTESIAN_POINT('',(4.144429926787E-07,10.601261606186,
    -75.21875022374));
#548 = CARTESIAN_POINT('',(3.57792488598,9.898736305539,-75.30208354262)
  );
#549 = CARTESIAN_POINT('',(5.288063976776,9.196212910188,-75.34375019228
    ));
#550 = CARTESIAN_POINT('',(6.840557847893,8.163067058789,-75.38541687136
    ));
#551 = CARTESIAN_POINT('',(8.1630653576,6.840563953717,-75.42708353323)
  );
#552 = CARTESIAN_POINT('',(9.196217405983,5.288071447507,-75.46875040314
    ));
#553 = CARTESIAN_POINT('',(9.898736784363,3.577912691965,-75.51041694049
    ));
#554 = CARTESIAN_POINT('',(10.249999490142,1.788962816669,
    -75.55208313978));
#555 = CARTESIAN_POINT('',(10.250001129492,1.027212881348E-08,
    -75.59375043028));
#556 = ADVANCED_FACE('',(#557),#592,.F.);
#557 = FACE_BOUND('',#558,.F.);
#558 = EDGE_LOOP('',(#559,#560,#561,#587));
#559 = ORIENTED_EDGE('',*,*,#453,.F.);
#560 = ORIENTED_EDGE('',*,*,#190,.F.);
#561 = ORIENTED_EDGE('',*,*,#562,.T.);
#562 = EDGE_CURVE('',#164,#563,#565,.T.);
#563 = VERTEX_POINT('',#564);
#564 = CARTESIAN_POINT('',(10.250001452204,1.027213165681E-08,
    -75.40625043028));
#565 = B_SPLINE_CURVE_WITH_KNOTS('',11,(#566,#567,#568,#569,#570,#571,
    #572,#573,#574,#575,#576,#577,#578,#579,#580,#581,#582,#583,#584,
    #585,#586),.UNSPECIFIED.,.F.,.F.,(12,9,12),(0.,3.229876839926,
    6.459753679852),.UNSPECIFIED.);
#566 = CARTESIAN_POINT('',(10.25,1.7763568394E-15,-73.90625));
#567 = CARTESIAN_POINT('',(10.250003445254,-2.927393729279,
    -73.97443283899));
#568 = CARTESIAN_POINT('',(9.330324280856,-5.854755527704,
    -74.04261282104));
#569 = CARTESIAN_POINT('',(7.491018071597,-8.461232118099,
    -74.11079579436));
#570 = CARTESIAN_POINT('',(4.858032550549,-10.42541091401,
    -74.17897864636));
#571 = CARTESIAN_POINT('',(1.683671289259,-11.48330729737,
    -74.24715779293));
#572 = CARTESIAN_POINT('',(-1.683654654392,-11.48333338784,
    -74.31534199328));
#573 = CARTESIAN_POINT('',(-4.858063571568,-10.42547104476,
    -74.38352274039));
#574 = CARTESIAN_POINT('',(-7.490997310677,-8.46115511211,
    -74.45170479648));
#575 = CARTESIAN_POINT('',(-9.330332976147,-5.854783795803,
    -74.51988654955));
#576 = CARTESIAN_POINT('',(-11.1696681086,-9.789394552583E-09,
    -74.65625021514));
#577 = CARTESIAN_POINT('',(-9.330333167439,5.854783836317,
    -74.79261388073));
#578 = CARTESIAN_POINT('',(-7.490998446378,8.461155143757,
    -74.86079563381));
#579 = CARTESIAN_POINT('',(-4.858057781764,10.425471926835,
    -74.92897768981));
#580 = CARTESIAN_POINT('',(-1.683666604379,11.483327939128,
    -74.99715843716));
#581 = CARTESIAN_POINT('',(1.683685397857,11.483318890325,
    -75.06534263713));
#582 = CARTESIAN_POINT('',(4.858024020192,10.425397725957,
    -75.13352178411));
#583 = CARTESIAN_POINT('',(7.491016777953,8.461240326881,-75.2017046358)
  );
#584 = CARTESIAN_POINT('',(9.330331360999,5.854753372331,-75.26988760927
    ));
#585 = CARTESIAN_POINT('',(10.24999800402,2.92739373955,-75.33806759128)
  );
#586 = CARTESIAN_POINT('',(10.250001452204,1.027212981342E-08,
    -75.40625043028));
#587 = ORIENTED_EDGE('',*,*,#588,.F.);
#588 = EDGE_CURVE('',#454,#563,#589,.T.);
#589 = B_SPLINE_CURVE_WITH_KNOTS('',1,(#590,#591),.UNSPECIFIED.,.F.,.F.,
  (2,2),(0.,0.1875),.PIECEWISE_BEZIER_KNOTS.);
#590 = CARTESIAN_POINT('',(10.250001129492,1.02721262607E-08,
    -75.59375043028));
#591 = CARTESIAN_POINT('',(10.250001452204,1.027212981342E-08,
    -75.40625043028));
#592 = B_SPLINE_SURFACE_WITH_KNOTS('',1,11,(
    (#593,#594,#595,#596,#597,#598,#599,#600,#601,#602,#603,#604,#605
      ,#606,#607,#608,#609,#610,#611,#612,#613)
    ,(#614,#615,#616,#617,#618,#619,#620,#621,#622,#623,#624,#625,#626
      ,#627,#628,#629,#630,#631,#632,#633,#634
  )),.UNSPECIFIED.,.F.,.F.,.F.,(2,2),(12,9,12),(0.,0.1875),(0.,
    3.229876839926,6.459753679852),.UNSPECIFIED.);
#593 = CARTESIAN_POINT('',(10.25,0.,-74.09375));
#594 = CARTESIAN_POINT('',(10.250002679642,-2.927393683196,
    -74.16193283899));
#595 = CARTESIAN_POINT('',(9.330324921313,-5.854755195012,
    -74.23011282104));
#596 = CARTESIAN_POINT('',(7.491017810872,-8.461232896162,
    -74.29829579437));
#597 = CARTESIAN_POINT('',(4.858031527425,-10.42540928399,
    -74.36647864634));
#598 = CARTESIAN_POINT('',(1.683672831648,-11.48330840454,
    -74.43465779295));
#599 = CARTESIAN_POINT('',(-1.683655954382,-11.48333260182,
    -74.50284199326));
#600 = CARTESIAN_POINT('',(-4.858062850621,-10.4254709792,-74.5710227404
    ));
#601 = CARTESIAN_POINT('',(-7.490997317999,-8.461154983262,
    -74.63920479648));
#602 = CARTESIAN_POINT('',(-9.330332849872,-5.854783709178,
    -74.70738654955));
#603 = CARTESIAN_POINT('',(-11.16966793276,-8.857395436959E-09,
    -74.84375021514));
#604 = CARTESIAN_POINT('',(-9.330332999958,5.85478373861,-74.98011388073
    ));
#605 = CARTESIAN_POINT('',(-7.490998203208,8.46115500621,-75.04829563381
    ));
#606 = CARTESIAN_POINT('',(-4.858058349759,10.425471664172,
    -75.11647768982));
#607 = CARTESIAN_POINT('',(-1.683665251379,11.483328363572,
    -75.18465843714));
#608 = CARTESIAN_POINT('',(1.68368380245,11.483317421649,-75.25284263715
    ));
#609 = CARTESIAN_POINT('',(4.858024890376,10.425399027709,
    -75.32102178408));
#610 = CARTESIAN_POINT('',(7.491016802824,8.461239282436,-75.38920463581
    ));
#611 = CARTESIAN_POINT('',(9.330330426786,5.85475352069,-75.45738760927)
  );
#612 = CARTESIAN_POINT('',(10.24999844692,2.927393693467,-75.52556759128
    ));
#613 = CARTESIAN_POINT('',(10.250001129492,1.02721262607E-08,
    -75.59375043028));
#614 = CARTESIAN_POINT('',(10.25,1.7763568394E-15,-73.90625));
#615 = CARTESIAN_POINT('',(10.250003445254,-2.927393729279,
    -73.97443283899));
#616 = CARTESIAN_POINT('',(9.330324280856,-5.854755527704,
    -74.04261282104));
#617 = CARTESIAN_POINT('',(7.491018071597,-8.461232118099,
    -74.11079579436));
#618 = CARTESIAN_POINT('',(4.858032550549,-10.42541091401,
    -74.17897864636));
#619 = CARTESIAN_POINT('',(1.683671289259,-11.48330729737,
    -74.24715779293));
#620 = CARTESIAN_POINT('',(-1.683654654392,-11.48333338784,
    -74.31534199328));
#621 = CARTESIAN_POINT('',(-4.858063571568,-10.42547104476,
    -74.38352274039));
#622 = CARTESIAN_POINT('',(-7.490997310677,-8.46115511211,
    -74.45170479648));
#623 = CARTESIAN_POINT('',(-9.330332976147,-5.854783795803,
    -74.51988654955));
#624 = CARTESIAN_POINT('',(-11.1696681086,-9.789394552583E-09,
    -74.65625021514));
#625 = CARTESIAN_POINT('',(-9.330333167439,5.854783836317,
    -74.79261388073));
#626 = CARTESIAN_POINT('',(-7.490998446378,8.461155143757,
    -74.86079563381));
#627 = CARTESIAN_POINT('',(-4.858057781764,10.425471926835,
    -74.92897768981));
#628 = CARTESIAN_POINT('',(-1.683666604379,11.483327939128,
    -74.99715843716));
#629 = CARTESIAN_POINT('',(1.683685397857,11.483318890325,
    -75.06534263713));
#630 = CARTESIAN_POINT('',(4.858024020192,10.425397725957,
    -75.13352178411));
#631 = CARTESIAN_POINT('',(7.491016777953,8.461240326881,-75.2017046358)
  );
#632 = CARTESIAN_POINT('',(9.330331360999,5.854753372331,-75.26988760927
    ));
#633 = CARTESIAN_POINT('',(10.24999800402,2.92739373955,-75.33806759128)
  );
#634 = CARTESIAN_POINT('',(10.250001452204,1.027212981342E-08,
    -75.40625043028));
#635 = ADVANCED_FACE('',(#636),#665,.F.);
#636 = FACE_BOUND('',#637,.F.);
#637 = EDGE_LOOP('',(#638,#639,#640,#660));
#638 = ORIENTED_EDGE('',*,*,#562,.F.);
#639 = ORIENTED_EDGE('',*,*,#163,.F.);
#640 = ORIENTED_EDGE('',*,*,#641,.T.);
#641 = EDGE_CURVE('',#155,#269,#642,.T.);
#642 = B_SPLINE_CURVE_WITH_KNOTS('',6,(#643,#644,#645,#646,#647,#648,
    #649,#650,#651,#652,#653,#654,#655,#656,#657,#658,#659),
  .UNSPECIFIED.,.F.,.F.,(7,5,5,7),(0.,0.214767792662,0.735812719979,1.),
  .UNSPECIFIED.);
#643 = CARTESIAN_POINT('',(5.637962865947,7.646134626215,-74.74991765802
    ));
#644 = CARTESIAN_POINT('',(5.893976976709,7.457359758891,-74.75791096584
    ));
#645 = CARTESIAN_POINT('',(6.142407235083,7.258297580495,-74.76590429736
    ));
#646 = CARTESIAN_POINT('',(6.382734818171,7.049330802913,-74.77389765559
    ));
#647 = CARTESIAN_POINT('',(6.614469781914,6.830874023401,-74.7818910415)
  );
#648 = CARTESIAN_POINT('',(6.837151061097,6.603373724588,-74.78988445406
    ));
#649 = CARTESIAN_POINT('',(7.567576658369,5.794593419181,-74.81727064604
    ));
#650 = CARTESIAN_POINT('',(8.029048973626,5.171382386866,-74.83666617625
    ));
#651 = CARTESIAN_POINT('',(8.428437362012,4.504625741812,-74.85605892285
    ));
#652 = CARTESIAN_POINT('',(8.760876288117,3.802087573352,-74.87545176937
    ));
#653 = CARTESIAN_POINT('',(9.022614007792,3.072127249608,-74.89484741813
    ));
#654 = CARTESIAN_POINT('',(9.307100783587,1.944473069516,-74.92407292872
    ));
#655 = CARTESIAN_POINT('',(9.384064023647,1.56034566367,-74.93390570212)
  );
#656 = CARTESIAN_POINT('',(9.441982700381,1.1726499731,-74.94373826131)
  );
#657 = CARTESIAN_POINT('',(9.480660777502,0.782564672666,-74.95357070989
    ));
#658 = CARTESIAN_POINT('',(9.5,0.391280600329,-74.96340311801));
#659 = CARTESIAN_POINT('',(9.5,-3.924264962355E-15,-74.9732351683));
#660 = ORIENTED_EDGE('',*,*,#661,.F.);
#661 = EDGE_CURVE('',#563,#269,#662,.T.);
#662 = B_SPLINE_CURVE_WITH_KNOTS('',1,(#663,#664),.UNSPECIFIED.,.F.,.F.,
  (2,2),(0.,0.9375),.PIECEWISE_BEZIER_KNOTS.);
#663 = CARTESIAN_POINT('',(10.250001452204,1.027212703712E-08,
    -75.40625043028));
#664 = CARTESIAN_POINT('',(9.438103442938,-2.308759364281E-08,
    -74.9374990329));
#665 = B_SPLINE_SURFACE_WITH_KNOTS('',1,9,(
    (#666,#667,#668,#669,#670,#671,#672,#673,#674,#675,#676,#677,#678
      ,#679,#680,#681,#682,#683,#684,#685,#686,#687,#688,#689,#690,#691
      ,#692,#693,#694,#695,#696)
    ,(#697,#698,#699,#700,#701,#702,#703,#704,#705,#706,#707,#708,#709
      ,#710,#711,#712,#713,#714,#715,#716,#717,#718,#719,#720,#721,#722
      ,#723,#724,#725,#726,#727
    )),.UNSPECIFIED.,.F.,.F.,.F.,(2,2),(10,7,7,7,10),(0.,0.9375),(0.,
    1.614938419963,3.229876839926,4.844815259889,6.459753679852),
  .UNSPECIFIED.);
#666 = CARTESIAN_POINT('',(10.25,8.881784197001E-16,-73.90625));
#667 = CARTESIAN_POINT('',(10.250002105433,-1.788962834559,
    -73.94791729049));
#668 = CARTESIAN_POINT('',(9.898736547457,-3.577913473307,-73.9895834898
    ));
#669 = CARTESIAN_POINT('',(9.196216311168,-5.288070701878,
    -74.03125002711));
#670 = CARTESIAN_POINT('',(8.16306605484,-6.840563764678,-74.07291689707
    ));
#671 = CARTESIAN_POINT('',(6.840557821153,-8.163067440608,-74.1145835589
    ));
#672 = CARTESIAN_POINT('',(5.288064135896,-9.196213133859,-74.156250238)
  );
#673 = CARTESIAN_POINT('',(3.57792495091,-9.898736493205,-74.19791688765
    ));
#674 = CARTESIAN_POINT('',(4.219904126907E-07,-10.60126172186,
    -74.28125020653));
#675 = CARTESIAN_POINT('',(-3.577924889416,-9.898740588408,
    -74.36458355158));
#676 = CARTESIAN_POINT('',(-5.288064774735,-9.196217269271,
    -74.40625023066));
#677 = CARTESIAN_POINT('',(-6.840559358923,-8.163066314176,
    -74.44791690246));
#678 = CARTESIAN_POINT('',(-8.16306535804,-6.840557620341,
    -74.48958354262));
#679 = CARTESIAN_POINT('',(-9.196214735663,-5.288062690538,
    -74.53125019607));
#680 = CARTESIAN_POINT('',(-9.898738632357,-3.577923432176,
    -74.57291686394));
#681 = CARTESIAN_POINT('',(-10.60126248958,-5.048218131848E-10,
    -74.65625021514));
#682 = CARTESIAN_POINT('',(-9.898738749258,3.57792345412,-74.73958356633
    ));
#683 = CARTESIAN_POINT('',(-9.196216231772,5.288061308836,
    -74.78125023559));
#684 = CARTESIAN_POINT('',(-8.163061854537,6.840561339983,
    -74.82291688409));
#685 = CARTESIAN_POINT('',(-6.840562779003,8.163062528508,
    -74.86458353138));
#686 = CARTESIAN_POINT('',(-5.288063403499,9.196218581249,
    -74.90625019823));
#687 = CARTESIAN_POINT('',(-3.577924897858,9.898740565171,
    -74.94791687869));
#688 = CARTESIAN_POINT('',(4.148278281637E-07,10.601261779472,
    -75.03125022374));
#689 = CARTESIAN_POINT('',(3.577924942468,9.898736456937,-75.11458354262
    ));
#690 = CARTESIAN_POINT('',(5.288064051688,9.196213044431,-75.15625019228
    ));
#691 = CARTESIAN_POINT('',(6.840557973402,8.163067154771,-75.19791687136
    ));
#692 = CARTESIAN_POINT('',(8.163065415869,6.84056409747,-75.23958353323)
  );
#693 = CARTESIAN_POINT('',(9.196217706361,5.288071633208,-75.28125040314
    ));
#694 = CARTESIAN_POINT('',(9.898736989729,3.577912656422,-75.32291694049
    ));
#695 = CARTESIAN_POINT('',(10.24999934498,1.788962844831,-75.36458313978
    ));
#696 = CARTESIAN_POINT('',(10.250001452204,1.027212703712E-08,
    -75.40625043028));
#697 = CARTESIAN_POINT('',(9.438101183952,0.,-73.4375));
#698 = CARTESIAN_POINT('',(9.43810445907,-1.647259100434,-73.47916526454
    ));
#699 = CARTESIAN_POINT('',(9.114661617267,-3.294507043023,
    -73.52083298168));
#700 = CARTESIAN_POINT('',(8.467787283502,-4.869210053248,
    -73.56249993901));
#701 = CARTESIAN_POINT('',(7.51647014995,-6.298722753834,-73.60416614885
    ));
#702 = CARTESIAN_POINT('',(6.298722941556,-7.516473932745,
    -73.64583282631));
#703 = CARTESIAN_POINT('',(4.869199330529,-8.467784482,-73.68749946507)
  );
#704 = CARTESIAN_POINT('',(3.294519121099,-9.114661525112,
    -73.72916616997));
#705 = CARTESIAN_POINT('',(-4.447645151135E-07,-9.761540027933,
    -73.81249953578));
#706 = CARTESIAN_POINT('',(-3.294519256449,-9.114665278272,
    -73.89583284279));
#707 = CARTESIAN_POINT('',(-4.869198999125,-8.467788647764,
    -73.93749948156));
#708 = CARTESIAN_POINT('',(-6.298720644408,-7.516473827564,
    -73.97916613668));
#709 = CARTESIAN_POINT('',(-7.516472351456,-6.298720180767,
    -74.02083286293));
#710 = CARTESIAN_POINT('',(-8.467786281215,-4.869197192766,
    -74.06249955931));
#711 = CARTESIAN_POINT('',(-9.114663527479,-3.294517328714,
    -74.10416622325));
#712 = CARTESIAN_POINT('',(-9.761540743497,1.94174392639E-08,
    -74.18749951644));
#713 = CARTESIAN_POINT('',(-9.114663695688,3.294517400577,
    -74.27083280964));
#714 = CARTESIAN_POINT('',(-8.467787818943,4.869195956463,
    -74.31249947047));
#715 = CARTESIAN_POINT('',(-7.516468853945,6.298723740374,
    -74.35416617798));
#716 = CARTESIAN_POINT('',(-6.298723954966,7.516470222433,-74.3958328882
    ));
#717 = CARTESIAN_POINT('',(-4.86919760044,8.467789830812,-74.43749955445
    ));
#718 = CARTESIAN_POINT('',(-3.294519231853,9.114665255762,-74.4791661901
    ));
#719 = CARTESIAN_POINT('',(-4.155010034379E-07,9.761540117538,
    -74.56249949711));
#720 = CARTESIAN_POINT('',(3.294519145695,9.114661455058,-74.64583286292
    ));
#721 = CARTESIAN_POINT('',(4.869199234589,8.467784322734,-74.68749956783
    ));
#722 = CARTESIAN_POINT('',(6.2987232095,7.516473462041,-74.72916620656)
  );
#723 = CARTESIAN_POINT('',(7.516469182068,6.298723240396,-74.77083288408
    ));
#724 = CARTESIAN_POINT('',(8.467789473958,4.869211466936,-74.81249909385
    ));
#725 = CARTESIAN_POINT('',(9.114662318883,3.294505734584,-74.85416605123
    ));
#726 = CARTESIAN_POINT('',(9.438100171848,1.647259077346,-74.89583376834
    ));
#727 = CARTESIAN_POINT('',(9.438103442938,-2.308759364281E-08,
    -74.9374990329));
#728 = ADVANCED_FACE('',(#729),#734,.F.);
#729 = FACE_BOUND('',#730,.T.);
#730 = EDGE_LOOP('',(#731,#732,#733));
#731 = ORIENTED_EDGE('',*,*,#268,.F.);
#732 = ORIENTED_EDGE('',*,*,#154,.T.);
#733 = ORIENTED_EDGE('',*,*,#641,.T.);
#734 = CYLINDRICAL_SURFACE('',#735,9.5);
#735 = AXIS2_PLACEMENT_3D('',#736,#737,#738);
#736 = CARTESIAN_POINT('',(3.061616997868E-15,0.,-74.75));
#737 = DIRECTION('',(1.224646799147E-16,0.,-1.));
#738 = DIRECTION('',(1.,0.,1.224646799147E-16));
#739 = ADVANCED_FACE('',(#740),#758,.T.);
#740 = FACE_BOUND('',#741,.T.);
#741 = EDGE_LOOP('',(#742,#751,#756,#757));
#742 = ORIENTED_EDGE('',*,*,#743,.T.);
#743 = EDGE_CURVE('',#744,#744,#746,.T.);
#744 = VERTEX_POINT('',#745);
#745 = CARTESIAN_POINT('',(17.,0.,-89.25));
#746 = CIRCLE('',#747,17.);
#747 = AXIS2_PLACEMENT_3D('',#748,#749,#750);
#748 = CARTESIAN_POINT('',(9.167354856632E-15,0.,-89.25));
#749 = DIRECTION('',(-2.324646799147E-16,0.,1.));
#750 = DIRECTION('',(1.,0.,2.324646799147E-16));
#751 = ORIENTED_EDGE('',*,*,#752,.T.);
#752 = EDGE_CURVE('',#744,#244,#753,.T.);
#753 = B_SPLINE_CURVE_WITH_KNOTS('',1,(#754,#755),.UNSPECIFIED.,.F.,.F.,
  (2,2),(-2.692582403567,0.),.PIECEWISE_BEZIER_KNOTS.);
#754 = CARTESIAN_POINT('',(17.,0.,-89.25));
#755 = CARTESIAN_POINT('',(18.,0.,-86.75));
#756 = ORIENTED_EDGE('',*,*,#250,.F.);
#757 = ORIENTED_EDGE('',*,*,#752,.F.);
#758 = CONICAL_SURFACE('',#759,18.,0.380506377112);
#759 = AXIS2_PLACEMENT_3D('',#760,#761,#762);
#760 = CARTESIAN_POINT('',(8.581193156845E-15,0.,-86.75));
#761 = DIRECTION('',(-2.324646799147E-16,0.,1.));
#762 = DIRECTION('',(1.,0.,2.324646799147E-16));
#763 = ADVANCED_FACE('',(#764),#948,.F.);
#764 = FACE_BOUND('',#765,.T.);
#765 = EDGE_LOOP('',(#766,#850,#851,#942));
#766 = ORIENTED_EDGE('',*,*,#767,.F.);
#767 = EDGE_CURVE('',#375,#768,#770,.T.);
#768 = VERTEX_POINT('',#769);
#769 = CARTESIAN_POINT('',(9.5,-2.054426842535E-08,-77.52676142442));
#770 = B_SPLINE_CURVE_WITH_KNOTS('',8,(#771,#772,#773,#774,#775,#776,
    #777,#778,#779,#780,#781,#782,#783,#784,#785,#786,#787,#788,#789,
    #790,#791,#792,#793,#794,#795,#796,#797,#798,#799,#800,#801,#802,
    #803,#804,#805,#806,#807,#808,#809,#810,#811,#812,#813,#814,#815,
    #816,#817,#818,#819,#820,#821,#822,#823,#824,#825,#826,#827,#828,
    #829,#830,#831,#832,#833,#834,#835,#836,#837,#838,#839,#840,#841,
    #842,#843,#844,#845,#846,#847,#848,#849),.UNSPECIFIED.,.F.,.F.,(9,7,
    7,7,7,7,7,7,7,7,7,9),(0.,4.773237610157E-02,0.120635702517,
    0.217609026748,0.31761398717,0.425340580353,0.511008056756,
    0.649893507788,0.789372679613,0.881085946418,0.956981142982,1.),
  .UNSPECIFIED.);
#771 = CARTESIAN_POINT('',(9.5,-2.054427561404E-08,-76.02676206315));
#772 = CARTESIAN_POINT('',(9.49999999923,-0.35609172709,-76.03571035419)
  );
#773 = CARTESIAN_POINT('',(9.48474570419,-0.712188127418,-76.04465880127
    ));
#774 = CARTESIAN_POINT('',(9.454236424392,-1.067519824021,
    -76.05360719307));
#775 = CARTESIAN_POINT('',(9.408518826205,-1.421324149474,
    -76.06255552996));
#776 = CARTESIAN_POINT('',(9.347684533617,-1.772844965613,
    -76.07150390427));
#777 = CARTESIAN_POINT('',(9.271869332113,-2.121332714059,
    -76.08045239708));
#778 = CARTESIAN_POINT('',(9.181253975658,-2.4660447181,-76.08940099126)
  );
#779 = CARTESIAN_POINT('',(8.915410236456,-3.325846641521,
    -76.11201687272));
#780 = CARTESIAN_POINT('',(8.720745242736,-3.83497517615,-76.12568536384
    ));
#781 = CARTESIAN_POINT('',(8.492883331054,-4.330975640517,
    -76.13935349657));
#782 = CARTESIAN_POINT('',(8.232876519533,-4.811327880721,
    -76.15302109852));
#783 = CARTESIAN_POINT('',(7.941989898552,-5.273633822156,
    -76.16668866892));
#784 = CARTESIAN_POINT('',(7.621691841831,-5.715614195707,
    -76.18035672757));
#785 = CARTESIAN_POINT('',(7.273661659051,-6.135115456239,
    -76.19402514649));
#786 = CARTESIAN_POINT('',(6.402537197687,-7.055556582956,
    -76.22587222829));
#787 = CARTESIAN_POINT('',(5.859415171996,-7.537830303346,-76.2440559865
    ));
#788 = CARTESIAN_POINT('',(5.274983610805,-7.972086839923,
    -76.26223775458));
#789 = CARTESIAN_POINT('',(4.654249637296,-8.354260498973,
    -76.28041715133));
#790 = CARTESIAN_POINT('',(4.002601864399,-8.680944604278,
    -76.29859658285));
#791 = CARTESIAN_POINT('',(3.325772875448,-8.949350071686,
    -76.31677843718));
#792 = CARTESIAN_POINT('',(2.629854821088,-9.15735906167,-76.3349622894)
  );
#793 = CARTESIAN_POINT('',(1.190732322742,-9.454562531304,
    -76.37189029356));
#794 = CARTESIAN_POINT('',(0.446361591297,-9.539915174458,
    -76.39064342848));
#795 = CARTESIAN_POINT('',(-0.3045972407,-9.558197447667,-76.40939450493
    ));
#796 = CARTESIAN_POINT('',(-1.055083401479,-9.508927757042,
    -76.42814295677));
#797 = CARTESIAN_POINT('',(-1.798115774887,-9.392480907042,
    -76.44689140199));
#798 = CARTESIAN_POINT('',(-2.526800890446,-9.210021577631,
    -76.46564243049));
#799 = CARTESIAN_POINT('',(-3.234355297308,-8.963567478028,
    -76.48439544654));
#800 = CARTESIAN_POINT('',(-4.64641740095,-8.325062889248,
    -76.52333927452));
#801 = CARTESIAN_POINT('',(-5.346936431734,-7.923029465095,
    -76.54354197677));
#802 = CARTESIAN_POINT('',(-6.007286849772,-7.453788136436,
    -76.56374092315));
#803 = CARTESIAN_POINT('',(-6.620016064373,-6.922140884643,
    -76.58393667539));
#804 = CARTESIAN_POINT('',(-7.178460645973,-6.333731566838,
    -76.60413243269));
#805 = CARTESIAN_POINT('',(-7.676685196731,-5.694965277348,
    -76.62433140281));
#806 = CARTESIAN_POINT('',(-8.109560156088,-5.013073002717,
    -76.64453415159));
#807 = CARTESIAN_POINT('',(-8.762032451623,-3.72628878298,
    -76.68079011166));
#808 = CARTESIAN_POINT('',(-9.007273919656,-3.133981926583,
    -76.69685263402));
#809 = CARTESIAN_POINT('',(-9.206656914396,-2.523414762042,
    -76.71291418512));
#810 = CARTESIAN_POINT('',(-9.358637385827,-1.898749157358,
    -76.72897447803));
#811 = CARTESIAN_POINT('',(-9.462126610301,-1.264245200188,
    -76.74503474453));
#812 = CARTESIAN_POINT('',(-9.516466730719,-0.62425022612,
    -76.76109625008));
#813 = CARTESIAN_POINT('',(-9.521457742996,1.680117903711E-02,
    -76.7771587646));
#814 = CARTESIAN_POINT('',(-9.406067075986,1.688022791922,-76.819256075)
  );
#815 = CARTESIAN_POINT('',(-9.205790329191,2.713775016848,
    -76.84531831789));
#816 = CARTESIAN_POINT('',(-8.87757571705,3.711280345522,-76.87136604985
    ));
#817 = CARTESIAN_POINT('',(-8.426629599936,4.662185940677,
    -76.89740441753));
#818 = CARTESIAN_POINT('',(-7.860593742738,5.549416031524,-76.9234432521
    ));
#819 = CARTESIAN_POINT('',(-7.189874949902,6.357424717984,
    -76.94949132012));
#820 = CARTESIAN_POINT('',(-6.427255697669,7.072050825837,
    -76.97555387418));
#821 = CARTESIAN_POINT('',(-4.748090001073,8.293874728189,
    -77.02773978767));
#822 = CARTESIAN_POINT('',(-3.829251515433,8.801371827693,
    -77.05391404652));
#823 = CARTESIAN_POINT('',(-2.849382354534,9.191642043728,
    -77.08007343175));
#824 = CARTESIAN_POINT('',(-1.82612476535,9.456799650602,-77.10622318167
    ));
#825 = CARTESIAN_POINT('',(-0.777711324423,9.591685427383,-77.1323723754
    ));
#826 = CARTESIAN_POINT('',(0.277015158498,9.594299150283,-77.15853139266
    ));
#827 = CARTESIAN_POINT('',(1.318744664326,9.465391121085,-77.18470523602
    ));
#828 = CARTESIAN_POINT('',(2.990909199434,9.042819560319,-77.22804732006
    ));
#829 = CARTESIAN_POINT('',(3.640577428086,8.820555962567,-77.24524424702
    ));
#830 = CARTESIAN_POINT('',(4.271133590126,8.545000212477,-77.26243989584
    ));
#831 = CARTESIAN_POINT('',(4.877495829686,8.218126237413,-77.27963387651
    ));
#832 = CARTESIAN_POINT('',(5.454886283001,7.842437525871,-77.29682786567
    ));
#833 = CARTESIAN_POINT('',(5.998818705193,7.42092889027,-77.31402352865)
  );
#834 = CARTESIAN_POINT('',(6.50512609532,6.957115637558,-77.33122045203)
  );
#835 = CARTESIAN_POINT('',(7.35474742232,6.039723644708,-77.36264228249)
  );
#836 = CARTESIAN_POINT('',(7.711205792698,5.598076010055,-77.3768716211)
  );
#837 = CARTESIAN_POINT('',(8.037262278684,5.132482396722,-77.39110031468
    ));
#838 = CARTESIAN_POINT('',(8.331058256554,4.645401831244,-77.40532824936
    ));
#839 = CARTESIAN_POINT('',(8.590985417197,4.139435995031,-77.41955617598
    ));
#840 = CARTESIAN_POINT('',(8.815675909345,3.617320590001,-77.43378486882
    ));
#841 = CARTESIAN_POINT('',(9.004014839876,3.081929288411,-77.4480142522)
  );
#842 = CARTESIAN_POINT('',(9.240855691344,2.227011575833,-77.47030733683
    ));
#843 = CARTESIAN_POINT('',(9.314596276493,1.914422056395,-77.47837228419
    ));
#844 = CARTESIAN_POINT('',(9.376246982383,1.599063619196,-77.48643723098
    ));
#845 = CARTESIAN_POINT('',(9.425687813281,1.281482508341,-77.4945021503)
  );
#846 = CARTESIAN_POINT('',(9.462828694989,0.962229160658,-77.50256705233
    ));
#847 = CARTESIAN_POINT('',(9.487609487892,0.641858064951,-77.51063194195
    ));
#848 = CARTESIAN_POINT('',(9.5,0.320927621238,-77.51869677649));
#849 = CARTESIAN_POINT('',(9.5,0.,-77.52676142338));
#850 = ORIENTED_EDGE('',*,*,#374,.T.);
#851 = ORIENTED_EDGE('',*,*,#852,.T.);
#852 = EDGE_CURVE('',#277,#853,#855,.T.);
#853 = VERTEX_POINT('',#854);
#854 = CARTESIAN_POINT('',(9.5,-3.081662842924E-08,-77.97323091023));
#855 = B_SPLINE_CURVE_WITH_KNOTS('',8,(#856,#857,#858,#859,#860,#861,
    #862,#863,#864,#865,#866,#867,#868,#869,#870,#871,#872,#873,#874,
    #875,#876,#877,#878,#879,#880,#881,#882,#883,#884,#885,#886,#887,
    #888,#889,#890,#891,#892,#893,#894,#895,#896,#897,#898,#899,#900,
    #901,#902,#903,#904,#905,#906,#907,#908,#909,#910,#911,#912,#913,
    #914,#915,#916,#917,#918,#919,#920,#921,#922,#923,#924,#925,#926,
    #927,#928,#929,#930,#931,#932,#933,#934,#935,#936,#937,#938,#939,
    #940,#941),.UNSPECIFIED.,.F.,.F.,(9,7,7,7,7,7,7,7,7,7,7,7,9),(0.,
    2.051856468947E-02,5.256772805115E-02,0.122568172389,0.214747006862,
    0.319607752637,0.406496099283,0.546342946708,0.686045304738,
    0.788963377143,0.882969277539,0.959450597588,1.),.UNSPECIFIED.);
#856 = CARTESIAN_POINT('',(9.5,-4.108881945797E-08,-76.47323303953));
#857 = CARTESIAN_POINT('',(9.499999999338,-0.153071831624,
    -76.47707940757));
#858 = CARTESIAN_POINT('',(9.497181234287,-0.306143670639,
    -76.48092583477));
#859 = CARTESIAN_POINT('',(9.491543706091,-0.459154914811,
    -76.48477231425));
#860 = CARTESIAN_POINT('',(9.483088975577,-0.612045010587,
    -76.48861883906));
#861 = CARTESIAN_POINT('',(9.471820163152,-0.764753494183,
    -76.49246540222));
#862 = CARTESIAN_POINT('',(9.457741948809,-0.917219991585,-76.4963119967
    ));
#863 = CARTESIAN_POINT('',(9.440860572118,-1.069384218547,
    -76.50015861543));
#864 = CARTESIAN_POINT('',(9.39044956498,-1.458294157708,-76.51001353998
    ));
#865 = CARTESIAN_POINT('',(9.35289523908,-1.694519074128,-76.51602188277
    ));
#866 = CARTESIAN_POINT('',(9.308550694121,-1.929630847409,
    -76.52203025582));
#867 = CARTESIAN_POINT('',(9.25745482606,-2.163401718658,-76.52803863965
    ));
#868 = CARTESIAN_POINT('',(9.199655587234,-2.395606052532,
    -76.53404701913));
#869 = CARTESIAN_POINT('',(9.135209986352,-2.626020337238,
    -76.54005538349));
#870 = CARTESIAN_POINT('',(9.064184088499,-2.854423184533,-76.5460637263
    ));
#871 = CARTESIAN_POINT('',(8.817312882164,-3.574591084988,
    -76.56519516535));
#872 = CARTESIAN_POINT('',(8.61692766736,-4.057980057736,-76.57831903009
    ));
#873 = CARTESIAN_POINT('',(8.386286453264,-4.528438517467,
    -76.59144242443));
#874 = CARTESIAN_POINT('',(8.12637845334,-4.98376161435,-76.60456530712)
  );
#875 = CARTESIAN_POINT('',(7.838371843331,-5.421852331237,
    -76.61768820352));
#876 = CARTESIAN_POINT('',(7.523606131448,-5.840718733792,
    -76.63081162029));
#877 = CARTESIAN_POINT('',(7.18359806742,-6.238479518756,-76.64393548206
    ));
#878 = CARTESIAN_POINT('',(6.341343917265,-7.107056043342,
    -76.67433952062));
#879 = CARTESIAN_POINT('',(5.82169462476,-7.561225225945,-76.69162381402
    ));
#880 = CARTESIAN_POINT('',(5.26504751577,-7.971777103928,-76.70890680681
    ));
#881 = CARTESIAN_POINT('',(4.675716941693,-8.335243321074,
    -76.72618807365));
#882 = CARTESIAN_POINT('',(4.058329973529,-8.648694322228,
    -76.74346932212));
#883 = CARTESIAN_POINT('',(3.417798641986,-8.909708621974,
    -76.76075227439));
#884 = CARTESIAN_POINT('',(2.759331746601,-9.1164124889,-76.77803653583)
  );
#885 = CARTESIAN_POINT('',(1.32534617935,-9.439566523776,-76.81497586334
    ));
#886 = CARTESIAN_POINT('',(0.545780454422,-9.539778430174,
    -76.83464033591));
#887 = CARTESIAN_POINT('',(-0.241977534859,-9.566292326185,
    -76.85430147376));
#888 = CARTESIAN_POINT('',(-1.0297809331,-9.518467741214,-76.8739597614)
  );
#889 = CARTESIAN_POINT('',(-1.809584215577,-9.396696594994,
    -76.8936180839));
#890 = CARTESIAN_POINT('',(-2.573444205734,-9.202316756064,
    -76.91327930201));
#891 = CARTESIAN_POINT('',(-3.313539551506,-8.937696254238,
    -76.93294384417));
#892 = CARTESIAN_POINT('',(-4.609475756013,-8.332040427861,
    -76.96889139529));
#893 = CARTESIAN_POINT('',(-5.175398177499,-8.011762564637,
    -76.98518299557));
#894 = CARTESIAN_POINT('',(-5.715698724332,-7.647637288643,
    -77.00147358771));
#895 = CARTESIAN_POINT('',(-6.226435313278,-7.242097712644,
    -77.01776287383));
#896 = CARTESIAN_POINT('',(-6.703982386551,-6.797954736032,
    -77.03405216209));
#897 = CARTESIAN_POINT('',(-7.145017159817,-6.318371285008,
    -77.05034276923));
#898 = CARTESIAN_POINT('',(-7.546542931458,-5.806879905768,
    -77.06663441378));
#899 = CARTESIAN_POINT('',(-8.484414470947,-4.399220822549,
    -77.10914105507));
#900 = CARTESIAN_POINT('',(-8.95448667151,-3.457531775349,
    -77.13538443927));
#901 = CARTESIAN_POINT('',(-9.304245003088,-2.459453320537,
    -77.16161282786));
#902 = CARTESIAN_POINT('',(-9.526495581221,-1.423086879865,
    -77.18783141212));
#903 = CARTESIAN_POINT('',(-9.616818014965,-0.36701262746,
    -77.21405042166));
#904 = CARTESIAN_POINT('',(-9.574009641368,0.689708514032,
    -77.24027878097));
#905 = CARTESIAN_POINT('',(-9.399660303978,1.727662647207,
    -77.26652223503));
#906 = CARTESIAN_POINT('',(-8.801009941413,3.725373551137,
    -77.31892995084));
#907 = CARTESIAN_POINT('',(-8.376372949035,4.687193553167,
    -77.34514619815));
#908 = CARTESIAN_POINT('',(-7.831796101544,5.592485206591,
    -77.37134748317));
#909 = CARTESIAN_POINT('',(-7.176594065444,6.424210472149,
    -77.39753900547));
#910 = CARTESIAN_POINT('',(-6.422212898723,7.167154441468,
    -77.42373055891));
#911 = CARTESIAN_POINT('',(-5.582512144061,7.808262647835,
    -77.44993155389));
#912 = CARTESIAN_POINT('',(-4.673398546415,8.336397900463,
    -77.47614756206));
#913 = CARTESIAN_POINT('',(-3.00747555846,9.04403585188,-77.52163205524)
  );
#914 = CARTESIAN_POINT('',(-2.272866781589,9.279027119593,
    -77.54093193192));
#915 = CARTESIAN_POINT('',(-1.517648078984,9.445649493094,
    -77.56022950154));
#916 = CARTESIAN_POINT('',(-0.749274181419,9.541906908914,
    -77.57952406903));
#917 = CARTESIAN_POINT('',(2.470653485301E-02,9.566762232139,
    -77.59881862031));
#918 = CARTESIAN_POINT('',(0.796676328033,9.520061687077,-77.61811618317
    ));
#919 = CARTESIAN_POINT('',(1.558960281931,9.40261328583,-77.63741611837)
  );
#920 = CARTESIAN_POINT('',(2.984190986265,9.046348662457,-77.67433378438
    ));
#921 = CARTESIAN_POINT('',(3.650347275445,8.818842441997,-77.69196066016
    ));
#922 = CARTESIAN_POINT('',(4.296424342867,8.535327074326,-77.70958582124
    ));
#923 = CARTESIAN_POINT('',(4.916949524891,8.197933805558,-77.72720890972
    ));
#924 = CARTESIAN_POINT('',(5.506787583714,7.809376518293,-77.74483198005
    ));
#925 = CARTESIAN_POINT('',(6.061126335117,7.372907507551,-77.76245710482
    ));
#926 = CARTESIAN_POINT('',(6.575508747491,6.892351161337,-77.78008396329
    ));
#927 = CARTESIAN_POINT('',(7.428621791472,5.949043613983,-77.81204549863
    ));
#928 = CARTESIAN_POINT('',(7.78232070311,5.499564203677,-77.82638497506)
  );
#929 = CARTESIAN_POINT('',(8.104844006754,5.026152595846,-77.84072399149
    ));
#930 = CARTESIAN_POINT('',(8.394321576509,4.53134930132,-77.85506238372)
  );
#931 = CARTESIAN_POINT('',(8.649143342967,4.017838430614,-77.86940081193
    ));
#932 = CARTESIAN_POINT('',(8.867948837282,3.488438812064,-77.88373991232
    ));
#933 = CARTESIAN_POINT('',(9.049640337264,2.946107858329,-77.89807946225
    ));
#934 = CARTESIAN_POINT('',(9.269649521137,2.101215594777,-77.92001943154
    ));
#935 = CARTESIAN_POINT('',(9.335226521206,1.805696592842,-77.92762131677
    ));
#936 = CARTESIAN_POINT('',(9.390032160836,1.507856614192,-77.93522312166
    ));
#937 = CARTESIAN_POINT('',(9.433971641664,1.208154283275,-77.94282483435
    ));
#938 = CARTESIAN_POINT('',(9.466973822054,0.907051313356,-77.95042648026
    ));
#939 = CARTESIAN_POINT('',(9.488991217329,0.605012409634,-77.95802807815
    ));
#940 = CARTESIAN_POINT('',(9.5,0.30250517237,-77.96562959631));
#941 = CARTESIAN_POINT('',(9.5,0.,-77.97323090868));
#942 = ORIENTED_EDGE('',*,*,#943,.F.);
#943 = EDGE_CURVE('',#768,#853,#944,.T.);
#944 = LINE('',#945,#946);
#945 = CARTESIAN_POINT('',(9.5,0.,-74.75));
#946 = VECTOR('',#947,1.);
#947 = DIRECTION('',(5.141040633873E-17,0.,-1.));
#948 = CYLINDRICAL_SURFACE('',#949,9.5);
#949 = AXIS2_PLACEMENT_3D('',#950,#951,#952);
#950 = CARTESIAN_POINT('',(3.061616997868E-15,0.,-74.75));
#951 = DIRECTION('',(1.224646799147E-16,0.,-1.));
#952 = DIRECTION('',(1.,0.,1.224646799147E-16));
#953 = ADVANCED_FACE('',(#954),#989,.F.);
#954 = FACE_BOUND('',#955,.F.);
#955 = EDGE_LOOP('',(#956,#982,#983,#984));
#956 = ORIENTED_EDGE('',*,*,#957,.F.);
#957 = EDGE_CURVE('',#563,#958,#960,.T.);
#958 = VERTEX_POINT('',#959);
#959 = CARTESIAN_POINT('',(10.250002904408,2.054427506571E-08,
    -76.90625086057));
#960 = B_SPLINE_CURVE_WITH_KNOTS('',11,(#961,#962,#963,#964,#965,#966,
    #967,#968,#969,#970,#971,#972,#973,#974,#975,#976,#977,#978,#979,
    #980,#981),.UNSPECIFIED.,.F.,.F.,(12,9,12),(0.,3.229876839926,
    6.459753679852),.UNSPECIFIED.);
#961 = CARTESIAN_POINT('',(10.250001452204,1.027213514249E-08,
    -75.40625043028));
#962 = CARTESIAN_POINT('',(10.250004900391,-2.927394133758,
    -75.47443326928));
#963 = CARTESIAN_POINT('',(9.33032560863,-5.85475634785,-75.54261325132)
  );
#964 = CARTESIAN_POINT('',(7.491019141404,-8.461233309321,
    -75.61079622465));
#965 = CARTESIAN_POINT('',(4.858033249245,-10.4254123863,-75.67897907666
    ));
#966 = CARTESIAN_POINT('',(1.683671539324,-11.48330892248,
    -75.74715822321));
#967 = CARTESIAN_POINT('',(-1.683654881406,-11.48333501657,
    -75.81534242357));
#968 = CARTESIAN_POINT('',(-4.858064249421,-10.42547252665,
    -75.88352317068));
#969 = CARTESIAN_POINT('',(-7.490998363505,-8.461156318388,
    -75.95170522676));
#970 = CARTESIAN_POINT('',(-9.330334292187,-5.854784634651,
    -76.01988697983));
#971 = CARTESIAN_POINT('',(-11.1696696911,-2.09830863516E-08,
    -76.15625064542));
#972 = CARTESIAN_POINT('',(-9.330334495214,5.854784656464,
    -76.29261431101));
#973 = CARTESIAN_POINT('',(-7.490999516166,8.461156335021,-76.3607960641
    ));
#974 = CARTESIAN_POINT('',(-4.858058480515,10.425473398984,
    -76.4289781201));
#975 = CARTESIAN_POINT('',(-1.683666854405,11.483329564488,
    -76.49715886744));
#976 = CARTESIAN_POINT('',(1.683685624899,11.48332051881,-76.56534306742
    ));
#977 = CARTESIAN_POINT('',(4.858024697996,10.425399207994,
    -76.63352221439));
#978 = CARTESIAN_POINT('',(7.491017830803,8.461241533114,-76.70170506609
    ));
#979 = CARTESIAN_POINT('',(9.330332677035,5.85475421118,-76.76988803956)
  );
#980 = CARTESIAN_POINT('',(10.249999453292,2.927394164573,
    -76.83806802156));
#981 = CARTESIAN_POINT('',(10.250002904408,2.054429693032E-08,
    -76.90625086057));
#982 = ORIENTED_EDGE('',*,*,#661,.T.);
#983 = ORIENTED_EDGE('',*,*,#276,.T.);
#984 = ORIENTED_EDGE('',*,*,#985,.F.);
#985 = EDGE_CURVE('',#958,#277,#986,.T.);
#986 = B_SPLINE_CURVE_WITH_KNOTS('',1,(#987,#988),.UNSPECIFIED.,.F.,.F.,
  (2,2),(0.,0.9375),.PIECEWISE_BEZIER_KNOTS.);
#987 = CARTESIAN_POINT('',(10.250002904408,2.054429415403E-08,
    -76.90625086057));
#988 = CARTESIAN_POINT('',(9.438105701926,-4.617509089015E-08,
    -76.4374980658));
#989 = B_SPLINE_SURFACE_WITH_KNOTS('',1,9,(
    (#990,#991,#992,#993,#994,#995,#996,#997,#998,#999,#1000,#1001,#1002
      ,#1003,#1004,#1005,#1006,#1007,#1008,#1009,#1010,#1011,#1012,#1013
      ,#1014,#1015,#1016,#1017,#1018,#1019,#1020)
    ,(#1021,#1022,#1023,#1024,#1025,#1026,#1027,#1028,#1029,#1030,#1031
      ,#1032,#1033,#1034,#1035,#1036,#1037,#1038,#1039,#1040,#1041,#1042
      ,#1043,#1044,#1045,#1046,#1047,#1048,#1049,#1050,#1051
  )),.UNSPECIFIED.,.F.,.F.,.F.,(2,2),(10,7,7,7,10),(0.,0.9375),(0.,
    1.614938419963,3.229876839926,4.844815259889,6.459753679852),
  .UNSPECIFIED.);
#990 = CARTESIAN_POINT('',(10.250001452204,1.027213603066E-08,
    -75.40625043028));
#991 = CARTESIAN_POINT('',(10.25000355943,-1.788963077746,
    -75.44791772078));
#992 = CARTESIAN_POINT('',(9.89873795348,-3.577913970303,-75.48958392008
    ));
#993 = CARTESIAN_POINT('',(9.196217619373,-5.288071441858,
    -75.53125045739));
#994 = CARTESIAN_POINT('',(8.163067218232,-6.840564725663,
    -75.57291732735));
#995 = CARTESIAN_POINT('',(6.840558798487,-8.163068590283,
    -75.61458398919));
#996 = CARTESIAN_POINT('',(5.288064894316,-9.196214431465,
    -75.65625066829));
#997 = CARTESIAN_POINT('',(3.577925467744,-9.898737892057,
    -75.69791731794));
#998 = CARTESIAN_POINT('',(4.326161193867E-07,-10.60126322383,
    -75.78125063682));
#999 = CARTESIAN_POINT('',(-3.57792538641,-9.898741994432,
    -75.86458398187));
#1000 = CARTESIAN_POINT('',(-5.288065514725,-9.196218577477,
    -75.90625066095));
#1001 = CARTESIAN_POINT('',(-6.840560319903,-8.163067477561,
    -75.94791733275));
#1002 = CARTESIAN_POINT('',(-8.163066507715,-6.840558597681,
    -75.98958397291));
#1003 = CARTESIAN_POINT('',(-9.196216033269,-5.288063448959,
    -76.03125062635));
#1004 = CARTESIAN_POINT('',(-9.898740031209,-3.577923949011,
    -76.07291729423));
#1005 = CARTESIAN_POINT('',(-10.60126399155,-1.112897196283E-08,
    -76.15625064542));
#1006 = CARTESIAN_POINT('',(-9.898740155281,3.577923951115,
    -76.23958399662));
#1007 = CARTESIAN_POINT('',(-9.196217539978,5.288062048825,
    -76.28125066588));
#1008 = CARTESIAN_POINT('',(-8.163063017923,6.840562300961,
    -76.32291731437));
#1009 = CARTESIAN_POINT('',(-6.840563756346,8.163063678182,
    -76.36458396166));
#1010 = CARTESIAN_POINT('',(-5.288064161921,9.196219878856,
    -76.40625062851));
#1011 = CARTESIAN_POINT('',(-3.577925414692,9.898741964024,
    -76.44791730898));
#1012 = CARTESIAN_POINT('',(4.042051570534E-07,10.601263281443,
    -76.53125065403));
#1013 = CARTESIAN_POINT('',(3.577925439462,9.898737862961,
    -76.61458397291));
#1014 = CARTESIAN_POINT('',(5.288064791676,9.196214352635,
    -76.65625062256));
#1015 = CARTESIAN_POINT('',(6.840558934375,8.16306831816,-76.69791730164
    ));
#1016 = CARTESIAN_POINT('',(8.16306656555,6.840565074813,-76.73958396352
    ));
#1017 = CARTESIAN_POINT('',(9.196219003967,5.288072391622,
    -76.78125083343));
#1018 = CARTESIAN_POINT('',(9.898738388581,3.577913173258,
    -76.82291737078));
#1019 = CARTESIAN_POINT('',(10.250000795393,1.788963108562,
    -76.86458357006));
#1020 = CARTESIAN_POINT('',(10.250002904408,2.054429415403E-08,
    -76.90625086057));
#1021 = CARTESIAN_POINT('',(9.438103442938,-2.308758606517E-08,
    -74.9374990329));
#1022 = CARTESIAN_POINT('',(9.43810671403,-1.647259517791,
    -74.97916429745));
#1023 = CARTESIAN_POINT('',(9.114663790779,-3.294507853857,
    -75.02083201458));
#1024 = CARTESIAN_POINT('',(8.467789298336,-4.869211239378,
    -75.06249897191));
#1025 = CARTESIAN_POINT('',(7.5164719336,-6.298724279813,-75.10416518175
    ));
#1026 = CARTESIAN_POINT('',(6.298724430744,-7.516475747204,
    -75.14583185921));
#1027 = CARTESIAN_POINT('',(4.869200475244,-8.467786520656,
    -75.18749849797));
#1028 = CARTESIAN_POINT('',(3.294519887337,-9.114663714744,
    -75.22916520287));
#1029 = CARTESIAN_POINT('',(-4.686408972815E-07,-9.761542364334,
    -75.31249856869));
#1030 = CARTESIAN_POINT('',(-3.29452006728,-9.114667451787,
    -75.39583187569));
#1031 = CARTESIAN_POINT('',(-4.869200185271,-8.467790662598,
    -75.43749851446));
#1032 = CARTESIAN_POINT('',(-6.298722170381,-7.516475611204,
    -75.47916516958));
#1033 = CARTESIAN_POINT('',(-7.516474165913,-6.298721669962,
    -75.52083189583));
#1034 = CARTESIAN_POINT('',(-8.467788319871,-4.869198337483,
    -75.56249859221));
#1035 = CARTESIAN_POINT('',(-9.114665717111,-3.294518094953,
    -75.60416525616));
#1036 = CARTESIAN_POINT('',(-9.761543079898,4.329625159702E-08,
    -75.68749854935));
#1037 = CARTESIAN_POINT('',(-9.114665869202,3.294518211409,
    -75.77083184254));
#1038 = CARTESIAN_POINT('',(-8.467789833776,4.869197142609,
    -75.81249850337));
#1039 = CARTESIAN_POINT('',(-7.516470637587,6.298725266344,
    -75.85416521088));
#1040 = CARTESIAN_POINT('',(-6.298725444165,7.516472036889,
    -75.8958319211));
#1041 = CARTESIAN_POINT('',(-4.869198745159,8.467791869468,
    -75.93749858735));
#1042 = CARTESIAN_POINT('',(-3.294519998091,9.114667445395,-75.979165223
    ));
#1043 = CARTESIAN_POINT('',(-3.916199409378E-07,9.761542453939,
    -76.06249853001));
#1044 = CARTESIAN_POINT('',(3.294519956526,9.114663628572,
    -76.14583189582));
#1045 = CARTESIAN_POINT('',(4.869200420733,8.467786337568,
    -76.18749860073));
#1046 = CARTESIAN_POINT('',(6.298724735462,7.516475245685,
    -76.22916523946));
#1047 = CARTESIAN_POINT('',(7.516470996535,6.298724729599,
    -76.27083191698));
#1048 = CARTESIAN_POINT('',(8.467791512614,4.869212611642,
    -76.31249812675));
#1049 = CARTESIAN_POINT('',(9.114664508514,3.294506500824,
    -76.35416508413));
#1050 = CARTESIAN_POINT('',(9.438102434864,1.647259448528,
    -76.39583280124));
#1051 = CARTESIAN_POINT('',(9.438105701926,-4.617509089015E-08,
    -76.4374980658));
#1052 = ADVANCED_FACE('',(#1053),#1098,.F.);
#1053 = FACE_BOUND('',#1054,.F.);
#1054 = EDGE_LOOP('',(#1055,#1056,#1057,#1093));
#1055 = ORIENTED_EDGE('',*,*,#767,.F.);
#1056 = ORIENTED_EDGE('',*,*,#489,.T.);
#1057 = ORIENTED_EDGE('',*,*,#1058,.T.);
#1058 = EDGE_CURVE('',#454,#1059,#1061,.T.);
#1059 = VERTEX_POINT('',#1060);
#1060 = CARTESIAN_POINT('',(10.250002258984,2.054426820314E-08,
    -77.09375086057));
#1061 = B_SPLINE_CURVE_WITH_KNOTS('',9,(#1062,#1063,#1064,#1065,#1066,
    #1067,#1068,#1069,#1070,#1071,#1072,#1073,#1074,#1075,#1076,#1077,
    #1078,#1079,#1080,#1081,#1082,#1083,#1084,#1085,#1086,#1087,#1088,
    #1089,#1090,#1091,#1092),.UNSPECIFIED.,.F.,.F.,(10,7,7,7,10),(0.,
    1.614938419963,3.229876839926,4.844815259889,6.459753679852),
  .UNSPECIFIED.);
#1062 = CARTESIAN_POINT('',(10.250001129492,1.027213603066E-08,
    -75.59375043028));
#1063 = CARTESIAN_POINT('',(10.250002768844,-1.78896299326,
    -75.63541772078));
#1064 = CARTESIAN_POINT('',(9.898737535541,-3.577913709463,
    -75.67708392008));
#1065 = CARTESIAN_POINT('',(9.196217340681,-5.288071294583,
    -75.7187504574));
#1066 = CARTESIAN_POINT('',(8.163066762485,-6.840564438675,
    -75.76041732735));
#1067 = CARTESIAN_POINT('',(6.840558493261,-8.163068172252,
    -75.80208398919));
#1068 = CARTESIAN_POINT('',(5.288064636249,-9.196213986637,
    -75.84375066828));
#1069 = CARTESIAN_POINT('',(3.577925298937,-9.89873742015,
    -75.88541731794));
#1070 = CARTESIAN_POINT('',(4.330002059354E-07,-10.60126272958,
    -75.96875063682));
#1071 = CARTESIAN_POINT('',(-3.577925217275,-9.898741524769,
    -76.05208398187));
#1072 = CARTESIAN_POINT('',(-5.288063902686,-9.196219567993,
    -76.09375066233));
#1073 = CARTESIAN_POINT('',(-6.840563484599,-8.163063384729,
    -76.13541732918));
#1074 = CARTESIAN_POINT('',(-8.163062623515,-6.840561976284,
    -76.17708397647));
#1075 = CARTESIAN_POINT('',(-9.196216973532,-5.288061768271,
    -76.21875062497));
#1076 = CARTESIAN_POINT('',(-9.89873957632,-3.577923783579,
    -76.26041729423));
#1077 = CARTESIAN_POINT('',(-10.6012634909,-1.219726252762E-08,
    -76.34375064542));
#1078 = CARTESIAN_POINT('',(-9.898739675211,3.577923778603,
    -76.42708399662));
#1079 = CARTESIAN_POINT('',(-9.196217091144,5.288061791782,
    -76.46875066588));
#1080 = CARTESIAN_POINT('',(-8.163062633872,6.840561974637,
    -76.51041731437));
#1081 = CARTESIAN_POINT('',(-6.840563442772,8.163063301608,
    -76.55208396166));
#1082 = CARTESIAN_POINT('',(-5.288063914454,9.196219457996,
    -76.59375062851));
#1083 = CARTESIAN_POINT('',(-3.577925245885,9.898741498727,
    -76.63541730898));
#1084 = CARTESIAN_POINT('',(4.038199482891E-07,10.601262774385,
    -76.71875065403));
#1085 = CARTESIAN_POINT('',(3.577925270326,9.898737399909,
    -76.80208397291));
#1086 = CARTESIAN_POINT('',(5.288064550273,9.196213928859,
    -76.84375062256));
#1087 = CARTESIAN_POINT('',(6.840558593498,8.16306796517,-76.88541730164
    ));
#1088 = CARTESIAN_POINT('',(8.163066250273,6.840564715691,
    -76.92708396351));
#1089 = CARTESIAN_POINT('',(9.196218414055,5.288072039432,
    -76.96875083343));
#1090 = CARTESIAN_POINT('',(9.898737871561,3.577913096153,
    -77.01041737077));
#1091 = CARTESIAN_POINT('',(10.250000617842,1.788963024076,
    -77.05208357006));
#1092 = CARTESIAN_POINT('',(10.250002258984,2.054428616042E-08,
    -77.09375086057));
#1093 = ORIENTED_EDGE('',*,*,#1094,.F.);
#1094 = EDGE_CURVE('',#768,#1059,#1095,.T.);
#1095 = B_SPLINE_CURVE_WITH_KNOTS('',1,(#1096,#1097),.UNSPECIFIED.,.F.,
  .F.,(2,2),(0.,0.9375),.PIECEWISE_BEZIER_KNOTS.);
#1096 = CARTESIAN_POINT('',(9.43810182938,-4.617513352271E-08,
    -77.56249806579));
#1097 = CARTESIAN_POINT('',(10.250002258984,2.054428616042E-08,
    -77.09375086057));
#1098 = B_SPLINE_SURFACE_WITH_KNOTS('',1,9,(
    (#1099,#1100,#1101,#1102,#1103,#1104,#1105,#1106,#1107,#1108,#1109
      ,#1110,#1111,#1112,#1113,#1114,#1115,#1116,#1117,#1118,#1119,#1120
      ,#1121,#1122,#1123,#1124,#1125,#1126,#1127,#1128,#1129)
    ,(#1130,#1131,#1132,#1133,#1134,#1135,#1136,#1137,#1138,#1139,#1140
      ,#1141,#1142,#1143,#1144,#1145,#1146,#1147,#1148,#1149,#1150,#1151
      ,#1152,#1153,#1154,#1155,#1156,#1157,#1158,#1159,#1160
  )),.UNSPECIFIED.,.F.,.F.,.F.,(2,2),(10,7,7,7,10),(0.,0.9375),(0.,
    1.614938419963,3.229876839926,4.844815259889,6.459753679852),
  .UNSPECIFIED.);
#1099 = CARTESIAN_POINT('',(9.438101506665,-2.308759139424E-08,
    -76.06249903289));
#1100 = CARTESIAN_POINT('',(9.438101970513,-1.647259010873,
    -76.10416429744));
#1101 = CARTESIAN_POINT('',(9.114661283141,-3.29450628882,
    -76.14583201457));
#1102 = CARTESIAN_POINT('',(8.467787626184,-4.86921035573,
    -76.18749897192));
#1103 = CARTESIAN_POINT('',(7.516469199118,-6.298722557887,
    -76.22916518173));
#1104 = CARTESIAN_POINT('',(6.298722599387,-7.516473239014,
    -76.27083185921));
#1105 = CARTESIAN_POINT('',(4.869198926842,-8.467783851691,
    -76.31249849796));
#1106 = CARTESIAN_POINT('',(3.294518874493,-9.114660883297,
    -76.35416520287));
#1107 = CARTESIAN_POINT('',(-4.663362030196E-07,-9.761539398794,
    -76.43749856868));
#1108 = CARTESIAN_POINT('',(-3.294519052465,-9.114664633807,
    -76.52083187569));
#1109 = CARTESIAN_POINT('',(-4.869197327038,-8.467789335463,
    -76.56249851134));
#1110 = CARTESIAN_POINT('',(-6.298723636853,-7.516469749096,
    -76.60416517759));
#1111 = CARTESIAN_POINT('',(-7.516468382417,-6.298723246697,
    -76.64583188781));
#1112 = CARTESIAN_POINT('',(-8.467787147452,-4.869195523589,
    -76.68749859532));
#1113 = CARTESIAN_POINT('',(-9.114662987777,-3.294517102365,
    -76.72916525615));
#1114 = CARTESIAN_POINT('',(-9.761540075956,3.688636779976E-08,
    -76.81249854934));
#1115 = CARTESIAN_POINT('',(-9.114662988781,3.294517176335,
    -76.89583184253));
#1116 = CARTESIAN_POINT('',(-8.46778714078,4.869195600347,
    -76.93749850336));
#1117 = CARTESIAN_POINT('',(-7.516468333277,6.298723308401,
    -76.97916521087));
#1118 = CARTESIAN_POINT('',(-6.298723562728,7.516469777446,
    -77.02083192109));
#1119 = CARTESIAN_POINT('',(-4.869197260359,8.467789344312,
    -77.06249858735));
#1120 = CARTESIAN_POINT('',(-3.294518985247,9.114664653617,-77.104165223
    ));
#1121 = CARTESIAN_POINT('',(-3.93930748328E-07,9.761539411595,
    -77.18749853));
#1122 = CARTESIAN_POINT('',(3.294518941711,9.114660850264,
    -77.27083189582));
#1123 = CARTESIAN_POINT('',(4.869198972319,8.467783794907,
    -77.31249860073));
#1124 = CARTESIAN_POINT('',(6.2987226902,7.516473127747,-77.35416523947)
  );
#1125 = CARTESIAN_POINT('',(7.51646910487,6.298722574863,-77.39583191696
    ));
#1126 = CARTESIAN_POINT('',(8.46778797314,4.869210498504,-77.43749812676
    ));
#1127 = CARTESIAN_POINT('',(9.114661406399,3.294506038195,
    -77.47916508412));
#1128 = CARTESIAN_POINT('',(9.438101369561,1.64725894161,-77.52083280125
    ));
#1129 = CARTESIAN_POINT('',(9.43810182938,-4.617513352271E-08,
    -77.56249806579));
#1130 = CARTESIAN_POINT('',(10.250001129492,1.027213603066E-08,
    -75.59375043028));
#1131 = CARTESIAN_POINT('',(10.250002768844,-1.78896299326,
    -75.63541772078));
#1132 = CARTESIAN_POINT('',(9.898737535541,-3.577913709463,
    -75.67708392008));
#1133 = CARTESIAN_POINT('',(9.196217340681,-5.288071294583,
    -75.7187504574));
#1134 = CARTESIAN_POINT('',(8.163066762485,-6.840564438675,
    -75.76041732735));
#1135 = CARTESIAN_POINT('',(6.840558493261,-8.163068172252,
    -75.80208398919));
#1136 = CARTESIAN_POINT('',(5.288064636249,-9.196213986637,
    -75.84375066828));
#1137 = CARTESIAN_POINT('',(3.577925298937,-9.89873742015,
    -75.88541731794));
#1138 = CARTESIAN_POINT('',(4.330002059354E-07,-10.60126272958,
    -75.96875063682));
#1139 = CARTESIAN_POINT('',(-3.577925217275,-9.898741524769,
    -76.05208398187));
#1140 = CARTESIAN_POINT('',(-5.288063902686,-9.196219567993,
    -76.09375066233));
#1141 = CARTESIAN_POINT('',(-6.840563484599,-8.163063384729,
    -76.13541732918));
#1142 = CARTESIAN_POINT('',(-8.163062623515,-6.840561976284,
    -76.17708397647));
#1143 = CARTESIAN_POINT('',(-9.196216973532,-5.288061768271,
    -76.21875062497));
#1144 = CARTESIAN_POINT('',(-9.89873957632,-3.577923783579,
    -76.26041729423));
#1145 = CARTESIAN_POINT('',(-10.6012634909,-1.219726252762E-08,
    -76.34375064542));
#1146 = CARTESIAN_POINT('',(-9.898739675211,3.577923778603,
    -76.42708399662));
#1147 = CARTESIAN_POINT('',(-9.196217091144,5.288061791782,
    -76.46875066588));
#1148 = CARTESIAN_POINT('',(-8.163062633872,6.840561974637,
    -76.51041731437));
#1149 = CARTESIAN_POINT('',(-6.840563442772,8.163063301608,
    -76.55208396166));
#1150 = CARTESIAN_POINT('',(-5.288063914454,9.196219457996,
    -76.59375062851));
#1151 = CARTESIAN_POINT('',(-3.577925245885,9.898741498727,
    -76.63541730898));
#1152 = CARTESIAN_POINT('',(4.038199482891E-07,10.601262774385,
    -76.71875065403));
#1153 = CARTESIAN_POINT('',(3.577925270326,9.898737399909,
    -76.80208397291));
#1154 = CARTESIAN_POINT('',(5.288064550273,9.196213928859,
    -76.84375062256));
#1155 = CARTESIAN_POINT('',(6.840558593498,8.16306796517,-76.88541730164
    ));
#1156 = CARTESIAN_POINT('',(8.163066250273,6.840564715691,
    -76.92708396351));
#1157 = CARTESIAN_POINT('',(9.196218414055,5.288072039432,
    -76.96875083343));
#1158 = CARTESIAN_POINT('',(9.898737871561,3.577913096153,
    -77.01041737077));
#1159 = CARTESIAN_POINT('',(10.250000617842,1.788963024076,
    -77.05208357006));
#1160 = CARTESIAN_POINT('',(10.250002258984,2.054428616042E-08,
    -77.09375086057));
#1161 = ADVANCED_FACE('',(#1162),#1172,.F.);
#1162 = FACE_BOUND('',#1163,.F.);
#1163 = EDGE_LOOP('',(#1164,#1165,#1166,#1167));
#1164 = ORIENTED_EDGE('',*,*,#1058,.F.);
#1165 = ORIENTED_EDGE('',*,*,#588,.T.);
#1166 = ORIENTED_EDGE('',*,*,#957,.T.);
#1167 = ORIENTED_EDGE('',*,*,#1168,.F.);
#1168 = EDGE_CURVE('',#1059,#958,#1169,.T.);
#1169 = B_SPLINE_CURVE_WITH_KNOTS('',1,(#1170,#1171),.UNSPECIFIED.,.F.,
  .F.,(2,2),(0.,0.1875),.PIECEWISE_BEZIER_KNOTS.);
#1170 = CARTESIAN_POINT('',(10.250002258984,2.054428804854E-08,
    -77.09375086057));
#1171 = CARTESIAN_POINT('',(10.250002904408,2.054429693032E-08,
    -76.90625086057));
#1172 = B_SPLINE_SURFACE_WITH_KNOTS('',1,11,(
    (#1173,#1174,#1175,#1176,#1177,#1178,#1179,#1180,#1181,#1182,#1183
      ,#1184,#1185,#1186,#1187,#1188,#1189,#1190,#1191,#1192,#1193)
    ,(#1194,#1195,#1196,#1197,#1198,#1199,#1200,#1201,#1202,#1203,#1204
      ,#1205,#1206,#1207,#1208,#1209,#1210,#1211,#1212,#1213,#1214
  )),.UNSPECIFIED.,.F.,.F.,.F.,(2,2),(12,9,12),(0.,0.1875),(0.,
    3.229876839926,6.459753679852),.UNSPECIFIED.);
#1173 = CARTESIAN_POINT('',(10.250001129492,1.027213691884E-08,
    -75.59375043028));
#1174 = CARTESIAN_POINT('',(10.250003812067,-2.927393995507,
    -75.66193326928));
#1175 = CARTESIAN_POINT('',(9.33032595533,-5.854755830827,
    -75.73011325132));
#1176 = CARTESIAN_POINT('',(7.49101864483,-8.461233820997,
    -75.79829622466));
#1177 = CARTESIAN_POINT('',(4.858032073175,-10.42541042803,
    -75.86647907663));
#1178 = CARTESIAN_POINT('',(1.683673028703,-11.48330966813,
    -75.93465822323));
#1179 = CARTESIAN_POINT('',(-1.683656128394,-11.483333869,
    -76.00284242355));
#1180 = CARTESIAN_POINT('',(-4.858063375517,-10.42547213286,
    -76.07102317068));
#1181 = CARTESIAN_POINT('',(-7.490998134982,-8.461155923149,
    -76.13920522676));
#1182 = CARTESIAN_POINT('',(-9.330333872154,-5.854784363692,
    -76.20738697983));
#1183 = CARTESIAN_POINT('',(-11.1696691636,-2.005168028225E-08,
    -76.34375064542));
#1184 = CARTESIAN_POINT('',(-9.330334033975,5.854784374424,
    -76.48011431101));
#1185 = CARTESIAN_POINT('',(-7.490999037149,8.461155931079,
    -76.54829606409));
#1186 = CARTESIAN_POINT('',(-4.858058895553,10.425472808098,
    -76.61647812011));
#1187 = CARTESIAN_POINT('',(-1.683665448402,11.483329627361,
    -76.68465886742));
#1188 = CARTESIAN_POINT('',(1.683683976483,11.483318688628,
    -76.75284306744));
#1189 = CARTESIAN_POINT('',(4.858025415234,10.425400181483,
    -76.82102221437));
#1190 = CARTESIAN_POINT('',(7.491017619824,8.461240222287,-76.8892050661
    ));
#1191 = CARTESIAN_POINT('',(9.330331449065,5.854754175205,
    -76.95738803956));
#1192 = CARTESIAN_POINT('',(10.24999957348,2.927394026323,
    -77.02556802156));
#1193 = CARTESIAN_POINT('',(10.250002258984,2.054428804854E-08,
    -77.09375086057));
#1194 = CARTESIAN_POINT('',(10.250001452204,1.027213514249E-08,
    -75.40625043028));
#1195 = CARTESIAN_POINT('',(10.250004900391,-2.927394133758,
    -75.47443326928));
#1196 = CARTESIAN_POINT('',(9.33032560863,-5.85475634785,-75.54261325132
    ));
#1197 = CARTESIAN_POINT('',(7.491019141404,-8.461233309321,
    -75.61079622465));
#1198 = CARTESIAN_POINT('',(4.858033249245,-10.4254123863,
    -75.67897907666));
#1199 = CARTESIAN_POINT('',(1.683671539324,-11.48330892248,
    -75.74715822321));
#1200 = CARTESIAN_POINT('',(-1.683654881406,-11.48333501657,
    -75.81534242357));
#1201 = CARTESIAN_POINT('',(-4.858064249421,-10.42547252665,
    -75.88352317068));
#1202 = CARTESIAN_POINT('',(-7.490998363505,-8.461156318388,
    -75.95170522676));
#1203 = CARTESIAN_POINT('',(-9.330334292187,-5.854784634651,
    -76.01988697983));
#1204 = CARTESIAN_POINT('',(-11.1696696911,-2.09830863516E-08,
    -76.15625064542));
#1205 = CARTESIAN_POINT('',(-9.330334495214,5.854784656464,
    -76.29261431101));
#1206 = CARTESIAN_POINT('',(-7.490999516166,8.461156335021,
    -76.3607960641));
#1207 = CARTESIAN_POINT('',(-4.858058480515,10.425473398984,
    -76.4289781201));
#1208 = CARTESIAN_POINT('',(-1.683666854405,11.483329564488,
    -76.49715886744));
#1209 = CARTESIAN_POINT('',(1.683685624899,11.48332051881,
    -76.56534306742));
#1210 = CARTESIAN_POINT('',(4.858024697996,10.425399207994,
    -76.63352221439));
#1211 = CARTESIAN_POINT('',(7.491017830803,8.461241533114,
    -76.70170506609));
#1212 = CARTESIAN_POINT('',(9.330332677035,5.85475421118,-76.76988803956
    ));
#1213 = CARTESIAN_POINT('',(10.249999453292,2.927394164573,
    -76.83806802156));
#1214 = CARTESIAN_POINT('',(10.250002904408,2.054429693032E-08,
    -76.90625086057));
#1215 = ADVANCED_FACE('',(#1216),#1234,.T.);
#1216 = FACE_BOUND('',#1217,.T.);
#1217 = EDGE_LOOP('',(#1218,#1219,#1226,#1233));
#1218 = ORIENTED_EDGE('',*,*,#743,.F.);
#1219 = ORIENTED_EDGE('',*,*,#1220,.F.);
#1220 = EDGE_CURVE('',#1221,#744,#1223,.T.);
#1221 = VERTEX_POINT('',#1222);
#1222 = CARTESIAN_POINT('',(17.,0.,-90.75));
#1223 = B_SPLINE_CURVE_WITH_KNOTS('',1,(#1224,#1225),.UNSPECIFIED.,.F.,
  .F.,(2,2),(6.5,8.),.PIECEWISE_BEZIER_KNOTS.);
#1224 = CARTESIAN_POINT('',(17.,-4.16E-15,-90.75));
#1225 = CARTESIAN_POINT('',(17.,-4.16E-15,-89.25));
#1226 = ORIENTED_EDGE('',*,*,#1227,.T.);
#1227 = EDGE_CURVE('',#1221,#1221,#1228,.T.);
#1228 = CIRCLE('',#1229,17.);
#1229 = AXIS2_PLACEMENT_3D('',#1230,#1231,#1232);
#1230 = CARTESIAN_POINT('',(9.511051876504E-15,0.,-90.75));
#1231 = DIRECTION('',(-2.324646799147E-16,0.,1.));
#1232 = DIRECTION('',(1.,0.,2.324646799147E-16));
#1233 = ORIENTED_EDGE('',*,*,#1220,.T.);
#1234 = CYLINDRICAL_SURFACE('',#1235,17.);
#1235 = AXIS2_PLACEMENT_3D('',#1236,#1237,#1238);
#1236 = CARTESIAN_POINT('',(1.101707229595E-14,0.,-97.25));
#1237 = DIRECTION('',(-2.324646799147E-16,0.,1.));
#1238 = DIRECTION('',(1.,0.,2.324646799147E-16));
#1239 = ADVANCED_FACE('',(#1240),#1424,.F.);
#1240 = FACE_BOUND('',#1241,.T.);
#1241 = EDGE_LOOP('',(#1242,#1326,#1327,#1418));
#1242 = ORIENTED_EDGE('',*,*,#1243,.F.);
#1243 = EDGE_CURVE('',#768,#1244,#1246,.T.);
#1244 = VERTEX_POINT('',#1245);
#1245 = CARTESIAN_POINT('',(9.5,-3.081638828844E-08,-79.02676078568));
#1246 = B_SPLINE_CURVE_WITH_KNOTS('',8,(#1247,#1248,#1249,#1250,#1251,
    #1252,#1253,#1254,#1255,#1256,#1257,#1258,#1259,#1260,#1261,#1262,
    #1263,#1264,#1265,#1266,#1267,#1268,#1269,#1270,#1271,#1272,#1273,
    #1274,#1275,#1276,#1277,#1278,#1279,#1280,#1281,#1282,#1283,#1284,
    #1285,#1286,#1287,#1288,#1289,#1290,#1291,#1292,#1293,#1294,#1295,
    #1296,#1297,#1298,#1299,#1300,#1301,#1302,#1303,#1304,#1305,#1306,
    #1307,#1308,#1309,#1310,#1311,#1312,#1313,#1314,#1315,#1316,#1317,
    #1318,#1319,#1320,#1321,#1322,#1323,#1324,#1325),.UNSPECIFIED.,.F.,
  .F.,(9,7,7,7,7,7,7,7,7,7,7,9),(0.,4.773296394387E-02,0.120638544701,
    0.217549133813,0.31755808823,0.409184678512,0.502128832043,
    0.576695721761,0.685335409806,0.789100046129,0.95673183698,1.),
  .UNSPECIFIED.);
#1247 = CARTESIAN_POINT('',(9.5,-4.108856188623E-08,-77.52676142442));
#1248 = CARTESIAN_POINT('',(9.49999999846,-0.356081907078,
    -77.53570946817));
#1249 = CARTESIAN_POINT('',(9.484746545741,-0.712168466115,
    -77.54465766795));
#1250 = CARTESIAN_POINT('',(9.454238951476,-1.06749038492,
    -77.55360581245));
#1251 = CARTESIAN_POINT('',(9.408523876824,-1.421285059331,
    -77.56255390205));
#1252 = CARTESIAN_POINT('',(9.347692935632,-1.772796413528,
    -77.57150202907));
#1253 = CARTESIAN_POINT('',(9.271881898446,-2.121274950559,
    -77.58045027458));
#1254 = CARTESIAN_POINT('',(9.18127149938,-2.465978054169,
    -77.58939862145));
#1255 = CARTESIAN_POINT('',(8.915439240811,-3.325768087112,
    -77.61201413218));
#1256 = CARTESIAN_POINT('',(8.720780530069,-3.834893731241,
    -77.62568249985));
#1257 = CARTESIAN_POINT('',(8.492925384922,-4.330891841286,
    -77.63935050914));
#1258 = CARTESIAN_POINT('',(8.232925771691,-4.811242322089,
    -77.65301798769));
#1259 = CARTESIAN_POINT('',(7.942046722556,-5.273547151265,
    -77.66668543471));
#1260 = CARTESIAN_POINT('',(7.621756547116,-5.715527105665,
    -77.68035336994));
#1261 = CARTESIAN_POINT('',(7.273734484665,-6.135028679403,
    -77.69402166544));
#1262 = CARTESIAN_POINT('',(6.402966384353,-7.055116160888,-77.725856137
    ));
#1263 = CARTESIAN_POINT('',(5.860255086164,-7.53709475351,-77.7440273949
    ));
#1264 = CARTESIAN_POINT('',(5.27628733293,-7.971126019678,-77.762196669)
  );
#1265 = CARTESIAN_POINT('',(4.656059425422,-8.353152110908,
    -77.78036357938));
#1266 = CARTESIAN_POINT('',(4.004948243601,-8.679772335927,
    -77.79853052423));
#1267 = CARTESIAN_POINT('',(3.328673875409,-8.948201902936,
    -77.81669988373));
#1268 = CARTESIAN_POINT('',(2.633315165636,-9.156325350085,
    -77.83487123458));
#1269 = CARTESIAN_POINT('',(1.194807481561,-9.454048402939,
    -77.87178675081));
#1270 = CARTESIAN_POINT('',(0.450473609221,-9.539721889763,
    -77.89053988532));
#1271 = CARTESIAN_POINT('',(-0.300477272901,-9.558327852548,
    -77.90929096135));
#1272 = CARTESIAN_POINT('',(-1.05098460125,-9.509381653995,
    -77.92803941306));
#1273 = CARTESIAN_POINT('',(-1.794067098752,-9.393255089414,
    -77.94678785861));
#1274 = CARTESIAN_POINT('',(-2.522830793545,-9.211109867326,
    -77.96553888774));
#1275 = CARTESIAN_POINT('',(-3.230491365723,-8.964960772844,
    -77.98429190433));
#1276 = CARTESIAN_POINT('',(-4.533342056693,-8.376515541394,
    -78.02021674909));
#1277 = CARTESIAN_POINT('',(-5.133253951748,-8.043887291791,
    -78.03739653377));
#1278 = CARTESIAN_POINT('',(-5.705043777826,-7.662250834041,
    -78.05457487047));
#1279 = CARTESIAN_POINT('',(-6.244069205999,-7.234433660028,
    -78.07175143073));
#1280 = CARTESIAN_POINT('',(-6.746078614769,-6.763729417073,
    -78.08892798163));
#1281 = CARTESIAN_POINT('',(-7.207192306259,-6.253862641543,
    -78.10610629463));
#1282 = CARTESIAN_POINT('',(-7.623934631635,-5.709012493481,
    -78.12328604684));
#1283 = CARTESIAN_POINT('',(-8.368011029391,-4.55050847882,
    -78.15788637821));
#1284 = CARTESIAN_POINT('',(-8.694117734572,-3.935752900095,
    -78.17531344796));
#1285 = CARTESIAN_POINT('',(-8.968453182115,-3.294517177678,
    -78.19273909808));
#1286 = CARTESIAN_POINT('',(-9.188568961161,-2.631920514199,
    -78.21016290261));
#1287 = CARTESIAN_POINT('',(-9.352632661848,-1.953268608963,
    -78.22758668321));
#1288 = CARTESIAN_POINT('',(-9.45938980192,-1.264032707552,
    -78.2450123044));
#1289 = CARTESIAN_POINT('',(-9.508207227269,-0.569851985415,
    -78.2624394163));
#1290 = CARTESIAN_POINT('',(-9.491970086175,0.679653038676,
    -78.29384178914));
#1291 = CARTESIAN_POINT('',(-9.447520675149,1.235427423921,
    -78.30782155841));
#1292 = CARTESIAN_POINT('',(-9.365878137683,1.787789900438,
    -78.3218008201));
#1293 = CARTESIAN_POINT('',(-9.247366005662,2.333835955236,
    -78.33577943224));
#1294 = CARTESIAN_POINT('',(-9.092568791367,2.870724436444,
    -78.34975802279));
#1295 = CARTESIAN_POINT('',(-8.902320201267,3.395677085549,
    -78.36373724346));
#1296 = CARTESIAN_POINT('',(-8.677713730749,3.905983717585,
    -78.37771699816));
#1297 = CARTESIAN_POINT('',(-8.044859112128,5.117328550924,
    -78.41206173596));
#1298 = CARTESIAN_POINT('',(-7.599412478895,5.799318154917,
    -78.43243531796));
#1299 = CARTESIAN_POINT('',(-7.088078019374,6.436567903675,
    -78.4528050774));
#1300 = CARTESIAN_POINT('',(-6.516229958206,7.021752360555,
    -78.47317167485));
#1301 = CARTESIAN_POINT('',(-5.890027791075,7.548365985918,
    -78.49353825295));
#1302 = CARTESIAN_POINT('',(-5.216418306538,8.010751597106,
    -78.51390803612));
#1303 = CARTESIAN_POINT('',(-4.503107359596,8.40409624292,
    -78.53428164537));
#1304 = CARTESIAN_POINT('',(-3.047901909179,9.031028694965,
    -78.57409989113));
#1305 = CARTESIAN_POINT('',(-2.308262848832,9.271192193117,
    -78.59355787221));
#1306 = CARTESIAN_POINT('',(-1.547377348038,9.441942948096,
    -78.61301266593));
#1307 = CARTESIAN_POINT('',(-0.772884170892,9.541205323331,
    -78.63246468657));
#1308 = CARTESIAN_POINT('',(7.487774476978E-03,9.567894605481,
    -78.65191671924));
#1309 = CARTESIAN_POINT('',(0.785935769858,9.521837376647,
    -78.67137151508));
#1310 = CARTESIAN_POINT('',(1.554586586932,9.403852718792,
    -78.69082944577));
#1311 = CARTESIAN_POINT('',(3.518643539075,8.912515146824,
    -78.74170667142));
#1312 = CARTESIAN_POINT('',(4.688619294408,8.425905138842,
    -78.77319672596));
#1313 = CARTESIAN_POINT('',(5.778961258862,7.7639160786,-78.80464678478)
  );
#1314 = CARTESIAN_POINT('',(6.760401952788,6.943204193461,
    -78.83607800325));
#1315 = CARTESIAN_POINT('',(7.607001496443,5.984004983161,
    -78.86750828915));
#1316 = CARTESIAN_POINT('',(8.297839452459,4.911709171825,
    -78.89895615359));
#1317 = CARTESIAN_POINT('',(8.815484998475,3.755130256987,-78.9304453708
    ));
#1318 = CARTESIAN_POINT('',(9.237875940274,2.239605266841,
    -78.96998172492));
#1319 = CARTESIAN_POINT('',(9.31246091163,1.925312824385,-78.97809309718
    ));
#1320 = CARTESIAN_POINT('',(9.374819910655,1.608203636801,
    -78.98620446847));
#1321 = CARTESIAN_POINT('',(9.424830167,1.288833279696,-78.99431581202)
  );
#1322 = CARTESIAN_POINT('',(9.46239951837,0.967761654216,-79.00242713893
    ));
#1323 = CARTESIAN_POINT('',(9.487466427647,0.645552841231,
    -79.01053845462));
#1324 = CARTESIAN_POINT('',(9.5,0.322774955529,-79.01864971525));
#1325 = CARTESIAN_POINT('',(9.5,1.7763568394E-15,-79.02676078413));
#1326 = ORIENTED_EDGE('',*,*,#943,.T.);
#1327 = ORIENTED_EDGE('',*,*,#1328,.T.);
#1328 = EDGE_CURVE('',#853,#1329,#1331,.T.);
#1329 = VERTEX_POINT('',#1330);
#1330 = CARTESIAN_POINT('',(9.5,-4.10890843118E-08,-79.47322878093));
#1331 = B_SPLINE_CURVE_WITH_KNOTS('',8,(#1332,#1333,#1334,#1335,#1336,
    #1337,#1338,#1339,#1340,#1341,#1342,#1343,#1344,#1345,#1346,#1347,
    #1348,#1349,#1350,#1351,#1352,#1353,#1354,#1355,#1356,#1357,#1358,
    #1359,#1360,#1361,#1362,#1363,#1364,#1365,#1366,#1367,#1368,#1369,
    #1370,#1371,#1372,#1373,#1374,#1375,#1376,#1377,#1378,#1379,#1380,
    #1381,#1382,#1383,#1384,#1385,#1386,#1387,#1388,#1389,#1390,#1391,
    #1392,#1393,#1394,#1395,#1396,#1397,#1398,#1399,#1400,#1401,#1402,
    #1403,#1404,#1405,#1406,#1407,#1408,#1409,#1410,#1411,#1412,#1413,
    #1414,#1415,#1416,#1417),.UNSPECIFIED.,.F.,.F.,(9,7,7,7,7,7,7,7,7,7,
    7,7,9),(0.,2.05182763022E-02,5.256683100183E-02,0.122565032078,
    0.214729208875,0.319580770213,0.432091627307,0.57774061089,
    0.684651752792,0.789288908711,0.883617417675,0.959461084424,1.),
  .UNSPECIFIED.);
#1332 = CARTESIAN_POINT('',(9.5,-6.163334198561E-08,-77.97323091023));
#1333 = CARTESIAN_POINT('',(9.499999999007,-0.153071595852,
    -77.97707727183));
#1334 = CARTESIAN_POINT('',(9.497181243065,-0.306143178543,
    -77.98092369259));
#1335 = CARTESIAN_POINT('',(9.491543733418,-0.459154166691,
    -77.98477016562));
#1336 = CARTESIAN_POINT('',(9.483089030883,-0.612044007044,
    -77.98861668399));
#1337 = CARTESIAN_POINT('',(9.471820255846,-0.764752236124,
    -77.99246324071));
#1338 = CARTESIAN_POINT('',(9.457742088268,-0.917218480218,
    -77.99630982875));
#1339 = CARTESIAN_POINT('',(9.440860767679,-1.069382455383,
    -78.00015644104));
#1340 = CARTESIAN_POINT('',(9.39045007978,-1.458290583579,
    -78.01001131943));
#1341 = CARTESIAN_POINT('',(9.352896097723,-1.694513952145,
    -78.0160196225));
#1342 = CARTESIAN_POINT('',(9.308551985951,-1.929624195264,
    -78.02202795582));
#1343 = CARTESIAN_POINT('',(9.257456639544,-2.163393558542,
    -78.02803629993));
#1344 = CARTESIAN_POINT('',(9.199658009717,-2.395596411071,
    -78.03404463969));
#1345 = CARTESIAN_POINT('',(9.135213103823,-2.626009245432,
    -78.04005296433));
#1346 = CARTESIAN_POINT('',(9.064187985354,-2.854410677692,
    -78.04606126742));
#1347 = CARTESIAN_POINT('',(8.817321734328,-3.574567749266,
    -78.06519240867));
#1348 = CARTESIAN_POINT('',(8.616941818177,-4.057947731977,
    -78.07831601526));
#1349 = CARTESIAN_POINT('',(8.386307057628,-4.52839780284,
    -78.09143915148));
#1350 = CARTESIAN_POINT('',(8.126406599959,-4.983713239027,
    -78.10456177609));
#1351 = CARTESIAN_POINT('',(7.838408541321,-5.421797141002,
    -78.11768441442));
#1352 = CARTESIAN_POINT('',(7.523652297797,-5.840657683001,
    -78.13080757306));
#1353 = CARTESIAN_POINT('',(7.183654513788,-6.2384136606,-78.14393117665
    ));
#1354 = CARTESIAN_POINT('',(6.341486562948,-7.106919007482,
    -78.17433242314));
#1355 = CARTESIAN_POINT('',(5.821924139439,-7.561032641494,
    -78.19161418016));
#1356 = CARTESIAN_POINT('',(5.265373736864,-7.971542753075,
    -78.20889463759));
#1357 = CARTESIAN_POINT('',(4.676147694524,-8.334982387228,
    -78.22617337037));
#1358 = CARTESIAN_POINT('',(4.058870915374,-8.648423062158,
    -78.24345208483));
#1359 = CARTESIAN_POINT('',(3.418453128889,-8.909444065798,
    -78.26073250189));
#1360 = CARTESIAN_POINT('',(2.760100692777,-9.116172104954,
    -78.27801422713));
#1361 = CARTESIAN_POINT('',(1.326301637151,-9.439427449494,
    -78.31494954247));
#1362 = CARTESIAN_POINT('',(0.546805366797,-9.53971136552,
    -78.33461253445));
#1363 = CARTESIAN_POINT('',(-0.240889564266,-9.566309297572,
    -78.35427219291));
#1364 = CARTESIAN_POINT('',(-1.028638219914,-9.518580044699,
    -78.37392900205));
#1365 = CARTESIAN_POINT('',(-1.808396841287,-9.396914501898,
    -78.39358584596));
#1366 = CARTESIAN_POINT('',(-2.572223875446,-9.202649256495,
    -78.41324558444));
#1367 = CARTESIAN_POINT('',(-3.312299434195,-8.938150765557,
    -78.43290864567));
#1368 = CARTESIAN_POINT('',(-4.781460825509,-8.251797165414,
    -78.47365847784));
#1369 = CARTESIAN_POINT('',(-5.506371532933,-7.819590284288,
    -78.4947603088));
#1370 = CARTESIAN_POINT('',(-6.186139022499,-7.314788721558,
    -78.51585754393));
#1371 = CARTESIAN_POINT('',(-6.812400154977,-6.743054946571,
    -78.53695104024));
#1372 = CARTESIAN_POINT('',(-7.377696685852,-6.110977096687,
    -78.55804448228));
#1373 = CARTESIAN_POINT('',(-7.875517156673,-5.426080608606,
    -78.57914161482));
#1374 = CARTESIAN_POINT('',(-8.300284948053,-4.696785446861,
    -78.6002433802));
#1375 = CARTESIAN_POINT('',(-9.097567143969,-2.94362420677,
    -78.64864163548));
#1376 = CARTESIAN_POINT('',(-9.418614127647,-1.894566070697,
    -78.67597890378));
#1377 = CARTESIAN_POINT('',(-9.600561688699,-0.806882618321,
    -78.70329728385));
#1378 = CARTESIAN_POINT('',(-9.638920635204,0.297863032896,
    -78.73060498376));
#1379 = CARTESIAN_POINT('',(-9.532422063594,1.398132289061,
    -78.75791225966));
#1380 = CARTESIAN_POINT('',(-9.283662364318,2.472505968433,
    -78.78523114451));
#1381 = CARTESIAN_POINT('',(-8.898453584178,3.499739300984,
    -78.81256857839));
#1382 = CARTESIAN_POINT('',(-8.014052046649,5.163439723404,
    -78.85991702563));
#1383 = CARTESIAN_POINT('',(-7.571974090833,5.832018475982,
    -78.8799668584));
#1384 = CARTESIAN_POINT('',(-7.066333327588,6.456947057536,
    -78.90001306217));
#1385 = CARTESIAN_POINT('',(-6.502269649601,7.031249905352,
    -78.92005616835));
#1386 = CARTESIAN_POINT('',(-5.885691449026,7.548766000556,
    -78.94009927119));
#1387 = CARTESIAN_POINT('',(-5.223202121915,8.004085875985,
    -78.96014545806));
#1388 = CARTESIAN_POINT('',(-4.522157128508,8.392629797328,
    -78.98019525865));
#1389 = CARTESIAN_POINT('',(-3.075045634005,9.022386653416,
    -79.01985508053));
#1390 = CARTESIAN_POINT('',(-2.329791039901,9.266759056655,
    -79.03947806693));
#1391 = CARTESIAN_POINT('',(-1.562733691964,9.440588721449,
    -79.05909804677));
#1392 = CARTESIAN_POINT('',(-0.781704329081,9.541728434693,
    -79.07871536856));
#1393 = CARTESIAN_POINT('',(5.3720969543E-03,9.56905548626,
    -79.09833267691));
#1394 = CARTESIAN_POINT('',(0.790493690674,9.522387846357,
    -79.11795266025));
#1395 = CARTESIAN_POINT('',(1.565584806133,9.402569365077,-79.1375757226
    ));
#1396 = CARTESIAN_POINT('',(3.004876901482,9.039686304175,
    -79.17487660376));
#1397 = CARTESIAN_POINT('',(3.672815180977,8.809842249965,
    -79.19256423832));
#1398 = CARTESIAN_POINT('',(4.320400784651,8.523648316302,
    -79.21025012967));
#1399 = CARTESIAN_POINT('',(4.942109478326,8.183271831575,
    -79.22793391542));
#1400 = CARTESIAN_POINT('',(5.532760804814,7.79146979325,-79.24561768554
    ));
#1401 = CARTESIAN_POINT('',(6.08750324894,7.351543786779,-79.2633035457)
  );
#1402 = CARTESIAN_POINT('',(6.601847178867,6.867374137613,
    -79.28099116772));
#1403 = CARTESIAN_POINT('',(7.449561527307,5.922345570278,
    -79.31289405616));
#1404 = CARTESIAN_POINT('',(7.798741401471,5.475403659072,
    -79.32711412118));
#1405 = CARTESIAN_POINT('',(8.117185049195,5.005031805565,
    -79.34133374632));
#1406 = CARTESIAN_POINT('',(8.403076656312,4.513713105867,-79.3555527729
    ));
#1407 = CARTESIAN_POINT('',(8.654852272626,4.004069005973,
    -79.36977183302));
#1408 = CARTESIAN_POINT('',(8.871189842772,3.478850879108,
    -79.38399153586));
#1409 = CARTESIAN_POINT('',(9.051021726829,2.940943683804,
    -79.39821166672));
#1410 = CARTESIAN_POINT('',(9.269762502121,2.100706389461,
    -79.42003040037));
#1411 = CARTESIAN_POINT('',(9.335307455185,1.805256703434,
    -79.42763041426));
#1412 = CARTESIAN_POINT('',(9.390086233494,1.507487748044,
    -79.43523034782));
#1413 = CARTESIAN_POINT('',(9.434004132366,1.207857810529,
    -79.44283018928));
#1414 = CARTESIAN_POINT('',(9.466990079714,0.906828265207,
    -79.45042996403));
#1415 = CARTESIAN_POINT('',(9.488996636972,0.604863476723,
    -79.45802969078));
#1416 = CARTESIAN_POINT('',(9.5,0.302430703303,-79.46562933775));
#1417 = CARTESIAN_POINT('',(9.5,1.7763568394E-15,-79.47322877886));
#1418 = ORIENTED_EDGE('',*,*,#1419,.F.);
#1419 = EDGE_CURVE('',#1244,#1329,#1420,.T.);
#1420 = LINE('',#1421,#1422);
#1421 = CARTESIAN_POINT('',(9.5,0.,-74.75));
#1422 = VECTOR('',#1423,1.);
#1423 = DIRECTION('',(5.141040633873E-17,0.,-1.));
#1424 = CYLINDRICAL_SURFACE('',#1425,9.5);
#1425 = AXIS2_PLACEMENT_3D('',#1426,#1427,#1428);
#1426 = CARTESIAN_POINT('',(3.061616997868E-15,0.,-74.75));
#1427 = DIRECTION('',(1.224646799147E-16,0.,-1.));
#1428 = DIRECTION('',(1.,0.,1.224646799147E-16));
#1429 = ADVANCED_FACE('',(#1430),#1465,.F.);
#1430 = FACE_BOUND('',#1431,.F.);
#1431 = EDGE_LOOP('',(#1432,#1458,#1459,#1460));
#1432 = ORIENTED_EDGE('',*,*,#1433,.F.);
#1433 = EDGE_CURVE('',#958,#1434,#1436,.T.);
#1434 = VERTEX_POINT('',#1435);
#1435 = CARTESIAN_POINT('',(10.250004356611,3.08165429533E-08,
    -78.40625129086));
#1436 = B_SPLINE_CURVE_WITH_KNOTS('',11,(#1437,#1438,#1439,#1440,#1441,
    #1442,#1443,#1444,#1445,#1446,#1447,#1448,#1449,#1450,#1451,#1452,
    #1453,#1454,#1455,#1456,#1457),.UNSPECIFIED.,.F.,.F.,(12,9,12),(0.,
    3.229876839926,6.459753679852),.UNSPECIFIED.);
#1437 = CARTESIAN_POINT('',(10.250002904408,2.054427028497E-08,
    -76.90625086057));
#1438 = CARTESIAN_POINT('',(10.250006355526,-2.927394538236,
    -76.97443369958));
#1439 = CARTESIAN_POINT('',(9.330326936405,-5.854757167997,
    -77.0426136816));
#1440 = CARTESIAN_POINT('',(7.49102021121,-8.46123450054,-77.11079665494
    ));
#1441 = CARTESIAN_POINT('',(4.858033947941,-10.4254138586,
    -77.17897950695));
#1442 = CARTESIAN_POINT('',(1.683671789388,-11.48331054759,
    -77.24715865348));
#1443 = CARTESIAN_POINT('',(-1.683655108419,-11.48333664531,
    -77.31534285386));
#1444 = CARTESIAN_POINT('',(-4.858064927274,-10.42547400853,
    -77.38352360096));
#1445 = CARTESIAN_POINT('',(-7.490999416333,-8.461157524666,
    -77.45170565705));
#1446 = CARTESIAN_POINT('',(-9.330335608225,-5.854785473498,
    -77.51988741012));
#1447 = CARTESIAN_POINT('',(-11.1696712736,-3.217698237365E-08,
    -77.65625107571));
#1448 = CARTESIAN_POINT('',(-9.330335822987,5.85478547661,-77.7926147413
    ));
#1449 = CARTESIAN_POINT('',(-7.491000585953,8.461157526283,
    -77.86079649438));
#1450 = CARTESIAN_POINT('',(-4.858059179263,10.425474871138,
    -77.92897855039));
#1451 = CARTESIAN_POINT('',(-1.683667104437,11.483331189831,
    -77.99715929772));
#1452 = CARTESIAN_POINT('',(1.683685851948,11.483322147312,
    -78.06534349771));
#1453 = CARTESIAN_POINT('',(4.858025375794,10.425400690018,
    -78.13352264467));
#1454 = CARTESIAN_POINT('',(7.491018883653,8.46124273935,-78.20170549637
    ));
#1455 = CARTESIAN_POINT('',(9.330333993071,5.854755050028,
    -78.26988846986));
#1456 = CARTESIAN_POINT('',(10.250000902563,2.927394589596,
    -78.33806845184));
#1457 = CARTESIAN_POINT('',(10.250004356611,3.081662569571E-08,
    -78.40625129086));
#1458 = ORIENTED_EDGE('',*,*,#985,.T.);
#1459 = ORIENTED_EDGE('',*,*,#852,.T.);
#1460 = ORIENTED_EDGE('',*,*,#1461,.F.);
#1461 = EDGE_CURVE('',#1434,#853,#1462,.T.);
#1462 = B_SPLINE_CURVE_WITH_KNOTS('',1,(#1463,#1464),.UNSPECIFIED.,.F.,
  .F.,(2,2),(0.,0.9375),.PIECEWISE_BEZIER_KNOTS.);
#1463 = CARTESIAN_POINT('',(10.250004356611,3.081662647212E-08,
    -78.40625129086));
#1464 = CARTESIAN_POINT('',(9.438107960915,-6.926242826537E-08,
    -77.93749709871));
#1465 = B_SPLINE_SURFACE_WITH_KNOTS('',1,9,(
    (#1466,#1467,#1468,#1469,#1470,#1471,#1472,#1473,#1474,#1475,#1476
      ,#1477,#1478,#1479,#1480,#1481,#1482,#1483,#1484,#1485,#1486,#1487
      ,#1488,#1489,#1490,#1491,#1492,#1493,#1494,#1495,#1496)
    ,(#1497,#1498,#1499,#1500,#1501,#1502,#1503,#1504,#1505,#1506,#1507
      ,#1508,#1509,#1510,#1511,#1512,#1513,#1514,#1515,#1516,#1517,#1518
      ,#1519,#1520,#1521,#1522,#1523,#1524,#1525,#1526,#1527
  )),.UNSPECIFIED.,.F.,.F.,.F.,(2,2),(10,7,7,7,10),(0.,0.9375),(0.,
    1.614938419963,3.229876839926,4.844815259889,6.459753679852),
  .UNSPECIFIED.);
#1466 = CARTESIAN_POINT('',(10.250002904408,2.054427028497E-08,
    -76.90625086057));
#1467 = CARTESIAN_POINT('',(10.250005013425,-1.788963320932,
    -76.94791815107));
#1468 = CARTESIAN_POINT('',(9.898739359502,-3.577914467298,
    -76.98958435037));
#1469 = CARTESIAN_POINT('',(9.196218927578,-5.288072181837,
    -77.03125088768));
#1470 = CARTESIAN_POINT('',(8.163068381621,-6.840565686646,
    -77.07291775764));
#1471 = CARTESIAN_POINT('',(6.840559775822,-8.163069739958,
    -77.11458441947));
#1472 = CARTESIAN_POINT('',(5.288065652735,-9.19621572907,
    -77.15625109857));
#1473 = CARTESIAN_POINT('',(3.577925984579,-9.898739290908,
    -77.19791774822));
#1474 = CARTESIAN_POINT('',(4.432418240161E-07,-10.6012647258,
    -77.28125106711));
#1475 = CARTESIAN_POINT('',(-3.577925883404,-9.898743400455,
    -77.36458441215));
#1476 = CARTESIAN_POINT('',(-5.288066254713,-9.196219885681,
    -77.40625109123));
#1477 = CARTESIAN_POINT('',(-6.840561280883,-8.163068640944,
    -77.44791776304));
#1478 = CARTESIAN_POINT('',(-8.163067657389,-6.84055957502,
    -77.48958440319));
#1479 = CARTESIAN_POINT('',(-9.196217330874,-5.288064207379,
    -77.53125105664));
#1480 = CARTESIAN_POINT('',(-9.89874143006,-3.577924465846,
    -77.57291772452));
#1481 = CARTESIAN_POINT('',(-10.60126549352,-2.17532251929E-08,
    -77.65625107571));
#1482 = CARTESIAN_POINT('',(-9.898741561304,3.577924448109,
    -77.7395844269));
#1483 = CARTESIAN_POINT('',(-9.196218848181,5.288062788813,
    -77.78125109617));
#1484 = CARTESIAN_POINT('',(-8.163064181307,6.840563261939,
    -77.82291774466));
#1485 = CARTESIAN_POINT('',(-6.840564733687,8.163064827854,
    -77.86458439195));
#1486 = CARTESIAN_POINT('',(-5.288064920342,9.196221176462,
    -77.9062510588));
#1487 = CARTESIAN_POINT('',(-3.577925931526,9.898743362875,
    -77.94791773927));
#1488 = CARTESIAN_POINT('',(3.935824489576E-07,10.601264783412,
    -78.03125108432));
#1489 = CARTESIAN_POINT('',(3.577925936456,9.898739268983,-78.1145844032
    ));
#1490 = CARTESIAN_POINT('',(5.288065531662,9.19621566084,-78.15625105285
    ));
#1491 = CARTESIAN_POINT('',(6.840559895348,8.163069481548,
    -78.19791773193));
#1492 = CARTESIAN_POINT('',(8.163067715229,6.840566052155,-78.2395843938
    ));
#1493 = CARTESIAN_POINT('',(9.196220301572,5.288073150035,
    -78.28125126372));
#1494 = CARTESIAN_POINT('',(9.898739787431,3.577913690094,
    -78.32291780106));
#1495 = CARTESIAN_POINT('',(10.250002245804,1.788963372293,
    -78.36458400035));
#1496 = CARTESIAN_POINT('',(10.250004356611,3.081662647212E-08,
    -78.40625129086));
#1497 = CARTESIAN_POINT('',(9.438105701926,-4.617511351057E-08,
    -76.4374980658));
#1498 = CARTESIAN_POINT('',(9.43810896899,-1.647259935148,
    -76.47916333036));
#1499 = CARTESIAN_POINT('',(9.114665964293,-3.294508664691,
    -76.52083104748));
#1500 = CARTESIAN_POINT('',(8.467791313169,-4.869212425509,
    -76.56249800481));
#1501 = CARTESIAN_POINT('',(7.516473717252,-6.298725805793,
    -76.60416421466));
#1502 = CARTESIAN_POINT('',(6.298725919933,-7.516477561663,
    -76.64583089211));
#1503 = CARTESIAN_POINT('',(4.869201619961,-8.467788559313,
    -76.68749753087));
#1504 = CARTESIAN_POINT('',(3.294520653576,-9.114665904376,
    -76.72916423578));
#1505 = CARTESIAN_POINT('',(-4.925171840426E-07,-9.761544700737,
    -76.81249760159));
#1506 = CARTESIAN_POINT('',(-3.294520878111,-9.114669625302,
    -76.8958309086));
#1507 = CARTESIAN_POINT('',(-4.869201371417,-8.467792677433,
    -76.93749754736));
#1508 = CARTESIAN_POINT('',(-6.298723696355,-7.516477394844,
    -76.97916420249));
#1509 = CARTESIAN_POINT('',(-7.516475980371,-6.298723159159,
    -77.02083092874));
#1510 = CARTESIAN_POINT('',(-8.467790358527,-4.8691994822,
    -77.06249762511));
#1511 = CARTESIAN_POINT('',(-9.114667906744,-3.294518861192,
    -77.10416428906));
#1512 = CARTESIAN_POINT('',(-9.761545416301,6.717486770063E-08,
    -77.18749758225));
#1513 = CARTESIAN_POINT('',(-9.114668042717,3.294519022241,
    -77.27083087544));
#1514 = CARTESIAN_POINT('',(-8.467791848611,4.869198328754,
    -77.31249753627));
#1515 = CARTESIAN_POINT('',(-7.516472421228,6.298726792315,
    -77.35416424378));
#1516 = CARTESIAN_POINT('',(-6.298726933365,7.516473851344,-77.395830954
    ));
#1517 = CARTESIAN_POINT('',(-4.869199889877,8.467793908126,
    -77.43749762026));
#1518 = CARTESIAN_POINT('',(-3.294520764329,9.114669635028,
    -77.47916425591));
#1519 = CARTESIAN_POINT('',(-3.677389030947E-07,9.761544790342,
    -77.56249756291));
#1520 = CARTESIAN_POINT('',(3.294520767357,9.114665802086,
    -77.64583092873));
#1521 = CARTESIAN_POINT('',(4.869201606876,8.467788352402,
    -77.68749763364));
#1522 = CARTESIAN_POINT('',(6.298726261425,7.516477029331,
    -77.72916427237));
#1523 = CARTESIAN_POINT('',(7.516472811,6.298726218803,-77.77083094988)
  );
#1524 = CARTESIAN_POINT('',(8.467793551272,4.869213756348,
    -77.81249715966));
#1525 = CARTESIAN_POINT('',(9.114666698147,3.294507267065,
    -77.85416411704));
#1526 = CARTESIAN_POINT('',(9.43810469788,1.64725981971,-77.89583183415)
  );
#1527 = CARTESIAN_POINT('',(9.438107960915,-6.926242826537E-08,
    -77.93749709871));
#1528 = ADVANCED_FACE('',(#1529),#1574,.F.);
#1529 = FACE_BOUND('',#1530,.F.);
#1530 = EDGE_LOOP('',(#1531,#1532,#1533,#1569));
#1531 = ORIENTED_EDGE('',*,*,#1243,.F.);
#1532 = ORIENTED_EDGE('',*,*,#1094,.T.);
#1533 = ORIENTED_EDGE('',*,*,#1534,.T.);
#1534 = EDGE_CURVE('',#1059,#1535,#1537,.T.);
#1535 = VERTEX_POINT('',#1536);
#1536 = CARTESIAN_POINT('',(10.250003388474,3.081650928579E-08,
    -78.59375129085));
#1537 = B_SPLINE_CURVE_WITH_KNOTS('',9,(#1538,#1539,#1540,#1541,#1542,
    #1543,#1544,#1545,#1546,#1547,#1548,#1549,#1550,#1551,#1552,#1553,
    #1554,#1555,#1556,#1557,#1558,#1559,#1560,#1561,#1562,#1563,#1564,
    #1565,#1566,#1567,#1568),.UNSPECIFIED.,.F.,.F.,(10,7,7,7,10),(0.,
    1.614938419963,3.229876839926,4.844815259889,6.459753679852),
  .UNSPECIFIED.);
#1538 = CARTESIAN_POINT('',(10.250002258984,2.054426317954E-08,
    -77.09375086057));
#1539 = CARTESIAN_POINT('',(10.250003900127,-1.788963180122,
    -77.13541815107));
#1540 = CARTESIAN_POINT('',(9.89873862991,-3.57791409381,-77.17708435037
    ));
#1541 = CARTESIAN_POINT('',(9.196218359351,-5.288071868074,
    -77.21875088768));
#1542 = CARTESIAN_POINT('',(8.163067668867,-6.840565184289,
    -77.26041775764));
#1543 = CARTESIAN_POINT('',(6.840559255228,-8.16306906492,
    -77.30208441947));
#1544 = CARTESIAN_POINT('',(5.288065228178,-9.196214994708,
    -77.34375109857));
#1545 = CARTESIAN_POINT('',(3.577925703123,-9.898738507348,
    -77.38541774822));
#1546 = CARTESIAN_POINT('',(4.436256501764E-07,-10.60126389778,
    -77.4687510671));
#1547 = CARTESIAN_POINT('',(-3.577925601621,-9.898742619139,
    -77.55208441215));
#1548 = CARTESIAN_POINT('',(-5.288064476185,-9.196220586663,
    -77.59375109262));
#1549 = CARTESIAN_POINT('',(-6.84056423021,-8.163064291106,
    -77.63541775947));
#1550 = CARTESIAN_POINT('',(-8.163063516182,-6.840562738254,
    -77.67708440676));
#1551 = CARTESIAN_POINT('',(-9.196217981603,-5.288062360201,
    -77.71875105525));
#1552 = CARTESIAN_POINT('',(-9.898740663518,-3.577924187766,
    -77.76041772452));
#1553 = CARTESIAN_POINT('',(-10.60126465909,-2.282151952474E-08,
    -77.84375107571));
#1554 = CARTESIAN_POINT('',(-9.89874076958,3.577924162949,-77.9270844269
    ));
#1555 = CARTESIAN_POINT('',(-9.196218109814,5.288062365279,
    -77.96875109617));
#1556 = CARTESIAN_POINT('',(-8.163063540249,6.840562720247,
    -78.01041774466));
#1557 = CARTESIAN_POINT('',(-6.840564204745,8.163064194274,
    -78.05208439195));
#1558 = CARTESIAN_POINT('',(-5.288064506385,9.196220466067,
    -78.0937510588));
#1559 = CARTESIAN_POINT('',(-3.577925650071,9.898742585926,
    -78.13541773927));
#1560 = CARTESIAN_POINT('',(3.931969788979E-07,10.601263942583,
    -78.21875108431));
#1561 = CARTESIAN_POINT('',(3.577925654673,9.898738494279,
    -78.30208440319));
#1562 = CARTESIAN_POINT('',(5.28806512377,9.196214947528,-78.34375105285
    ));
#1563 = CARTESIAN_POINT('',(6.840559339104,8.163068871552,
    -78.38541773193));
#1564 = CARTESIAN_POINT('',(8.163067142944,6.840565477662,-78.4270843938
    ));
#1565 = CARTESIAN_POINT('',(9.196219422125,5.288072631358,
    -78.46875126372));
#1566 = CARTESIAN_POINT('',(9.898738958759,3.577913500341,
    -78.51041780106));
#1567 = CARTESIAN_POINT('',(10.250001745541,1.788963231483,
    -78.55208400035));
#1568 = CARTESIAN_POINT('',(10.250003388474,3.081659538588E-08,
    -78.59375129085));
#1569 = ORIENTED_EDGE('',*,*,#1570,.F.);
#1570 = EDGE_CURVE('',#1244,#1535,#1571,.T.);
#1571 = B_SPLINE_CURVE_WITH_KNOTS('',1,(#1572,#1573),.UNSPECIFIED.,.F.,
  .F.,(2,2),(0.,0.9375),.PIECEWISE_BEZIER_KNOTS.);
#1572 = CARTESIAN_POINT('',(9.438102152096,-6.926263165822E-08,
    -79.06249709869));
#1573 = CARTESIAN_POINT('',(10.250003388474,3.081659538588E-08,
    -78.59375129085));
#1574 = B_SPLINE_SURFACE_WITH_KNOTS('',1,9,(
    (#1575,#1576,#1577,#1578,#1579,#1580,#1581,#1582,#1583,#1584,#1585
      ,#1586,#1587,#1588,#1589,#1590,#1591,#1592,#1593,#1594,#1595,#1596
      ,#1597,#1598,#1599,#1600,#1601,#1602,#1603,#1604,#1605)
    ,(#1606,#1607,#1608,#1609,#1610,#1611,#1612,#1613,#1614,#1615,#1616
      ,#1617,#1618,#1619,#1620,#1621,#1622,#1623,#1624,#1625,#1626,#1627
      ,#1628,#1629,#1630,#1631,#1632,#1633,#1634,#1635,#1636
  )),.UNSPECIFIED.,.F.,.F.,.F.,(2,2),(10,7,7,7,10),(0.,0.9375),(0.,
    1.614938419963,3.229876839926,4.844815259889,6.459753679852),
  .UNSPECIFIED.);
#1575 = CARTESIAN_POINT('',(9.43810182938,-4.617515614314E-08,
    -77.56249806579));
#1576 = CARTESIAN_POINT('',(9.4381022892,-1.647259090285,-77.60416333034
    ));
#1577 = CARTESIAN_POINT('',(9.114661586738,-3.294506423766,
    -77.64583104747));
#1578 = CARTESIAN_POINT('',(8.467787903809,-4.869210542933,
    -77.68749800482));
#1579 = CARTESIAN_POINT('',(7.516469440722,-6.298722791647,
    -77.72916421463));
#1580 = CARTESIAN_POINT('',(6.29872279637,-7.516473511431,
    -77.77083089211));
#1581 = CARTESIAN_POINT('',(4.86919907262,-8.46778415314,-77.81249753086
    ));
#1582 = CARTESIAN_POINT('',(3.294518964845,-9.114661203013,
    -77.85416423577));
#1583 = CARTESIAN_POINT('',(-4.902145436107E-07,-9.761539732569,
    -77.93749760158));
#1584 = CARTESIAN_POINT('',(-3.294519187411,-9.114664937405,
    -78.02083090859));
#1585 = CARTESIAN_POINT('',(-4.869197514243,-8.46778961309,
    -78.06249754424));
#1586 = CARTESIAN_POINT('',(-6.298723870611,-7.516469990697,
    -78.10416421049));
#1587 = CARTESIAN_POINT('',(-7.516468654834,-6.298723443682,
    -78.14583092071));
#1588 = CARTESIAN_POINT('',(-8.467787448901,-4.869195669367,
    -78.18749762822));
#1589 = CARTESIAN_POINT('',(-9.114663307492,-3.294517192717,
    -78.22916428905));
#1590 = CARTESIAN_POINT('',(-9.761540409731,6.076510924369E-08,
    -78.31249758224));
#1591 = CARTESIAN_POINT('',(-9.114663292378,3.294517311281,
    -78.39583087543));
#1592 = CARTESIAN_POINT('',(-8.467787418407,4.869195787553,
    -78.43749753626));
#1593 = CARTESIAN_POINT('',(-7.516468574878,6.298723542159,
    -78.47916424377));
#1594 = CARTESIAN_POINT('',(-6.298723759713,7.516470049863,
    -78.52083095399));
#1595 = CARTESIAN_POINT('',(-4.869197406137,8.467789645761,
    -78.56249762025));
#1596 = CARTESIAN_POINT('',(-3.2945190756,9.114664973333,-78.6041642559)
  );
#1597 = CARTESIAN_POINT('',(-3.700516022231E-07,9.76153974537,
    -78.6874975629));
#1598 = CARTESIAN_POINT('',(3.294519076656,9.114661153861,
    -78.77083092872));
#1599 = CARTESIAN_POINT('',(4.869199159524,8.467784072533,
    -78.81249763362));
#1600 = CARTESIAN_POINT('',(6.298722923958,7.51647336935,-78.85416427237
    ));
#1601 = CARTESIAN_POINT('',(7.516469377288,6.298722771846,
    -78.89583094986));
#1602 = CARTESIAN_POINT('',(8.46778827459,4.869210644283,-78.93749715966
    ));
#1603 = CARTESIAN_POINT('',(9.114661726115,3.294506128548,
    -78.97916411702));
#1604 = CARTESIAN_POINT('',(9.438101696304,1.647258974847,
    -79.02083183415));
#1605 = CARTESIAN_POINT('',(9.438102152096,-6.926263165822E-08,
    -79.06249709869));
#1606 = CARTESIAN_POINT('',(10.250002258984,2.054426317954E-08,
    -77.09375086057));
#1607 = CARTESIAN_POINT('',(10.250003900127,-1.788963180122,
    -77.13541815107));
#1608 = CARTESIAN_POINT('',(9.89873862991,-3.57791409381,-77.17708435037
    ));
#1609 = CARTESIAN_POINT('',(9.196218359351,-5.288071868074,
    -77.21875088768));
#1610 = CARTESIAN_POINT('',(8.163067668867,-6.840565184289,
    -77.26041775764));
#1611 = CARTESIAN_POINT('',(6.840559255228,-8.16306906492,
    -77.30208441947));
#1612 = CARTESIAN_POINT('',(5.288065228178,-9.196214994708,
    -77.34375109857));
#1613 = CARTESIAN_POINT('',(3.577925703123,-9.898738507348,
    -77.38541774822));
#1614 = CARTESIAN_POINT('',(4.436256501764E-07,-10.60126389778,
    -77.4687510671));
#1615 = CARTESIAN_POINT('',(-3.577925601621,-9.898742619139,
    -77.55208441215));
#1616 = CARTESIAN_POINT('',(-5.288064476185,-9.196220586663,
    -77.59375109262));
#1617 = CARTESIAN_POINT('',(-6.84056423021,-8.163064291106,
    -77.63541775947));
#1618 = CARTESIAN_POINT('',(-8.163063516182,-6.840562738254,
    -77.67708440676));
#1619 = CARTESIAN_POINT('',(-9.196217981603,-5.288062360201,
    -77.71875105525));
#1620 = CARTESIAN_POINT('',(-9.898740663518,-3.577924187766,
    -77.76041772452));
#1621 = CARTESIAN_POINT('',(-10.60126465909,-2.282151952474E-08,
    -77.84375107571));
#1622 = CARTESIAN_POINT('',(-9.89874076958,3.577924162949,-77.9270844269
    ));
#1623 = CARTESIAN_POINT('',(-9.196218109814,5.288062365279,
    -77.96875109617));
#1624 = CARTESIAN_POINT('',(-8.163063540249,6.840562720247,
    -78.01041774466));
#1625 = CARTESIAN_POINT('',(-6.840564204745,8.163064194274,
    -78.05208439195));
#1626 = CARTESIAN_POINT('',(-5.288064506385,9.196220466067,
    -78.0937510588));
#1627 = CARTESIAN_POINT('',(-3.577925650071,9.898742585926,
    -78.13541773927));
#1628 = CARTESIAN_POINT('',(3.931969788979E-07,10.601263942583,
    -78.21875108431));
#1629 = CARTESIAN_POINT('',(3.577925654673,9.898738494279,
    -78.30208440319));
#1630 = CARTESIAN_POINT('',(5.28806512377,9.196214947528,-78.34375105285
    ));
#1631 = CARTESIAN_POINT('',(6.840559339104,8.163068871552,
    -78.38541773193));
#1632 = CARTESIAN_POINT('',(8.163067142944,6.840565477662,-78.4270843938
    ));
#1633 = CARTESIAN_POINT('',(9.196219422125,5.288072631358,
    -78.46875126372));
#1634 = CARTESIAN_POINT('',(9.898738958759,3.577913500341,
    -78.51041780106));
#1635 = CARTESIAN_POINT('',(10.250001745541,1.788963231483,
    -78.55208400035));
#1636 = CARTESIAN_POINT('',(10.250003388474,3.081659538588E-08,
    -78.59375129085));
#1637 = ADVANCED_FACE('',(#1638),#1648,.F.);
#1638 = FACE_BOUND('',#1639,.F.);
#1639 = EDGE_LOOP('',(#1640,#1641,#1642,#1643));
#1640 = ORIENTED_EDGE('',*,*,#1534,.F.);
#1641 = ORIENTED_EDGE('',*,*,#1168,.T.);
#1642 = ORIENTED_EDGE('',*,*,#1433,.T.);
#1643 = ORIENTED_EDGE('',*,*,#1644,.F.);
#1644 = EDGE_CURVE('',#1535,#1434,#1645,.T.);
#1645 = B_SPLINE_CURVE_WITH_KNOTS('',1,(#1646,#1647),.UNSPECIFIED.,.F.,
  .F.,(2,2),(0.,0.1875),.PIECEWISE_BEZIER_KNOTS.);
#1646 = CARTESIAN_POINT('',(10.250003388474,3.081659549764E-08,
    -78.59375129085));
#1647 = CARTESIAN_POINT('',(10.250004356611,3.081662569571E-08,
    -78.40625129086));
#1648 = B_SPLINE_SURFACE_WITH_KNOTS('',1,11,(
    (#1649,#1650,#1651,#1652,#1653,#1654,#1655,#1656,#1657,#1658,#1659
      ,#1660,#1661,#1662,#1663,#1664,#1665,#1666,#1667,#1668,#1669)
    ,(#1670,#1671,#1672,#1673,#1674,#1675,#1676,#1677,#1678,#1679,#1680
      ,#1681,#1682,#1683,#1684,#1685,#1686,#1687,#1688,#1689,#1690
  )),.UNSPECIFIED.,.F.,.F.,.F.,(2,2),(12,9,12),(0.,0.1875),(0.,
    3.229876839926,6.459753679852),.UNSPECIFIED.);
#1649 = CARTESIAN_POINT('',(10.250002258984,2.054426317954E-08,
    -77.09375086057));
#1650 = CARTESIAN_POINT('',(10.25000494449,-2.927394307819,
    -77.16193369957));
#1651 = CARTESIAN_POINT('',(9.330326989348,-5.854756466639,
    -77.2301136816));
#1652 = CARTESIAN_POINT('',(7.491019478786,-8.461234745835,
    -77.29829665495));
#1653 = CARTESIAN_POINT('',(4.858032618926,-10.42541157207,
    -77.36647950692));
#1654 = CARTESIAN_POINT('',(1.683673225755,-11.48331093174,
    -77.43465865351));
#1655 = CARTESIAN_POINT('',(-1.683656302403,-11.48333513616,
    -77.50284285384));
#1656 = CARTESIAN_POINT('',(-4.858063900414,-10.42547328652,
    -77.57102360097));
#1657 = CARTESIAN_POINT('',(-7.490998951963,-8.461156863031,
    -77.63920565705));
#1658 = CARTESIAN_POINT('',(-9.330334894435,-5.854785018207,
    -77.70738741012));
#1659 = CARTESIAN_POINT('',(-11.16967039443,-3.124496145486E-08,
    -77.84375107571));
#1660 = CARTESIAN_POINT('',(-9.330335067991,5.854785010237,
    -77.9801147413));
#1661 = CARTESIAN_POINT('',(-7.49099987109,8.461156855949,
    -78.04829649438));
#1662 = CARTESIAN_POINT('',(-4.858059441346,10.425473952022,
    -78.11647855039));
#1663 = CARTESIAN_POINT('',(-1.683665645427,11.483330891145,
    -78.18465929771));
#1664 = CARTESIAN_POINT('',(1.683684150517,11.483319955611,
    -78.25284349773));
#1665 = CARTESIAN_POINT('',(4.85802594009,10.425401335254,
    -78.32102264465));
#1666 = CARTESIAN_POINT('',(7.491018436821,8.461241162135,
    -78.38920549638));
#1667 = CARTESIAN_POINT('',(9.330332471344,5.854754829722,
    -78.45738846985));
#1668 = CARTESIAN_POINT('',(10.250000700038,2.927394359178,
    -78.52556845184));
#1669 = CARTESIAN_POINT('',(10.250003388474,3.081659549764E-08,
    -78.59375129085));
#1670 = CARTESIAN_POINT('',(10.250002904408,2.054427028497E-08,
    -76.90625086057));
#1671 = CARTESIAN_POINT('',(10.250006355526,-2.927394538236,
    -76.97443369958));
#1672 = CARTESIAN_POINT('',(9.330326936405,-5.854757167997,
    -77.0426136816));
#1673 = CARTESIAN_POINT('',(7.49102021121,-8.46123450054,-77.11079665494
    ));
#1674 = CARTESIAN_POINT('',(4.858033947941,-10.4254138586,
    -77.17897950695));
#1675 = CARTESIAN_POINT('',(1.683671789388,-11.48331054759,
    -77.24715865348));
#1676 = CARTESIAN_POINT('',(-1.683655108419,-11.48333664531,
    -77.31534285386));
#1677 = CARTESIAN_POINT('',(-4.858064927274,-10.42547400853,
    -77.38352360096));
#1678 = CARTESIAN_POINT('',(-7.490999416333,-8.461157524666,
    -77.45170565705));
#1679 = CARTESIAN_POINT('',(-9.330335608225,-5.854785473498,
    -77.51988741012));
#1680 = CARTESIAN_POINT('',(-11.1696712736,-3.217698237365E-08,
    -77.65625107571));
#1681 = CARTESIAN_POINT('',(-9.330335822987,5.85478547661,-77.7926147413
    ));
#1682 = CARTESIAN_POINT('',(-7.491000585953,8.461157526283,
    -77.86079649438));
#1683 = CARTESIAN_POINT('',(-4.858059179263,10.425474871138,
    -77.92897855039));
#1684 = CARTESIAN_POINT('',(-1.683667104437,11.483331189831,
    -77.99715929772));
#1685 = CARTESIAN_POINT('',(1.683685851948,11.483322147312,
    -78.06534349771));
#1686 = CARTESIAN_POINT('',(4.858025375794,10.425400690018,
    -78.13352264467));
#1687 = CARTESIAN_POINT('',(7.491018883653,8.46124273935,-78.20170549637
    ));
#1688 = CARTESIAN_POINT('',(9.330333993071,5.854755050028,
    -78.26988846986));
#1689 = CARTESIAN_POINT('',(10.250000902563,2.927394589596,
    -78.33806845184));
#1690 = CARTESIAN_POINT('',(10.250004356611,3.081662569571E-08,
    -78.40625129086));
#1691 = ADVANCED_FACE('',(#1692),#1719,.T.);
#1692 = FACE_BOUND('',#1693,.T.);
#1693 = EDGE_LOOP('',(#1694,#1705,#1712,#1717,#1718));
#1694 = ORIENTED_EDGE('',*,*,#1695,.F.);
#1695 = EDGE_CURVE('',#1696,#1698,#1700,.T.);
#1696 = VERTEX_POINT('',#1697);
#1697 = CARTESIAN_POINT('',(-18.,0.,-93.25));
#1698 = VERTEX_POINT('',#1699);
#1699 = CARTESIAN_POINT('',(18.,0.,-93.25));
#1700 = CIRCLE('',#1701,18.);
#1701 = AXIS2_PLACEMENT_3D('',#1702,#1703,#1704);
#1702 = CARTESIAN_POINT('',(1.009721357629E-14,0.,-93.25));
#1703 = DIRECTION('',(2.324646799147E-16,0.,-1.));
#1704 = DIRECTION('',(-1.,0.,-2.324646799147E-16));
#1705 = ORIENTED_EDGE('',*,*,#1706,.F.);
#1706 = EDGE_CURVE('',#1698,#1696,#1707,.T.);
#1707 = CIRCLE('',#1708,18.);
#1708 = AXIS2_PLACEMENT_3D('',#1709,#1710,#1711);
#1709 = CARTESIAN_POINT('',(1.009721357629E-14,0.,-93.25));
#1710 = DIRECTION('',(2.324646799147E-16,0.,-1.));
#1711 = DIRECTION('',(-1.,0.,-2.324646799147E-16));
#1712 = ORIENTED_EDGE('',*,*,#1713,.F.);
#1713 = EDGE_CURVE('',#1221,#1698,#1714,.T.);
#1714 = B_SPLINE_CURVE_WITH_KNOTS('',1,(#1715,#1716),.UNSPECIFIED.,.F.,
  .F.,(2,2),(0.,2.692582403567),.PIECEWISE_BEZIER_KNOTS.);
#1715 = CARTESIAN_POINT('',(17.,6.25E-15,-90.75));
#1716 = CARTESIAN_POINT('',(18.,6.61E-15,-93.25));
#1717 = ORIENTED_EDGE('',*,*,#1227,.F.);
#1718 = ORIENTED_EDGE('',*,*,#1713,.T.);
#1719 = CONICAL_SURFACE('',#1720,17.,0.380506377112);
#1720 = AXIS2_PLACEMENT_3D('',#1721,#1722,#1723);
#1721 = CARTESIAN_POINT('',(9.511051876504E-15,0.,-90.75));
#1722 = DIRECTION('',(2.324646799147E-16,0.,-1.));
#1723 = DIRECTION('',(-1.,0.,-2.324646799147E-16));
#1724 = ADVANCED_FACE('',(#1725),#1909,.F.);
#1725 = FACE_BOUND('',#1726,.T.);
#1726 = EDGE_LOOP('',(#1727,#1811,#1812,#1903));
#1727 = ORIENTED_EDGE('',*,*,#1728,.F.);
#1728 = EDGE_CURVE('',#1244,#1729,#1731,.T.);
#1729 = VERTEX_POINT('',#1730);
#1730 = CARTESIAN_POINT('',(9.5,-4.10885873002E-08,-80.52676014694));
#1731 = B_SPLINE_CURVE_WITH_KNOTS('',8,(#1732,#1733,#1734,#1735,#1736,
    #1737,#1738,#1739,#1740,#1741,#1742,#1743,#1744,#1745,#1746,#1747,
    #1748,#1749,#1750,#1751,#1752,#1753,#1754,#1755,#1756,#1757,#1758,
    #1759,#1760,#1761,#1762,#1763,#1764,#1765,#1766,#1767,#1768,#1769,
    #1770,#1771,#1772,#1773,#1774,#1775,#1776,#1777,#1778,#1779,#1780,
    #1781,#1782,#1783,#1784,#1785,#1786,#1787,#1788,#1789,#1790,#1791,
    #1792,#1793,#1794,#1795,#1796,#1797,#1798,#1799,#1800,#1801,#1802,
    #1803,#1804,#1805,#1806,#1807,#1808,#1809,#1810),.UNSPECIFIED.,.F.,
  .F.,(9,7,7,7,7,7,7,7,7,7,7,9),(0.,4.7728921544E-02,0.120630164086,
    0.217442295871,0.318103921643,0.427619785005,0.576051826578,
    0.685278643859,0.783090159104,0.881359610969,0.957638117277,1.),
  .UNSPECIFIED.);
#1732 = CARTESIAN_POINT('',(9.5,-6.163286236927E-08,-79.02676078568));
#1733 = CARTESIAN_POINT('',(9.49999999769,-0.356068609485,
    -79.03570849476));
#1734 = CARTESIAN_POINT('',(9.484747685196,-0.712141849404,
    -79.04465635983));
#1735 = CARTESIAN_POINT('',(9.454242372318,-1.067450535026,
    -79.05360416965));
#1736 = CARTESIAN_POINT('',(9.408530713161,-1.421232147805,
    -79.06255192457));
#1737 = CARTESIAN_POINT('',(9.347704307844,-1.772730696293,
    -79.07149971692));
#1738 = CARTESIAN_POINT('',(9.271898906703,-2.121196766665,
    -79.08044762772));
#1739 = CARTESIAN_POINT('',(9.181295216988,-2.465887824482,
    -79.08939563987));
#1740 = CARTESIAN_POINT('',(8.915478496217,-3.325661765969,
    -79.11201064891));
#1741 = CARTESIAN_POINT('',(8.72082828864,-3.834783499144,
    -79.12567884952));
#1742 = CARTESIAN_POINT('',(8.49298230096,-4.330778423843,
    -79.13934669179));
#1743 = CARTESIAN_POINT('',(8.232992429402,-4.811126524393,
    -79.15301400336));
#1744 = CARTESIAN_POINT('',(7.942123627386,-5.273429849071,
    -79.1666812834));
#1745 = CARTESIAN_POINT('',(7.621844117743,-5.715409236925,
    -79.18034905163));
#1746 = CARTESIAN_POINT('',(7.273833044518,-6.134911235175,
    -79.19401718011));
#1747 = CARTESIAN_POINT('',(6.403566354158,-7.054499869875,
    -79.22583388577));
#1748 = CARTESIAN_POINT('',(5.861433510901,-7.536062049052,
    -79.24398752586));
#1749 = CARTESIAN_POINT('',(5.278119008598,-7.969775233769,
    -79.26213919101));
#1750 = CARTESIAN_POINT('',(4.658603925519,-8.351592620445,
    -79.28028850314));
#1751 = CARTESIAN_POINT('',(4.008248637635,-8.678121948229,
    -79.29843784932));
#1752 = CARTESIAN_POINT('',(3.332755655685,-8.946584476037,
    -79.31658959865));
#1753 = CARTESIAN_POINT('',(2.638185105899,-9.154868101231,
    -79.33474333015));
#1754 = CARTESIAN_POINT('',(1.195742052166,-9.454318535341,
    -79.37176449176));
#1755 = CARTESIAN_POINT('',(0.446472433596,-9.540577043051,
    -79.39064103039));
#1756 = CARTESIAN_POINT('',(-0.309495124993,-9.558876042835,
    -79.40951544242));
#1757 = CARTESIAN_POINT('',(-1.064958966863,-9.508724148227,
    -79.42838714257));
#1758 = CARTESIAN_POINT('',(-1.812799837518,-9.390508785646,
    -79.44725883473));
#1759 = CARTESIAN_POINT('',(-2.545989157654,-9.205427050748,
    -79.46613319551));
#1760 = CARTESIAN_POINT('',(-3.257612386428,-8.955551322027,
    -79.4850096118));
#1761 = CARTESIAN_POINT('',(-4.684305477844,-8.305106366594,
    -79.52441226522));
#1762 = CARTESIAN_POINT('',(-5.394671850006,-7.892988786063,
    -79.54495118512));
#1763 = CARTESIAN_POINT('',(-6.063155015265,-7.411596391712,
    -79.56548595059));
#1764 = CARTESIAN_POINT('',(-6.68197168958,-6.866037037275,
    -79.58601734929));
#1765 = CARTESIAN_POINT('',(-7.244141255217,-6.262270138314,
    -79.60654873503));
#1766 = CARTESIAN_POINT('',(-7.743516848489,-5.607111839523,
    -79.62708354795));
#1767 = CARTESIAN_POINT('',(-8.174781052587,-4.908203777163,
    -79.64762252808));
#1768 = CARTESIAN_POINT('',(-9.020337305894,-3.179576651394,
    -79.69598089244));
#1769 = CARTESIAN_POINT('',(-9.375005014176,-2.118790999354,
    -79.72384315124));
#1770 = CARTESIAN_POINT('',(-9.586137809596,-1.014259154531,
    -79.75168485407));
#1771 = CARTESIAN_POINT('',(-9.648478026475,0.111297652419,
    -79.77951394563));
#1772 = CARTESIAN_POINT('',(-9.560190687615,1.235116905362,
    -79.80734369637));
#1773 = CARTESIAN_POINT('',(-9.323635350826,2.334484583937,
    -79.8351848798));
#1774 = CARTESIAN_POINT('',(-8.94459239186,3.386806707776,-79.8630469289
    ));
#1775 = CARTESIAN_POINT('',(-8.060378079609,5.093554346372,
    -79.91135110015));
#1776 = CARTESIAN_POINT('',(-7.614476274318,5.780604768057,
    -79.93183591474));
#1777 = CARTESIAN_POINT('',(-7.101833238509,6.422607999849,
    -79.95231679558));
#1778 = CARTESIAN_POINT('',(-6.527893964573,7.012104112902,
    -79.97279443781));
#1779 = CARTESIAN_POINT('',(-5.898906331075,7.542468621046,
    -79.99327206031));
#1780 = CARTESIAN_POINT('',(-5.221924210285,8.007942806822,
    -80.01375296686));
#1781 = CARTESIAN_POINT('',(-4.504777376359,8.403628470354,
    -80.03423781224));
#1782 = CARTESIAN_POINT('',(-3.086094399725,9.014348393232,
    -80.07305195642));
#1783 = CARTESIAN_POINT('',(-2.390373934164,9.244106134515,
    -80.09139324745));
#1784 = CARTESIAN_POINT('',(-1.675414625936,9.412352678514,
    -80.10973246635));
#1785 = CARTESIAN_POINT('',(-0.947588507825,9.517294863496,
    -80.12806919201));
#1786 = CARTESIAN_POINT('',(-0.213358883952,9.557922110468,
    -80.14640591587));
#1787 = CARTESIAN_POINT('',(0.520738572159,9.533950760703,
    -80.16474510284));
#1788 = CARTESIAN_POINT('',(1.248103372065,9.445882364197,-80.1830863024
    ));
#1789 = CARTESIAN_POINT('',(2.679372118455,9.143763892323,
    -80.21984616794));
#1790 = CARTESIAN_POINT('',(3.383500142333,8.929052057612,
    -80.23827357613));
#1791 = CARTESIAN_POINT('',(4.067663684414,8.652420363823,
    -80.25669916766));
#1792 = CARTESIAN_POINT('',(4.725535766539,8.316113472711,
    -80.27512241659));
#1793 = CARTESIAN_POINT('',(5.351173932946,7.923080462575,
    -80.29354569737));
#1794 = CARTESIAN_POINT('',(5.939003078798,7.47691691635,-80.31197136163
    ));
#1795 = CARTESIAN_POINT('',(6.483856413359,6.981909394074,
    -80.33039883206));
#1796 = CARTESIAN_POINT('',(7.367024175358,6.025012674981,
    -80.36312188344));
#1797 = CARTESIAN_POINT('',(7.724381602127,5.58038408947,-80.37742322835
    ));
#1798 = CARTESIAN_POINT('',(8.050976316503,5.111630932004,
    -80.39172391312));
#1799 = CARTESIAN_POINT('',(8.344926890373,4.62125411968,-80.4060238219)
  );
#1800 = CARTESIAN_POINT('',(8.604607700374,4.111899410072,
    -80.42032372492));
#1801 = CARTESIAN_POINT('',(8.828638732051,3.586348543631,
    -80.43462441468));
#1802 = CARTESIAN_POINT('',(9.015898476945,3.047523206283,-80.4489258117
    ));
#1803 = CARTESIAN_POINT('',(9.248675611572,2.193598359972,
    -80.47116778646));
#1804 = CARTESIAN_POINT('',(9.320199844559,1.885532383314,
    -80.47910962964));
#1805 = CARTESIAN_POINT('',(9.379991663738,1.574821768676,
    -80.48705147154));
#1806 = CARTESIAN_POINT('',(9.427938224419,1.261988430995,
    -80.49499328716));
#1807 = CARTESIAN_POINT('',(9.463954813818,0.94755818611,-80.50293508514
    ));
#1808 = CARTESIAN_POINT('',(9.487984869863,0.632060623136,
    -80.51087686877));
#1809 = CARTESIAN_POINT('',(9.5,0.316028976837,-80.51881859689));
#1810 = CARTESIAN_POINT('',(9.5,0.,-80.52676014488));
#1811 = ORIENTED_EDGE('',*,*,#1419,.T.);
#1812 = ORIENTED_EDGE('',*,*,#1813,.T.);
#1813 = EDGE_CURVE('',#1329,#1814,#1816,.T.);
#1814 = VERTEX_POINT('',#1815);
#1815 = CARTESIAN_POINT('',(9.5,-5.136162095939E-08,-80.97322665162));
#1816 = B_SPLINE_CURVE_WITH_KNOTS('',8,(#1817,#1818,#1819,#1820,#1821,
    #1822,#1823,#1824,#1825,#1826,#1827,#1828,#1829,#1830,#1831,#1832,
    #1833,#1834,#1835,#1836,#1837,#1838,#1839,#1840,#1841,#1842,#1843,
    #1844,#1845,#1846,#1847,#1848,#1849,#1850,#1851,#1852,#1853,#1854,
    #1855,#1856,#1857,#1858,#1859,#1860,#1861,#1862,#1863,#1864,#1865,
    #1866,#1867,#1868,#1869,#1870,#1871,#1872,#1873,#1874,#1875,#1876,
    #1877,#1878,#1879,#1880,#1881,#1882,#1883,#1884,#1885,#1886,#1887,
    #1888,#1889,#1890,#1891,#1892,#1893,#1894,#1895,#1896,#1897,#1898,
    #1899,#1900,#1901,#1902),.UNSPECIFIED.,.F.,.F.,(9,7,7,7,7,7,7,7,7,7,
    7,7,9),(0.,2.051828687844E-02,5.256687889649E-02,0.122565239975,
    0.214731000971,0.319583495495,0.431797227694,0.576470486234,
    0.685030393041,0.782644273275,0.882493292048,0.970008573963,1.),
  .UNSPECIFIED.);
#1817 = CARTESIAN_POINT('',(9.5,-8.217827307533E-08,-79.47322878093));
#1818 = CARTESIAN_POINT('',(9.499999998676,-0.153071678085,
    -79.47707514407));
#1819 = CARTESIAN_POINT('',(9.497181240131,-0.306143322459,
    -79.48092156638));
#1820 = CARTESIAN_POINT('',(9.491543725609,-0.459154372209,
    -79.48476804097));
#1821 = CARTESIAN_POINT('',(9.48308901593,-0.612044274013,
    -79.48861456089));
#1822 = CARTESIAN_POINT('',(9.471820231485,-0.764752564318,
    -79.49246111916));
#1823 = CARTESIAN_POINT('',(9.457742052243,-0.917218869338,
    -79.49630770875));
#1824 = CARTESIAN_POINT('',(9.440860717744,-1.069382905059,
    -79.50015432258));
#1825 = CARTESIAN_POINT('',(9.390449968539,-1.458291341135,
    -79.51000920885));
#1826 = CARTESIAN_POINT('',(9.352895927019,-1.694514955243,
    -79.51601751824));
#1827 = CARTESIAN_POINT('',(9.30855174159,-1.929625440952,
    -79.52202585788));
#1828 = CARTESIAN_POINT('',(9.257456307476,-2.163395043154,
    -79.52803420831));
#1829 = CARTESIAN_POINT('',(9.199657576074,-2.395598130235,
    -79.53404255439));
#1830 = CARTESIAN_POINT('',(9.135212554959,-2.626011194082,
    -79.54005088535));
#1831 = CARTESIAN_POINT('',(9.064187307881,-2.854412850077,
    -79.54605919476));
#1832 = CARTESIAN_POINT('',(8.817320415767,-3.574571167533,
    -79.56519037085));
#1833 = CARTESIAN_POINT('',(8.616939868046,-4.057952124657,
    -79.57831400597));
#1834 = CARTESIAN_POINT('',(8.386304349531,-4.528403100617,
    -79.59143717071));
#1835 = CARTESIAN_POINT('',(8.126403015025,-4.983719358647,
    -79.60455982384));
#1836 = CARTESIAN_POINT('',(7.838403969674,-5.421803986323,
    -79.61768249069));
#1837 = CARTESIAN_POINT('',(7.523646639931,-5.840665146012,
    -79.63080567786));
#1838 = CARTESIAN_POINT('',(7.183647682017,-6.23842162251,
    -79.64392930998));
#1839 = CARTESIAN_POINT('',(6.341469706534,-7.106935184305,
    -79.67433088004));
#1840 = CARTESIAN_POINT('',(5.821897152503,-7.561055268417,
    -79.6916129324));
#1841 = CARTESIAN_POINT('',(5.26533547552,-7.971570224161,
    -79.70889368504));
#1842 = CARTESIAN_POINT('',(4.676097249257,-8.335012933552,
    -79.72617271288));
#1843 = CARTESIAN_POINT('',(4.058807629177,-8.648454789986,
    -79.7434517224));
#1844 = CARTESIAN_POINT('',(3.418376612755,-8.909474991521,
    -79.76073243466));
#1845 = CARTESIAN_POINT('',(2.760010842047,-9.116200194113,
    -79.77801445521));
#1846 = CARTESIAN_POINT('',(1.326190034918,-9.439443699291,
    -79.81495023831));
#1847 = CARTESIAN_POINT('',(0.546685649738,-9.539719205063,
    -79.83461340327));
#1848 = CARTESIAN_POINT('',(-0.241016649182,-9.566307321784,
    -79.85427323458));
#1849 = CARTESIAN_POINT('',(-1.028771701471,-9.51856693379,
    -79.87393021646));
#1850 = CARTESIAN_POINT('',(-1.808535541968,-9.396889055757,
    -79.89358723312));
#1851 = CARTESIAN_POINT('',(-2.572366428044,-9.202610424653,
    -79.91324714447));
#1852 = CARTESIAN_POINT('',(-3.312444300446,-8.938097681253,
    -79.93291037873));
#1853 = CARTESIAN_POINT('',(-4.779591967999,-8.252654625496,
    -79.97360467807));
#1854 = CARTESIAN_POINT('',(-5.502672088784,-7.821780781589,
    -79.99465068731));
#1855 = CARTESIAN_POINT('',(-6.180871694575,-7.318685317523,
    -80.01569216532));
#1856 = CARTESIAN_POINT('',(-6.805891340894,-6.748981566118,
    -80.0367299484));
#1857 = CARTESIAN_POINT('',(-7.370326846229,-6.119200216817,
    -80.05776767831));
#1858 = CARTESIAN_POINT('',(-7.867709949834,-5.436800206425,
    -80.07880905574));
#1859 = CARTESIAN_POINT('',(-8.292497190245,-4.710127146346,
    -80.09985500141));
#1860 = CARTESIAN_POINT('',(-9.089076482348,-2.967081738787,
    -80.14801462613));
#1861 = CARTESIAN_POINT('',(-9.410746903903,-1.926067092417,
    -80.17516791471));
#1862 = CARTESIAN_POINT('',(-9.595326624646,-0.846548949391,
    -80.20230299063));
#1863 = CARTESIAN_POINT('',(-9.638333899932,0.250360499599,
    -80.22942765224));
#1864 = CARTESIAN_POINT('',(-9.538437501979,1.34355796014,
    -80.25655193185));
#1865 = CARTESIAN_POINT('',(-9.298062492909,2.4120376543,-80.28368748151
    ));
#1866 = CARTESIAN_POINT('',(-8.922780579865,3.434948638509,
    -80.31084094136));
#1867 = CARTESIAN_POINT('',(-8.049385551034,5.110117836144,
    -80.35831557386));
#1868 = CARTESIAN_POINT('',(-7.604860942671,5.792036860986,
    -80.37867507157));
#1869 = CARTESIAN_POINT('',(-7.094498452902,6.429338192296,
    -80.39903059659));
#1870 = CARTESIAN_POINT('',(-6.523654255603,7.01470608725,
    -80.41938283489));
#1871 = CARTESIAN_POINT('',(-5.898468574864,7.541642119409,
    -80.43973509048));
#1872 = CARTESIAN_POINT('',(-5.225867743648,8.0044930364,-80.46009058333
    ));
#1873 = CARTESIAN_POINT('',(-4.513535713413,8.398446705786,
    -80.48045005709));
#1874 = CARTESIAN_POINT('',(-3.101738238448,9.00885839881,
    -80.51910228831));
#1875 = CARTESIAN_POINT('',(-2.407838075469,9.239371415205,
    -80.53740671106));
#1876 = CARTESIAN_POINT('',(-1.694666950046,9.408657411813,
    -80.55570937913));
#1877 = CARTESIAN_POINT('',(-0.968554886563,9.514922162617,
    -80.57400975429));
#1878 = CARTESIAN_POINT('',(-0.235924076032,9.557147601617,
    -80.59231013055));
#1879 = CARTESIAN_POINT('',(0.496729930958,9.535036851232,
    -80.61061283503));
#1880 = CARTESIAN_POINT('',(1.222845498573,9.449071846329,
    -80.62891736902));
#1881 = CARTESIAN_POINT('',(2.665060638148,9.148897502965,
    -80.66593664085));
#1882 = CARTESIAN_POINT('',(3.380919319581,8.931719807307,
    -80.68466044323));
#1883 = CARTESIAN_POINT('',(4.076233365435,8.650577447191,
    -80.70338195055));
#1884 = CARTESIAN_POINT('',(4.744363140036,8.307823007596,
    -80.72210066597));
#1885 = CARTESIAN_POINT('',(5.379079681435,7.90655873952,-80.74081933991
    ));
#1886 = CARTESIAN_POINT('',(5.974545783238,7.450572952016,
    -80.75954074884));
#1887 = CARTESIAN_POINT('',(6.52536117505,6.944388734989,-80.77826445447
    ));
#1888 = CARTESIAN_POINT('',(7.466058601185,5.91051845969,-80.81339037797
    ));
#1889 = CARTESIAN_POINT('',(7.867584704039,5.393026147273,
    -80.82979984784));
#1890 = CARTESIAN_POINT('',(8.227965989018,4.844518422764,-80.8462083608
    ));
#1891 = CARTESIAN_POINT('',(8.544445883462,4.268844105292,
    -80.86261559197));
#1892 = CARTESIAN_POINT('',(8.814718539454,3.670084502875,
    -80.87902283406));
#1893 = CARTESIAN_POINT('',(9.036905182401,3.05253416477,-80.89543135632
    ));
#1894 = CARTESIAN_POINT('',(9.209583631865,2.420708369102,
    -80.91184077207));
#1895 = CARTESIAN_POINT('',(9.373778788568,1.559593651689,
    -80.93386995993));
#1896 = CARTESIAN_POINT('',(9.409770843217,1.338681451205,
    -80.93949247462));
#1897 = CARTESIAN_POINT('',(9.439811629436,1.11682723379,-80.94511495843
    ));
#1898 = CARTESIAN_POINT('',(9.463872717857,0.894218159982,-80.9507374073
    ));
#1899 = CARTESIAN_POINT('',(9.481932778937,0.671042061417,
    -80.95635981365));
#1900 = CARTESIAN_POINT('',(9.493977582952,0.447487440828,
    -80.96198216638));
#1901 = CARTESIAN_POINT('',(9.5,0.223743472046,-80.96760445089));
#1902 = CARTESIAN_POINT('',(9.5,-1.7763568394E-15,-80.97322664904));
#1903 = ORIENTED_EDGE('',*,*,#1904,.F.);
#1904 = EDGE_CURVE('',#1729,#1814,#1905,.T.);
#1905 = LINE('',#1906,#1907);
#1906 = CARTESIAN_POINT('',(9.5,0.,-74.75));
#1907 = VECTOR('',#1908,1.);
#1908 = DIRECTION('',(5.141040633873E-17,0.,-1.));
#1909 = CYLINDRICAL_SURFACE('',#1910,9.5);
#1910 = AXIS2_PLACEMENT_3D('',#1911,#1912,#1913);
#1911 = CARTESIAN_POINT('',(3.061616997868E-15,0.,-74.75));
#1912 = DIRECTION('',(1.224646799147E-16,0.,-1.));
#1913 = DIRECTION('',(1.,0.,1.224646799147E-16));
#1914 = ADVANCED_FACE('',(#1915),#1950,.F.);
#1915 = FACE_BOUND('',#1916,.F.);
#1916 = EDGE_LOOP('',(#1917,#1943,#1944,#1945));
#1917 = ORIENTED_EDGE('',*,*,#1918,.F.);
#1918 = EDGE_CURVE('',#1434,#1919,#1921,.T.);
#1919 = VERTEX_POINT('',#1920);
#1920 = CARTESIAN_POINT('',(10.250005808813,4.108869256721E-08,
    -79.90625172115));
#1921 = B_SPLINE_CURVE_WITH_KNOTS('',11,(#1922,#1923,#1924,#1925,#1926,
    #1927,#1928,#1929,#1930,#1931,#1932,#1933,#1934,#1935,#1936,#1937,
    #1938,#1939,#1940,#1941,#1942),.UNSPECIFIED.,.F.,.F.,(12,9,12),(0.,
    3.229876839926,6.459753679852),.UNSPECIFIED.);
#1922 = CARTESIAN_POINT('',(10.250004356611,3.081654220694E-08,
    -78.40625129086));
#1923 = CARTESIAN_POINT('',(10.250007810663,-2.927394942714,
    -78.47443412987));
#1924 = CARTESIAN_POINT('',(9.330328264179,-5.854757988142,
    -78.54261411189));
#1925 = CARTESIAN_POINT('',(7.491021281017,-8.461235691762,
    -78.61079708523));
#1926 = CARTESIAN_POINT('',(4.858034646637,-10.42541533089,
    -78.67897993725));
#1927 = CARTESIAN_POINT('',(1.683672039451,-11.48331217271,
    -78.74715908377));
#1928 = CARTESIAN_POINT('',(-1.683655335433,-11.48333827404,
    -78.81534328415));
#1929 = CARTESIAN_POINT('',(-4.858065605127,-10.42547549042,
    -78.88352403125));
#1930 = CARTESIAN_POINT('',(-7.491000469161,-8.461158730942,
    -78.95170608734));
#1931 = CARTESIAN_POINT('',(-9.330336924264,-5.854786312346,
    -79.01988784041));
#1932 = CARTESIAN_POINT('',(-11.1696728561,-4.337072795382E-08,
    -79.156251506));
#1933 = CARTESIAN_POINT('',(-9.330337150761,5.854786296756,
    -79.29261517159));
#1934 = CARTESIAN_POINT('',(-7.491001655736,8.461158717548,
    -79.36079692467));
#1935 = CARTESIAN_POINT('',(-4.858059878027,10.425476343273,
    -79.42897898068));
#1936 = CARTESIAN_POINT('',(-1.683667354437,11.483332815219,
    -79.49715972801));
#1937 = CARTESIAN_POINT('',(1.683686078961,11.483323775759,
    -79.56534392801));
#1938 = CARTESIAN_POINT('',(4.858026053617,10.425402172081,
    -79.63352307495));
#1939 = CARTESIAN_POINT('',(7.491019936494,8.461243945572,
    -79.70170592666));
#1940 = CARTESIAN_POINT('',(9.330335309107,5.854755888877,
    -79.76988890015));
#1941 = CARTESIAN_POINT('',(10.250002351835,2.927395014618,
    -79.83806888213));
#1942 = CARTESIAN_POINT('',(10.250005808813,4.108879281262E-08,
    -79.90625172115));
#1943 = ORIENTED_EDGE('',*,*,#1461,.T.);
#1944 = ORIENTED_EDGE('',*,*,#1328,.T.);
#1945 = ORIENTED_EDGE('',*,*,#1946,.F.);
#1946 = EDGE_CURVE('',#1919,#1329,#1947,.T.);
#1947 = B_SPLINE_CURVE_WITH_KNOTS('',1,(#1948,#1949),.UNSPECIFIED.,.F.,
  .F.,(2,2),(0.,0.9375),.PIECEWISE_BEZIER_KNOTS.);
#1948 = CARTESIAN_POINT('',(10.250005808813,4.108879625356E-08,
    -79.90625172115));
#1949 = CARTESIAN_POINT('',(9.438110219906,-9.235004364044E-08,
    -79.43749613162));
#1950 = B_SPLINE_SURFACE_WITH_KNOTS('',1,9,(
    (#1951,#1952,#1953,#1954,#1955,#1956,#1957,#1958,#1959,#1960,#1961
      ,#1962,#1963,#1964,#1965,#1966,#1967,#1968,#1969,#1970,#1971,#1972
      ,#1973,#1974,#1975,#1976,#1977,#1978,#1979,#1980,#1981)
    ,(#1982,#1983,#1984,#1985,#1986,#1987,#1988,#1989,#1990,#1991,#1992
      ,#1993,#1994,#1995,#1996,#1997,#1998,#1999,#2000,#2001,#2002,#2003
      ,#2004,#2005,#2006,#2007,#2008,#2009,#2010,#2011,#2012
  )),.UNSPECIFIED.,.F.,.F.,.F.,(2,2),(10,7,7,7,10),(0.,0.9375),(0.,
    1.614938419963,3.229876839926,4.844815259889,6.459753679852),
  .UNSPECIFIED.);
#1951 = CARTESIAN_POINT('',(10.250004356611,3.081654309511E-08,
    -78.40625129086));
#1952 = CARTESIAN_POINT('',(10.250006467421,-1.788963564119,
    -78.44791858137));
#1953 = CARTESIAN_POINT('',(9.898740765525,-3.577914964293,
    -78.48958478066));
#1954 = CARTESIAN_POINT('',(9.196220235783,-5.288072921816,
    -78.53125131797));
#1955 = CARTESIAN_POINT('',(8.163069545012,-6.840566647631,
    -78.57291818793));
#1956 = CARTESIAN_POINT('',(6.840560753156,-8.163070889633,
    -78.61458484977));
#1957 = CARTESIAN_POINT('',(5.288066411154,-9.196217026676,
    -78.65625152886));
#1958 = CARTESIAN_POINT('',(3.577926501413,-9.898740689759,
    -78.69791817852));
#1959 = CARTESIAN_POINT('',(4.538676440292E-07,-10.60126622777,
    -78.7812514974));
#1960 = CARTESIAN_POINT('',(-3.577926380398,-9.898744806478,
    -78.86458484244));
#1961 = CARTESIAN_POINT('',(-5.288066994702,-9.196221193885,
    -78.90625152152));
#1962 = CARTESIAN_POINT('',(-6.840562241863,-8.163069804329,
    -78.94791819333));
#1963 = CARTESIAN_POINT('',(-8.163068807063,-6.840560552359,
    -78.98958483348));
#1964 = CARTESIAN_POINT('',(-9.196218628479,-5.2880649658,
    -79.03125148693));
#1965 = CARTESIAN_POINT('',(-9.898742828911,-3.57792498268,
    -79.07291815481));
#1966 = CARTESIAN_POINT('',(-10.60126699549,-3.237746780671E-08,
    -79.156251506));
#1967 = CARTESIAN_POINT('',(-9.898742967326,3.577924945104,
    -79.23958485719));
#1968 = CARTESIAN_POINT('',(-9.196220156386,5.288063528801,
    -79.28125152646));
#1969 = CARTESIAN_POINT('',(-8.163065344692,6.840564222917,
    -79.32291817495));
#1970 = CARTESIAN_POINT('',(-6.840565711028,8.163065977527,
    -79.36458482224));
#1971 = CARTESIAN_POINT('',(-5.288065678763,9.196222474067,
    -79.40625148909));
#1972 = CARTESIAN_POINT('',(-3.57792644836,9.898744761727,
    -79.44791816956));
#1973 = CARTESIAN_POINT('',(3.829597388071E-07,10.601266285381,
    -79.53125151461));
#1974 = CARTESIAN_POINT('',(3.57792643345,9.898740675006,-79.61458483349
    ));
#1975 = CARTESIAN_POINT('',(5.288066271651,9.196216969045,
    -79.65625148314));
#1976 = CARTESIAN_POINT('',(6.840560856317,8.163070644929,
    -79.69791816222));
#1977 = CARTESIAN_POINT('',(8.163068864915,6.840567029508,-79.7395848241
    ));
#1978 = CARTESIAN_POINT('',(9.196221599173,5.288073908441,
    -79.78125169401));
#1979 = CARTESIAN_POINT('',(9.898741186282,3.57791420693,-79.82291823136
    ));
#1980 = CARTESIAN_POINT('',(10.250003696215,1.788963636024,
    -79.86458443063));
#1981 = CARTESIAN_POINT('',(10.250005808813,4.108879625356E-08,
    -79.90625172115));
#1982 = CARTESIAN_POINT('',(9.438107960915,-6.926251483463E-08,
    -77.93749709871));
#1983 = CARTESIAN_POINT('',(9.438111223954,-1.647260352506,
    -77.97916236327));
#1984 = CARTESIAN_POINT('',(9.114668137811,-3.294509475527,
    -78.02083008039));
#1985 = CARTESIAN_POINT('',(8.467793328006,-4.869213611642,
    -78.06249703772));
#1986 = CARTESIAN_POINT('',(7.516475500906,-6.298727331775,
    -78.10416324757));
#1987 = CARTESIAN_POINT('',(6.298727409124,-7.516479376126,
    -78.14582992502));
#1988 = CARTESIAN_POINT('',(4.869202764678,-8.467790597973,
    -78.18749656378));
#1989 = CARTESIAN_POINT('',(3.294521419816,-9.114668094012,
    -78.22916326869));
#1990 = CARTESIAN_POINT('',(-5.163935169573E-07,-9.761547037142,
    -78.3124966345));
#1991 = CARTESIAN_POINT('',(-3.294521688943,-9.114671798821,
    -78.39582994151));
#1992 = CARTESIAN_POINT('',(-4.869202557566,-8.467794692271,
    -78.43749658027));
#1993 = CARTESIAN_POINT('',(-6.29872522233,-7.516479178488,
    -78.4791632354));
#1994 = CARTESIAN_POINT('',(-7.516477794832,-6.298724648357,
    -78.52082996164));
#1995 = CARTESIAN_POINT('',(-8.467792397186,-4.86920062692,
    -78.56249665802));
#1996 = CARTESIAN_POINT('',(-9.11467009638,-3.294519627433,
    -78.60416332197));
#1997 = CARTESIAN_POINT('',(-9.761547752707,9.105359647354E-08,
    -78.68749661516));
#1998 = CARTESIAN_POINT('',(-9.114670216235,3.294519833074,
    -78.77082990835));
#1999 = CARTESIAN_POINT('',(-8.467793863447,4.869199514901,
    -78.81249656918));
#2000 = CARTESIAN_POINT('',(-7.516474204874,6.298728318287,
    -78.85416327669));
#2001 = CARTESIAN_POINT('',(-6.298728422567,7.516475665803,
    -78.89582998691));
#2002 = CARTESIAN_POINT('',(-4.869201034598,8.467795946785,
    -78.93749665317));
#2003 = CARTESIAN_POINT('',(-3.294521530569,9.114671824665,
    -78.97916328882));
#2004 = CARTESIAN_POINT('',(-3.438578607996E-07,9.761547126748,
    -79.06249659582));
#2005 = CARTESIAN_POINT('',(3.29452157819,9.114667975604,-79.14582996164
    ));
#2006 = CARTESIAN_POINT('',(4.869202793022,8.467790367241,
    -79.18749666655));
#2007 = CARTESIAN_POINT('',(6.298727787386,7.516478812972,
    -79.22916330528));
#2008 = CARTESIAN_POINT('',(7.516474625475,6.298727708018,
    -79.27082998279));
#2009 = CARTESIAN_POINT('',(8.467795589928,4.869214901049,
    -79.31249619257));
#2010 = CARTESIAN_POINT('',(9.114668887783,3.294508033307,
    -79.35416314995));
#2011 = CARTESIAN_POINT('',(9.438106960899,1.647260190893,
    -79.39583086705));
#2012 = CARTESIAN_POINT('',(9.438110219906,-9.235004364044E-08,
    -79.43749613162));
#2013 = ADVANCED_FACE('',(#2014),#2059,.F.);
#2014 = FACE_BOUND('',#2015,.F.);
#2015 = EDGE_LOOP('',(#2016,#2017,#2018,#2054));
#2016 = ORIENTED_EDGE('',*,*,#1728,.F.);
#2017 = ORIENTED_EDGE('',*,*,#1570,.T.);
#2018 = ORIENTED_EDGE('',*,*,#2019,.T.);
#2019 = EDGE_CURVE('',#1535,#2020,#2022,.T.);
#2020 = VERTEX_POINT('',#2021);
#2021 = CARTESIAN_POINT('',(10.250004517964,4.108865709384E-08,
    -80.09375172114));
#2022 = B_SPLINE_CURVE_WITH_KNOTS('',9,(#2023,#2024,#2025,#2026,#2027,
    #2028,#2029,#2030,#2031,#2032,#2033,#2034,#2035,#2036,#2037,#2038,
    #2039,#2040,#2041,#2042,#2043,#2044,#2045,#2046,#2047,#2048,#2049,
    #2050,#2051,#2052,#2053),.UNSPECIFIED.,.F.,.F.,(10,7,7,7,10),(0.,
    1.614938419963,3.229876839926,4.844815259889,6.459753679852),
  .UNSPECIFIED.);
#2023 = CARTESIAN_POINT('',(10.250003388474,3.081650845616E-08,
    -78.59375129085));
#2024 = CARTESIAN_POINT('',(10.25000503141,-1.788963366984,
    -78.63541858136));
#2025 = CARTESIAN_POINT('',(9.898739724279,-3.577914478158,
    -78.67708478065));
#2026 = CARTESIAN_POINT('',(9.196219378021,-5.288072441566,
    -78.71875131797));
#2027 = CARTESIAN_POINT('',(8.163068575249,-6.840565929902,
    -78.76041818793));
#2028 = CARTESIAN_POINT('',(6.840560017194,-8.163069957588,
    -78.80208484976));
#2029 = CARTESIAN_POINT('',(5.288065820107,-9.196216002778,
    -78.84375152886));
#2030 = CARTESIAN_POINT('',(3.57792610731,-9.898739594546,
    -78.88541817851));
#2031 = CARTESIAN_POINT('',(4.542510176099E-07,-10.60126506597,
    -78.96875149739));
#2032 = CARTESIAN_POINT('',(-3.577925985967,-9.898743713509,
    -79.05208484244));
#2033 = CARTESIAN_POINT('',(-5.288065049683,-9.196221605332,
    -79.09375152291));
#2034 = CARTESIAN_POINT('',(-6.840564975821,-8.163065197483,
    -79.13541818976));
#2035 = CARTESIAN_POINT('',(-8.163064408849,-6.840563500225,
    -79.17708483705));
#2036 = CARTESIAN_POINT('',(-9.196218989673,-5.288062952132,
    -79.21875148554));
#2037 = CARTESIAN_POINT('',(-9.898741750716,-3.577924591953,
    -79.2604181548));
#2038 = CARTESIAN_POINT('',(-10.60126582729,-3.344575117984E-08,
    -79.343751506));
#2039 = CARTESIAN_POINT('',(-9.89874186395,3.577924547296,
    -79.42708485719));
#2040 = CARTESIAN_POINT('',(-9.196219128483,5.288062938777,
    -79.46875152645));
#2041 = CARTESIAN_POINT('',(-8.163064446627,6.840563465856,
    -79.51041817495));
#2042 = CARTESIAN_POINT('',(-6.840564966717,8.163065086941,
    -79.55208482224));
#2043 = CARTESIAN_POINT('',(-5.288065098316,9.196221474138,
    -79.59375148909));
#2044 = CARTESIAN_POINT('',(-3.577926054258,9.898743673124,
    -79.63541816955));
#2045 = CARTESIAN_POINT('',(3.825738964954E-07,10.601265110781,
    -79.7187515146));
#2046 = CARTESIAN_POINT('',(3.577926039019,9.898739588648,
    -79.80208483348));
#2047 = CARTESIAN_POINT('',(5.288065697269,9.196215966199,
    -79.84375148314));
#2048 = CARTESIAN_POINT('',(6.840560084705,8.163069777925,
    -79.88541816222));
#2049 = CARTESIAN_POINT('',(8.163068035621,6.840566239644,
    -79.92708482409));
#2050 = CARTESIAN_POINT('',(9.196220430192,5.288073223276,
    -79.96875169401));
#2051 = CARTESIAN_POINT('',(9.898740045957,3.577913904529,
    -80.01041823135));
#2052 = CARTESIAN_POINT('',(10.25000287324,1.788963438889,
    -80.05208443063));
#2053 = CARTESIAN_POINT('',(10.250004517964,4.108875983825E-08,
    -80.09375172114));
#2054 = ORIENTED_EDGE('',*,*,#2055,.F.);
#2055 = EDGE_CURVE('',#1729,#2020,#2056,.T.);
#2056 = B_SPLINE_CURVE_WITH_KNOTS('',1,(#2057,#2058),.UNSPECIFIED.,.F.,
  .F.,(2,2),(0.,0.9375),.PIECEWISE_BEZIER_KNOTS.);
#2057 = CARTESIAN_POINT('',(9.438102474814,-9.235025502689E-08,
    -80.56249613159));
#2058 = CARTESIAN_POINT('',(10.250004517964,4.108875983825E-08,
    -80.09375172114));
#2059 = B_SPLINE_SURFACE_WITH_KNOTS('',1,9,(
    (#2060,#2061,#2062,#2063,#2064,#2065,#2066,#2067,#2068,#2069,#2070
      ,#2071,#2072,#2073,#2074,#2075,#2076,#2077,#2078,#2079,#2080,#2081
      ,#2082,#2083,#2084,#2085,#2086,#2087,#2088,#2089,#2090)
    ,(#2091,#2092,#2093,#2094,#2095,#2096,#2097,#2098,#2099,#2100,#2101
      ,#2102,#2103,#2104,#2105,#2106,#2107,#2108,#2109,#2110,#2111,#2112
      ,#2113,#2114,#2115,#2116,#2117,#2118,#2119,#2120,#2121
  )),.UNSPECIFIED.,.F.,.F.,.F.,(2,2),(10,7,7,7,10),(0.,0.9375),(0.,
    1.614938419963,3.229876839926,4.844815259889,6.459753679852),
  .UNSPECIFIED.);
#2060 = CARTESIAN_POINT('',(9.438102152096,-6.926271822749E-08,
    -79.06249709869));
#2061 = CARTESIAN_POINT('',(9.438102607889,-1.647259169698,
    -79.10416236324));
#2062 = CARTESIAN_POINT('',(9.114661890337,-3.294506558713,
    -79.14583008037));
#2063 = CARTESIAN_POINT('',(8.467788181437,-4.869210730138,
    -79.18749703772));
#2064 = CARTESIAN_POINT('',(7.516469682326,-6.298723025407,
    -79.22916324753));
#2065 = CARTESIAN_POINT('',(6.298722993354,-7.516473783851,
    -79.27082992501));
#2066 = CARTESIAN_POINT('',(4.869199218398,-8.46778445459,
    -79.31249656376));
#2067 = CARTESIAN_POINT('',(3.294519055199,-9.11466152273,
    -79.35416326867));
#2068 = CARTESIAN_POINT('',(-5.14093121169E-07,-9.761540066345,
    -79.43749663448));
#2069 = CARTESIAN_POINT('',(-3.294519322356,-9.114665241004,
    -79.52082994149));
#2070 = CARTESIAN_POINT('',(-4.86919770145,-8.467789890718,
    -79.56249657714));
#2071 = CARTESIAN_POINT('',(-6.29872410437,-7.5164702323,-79.60416324339
    ));
#2072 = CARTESIAN_POINT('',(-7.516468927253,-6.298723640667,
    -79.64582995361));
#2073 = CARTESIAN_POINT('',(-8.467787750351,-4.869195815146,
    -79.68749666112));
#2074 = CARTESIAN_POINT('',(-9.114663627209,-3.294517283071,
    -79.72916332195));
#2075 = CARTESIAN_POINT('',(-9.761540743507,8.464392842601E-08,
    -79.81249661514));
#2076 = CARTESIAN_POINT('',(-9.114663595977,3.294517446227,
    -79.89582990833));
#2077 = CARTESIAN_POINT('',(-8.467787696034,4.86919597476,
    -79.93749656916));
#2078 = CARTESIAN_POINT('',(-7.516468816481,6.298723775918,
    -79.97916327667));
#2079 = CARTESIAN_POINT('',(-6.298723956698,7.516470322282,
    -80.02082998689));
#2080 = CARTESIAN_POINT('',(-4.869197551916,8.467789947211,
    -80.06249665315));
#2081 = CARTESIAN_POINT('',(-3.294519165953,9.11466529305,-80.1041632888
    ));
#2082 = CARTESIAN_POINT('',(-3.461725417326E-07,9.761540079146,
    -80.1874965958));
#2083 = CARTESIAN_POINT('',(3.294519211602,9.11466145746,-80.27082996162
    ));
#2084 = CARTESIAN_POINT('',(4.869199346731,8.467784350162,
    -80.31249666652));
#2085 = CARTESIAN_POINT('',(6.298723157712,7.516473610949,
    -80.35416330527));
#2086 = CARTESIAN_POINT('',(7.516469649713,6.298722968838,
    -80.39582998276));
#2087 = CARTESIAN_POINT('',(8.467788576037,4.869210790056,
    -80.43749619256));
#2088 = CARTESIAN_POINT('',(9.114662045832,3.294506218901,
    -80.47916314992));
#2089 = CARTESIAN_POINT('',(9.438102023049,1.647259008085,
    -80.52083086704));
#2090 = CARTESIAN_POINT('',(9.438102474814,-9.235025502689E-08,
    -80.56249613159));
#2091 = CARTESIAN_POINT('',(10.250003388474,3.081650845616E-08,
    -78.59375129085));
#2092 = CARTESIAN_POINT('',(10.25000503141,-1.788963366984,
    -78.63541858136));
#2093 = CARTESIAN_POINT('',(9.898739724279,-3.577914478158,
    -78.67708478065));
#2094 = CARTESIAN_POINT('',(9.196219378021,-5.288072441566,
    -78.71875131797));
#2095 = CARTESIAN_POINT('',(8.163068575249,-6.840565929902,
    -78.76041818793));
#2096 = CARTESIAN_POINT('',(6.840560017194,-8.163069957588,
    -78.80208484976));
#2097 = CARTESIAN_POINT('',(5.288065820107,-9.196216002778,
    -78.84375152886));
#2098 = CARTESIAN_POINT('',(3.57792610731,-9.898739594546,
    -78.88541817851));
#2099 = CARTESIAN_POINT('',(4.542510176099E-07,-10.60126506597,
    -78.96875149739));
#2100 = CARTESIAN_POINT('',(-3.577925985967,-9.898743713509,
    -79.05208484244));
#2101 = CARTESIAN_POINT('',(-5.288065049683,-9.196221605332,
    -79.09375152291));
#2102 = CARTESIAN_POINT('',(-6.840564975821,-8.163065197483,
    -79.13541818976));
#2103 = CARTESIAN_POINT('',(-8.163064408849,-6.840563500225,
    -79.17708483705));
#2104 = CARTESIAN_POINT('',(-9.196218989673,-5.288062952132,
    -79.21875148554));
#2105 = CARTESIAN_POINT('',(-9.898741750716,-3.577924591953,
    -79.2604181548));
#2106 = CARTESIAN_POINT('',(-10.60126582729,-3.344575117984E-08,
    -79.343751506));
#2107 = CARTESIAN_POINT('',(-9.89874186395,3.577924547296,
    -79.42708485719));
#2108 = CARTESIAN_POINT('',(-9.196219128483,5.288062938777,
    -79.46875152645));
#2109 = CARTESIAN_POINT('',(-8.163064446627,6.840563465856,
    -79.51041817495));
#2110 = CARTESIAN_POINT('',(-6.840564966717,8.163065086941,
    -79.55208482224));
#2111 = CARTESIAN_POINT('',(-5.288065098316,9.196221474138,
    -79.59375148909));
#2112 = CARTESIAN_POINT('',(-3.577926054258,9.898743673124,
    -79.63541816955));
#2113 = CARTESIAN_POINT('',(3.825738964954E-07,10.601265110781,
    -79.7187515146));
#2114 = CARTESIAN_POINT('',(3.577926039019,9.898739588648,
    -79.80208483348));
#2115 = CARTESIAN_POINT('',(5.288065697269,9.196215966199,
    -79.84375148314));
#2116 = CARTESIAN_POINT('',(6.840560084705,8.163069777925,
    -79.88541816222));
#2117 = CARTESIAN_POINT('',(8.163068035621,6.840566239644,
    -79.92708482409));
#2118 = CARTESIAN_POINT('',(9.196220430192,5.288073223276,
    -79.96875169401));
#2119 = CARTESIAN_POINT('',(9.898740045957,3.577913904529,
    -80.01041823135));
#2120 = CARTESIAN_POINT('',(10.25000287324,1.788963438889,
    -80.05208443063));
#2121 = CARTESIAN_POINT('',(10.250004517964,4.108875983825E-08,
    -80.09375172114));
#2122 = ADVANCED_FACE('',(#2123),#2133,.F.);
#2123 = FACE_BOUND('',#2124,.F.);
#2124 = EDGE_LOOP('',(#2125,#2126,#2127,#2128));
#2125 = ORIENTED_EDGE('',*,*,#2019,.F.);
#2126 = ORIENTED_EDGE('',*,*,#1644,.T.);
#2127 = ORIENTED_EDGE('',*,*,#1918,.T.);
#2128 = ORIENTED_EDGE('',*,*,#2129,.F.);
#2129 = EDGE_CURVE('',#2020,#1919,#2130,.T.);
#2130 = B_SPLINE_CURVE_WITH_KNOTS('',1,(#2131,#2132),.UNSPECIFIED.,.F.,
  .F.,(2,2),(0.,0.1875),.PIECEWISE_BEZIER_KNOTS.);
#2131 = CARTESIAN_POINT('',(10.250004517964,4.108875906184E-08,
    -80.09375172114));
#2132 = CARTESIAN_POINT('',(10.250005808813,4.108879281262E-08,
    -79.90625172115));
#2133 = B_SPLINE_SURFACE_WITH_KNOTS('',1,11,(
    (#2134,#2135,#2136,#2137,#2138,#2139,#2140,#2141,#2142,#2143,#2144
      ,#2145,#2146,#2147,#2148,#2149,#2150,#2151,#2152,#2153,#2154)
    ,(#2155,#2156,#2157,#2158,#2159,#2160,#2161,#2162,#2163,#2164,#2165
      ,#2166,#2167,#2168,#2169,#2170,#2171,#2172,#2173,#2174,#2175
  )),.UNSPECIFIED.,.F.,.F.,.F.,(2,2),(12,9,12),(0.,0.1875),(0.,
    3.229876839926,6.459753679852),.UNSPECIFIED.);
#2134 = CARTESIAN_POINT('',(10.250003388474,3.08165066798E-08,
    -78.59375129085));
#2135 = CARTESIAN_POINT('',(10.250006076914,-2.92739462013,
    -78.66193412986));
#2136 = CARTESIAN_POINT('',(9.330328023364,-5.854757102452,
    -78.73011411188));
#2137 = CARTESIAN_POINT('',(7.491020312742,-8.461235670673,
    -78.79829708524));
#2138 = CARTESIAN_POINT('',(4.858033164676,-10.4254127161,
    -78.86647993722));
#2139 = CARTESIAN_POINT('',(1.683673422808,-11.48331219534,
    -78.9346590838));
#2140 = CARTESIAN_POINT('',(-1.683656476413,-11.48333640333,
    -79.00284328413));
#2141 = CARTESIAN_POINT('',(-4.858064425309,-10.42547444018,
    -79.07102403126));
#2142 = CARTESIAN_POINT('',(-7.490999768945,-8.461157802914,
    -79.13920608734));
#2143 = CARTESIAN_POINT('',(-9.330335916717,-5.854785672722,
    -79.20738784041));
#2144 = CARTESIAN_POINT('',(-11.16967162526,-4.243884584856E-08,
    -79.343751506));
#2145 = CARTESIAN_POINT('',(-9.330336102008,5.85478564605,
    -79.48011517159));
#2146 = CARTESIAN_POINT('',(-7.491000705027,8.46115778082,
    -79.54829692467));
#2147 = CARTESIAN_POINT('',(-4.858059987153,10.425475095931,
    -79.61647898068));
#2148 = CARTESIAN_POINT('',(-1.683665842424,11.483332154965,
    -79.68465972799));
#2149 = CARTESIAN_POINT('',(1.683684324519,11.483321222551,
    -79.75284392803));
#2150 = CARTESIAN_POINT('',(4.858026464968,10.425402489054,
    -79.82102307493));
#2151 = CARTESIAN_POINT('',(7.491019253812,8.461242101975,
    -79.88920592667));
#2152 = CARTESIAN_POINT('',(9.330333493623,5.854755484236,
    -79.95738890014));
#2153 = CARTESIAN_POINT('',(10.250001826597,2.927394692034,
    -80.02556888213));
#2154 = CARTESIAN_POINT('',(10.250004517964,4.108875906184E-08,
    -80.09375172114));
#2155 = CARTESIAN_POINT('',(10.250004356611,3.081654220694E-08,
    -78.40625129086));
#2156 = CARTESIAN_POINT('',(10.250007810663,-2.927394942714,
    -78.47443412987));
#2157 = CARTESIAN_POINT('',(9.330328264179,-5.854757988142,
    -78.54261411189));
#2158 = CARTESIAN_POINT('',(7.491021281017,-8.461235691762,
    -78.61079708523));
#2159 = CARTESIAN_POINT('',(4.858034646637,-10.42541533089,
    -78.67897993725));
#2160 = CARTESIAN_POINT('',(1.683672039451,-11.48331217271,
    -78.74715908377));
#2161 = CARTESIAN_POINT('',(-1.683655335433,-11.48333827404,
    -78.81534328415));
#2162 = CARTESIAN_POINT('',(-4.858065605127,-10.42547549042,
    -78.88352403125));
#2163 = CARTESIAN_POINT('',(-7.491000469161,-8.461158730942,
    -78.95170608734));
#2164 = CARTESIAN_POINT('',(-9.330336924264,-5.854786312346,
    -79.01988784041));
#2165 = CARTESIAN_POINT('',(-11.1696728561,-4.337072795382E-08,
    -79.156251506));
#2166 = CARTESIAN_POINT('',(-9.330337150761,5.854786296756,
    -79.29261517159));
#2167 = CARTESIAN_POINT('',(-7.491001655736,8.461158717548,
    -79.36079692467));
#2168 = CARTESIAN_POINT('',(-4.858059878027,10.425476343273,
    -79.42897898068));
#2169 = CARTESIAN_POINT('',(-1.683667354437,11.483332815219,
    -79.49715972801));
#2170 = CARTESIAN_POINT('',(1.683686078961,11.483323775759,
    -79.56534392801));
#2171 = CARTESIAN_POINT('',(4.858026053617,10.425402172081,
    -79.63352307495));
#2172 = CARTESIAN_POINT('',(7.491019936494,8.461243945572,
    -79.70170592666));
#2173 = CARTESIAN_POINT('',(9.330335309107,5.854755888877,
    -79.76988890015));
#2174 = CARTESIAN_POINT('',(10.250002351835,2.927395014618,
    -79.83806888213));
#2175 = CARTESIAN_POINT('',(10.250005808813,4.108879281262E-08,
    -79.90625172115));
#2176 = ADVANCED_FACE('',(#2177),#2196,.T.);
#2177 = FACE_BOUND('',#2178,.T.);
#2178 = EDGE_LOOP('',(#2179,#2180,#2187,#2194,#2195));
#2179 = ORIENTED_EDGE('',*,*,#1695,.T.);
#2180 = ORIENTED_EDGE('',*,*,#2181,.F.);
#2181 = EDGE_CURVE('',#2182,#1698,#2184,.T.);
#2182 = VERTEX_POINT('',#2183);
#2183 = CARTESIAN_POINT('',(18.,0.,-103.25));
#2184 = B_SPLINE_CURVE_WITH_KNOTS('',1,(#2185,#2186),.UNSPECIFIED.,.F.,
  .F.,(2,2),(-6.,4.),.PIECEWISE_BEZIER_KNOTS.);
#2185 = CARTESIAN_POINT('',(18.,-4.41E-15,-103.25));
#2186 = CARTESIAN_POINT('',(18.,-4.41E-15,-93.25));
#2187 = ORIENTED_EDGE('',*,*,#2188,.T.);
#2188 = EDGE_CURVE('',#2182,#2182,#2189,.T.);
#2189 = CIRCLE('',#2190,18.);
#2190 = AXIS2_PLACEMENT_3D('',#2191,#2192,#2193);
#2191 = CARTESIAN_POINT('',(1.241186037544E-14,0.,-103.25));
#2192 = DIRECTION('',(-2.324646799147E-16,0.,1.));
#2193 = DIRECTION('',(1.,0.,2.324646799147E-16));
#2194 = ORIENTED_EDGE('',*,*,#2181,.T.);
#2195 = ORIENTED_EDGE('',*,*,#1706,.T.);
#2196 = CYLINDRICAL_SURFACE('',#2197,18.);
#2197 = AXIS2_PLACEMENT_3D('',#2198,#2199,#2200);
#2198 = CARTESIAN_POINT('',(1.101707229595E-14,0.,-97.25));
#2199 = DIRECTION('',(-2.324646799147E-16,0.,1.));
#2200 = DIRECTION('',(1.,0.,2.324646799147E-16));
#2201 = ADVANCED_FACE('',(#2202),#2386,.F.);
#2202 = FACE_BOUND('',#2203,.T.);
#2203 = EDGE_LOOP('',(#2204,#2288,#2289,#2380));
#2204 = ORIENTED_EDGE('',*,*,#2205,.F.);
#2205 = EDGE_CURVE('',#1729,#2206,#2208,.T.);
#2206 = VERTEX_POINT('',#2207);
#2207 = CARTESIAN_POINT('',(9.5,-5.136100901073E-08,-82.02675950821));
#2208 = B_SPLINE_CURVE_WITH_KNOTS('',8,(#2209,#2210,#2211,#2212,#2213,
    #2214,#2215,#2216,#2217,#2218,#2219,#2220,#2221,#2222,#2223,#2224,
    #2225,#2226,#2227,#2228,#2229,#2230,#2231,#2232,#2233,#2234,#2235,
    #2236,#2237,#2238,#2239,#2240,#2241,#2242,#2243,#2244,#2245,#2246,
    #2247,#2248,#2249,#2250,#2251,#2252,#2253,#2254,#2255,#2256,#2257,
    #2258,#2259,#2260,#2261,#2262,#2263,#2264,#2265,#2266,#2267,#2268,
    #2269,#2270,#2271,#2272,#2273,#2274,#2275,#2276,#2277,#2278,#2279,
    #2280,#2281,#2282,#2283,#2284,#2285,#2286,#2287),.UNSPECIFIED.,.F.,
  .F.,(9,7,7,7,7,7,7,7,7,7,7,9),(0.,4.77277765497E-02,0.120627665172,
    0.21741712678,0.318055929559,0.427436593892,0.556116065315,
    0.684470734847,0.782064727418,0.88154998637,0.957682685105,1.),
  .UNSPECIFIED.);
#2209 = CARTESIAN_POINT('',(9.5,-8.217728009186E-08,-80.52676014694));
#2210 = CARTESIAN_POINT('',(9.49999999692,-0.356065744332,
    -80.53570778351));
#2211 = CARTESIAN_POINT('',(9.484747930875,-0.712136098314,
    -80.54465557606));
#2212 = CARTESIAN_POINT('',(9.454243111701,-1.067441916593,
    -80.55360331336));
#2213 = CARTESIAN_POINT('',(9.408532191978,-1.421220699173,
    -80.56255099577));
#2214 = CARTESIAN_POINT('',(9.347706768851,-1.772716472885,
    -80.57149871559));
#2215 = CARTESIAN_POINT('',(9.271902588279,-2.121179841916,
    -80.58044655388));
#2216 = CARTESIAN_POINT('',(9.181300351691,-2.465868289554,
    -80.58939449351));
#2217 = CARTESIAN_POINT('',(8.915487002391,-3.325638723457,
    -80.6120093933));
#2218 = CARTESIAN_POINT('',(8.720838645374,-3.834759589207,
    -80.62567755718));
#2219 = CARTESIAN_POINT('',(8.492994652635,-4.330753804783,
    -80.63934536271));
#2220 = CARTESIAN_POINT('',(8.233006905079,-4.811101372032,
    -80.65301263756));
#2221 = CARTESIAN_POINT('',(7.942140338901,-5.273404354817,
    -80.66667988088));
#2222 = CARTESIAN_POINT('',(7.621863157935,-5.715383605918,
    -80.68034761239));
#2223 = CARTESIAN_POINT('',(7.273854485364,-6.134885684298,
    -80.69401570414));
#2224 = CARTESIAN_POINT('',(6.403700528495,-7.054361934601,
    -80.7258284113));
#2225 = CARTESIAN_POINT('',(5.861697829633,-7.535830291327,
    -80.74397808536));
#2226 = CARTESIAN_POINT('',(5.278530307559,-7.969471768959,
    -80.76212578648));
#2227 = CARTESIAN_POINT('',(4.659175618709,-8.351242048394,
    -80.78027113698));
#2228 = CARTESIAN_POINT('',(4.00899042902,-8.677750765905,
    -80.79841652142));
#2229 = CARTESIAN_POINT('',(3.333673297815,-8.946220542756,
    -80.81656430645));
#2230 = CARTESIAN_POINT('',(2.639280143112,-9.154540033904,
    -80.83471407157));
#2231 = CARTESIAN_POINT('',(1.19718734929,-9.454123052642,
    -80.87172729217));
#2232 = CARTESIAN_POINT('',(0.448090560802,-9.540479576699,
    -80.89059984654));
#2233 = CARTESIAN_POINT('',(-0.307712150523,-9.558906530431,
    -80.90947027655));
#2234 = CARTESIAN_POINT('',(-1.06302378949,-9.508911621932,
    -80.92833799767));
#2235 = CARTESIAN_POINT('',(-1.810729523639,-9.390880655631,
    -80.94720571103));
#2236 = CARTESIAN_POINT('',(-2.543804958761,-9.206008476299,
    -80.96607609033));
#2237 = CARTESIAN_POINT('',(-3.255339458555,-8.956364506347,
    -80.98494852288));
#2238 = CARTESIAN_POINT('',(-4.681157901576,-8.306783032369,
    -81.02432217758));
#2239 = CARTESIAN_POINT('',(-5.39080882267,-7.895448728949,-81.044836031
    ));
#2240 = CARTESIAN_POINT('',(-6.058708204293,-7.41499262423,
    -81.06534575619));
#2241 = CARTESIAN_POINT('',(-6.677098817969,-6.870499958754,
    -81.08585213253));
#2242 = CARTESIAN_POINT('',(-7.239021891658,-6.267904176335,
    -81.10635849582));
#2243 = CARTESIAN_POINT('',(-7.738347754429,-5.613991847292,
    -81.1268682674));
#2244 = CARTESIAN_POINT('',(-8.169771806938,-4.916371860644,
    -81.14738217989));
#2245 = CARTESIAN_POINT('',(-8.951916747331,-3.321862782883,
    -81.19201282459));
#2246 = CARTESIAN_POINT('',(-9.275457173609,-2.410535349977,
    -81.21615449093));
#2247 = CARTESIAN_POINT('',(-9.492463155153,-1.464020602429,
    -81.24028666216));
#2248 = CARTESIAN_POINT('',(-9.598914442204,-0.496924908164,
    -81.2644118367));
#2249 = CARTESIAN_POINT('',(-9.592895459297,0.475993222794,
    -81.28853715732));
#2250 = CARTESIAN_POINT('',(-9.474787568526,1.43985631781,
    -81.31266914094));
#2251 = CARTESIAN_POINT('',(-9.247081374916,2.379721009357,
    -81.3368106197));
#2252 = CARTESIAN_POINT('',(-8.584885442176,4.179315909713,
    -81.38499831168));
#2253 = CARTESIAN_POINT('',(-8.150449296726,5.040519153297,
    -81.40907874675));
#2254 = CARTESIAN_POINT('',(-7.617487517821,5.849263347418,
    -81.43314982739));
#2255 = CARTESIAN_POINT('',(-6.993722268973,6.592648954384,
    -81.4572144516));
#2256 = CARTESIAN_POINT('',(-6.288426528456,7.259179697737,
    -81.48127905912));
#2257 = CARTESIAN_POINT('',(-5.512529550195,7.8389205393,-81.50535032174
    ));
#2258 = CARTESIAN_POINT('',(-4.678452951925,8.323401784033,
    -81.52943093393));
#2259 = CARTESIAN_POINT('',(-3.133592623637,8.997816629792,
    -81.57179094371));
#2260 = CARTESIAN_POINT('',(-2.440646672226,9.230739985022,
    -81.5900917065));
#2261 = CARTESIAN_POINT('',(-1.728220385354,9.402528567009,
    -81.60839042033));
#2262 = CARTESIAN_POINT('',(-1.002633732105,9.511366717102,
    -81.62668666389));
#2263 = CARTESIAN_POINT('',(-0.270301552877,9.556214016597,
    -81.64498289982));
#2264 = CARTESIAN_POINT('',(0.462285426918,9.536750446783,
    -81.66328156914));
#2265 = CARTESIAN_POINT('',(1.188567655285,9.45343397351,-81.68158222992
    ));
#2266 = CARTESIAN_POINT('',(2.62907995535,9.159082401198,-81.71852981731
    ));
#2267 = CARTESIAN_POINT('',(3.34316836931,8.94552895831,-81.73718572153)
  );
#2268 = CARTESIAN_POINT('',(4.037118365608,8.66839614301,-81.75583969104
    ));
#2269 = CARTESIAN_POINT('',(4.704353025753,8.329983282125,-81.7744911707
    ));
#2270 = CARTESIAN_POINT('',(5.338696813124,7.933330532347,
    -81.79314268661));
#2271 = CARTESIAN_POINT('',(5.934357333474,7.48215654145,-81.81179673938
    ));
#2272 = CARTESIAN_POINT('',(6.485969316037,6.980906352331,-81.8304527164
    ));
#2273 = CARTESIAN_POINT('',(7.373424202166,6.017076691928,
    -81.86337688312));
#2274 = CARTESIAN_POINT('',(7.729632288753,5.572919065133,
    -81.87765110604));
#2275 = CARTESIAN_POINT('',(8.055169878362,5.104760204391,
    -81.89192467425));
#2276 = CARTESIAN_POINT('',(8.34816870178,4.615088594523,-81.90619747397
    ));
#2277 = CARTESIAN_POINT('',(8.607014478498,4.106536284938,
    -81.92047026885));
#2278 = CARTESIAN_POINT('',(8.830336827477,3.581870145487,
    -81.93474384404));
#2279 = CARTESIAN_POINT('',(9.017022027399,3.043995763503,-81.9490181205
    ));
#2280 = CARTESIAN_POINT('',(9.249194181806,2.19136360197,-81.97122475704
    ));
#2281 = CARTESIAN_POINT('',(9.320571420236,1.883600449131,
    -81.97915837024));
#2282 = CARTESIAN_POINT('',(9.380239966006,1.573200832033,
    -81.98709198213));
#2283 = CARTESIAN_POINT('',(9.42808744054,1.260685066644,-81.99502556776
    ));
#2284 = CARTESIAN_POINT('',(9.464029481056,0.946577349552,
    -82.00295913571));
#2285 = CARTESIAN_POINT('',(9.488009759256,0.631405631145,
    -82.01089268917));
#2286 = CARTESIAN_POINT('',(9.5,0.315701488787,-82.01882618714));
#2287 = CARTESIAN_POINT('',(9.5,0.,-82.02675950562));
#2288 = ORIENTED_EDGE('',*,*,#1904,.T.);
#2289 = ORIENTED_EDGE('',*,*,#2290,.T.);
#2290 = EDGE_CURVE('',#1814,#2291,#2293,.T.);
#2291 = VERTEX_POINT('',#2292);
#2292 = CARTESIAN_POINT('',(9.5,-6.163405983478E-08,-82.4732245223));
#2293 = B_SPLINE_CURVE_WITH_KNOTS('',8,(#2294,#2295,#2296,#2297,#2298,
    #2299,#2300,#2301,#2302,#2303,#2304,#2305,#2306,#2307,#2308,#2309,
    #2310,#2311,#2312,#2313,#2314,#2315,#2316,#2317,#2318,#2319,#2320,
    #2321,#2322,#2323,#2324,#2325,#2326,#2327,#2328,#2329,#2330,#2331,
    #2332,#2333,#2334,#2335,#2336,#2337,#2338,#2339,#2340,#2341,#2342,
    #2343,#2344,#2345,#2346,#2347,#2348,#2349,#2350,#2351,#2352,#2353,
    #2354,#2355,#2356,#2357,#2358,#2359,#2360,#2361,#2362,#2363,#2364,
    #2365,#2366,#2367,#2368,#2369,#2370,#2371,#2372,#2373,#2374,#2375,
    #2376,#2377,#2378,#2379),.UNSPECIFIED.,.F.,.F.,(9,7,7,7,7,7,7,7,7,7,
    7,7,9),(0.,2.051825262099E-02,5.256662918873E-02,0.122563594352,
    0.214715561566,0.319559962505,0.432046476537,0.577622582631,
    0.683475220594,0.790014910744,0.883267083565,0.960297744161,1.),
  .UNSPECIFIED.);
#2294 = CARTESIAN_POINT('',(9.5,-1.027230300821E-07,-80.97322665162));
#2295 = CARTESIAN_POINT('',(9.499999998345,-0.153071445658,
    -80.9770730084));
#2296 = CARTESIAN_POINT('',(9.497181248786,-0.306142837054,
    -80.98091942436));
#2297 = CARTESIAN_POINT('',(9.491543752567,-0.459153634121,
    -80.98476589259));
#2298 = CARTESIAN_POINT('',(9.483089070497,-0.612043283836,
    -80.98861240615));
#2299 = CARTESIAN_POINT('',(9.471820322947,-0.764751322945,
    -80.99245895806));
#2300 = CARTESIAN_POINT('',(9.457742189856,-0.917217377963,
    -80.99630554129));
#2301 = CARTESIAN_POINT('',(9.440860910722,-1.069381165173,
    -81.00015214877));
#2302 = CARTESIAN_POINT('',(9.390450482134,-1.458287771054,
    -81.01000698838));
#2303 = CARTESIAN_POINT('',(9.352896787983,-1.694509814965,
    -81.01601525749));
#2304 = CARTESIAN_POINT('',(9.308553040552,-1.929618748381,
    -81.02202355684));
#2305 = CARTESIAN_POINT('',(9.257458134172,-2.163386820757,
    -81.02803186698));
#2306 = CARTESIAN_POINT('',(9.199660019108,-2.395588404981,
    -81.03404017277));
#2307 = CARTESIAN_POINT('',(9.135215701559,-2.625999997374,
    -81.04004846344));
#2308 = CARTESIAN_POINT('',(9.064191243659,-2.854400217691,
    -81.04605673256));
#2309 = CARTESIAN_POINT('',(8.81732936962,-3.574547561123,
    -81.06518760689));
#2310 = CARTESIAN_POINT('',(8.616954188201,-4.05791940914,
    -81.07831098046));
#2311 = CARTESIAN_POINT('',(8.386325206107,-4.528361884927,
    -81.09143388369));
#2312 = CARTESIAN_POINT('',(8.126431511092,-4.983670380392,
    -81.10455627536));
#2313 = CARTESIAN_POINT('',(7.838441127678,-5.421748102272,
    -81.11767868073));
#2314 = CARTESIAN_POINT('',(7.52369338899,-5.840603322935,
    -81.13080160638));
#2315 = CARTESIAN_POINT('',(7.183704844548,-6.238354927314,
    -81.14392497694));
#2316 = CARTESIAN_POINT('',(6.341614705999,-7.106795845495,
    -81.17432369982));
#2317 = CARTESIAN_POINT('',(5.822130755094,-7.560859204114,
    -81.19160316406));
#2318 = CARTESIAN_POINT('',(5.265667721864,-7.971331492609,
    -81.20888132961));
#2319 = CARTESIAN_POINT('',(4.676536127706,-8.334747022836,
    -81.22615777169));
#2320 = CARTESIAN_POINT('',(4.059358916679,-8.648178283646,
    -81.24343419552));
#2321 = CARTESIAN_POINT('',(3.419043738937,-8.909205262566,
    -81.26071232083));
#2322 = CARTESIAN_POINT('',(2.760794745737,-9.115955063212,
    -81.27799175345));
#2323 = CARTESIAN_POINT('',(1.32716456117,-9.439301730013,
    -81.31492343413));
#2324 = CARTESIAN_POINT('',(0.547731385232,-9.539650629483,
    -81.3345850799));
#2325 = CARTESIAN_POINT('',(-0.239906219956,-9.566324474469,
    -81.35424339326));
#2326 = CARTESIAN_POINT('',(-1.027605062701,-9.518681405302,
    -81.3738988581));
#2327 = CARTESIAN_POINT('',(-1.807322989881,-9.397111390559,
    -81.39355435763));
#2328 = CARTESIAN_POINT('',(-2.571119925589,-9.202949857917,
    -81.41321275077));
#2329 = CARTESIAN_POINT('',(-3.311177314016,-8.938561839708,
    -81.4328744655));
#2330 = CARTESIAN_POINT('',(-4.780215494116,-8.252500163615,
    -81.47361838743));
#2331 = CARTESIAN_POINT('',(-5.505033401601,-7.820498483104,
    -81.49471564414));
#2332 = CARTESIAN_POINT('',(-6.184739235679,-7.315926757539,
    -81.51580830985));
#2333 = CARTESIAN_POINT('',(-6.810974372675,-6.744442307998,
    -81.53689724084));
#2334 = CARTESIAN_POINT('',(-7.376284118768,-6.112627570751,
    -81.55798611734));
#2335 = CARTESIAN_POINT('',(-7.874159557648,-5.428001647349,
    -81.5790786809));
#2336 = CARTESIAN_POINT('',(-8.299025685624,-4.698977711827,
    -81.60017587068));
#2337 = CARTESIAN_POINT('',(-9.096505384404,-2.946703224745,
    -81.6485558981));
#2338 = CARTESIAN_POINT('',(-9.417753152929,-1.898292978429,
    -81.67587942313));
#2339 = CARTESIAN_POINT('',(-9.600057723813,-0.81124598928,
    -81.70318411109));
#2340 = CARTESIAN_POINT('',(-9.638927235114,0.29290918204,
    -81.73047813848));
#2341 = CARTESIAN_POINT('',(-9.533084885445,1.39266683658,
    -81.75777174589));
#2342 = CARTESIAN_POINT('',(-9.285110953806,2.466638449095,
    -81.78507693585));
#2343 = CARTESIAN_POINT('',(-8.900796231244,3.493607949661,
    -81.81240062701));
#2344 = CARTESIAN_POINT('',(-8.021587212782,5.150509131422,
    -81.85953696892));
#2345 = CARTESIAN_POINT('',(-7.58504566275,5.81313591379,-81.87938803256
    ));
#2346 = CARTESIAN_POINT('',(-7.086123766822,6.433097626647,
    -81.89923564798));
#2347 = CARTESIAN_POINT('',(-6.529792832824,7.003613282963,
    -81.9190802997));
#2348 = CARTESIAN_POINT('',(-5.921766216939,7.518682061053,
    -81.93892494672));
#2349 = CARTESIAN_POINT('',(-5.268429619427,7.973024280504,
    -81.95877254153));
#2350 = CARTESIAN_POINT('',(-4.576895084851,8.362155054283,
    -81.97862356741));
#2351 = CARTESIAN_POINT('',(-3.128726519136,9.005153947625,
    -82.01844160661));
#2352 = CARTESIAN_POINT('',(-2.371215253309,9.258342518743,
    -82.03842183497));
#2353 = CARTESIAN_POINT('',(-1.59070402155,9.438499206127,
    -82.05839874858));
#2354 = CARTESIAN_POINT('',(-0.795451584312,9.543320376932,
    -82.0783727783));
#2355 = CARTESIAN_POINT('',(6.18054684123E-03,9.571602186457,
    -82.09834679797));
#2356 = CARTESIAN_POINT('',(0.805746947546,9.523147591738,
    -82.11832372076));
#2357 = CARTESIAN_POINT('',(1.594721433775,9.398861136798,-82.1383040252
    ));
#2358 = CARTESIAN_POINT('',(3.038312514302,9.027880920169,
    -82.17575978177));
#2359 = CARTESIAN_POINT('',(3.697746666115,8.798301671655,-82.1932454272
    ));
#2360 = CARTESIAN_POINT('',(4.337105426149,8.513727214922,
    -82.21072942157));
#2361 = CARTESIAN_POINT('',(4.951058602026,8.176266840729,
    -82.22821142515));
#2362 = CARTESIAN_POINT('',(5.534605381438,7.788592802618,
    -82.24569341511));
#2363 = CARTESIAN_POINT('',(6.083060369696,7.3538982345,-82.26317738224)
  );
#2364 = CARTESIAN_POINT('',(6.592084406832,6.875929028432,-82.2806630171
    ));
#2365 = CARTESIAN_POINT('',(7.442430141735,5.93215616743,-82.31258664078
    ));
#2366 = CARTESIAN_POINT('',(7.79762088051,5.478589239121,-82.32702933381
    ));
#2367 = CARTESIAN_POINT('',(8.121124663086,5.000820598391,
    -82.34147154779));
#2368 = CARTESIAN_POINT('',(8.411037445738,4.501451232287,
    -82.35591311193));
#2369 = CARTESIAN_POINT('',(8.665723251464,3.983228962737,
    -82.37035470982));
#2370 = CARTESIAN_POINT('',(8.883803235829,3.449039216284,
    -82.38479700097));
#2371 = CARTESIAN_POINT('',(9.064169425681,2.901909004969,
    -82.39923975579));
#2372 = CARTESIAN_POINT('',(9.279135733565,2.05800092436,-82.42112414586
    ));
#2373 = CARTESIAN_POINT('',(9.342021578332,1.768370649361,
    -82.42856729249));
#2374 = CARTESIAN_POINT('',(9.394571805216,1.476561195291,
    -82.43601036177));
#2375 = CARTESIAN_POINT('',(9.436699283431,1.183003350223,
    -82.44345334393));
#2376 = CARTESIAN_POINT('',(9.4683386182,0.888130702011,-82.45089626193)
  );
#2377 = CARTESIAN_POINT('',(9.489446157701,0.592379551922,
    -82.45833913183));
#2378 = CARTESIAN_POINT('',(9.5,0.29618882826,-82.46578192315));
#2379 = CARTESIAN_POINT('',(9.5,1.7763568394E-15,-82.4732245192));
#2380 = ORIENTED_EDGE('',*,*,#2381,.F.);
#2381 = EDGE_CURVE('',#2206,#2291,#2382,.T.);
#2382 = LINE('',#2383,#2384);
#2383 = CARTESIAN_POINT('',(9.5,0.,-74.75));
#2384 = VECTOR('',#2385,1.);
#2385 = DIRECTION('',(5.141040633873E-17,0.,-1.));
#2386 = CYLINDRICAL_SURFACE('',#2387,9.5);
#2387 = AXIS2_PLACEMENT_3D('',#2388,#2389,#2390);
#2388 = CARTESIAN_POINT('',(3.061616997868E-15,0.,-74.75));
#2389 = DIRECTION('',(1.224646799147E-16,0.,-1.));
#2390 = DIRECTION('',(1.,0.,1.224646799147E-16));
#2391 = ADVANCED_FACE('',(#2392),#2427,.F.);
#2392 = FACE_BOUND('',#2393,.F.);
#2393 = EDGE_LOOP('',(#2394,#2420,#2421,#2422));
#2394 = ORIENTED_EDGE('',*,*,#2395,.F.);
#2395 = EDGE_CURVE('',#1919,#2396,#2398,.T.);
#2396 = VERTEX_POINT('',#2397);
#2397 = CARTESIAN_POINT('',(10.250007261013,5.13613512904E-08,
    -81.40625215144));
#2398 = B_SPLINE_CURVE_WITH_KNOTS('',11,(#2399,#2400,#2401,#2402,#2403,
    #2404,#2405,#2406,#2407,#2408,#2409,#2410,#2411,#2412,#2413,#2414,
    #2415,#2416,#2417,#2418,#2419),.UNSPECIFIED.,.F.,.F.,(12,9,12),(0.,
    3.229876839926,6.459753679852),.UNSPECIFIED.);
#2399 = CARTESIAN_POINT('',(10.250005808813,4.108869156028E-08,
    -79.90625172115));
#2400 = CARTESIAN_POINT('',(10.250009265792,-2.927395347191,
    -79.97443456017));
#2401 = CARTESIAN_POINT('',(9.330329591951,-5.854758808287,
    -80.04261454217));
#2402 = CARTESIAN_POINT('',(7.491022350821,-8.461236882974,
    -80.11079751552));
#2403 = CARTESIAN_POINT('',(4.858035345331,-10.4254168032,
    -80.17898036755));
#2404 = CARTESIAN_POINT('',(1.683672289515,-11.4833137978,
    -80.24715951405));
#2405 = CARTESIAN_POINT('',(-1.683655562445,-11.48333990278,
    -80.31534371445));
#2406 = CARTESIAN_POINT('',(-4.858066282978,-10.42547697229,
    -80.38352446154));
#2407 = CARTESIAN_POINT('',(-7.491001521986,-8.461159937222,
    -80.45170651764));
#2408 = CARTESIAN_POINT('',(-9.3303382403,-5.85478715119,-80.5198882707)
  );
#2409 = CARTESIAN_POINT('',(-11.1696744386,-5.456639584699E-08,
    -80.65625193629));
#2410 = CARTESIAN_POINT('',(-9.330338478531,5.854787116902,
    -80.79261560188));
#2411 = CARTESIAN_POINT('',(-7.49100272552,8.4611599088,-80.86079735496)
  );
#2412 = CARTESIAN_POINT('',(-4.858060576776,10.425477815437,
    -80.92897941098));
#2413 = CARTESIAN_POINT('',(-1.683667604462,11.483334440544,
    -80.99716015829));
#2414 = CARTESIAN_POINT('',(1.683686306003,11.483325404272,
    -81.06534435832));
#2415 = CARTESIAN_POINT('',(4.858026731418,10.42540365409,
    -81.13352350523));
#2416 = CARTESIAN_POINT('',(7.491020989338,8.461245151814,
    -81.20170635696));
#2417 = CARTESIAN_POINT('',(9.330336625141,5.854756727719,
    -81.26988933045));
#2418 = CARTESIAN_POINT('',(10.2500038011,2.92739543964,-81.33806931241)
  );
#2419 = CARTESIAN_POINT('',(10.250007261013,5.136112872813E-08,
    -81.40625215144));
#2420 = ORIENTED_EDGE('',*,*,#1946,.T.);
#2421 = ORIENTED_EDGE('',*,*,#1813,.T.);
#2422 = ORIENTED_EDGE('',*,*,#2423,.F.);
#2423 = EDGE_CURVE('',#2396,#1814,#2424,.T.);
#2424 = B_SPLINE_CURVE_WITH_KNOTS('',1,(#2425,#2426),.UNSPECIFIED.,.F.,
  .F.,(2,2),(0.,0.9375),.PIECEWISE_BEZIER_KNOTS.);
#2425 = CARTESIAN_POINT('',(10.250007261013,5.136113050449E-08,
    -81.40625215144));
#2426 = CARTESIAN_POINT('',(9.438112478897,-1.154376519595E-07,
    -80.93749516454));
#2427 = B_SPLINE_SURFACE_WITH_KNOTS('',1,9,(
    (#2428,#2429,#2430,#2431,#2432,#2433,#2434,#2435,#2436,#2437,#2438
      ,#2439,#2440,#2441,#2442,#2443,#2444,#2445,#2446,#2447,#2448,#2449
      ,#2450,#2451,#2452,#2453,#2454,#2455,#2456,#2457,#2458)
    ,(#2459,#2460,#2461,#2462,#2463,#2464,#2465,#2466,#2467,#2468,#2469
      ,#2470,#2471,#2472,#2473,#2474,#2475,#2476,#2477,#2478,#2479,#2480
      ,#2481,#2482,#2483,#2484,#2485,#2486,#2487,#2488,#2489
  )),.UNSPECIFIED.,.F.,.F.,.F.,(2,2),(10,7,7,7,10),(0.,0.9375),(0.,
    1.614938419963,3.229876839926,4.844815259889,6.459753679852),
  .UNSPECIFIED.);
#2428 = CARTESIAN_POINT('',(10.250005808813,4.10886906721E-08,
    -79.90625172115));
#2429 = CARTESIAN_POINT('',(10.250007921412,-1.788963807305,
    -79.94791901166));
#2430 = CARTESIAN_POINT('',(9.898742171543,-3.577915461287,
    -79.98958521095));
#2431 = CARTESIAN_POINT('',(9.196221543984,-5.288073661794,
    -80.03125174826));
#2432 = CARTESIAN_POINT('',(8.163070708399,-6.840567608611,
    -80.07291861822));
#2433 = CARTESIAN_POINT('',(6.840561730488,-8.163072039306,
    -80.11458528006));
#2434 = CARTESIAN_POINT('',(5.288067169572,-9.196218324278,
    -80.15625195916));
#2435 = CARTESIAN_POINT('',(3.577927018246,-9.898742088607,
    -80.19791860881));
#2436 = CARTESIAN_POINT('',(4.644935780482E-07,-10.60126772974,
    -80.28125192769));
#2437 = CARTESIAN_POINT('',(-3.57792687739,-9.898746212498,
    -80.36458527274));
#2438 = CARTESIAN_POINT('',(-5.288067734689,-9.196222502088,
    -80.40625195182));
#2439 = CARTESIAN_POINT('',(-6.84056320284,-8.163070967709,
    -80.44791862362));
#2440 = CARTESIAN_POINT('',(-8.163069956735,-6.840561529697,
    -80.48958526378));
#2441 = CARTESIAN_POINT('',(-9.196219926081,-5.288065724218,
    -80.53125191722));
#2442 = CARTESIAN_POINT('',(-9.898744227759,-3.577925499515,
    -80.5729185851));
#2443 = CARTESIAN_POINT('',(-10.60126849746,-4.30017268586E-08,
    -80.65625193629));
#2444 = CARTESIAN_POINT('',(-9.898744373345,3.577925442097,
    -80.73958528749));
#2445 = CARTESIAN_POINT('',(-9.196221464587,5.288064268787,
    -80.78125195675));
#2446 = CARTESIAN_POINT('',(-8.163066508073,6.840565183891,
    -80.82291860524));
#2447 = CARTESIAN_POINT('',(-6.840566688369,8.163067127199,
    -80.86458525253));
#2448 = CARTESIAN_POINT('',(-5.288066437182,9.196223771668,
    -80.90625191938));
#2449 = CARTESIAN_POINT('',(-3.577926965194,9.898746160575,
    -80.94791859985));
#2450 = CARTESIAN_POINT('',(3.723367992097E-07,10.601267787347,
    -81.0312519449));
#2451 = CARTESIAN_POINT('',(3.577926930443,9.898742081025,
    -81.11458526378));
#2452 = CARTESIAN_POINT('',(5.288067011635,9.196218277245,
    -81.15625191343));
#2453 = CARTESIAN_POINT('',(6.840561817289,8.163071808315,
    -81.19791859252));
#2454 = CARTESIAN_POINT('',(8.16307001459,6.840568006847,-81.23958525439
    ));
#2455 = CARTESIAN_POINT('',(9.196222896776,5.288074666854,-81.2812521243
    ));
#2456 = CARTESIAN_POINT('',(9.898742585129,3.577914723765,
    -81.32291866165));
#2457 = CARTESIAN_POINT('',(10.250005146622,1.788963899754,
    -81.36458486092));
#2458 = CARTESIAN_POINT('',(10.250007261013,5.136113050449E-08,
    -81.40625215144));
#2459 = CARTESIAN_POINT('',(9.438110219906,-9.235014797326E-08,
    -79.43749613162));
#2460 = CARTESIAN_POINT('',(9.438113478913,-1.647260769864,
    -79.47916139619));
#2461 = CARTESIAN_POINT('',(9.114670311324,-3.29451028636,
    -79.52082911331));
#2462 = CARTESIAN_POINT('',(8.467795342841,-4.869214797773,
    -79.56249607064));
#2463 = CARTESIAN_POINT('',(7.516477284556,-6.298728857754,
    -79.60416228049));
#2464 = CARTESIAN_POINT('',(6.298728898314,-7.516481190586,
    -79.64582895794));
#2465 = CARTESIAN_POINT('',(4.869203909394,-8.46779263663,-79.6874955967
    ));
#2466 = CARTESIAN_POINT('',(3.294522186055,-9.114670283645,
    -79.7291623016));
#2467 = CARTESIAN_POINT('',(-5.402698285173E-07,-9.761549373545,
    -79.81249566742));
#2468 = CARTESIAN_POINT('',(-3.294522499774,-9.114673972336,
    -79.89582897442));
#2469 = CARTESIAN_POINT('',(-4.869203743712,-8.467796707107,
    -79.93749561319));
#2470 = CARTESIAN_POINT('',(-6.298726748304,-7.516480962128,
    -79.97916226831));
#2471 = CARTESIAN_POINT('',(-7.51647960929,-6.298726137554,
    -80.02082899456));
#2472 = CARTESIAN_POINT('',(-8.467794435842,-4.869201771637,
    -80.06249569094));
#2473 = CARTESIAN_POINT('',(-9.114672286013,-3.294520393673,
    -80.10416235489));
#2474 = CARTESIAN_POINT('',(-9.76155008911,1.149324310665E-07,
    -80.18749564808));
#2475 = CARTESIAN_POINT('',(-9.11467238975,3.294520643906,
    -80.27082894127));
#2476 = CARTESIAN_POINT('',(-8.467795878283,4.869200701047,
    -80.3124956021));
#2477 = CARTESIAN_POINT('',(-7.516475988514,6.298729844256,
    -80.35416230961));
#2478 = CARTESIAN_POINT('',(-6.298729911769,7.516477480261,
    -80.39582901983));
#2479 = CARTESIAN_POINT('',(-4.869202179316,8.467797985441,
    -80.43749568608));
#2480 = CARTESIAN_POINT('',(-3.294522296807,9.114674014299,
    -80.47916232173));
#2481 = CARTESIAN_POINT('',(-3.199768493257E-07,9.76154946315,
    -80.56249562874));
#2482 = CARTESIAN_POINT('',(3.294522389021,9.114670149119,
    -80.64582899455));
#2483 = CARTESIAN_POINT('',(4.869203979166,8.467792382075,
    -80.68749569946));
#2484 = CARTESIAN_POINT('',(6.29872931335,7.516480596619,-80.72916233819
    ));
#2485 = CARTESIAN_POINT('',(7.51647643994,6.29872919722,-80.77082901571)
  );
#2486 = CARTESIAN_POINT('',(8.467797628587,4.869216045756,
    -80.81249522549));
#2487 = CARTESIAN_POINT('',(9.114671077415,3.294508799547,
    -80.85416218287));
#2488 = CARTESIAN_POINT('',(9.438109223915,1.647260562076,
    -80.89582989996));
#2489 = CARTESIAN_POINT('',(9.438112478897,-1.154376519595E-07,
    -80.93749516454));
#2490 = ADVANCED_FACE('',(#2491),#2536,.F.);
#2491 = FACE_BOUND('',#2492,.F.);
#2492 = EDGE_LOOP('',(#2493,#2494,#2495,#2531));
#2493 = ORIENTED_EDGE('',*,*,#2205,.F.);
#2494 = ORIENTED_EDGE('',*,*,#2055,.T.);
#2495 = ORIENTED_EDGE('',*,*,#2496,.T.);
#2496 = EDGE_CURVE('',#2020,#2497,#2499,.T.);
#2497 = VERTEX_POINT('',#2498);
#2498 = CARTESIAN_POINT('',(10.250005647453,5.136123769897E-08,
    -81.59375215143));
#2499 = B_SPLINE_CURVE_WITH_KNOTS('',9,(#2500,#2501,#2502,#2503,#2504,
    #2505,#2506,#2507,#2508,#2509,#2510,#2511,#2512,#2513,#2514,#2515,
    #2516,#2517,#2518,#2519,#2520,#2521,#2522,#2523,#2524,#2525,#2526,
    #2527,#2528,#2529,#2530),.UNSPECIFIED.,.F.,.F.,(10,7,7,7,10),(0.,
    1.614938419963,3.229876839926,4.844815259889,6.459753679852),
  .UNSPECIFIED.);
#2500 = CARTESIAN_POINT('',(10.250004517964,4.108865514496E-08,
    -80.09375172114));
#2501 = CARTESIAN_POINT('',(10.250006162689,-1.788963553846,
    -80.13541901165));
#2502 = CARTESIAN_POINT('',(9.898740818645,-3.577914862503,
    -80.17708521094));
#2503 = CARTESIAN_POINT('',(9.196220396689,-5.288073015055,
    -80.21875174826));
#2504 = CARTESIAN_POINT('',(8.163069481628,-6.840566675514,
    -80.26041861821));
#2505 = CARTESIAN_POINT('',(6.84056077916,-8.163070850253,
    -80.30208528005));
#2506 = CARTESIAN_POINT('',(5.288066412035,-9.196217010847,
    -80.34375195915));
#2507 = CARTESIAN_POINT('',(3.577926511496,-9.898740681741,
    -80.3854186088));
#2508 = CARTESIAN_POINT('',(4.648765834344E-07,-10.60126623417,
    -80.46875192768));
#2509 = CARTESIAN_POINT('',(-3.577926370311,-9.898744807876,
    -80.55208527273));
#2510 = CARTESIAN_POINT('',(-5.28806562318,-9.196222624,-80.5937519532)
  );
#2511 = CARTESIAN_POINT('',(-6.840565721429,-8.163066103857,
    -80.63541862005));
#2512 = CARTESIAN_POINT('',(-8.163065301514,-6.840564262194,
    -80.67708526734));
#2513 = CARTESIAN_POINT('',(-9.196219997741,-5.28806354406,
    -80.71875191583));
#2514 = CARTESIAN_POINT('',(-9.898742837912,-3.57792499614,
    -80.76041858509));
#2515 = CARTESIAN_POINT('',(-10.60126699549,-4.406997324606E-08,
    -80.84375193629));
#2516 = CARTESIAN_POINT('',(-9.898742958317,3.577924931641,
    -80.92708528748));
#2517 = CARTESIAN_POINT('',(-9.196220147151,5.288063512275,
    -80.96875195675));
#2518 = CARTESIAN_POINT('',(-8.163065353001,6.84056421146,
    -81.01041860524));
#2519 = CARTESIAN_POINT('',(-6.840565728688,8.163065979606,
    -81.05208525253));
#2520 = CARTESIAN_POINT('',(-5.288065690245,9.196222482205,
    -81.09375191938));
#2521 = CARTESIAN_POINT('',(-3.577926458443,9.89874476032,
    -81.13541859984));
#2522 = CARTESIAN_POINT('',(3.719507140953E-07,10.601266278976,
    -81.21875194489));
#2523 = CARTESIAN_POINT('',(3.577926423364,9.898740683015,
    -81.30208526377));
#2524 = CARTESIAN_POINT('',(5.288066270763,9.196216984865,
    -81.34375191343));
#2525 = CARTESIAN_POINT('',(6.840560830309,8.163070684304,
    -81.38541859251));
#2526 = CARTESIAN_POINT('',(8.163068928289,6.840567001614,
    -81.42708525438));
#2527 = CARTESIAN_POINT('',(9.19622143826,5.2880738152,-81.4687521243));
#2528 = CARTESIAN_POINT('',(9.898741133152,3.577914308716,
    -81.51041866164));
#2529 = CARTESIAN_POINT('',(10.250004000935,1.788963646295,
    -81.55208486092));
#2530 = CARTESIAN_POINT('',(10.250005647453,5.136101770583E-08,
    -81.59375215143));
#2531 = ORIENTED_EDGE('',*,*,#2532,.F.);
#2532 = EDGE_CURVE('',#2206,#2497,#2533,.T.);
#2533 = B_SPLINE_CURVE_WITH_KNOTS('',1,(#2534,#2535),.UNSPECIFIED.,.F.,
  .F.,(2,2),(0.,0.9375),.PIECEWISE_BEZIER_KNOTS.);
#2534 = CARTESIAN_POINT('',(9.438102797533,-1.154383340805E-07,
    -82.06249516449));
#2535 = CARTESIAN_POINT('',(10.250005647453,5.136101770583E-08,
    -81.59375215143));
#2536 = B_SPLINE_SURFACE_WITH_KNOTS('',1,9,(
    (#2537,#2538,#2539,#2540,#2541,#2542,#2543,#2544,#2545,#2546,#2547
      ,#2548,#2549,#2550,#2551,#2552,#2553,#2554,#2555,#2556,#2557,#2558
      ,#2559,#2560,#2561,#2562,#2563,#2564,#2565,#2566,#2567)
    ,(#2568,#2569,#2570,#2571,#2572,#2573,#2574,#2575,#2576,#2577,#2578
      ,#2579,#2580,#2581,#2582,#2583,#2584,#2585,#2586,#2587,#2588,#2589
      ,#2590,#2591,#2592,#2593,#2594,#2595,#2596,#2597,#2598
  )),.UNSPECIFIED.,.F.,.F.,.F.,(2,2),(10,7,7,7,10),(0.,0.9375),(0.,
    1.614938419963,3.229876839926,4.844815259889,6.459753679852),
  .UNSPECIFIED.);
#2537 = CARTESIAN_POINT('',(9.438102474814,-9.235036113608E-08,
    -80.56249613159));
#2538 = CARTESIAN_POINT('',(9.438102926579,-1.647259249112,
    -80.60416139614));
#2539 = CARTESIAN_POINT('',(9.114662193936,-3.29450669366,
    -80.64582911327));
#2540 = CARTESIAN_POINT('',(8.467788459066,-4.869210917343,
    -80.68749607062));
#2541 = CARTESIAN_POINT('',(7.516469923931,-6.298723259167,
    -80.72916228043));
#2542 = CARTESIAN_POINT('',(6.298723190339,-7.516474056272,
    -80.77082895791));
#2543 = CARTESIAN_POINT('',(4.869199364177,-8.467784756041,
    -80.81249559666));
#2544 = CARTESIAN_POINT('',(3.294519145552,-9.114661842448,
    -80.85416230157));
#2545 = CARTESIAN_POINT('',(-5.379716625622E-07,-9.761540400123,
    -80.93749566738));
#2546 = CARTESIAN_POINT('',(-3.294519457303,-9.114665544604,
    -81.02082897439));
#2547 = CARTESIAN_POINT('',(-4.869197888658,-8.467790168347,
    -81.06249561004));
#2548 = CARTESIAN_POINT('',(-6.298724338131,-7.516470473903,
    -81.10416227629));
#2549 = CARTESIAN_POINT('',(-7.516469199673,-6.298723837653,
    -81.14582898651));
#2550 = CARTESIAN_POINT('',(-8.467788051802,-4.869195960924,
    -81.18749569402));
#2551 = CARTESIAN_POINT('',(-9.114663946927,-3.294517373424,
    -81.22916235485));
#2552 = CARTESIAN_POINT('',(-9.761541077285,1.085229753441E-07,
    -81.31249564804));
#2553 = CARTESIAN_POINT('',(-9.114663899577,3.294517581173,
    -81.39582894124));
#2554 = CARTESIAN_POINT('',(-8.467787973665,4.869196161968,
    -81.43749560207));
#2555 = CARTESIAN_POINT('',(-7.516469058083,6.298724009676,
    -81.47916230957));
#2556 = CARTESIAN_POINT('',(-6.298724153686,7.516470594703,
    -81.5208290198));
#2557 = CARTESIAN_POINT('',(-4.869197697694,8.467790248661,
    -81.56249568605));
#2558 = CARTESIAN_POINT('',(-3.294519256306,9.114665612768,
    -81.6041623217));
#2559 = CARTESIAN_POINT('',(-3.222932257685E-07,9.761540412924,
    -81.6874956287));
#2560 = CARTESIAN_POINT('',(3.294519346548,9.11466176106,-81.77082899452
    ));
#2561 = CARTESIAN_POINT('',(4.869199533938,8.46778462779,-81.81249569943
    ));
#2562 = CARTESIAN_POINT('',(6.298723391472,7.516473852555,
    -81.85416233817));
#2563 = CARTESIAN_POINT('',(7.516469922133,6.298723165823,
    -81.89582901566));
#2564 = CARTESIAN_POINT('',(8.46778887749,4.869210935835,-81.93749522546
    ));
#2565 = CARTESIAN_POINT('',(9.11466236555,3.294506309253,-81.97916218282
    ));
#2566 = CARTESIAN_POINT('',(9.438102349795,1.647259041322,
    -82.02082989995));
#2567 = CARTESIAN_POINT('',(9.438102797533,-1.154383340805E-07,
    -82.06249516449));
#2568 = CARTESIAN_POINT('',(10.250004517964,4.108865514496E-08,
    -80.09375172114));
#2569 = CARTESIAN_POINT('',(10.250006162689,-1.788963553846,
    -80.13541901165));
#2570 = CARTESIAN_POINT('',(9.898740818645,-3.577914862503,
    -80.17708521094));
#2571 = CARTESIAN_POINT('',(9.196220396689,-5.288073015055,
    -80.21875174826));
#2572 = CARTESIAN_POINT('',(8.163069481628,-6.840566675514,
    -80.26041861821));
#2573 = CARTESIAN_POINT('',(6.84056077916,-8.163070850253,
    -80.30208528005));
#2574 = CARTESIAN_POINT('',(5.288066412035,-9.196217010847,
    -80.34375195915));
#2575 = CARTESIAN_POINT('',(3.577926511496,-9.898740681741,
    -80.3854186088));
#2576 = CARTESIAN_POINT('',(4.648765834344E-07,-10.60126623417,
    -80.46875192768));
#2577 = CARTESIAN_POINT('',(-3.577926370311,-9.898744807876,
    -80.55208527273));
#2578 = CARTESIAN_POINT('',(-5.28806562318,-9.196222624,-80.5937519532)
  );
#2579 = CARTESIAN_POINT('',(-6.840565721429,-8.163066103857,
    -80.63541862005));
#2580 = CARTESIAN_POINT('',(-8.163065301514,-6.840564262194,
    -80.67708526734));
#2581 = CARTESIAN_POINT('',(-9.196219997741,-5.28806354406,
    -80.71875191583));
#2582 = CARTESIAN_POINT('',(-9.898742837912,-3.57792499614,
    -80.76041858509));
#2583 = CARTESIAN_POINT('',(-10.60126699549,-4.406997324606E-08,
    -80.84375193629));
#2584 = CARTESIAN_POINT('',(-9.898742958317,3.577924931641,
    -80.92708528748));
#2585 = CARTESIAN_POINT('',(-9.196220147151,5.288063512275,
    -80.96875195675));
#2586 = CARTESIAN_POINT('',(-8.163065353001,6.84056421146,
    -81.01041860524));
#2587 = CARTESIAN_POINT('',(-6.840565728688,8.163065979606,
    -81.05208525253));
#2588 = CARTESIAN_POINT('',(-5.288065690245,9.196222482205,
    -81.09375191938));
#2589 = CARTESIAN_POINT('',(-3.577926458443,9.89874476032,
    -81.13541859984));
#2590 = CARTESIAN_POINT('',(3.719507140953E-07,10.601266278976,
    -81.21875194489));
#2591 = CARTESIAN_POINT('',(3.577926423364,9.898740683015,
    -81.30208526377));
#2592 = CARTESIAN_POINT('',(5.288066270763,9.196216984865,
    -81.34375191343));
#2593 = CARTESIAN_POINT('',(6.840560830309,8.163070684304,
    -81.38541859251));
#2594 = CARTESIAN_POINT('',(8.163068928289,6.840567001614,
    -81.42708525438));
#2595 = CARTESIAN_POINT('',(9.19622143826,5.2880738152,-81.4687521243));
#2596 = CARTESIAN_POINT('',(9.898741133152,3.577914308716,
    -81.51041866164));
#2597 = CARTESIAN_POINT('',(10.250004000935,1.788963646295,
    -81.55208486092));
#2598 = CARTESIAN_POINT('',(10.250005647453,5.136101770583E-08,
    -81.59375215143));
#2599 = ADVANCED_FACE('',(#2600),#2610,.F.);
#2600 = FACE_BOUND('',#2601,.F.);
#2601 = EDGE_LOOP('',(#2602,#2603,#2604,#2605));
#2602 = ORIENTED_EDGE('',*,*,#2496,.F.);
#2603 = ORIENTED_EDGE('',*,*,#2129,.T.);
#2604 = ORIENTED_EDGE('',*,*,#2395,.T.);
#2605 = ORIENTED_EDGE('',*,*,#2606,.F.);
#2606 = EDGE_CURVE('',#2497,#2396,#2607,.T.);
#2607 = B_SPLINE_CURVE_WITH_KNOTS('',1,(#2608,#2609),.UNSPECIFIED.,.F.,
  .F.,(2,2),(0.,0.1875),.PIECEWISE_BEZIER_KNOTS.);
#2608 = CARTESIAN_POINT('',(10.250005647453,5.136101326494E-08,
    -81.59375215143));
#2609 = CARTESIAN_POINT('',(10.250007261013,5.136112872813E-08,
    -81.40625215144));
#2610 = B_SPLINE_SURFACE_WITH_KNOTS('',1,11,(
    (#2611,#2612,#2613,#2614,#2615,#2616,#2617,#2618,#2619,#2620,#2621
      ,#2622,#2623,#2624,#2625,#2626,#2627,#2628,#2629,#2630,#2631)
    ,(#2632,#2633,#2634,#2635,#2636,#2637,#2638,#2639,#2640,#2641,#2642
      ,#2643,#2644,#2645,#2646,#2647,#2648,#2649,#2650,#2651,#2652
  )),.UNSPECIFIED.,.F.,.F.,.F.,(2,2),(12,9,12),(0.,0.1875),(0.,
    3.229876839926,6.459753679852),.UNSPECIFIED.);
#2611 = CARTESIAN_POINT('',(10.250004517964,4.108865425678E-08,
    -80.09375172114));
#2612 = CARTESIAN_POINT('',(10.250007209332,-2.92739493244,
    -80.16193456016));
#2613 = CARTESIAN_POINT('',(9.33032905738,-5.854757738264,
    -80.23011454217));
#2614 = CARTESIAN_POINT('',(7.491021146695,-8.461236595502,
    -80.29829751553));
#2615 = CARTESIAN_POINT('',(4.858033710427,-10.42541386014,
    -80.36648036751));
#2616 = CARTESIAN_POINT('',(1.68367361986,-11.48331345893,
    -80.43465951408));
#2617 = CARTESIAN_POINT('',(-1.683656650421,-11.4833376705,
    -80.50284371442));
#2618 = CARTESIAN_POINT('',(-4.858064950205,-10.42547559382,
    -80.57102446155));
#2619 = CARTESIAN_POINT('',(-7.491000585924,-8.4611587428,
    -80.63920651763));
#2620 = CARTESIAN_POINT('',(-9.330336938995,-5.854786327233,
    -80.7073882707));
#2621 = CARTESIAN_POINT('',(-11.16967285609,-5.363443815739E-08,
    -80.84375193629));
#2622 = CARTESIAN_POINT('',(-9.330337136021,5.854786281863,
    -80.98011560188));
#2623 = CARTESIAN_POINT('',(-7.491001538965,8.461158705679,
    -81.04829735496));
#2624 = CARTESIAN_POINT('',(-4.858060532946,10.425476239868,
    -81.11647941098));
#2625 = CARTESIAN_POINT('',(-1.683666039446,11.483333418725,
    -81.18466015827));
#2626 = CARTESIAN_POINT('',(1.68368449855,11.483322489551,
    -81.25284435833));
#2627 = CARTESIAN_POINT('',(4.858026989824,10.425403642806,
    -81.32102350521));
#2628 = CARTESIAN_POINT('',(7.491020070806,8.461243041832,
    -81.38920635697));
#2629 = CARTESIAN_POINT('',(9.3303345159,5.854756138747,-81.45738933043)
  );
#2630 = CARTESIAN_POINT('',(10.250002953151,2.927395024889,
    -81.52556931241));
#2631 = CARTESIAN_POINT('',(10.250005647453,5.136101326494E-08,
    -81.59375215143));
#2632 = CARTESIAN_POINT('',(10.250005808813,4.108869156028E-08,
    -79.90625172115));
#2633 = CARTESIAN_POINT('',(10.250009265792,-2.927395347191,
    -79.97443456017));
#2634 = CARTESIAN_POINT('',(9.330329591951,-5.854758808287,
    -80.04261454217));
#2635 = CARTESIAN_POINT('',(7.491022350821,-8.461236882974,
    -80.11079751552));
#2636 = CARTESIAN_POINT('',(4.858035345331,-10.4254168032,
    -80.17898036755));
#2637 = CARTESIAN_POINT('',(1.683672289515,-11.4833137978,
    -80.24715951405));
#2638 = CARTESIAN_POINT('',(-1.683655562445,-11.48333990278,
    -80.31534371445));
#2639 = CARTESIAN_POINT('',(-4.858066282978,-10.42547697229,
    -80.38352446154));
#2640 = CARTESIAN_POINT('',(-7.491001521986,-8.461159937222,
    -80.45170651764));
#2641 = CARTESIAN_POINT('',(-9.3303382403,-5.85478715119,-80.5198882707)
  );
#2642 = CARTESIAN_POINT('',(-11.1696744386,-5.456639584699E-08,
    -80.65625193629));
#2643 = CARTESIAN_POINT('',(-9.330338478531,5.854787116902,
    -80.79261560188));
#2644 = CARTESIAN_POINT('',(-7.49100272552,8.4611599088,-80.86079735496)
  );
#2645 = CARTESIAN_POINT('',(-4.858060576776,10.425477815437,
    -80.92897941098));
#2646 = CARTESIAN_POINT('',(-1.683667604462,11.483334440544,
    -80.99716015829));
#2647 = CARTESIAN_POINT('',(1.683686306003,11.483325404272,
    -81.06534435832));
#2648 = CARTESIAN_POINT('',(4.858026731418,10.42540365409,
    -81.13352350523));
#2649 = CARTESIAN_POINT('',(7.491020989338,8.461245151814,
    -81.20170635696));
#2650 = CARTESIAN_POINT('',(9.330336625141,5.854756727719,
    -81.26988933045));
#2651 = CARTESIAN_POINT('',(10.2500038011,2.92739543964,-81.33806931241)
  );
#2652 = CARTESIAN_POINT('',(10.250007261013,5.136112872813E-08,
    -81.40625215144));
#2653 = ADVANCED_FACE('',(#2654),#2672,.T.);
#2654 = FACE_BOUND('',#2655,.T.);
#2655 = EDGE_LOOP('',(#2656,#2665,#2670,#2671));
#2656 = ORIENTED_EDGE('',*,*,#2657,.T.);
#2657 = EDGE_CURVE('',#2658,#2658,#2660,.T.);
#2658 = VERTEX_POINT('',#2659);
#2659 = CARTESIAN_POINT('',(17.,0.,-105.75));
#2660 = CIRCLE('',#2661,17.);
#2661 = AXIS2_PLACEMENT_3D('',#2662,#2663,#2664);
#2662 = CARTESIAN_POINT('',(1.299802207523E-14,0.,-105.75));
#2663 = DIRECTION('',(-2.324646799147E-16,0.,1.));
#2664 = DIRECTION('',(1.,0.,2.324646799147E-16));
#2665 = ORIENTED_EDGE('',*,*,#2666,.T.);
#2666 = EDGE_CURVE('',#2658,#2182,#2667,.T.);
#2667 = B_SPLINE_CURVE_WITH_KNOTS('',1,(#2668,#2669),.UNSPECIFIED.,.F.,
  .F.,(2,2),(-2.692582403567,0.),.PIECEWISE_BEZIER_KNOTS.);
#2668 = CARTESIAN_POINT('',(17.,0.,-105.75));
#2669 = CARTESIAN_POINT('',(18.,0.,-103.25));
#2670 = ORIENTED_EDGE('',*,*,#2188,.F.);
#2671 = ORIENTED_EDGE('',*,*,#2666,.F.);
#2672 = CONICAL_SURFACE('',#2673,18.,0.380506377112);
#2673 = AXIS2_PLACEMENT_3D('',#2674,#2675,#2676);
#2674 = CARTESIAN_POINT('',(1.241186037544E-14,0.,-103.25));
#2675 = DIRECTION('',(-2.324646799147E-16,0.,1.));
#2676 = DIRECTION('',(1.,0.,2.324646799147E-16));
#2677 = ADVANCED_FACE('',(#2678),#2862,.F.);
#2678 = FACE_BOUND('',#2679,.T.);
#2679 = EDGE_LOOP('',(#2680,#2764,#2765,#2856));
#2680 = ORIENTED_EDGE('',*,*,#2681,.F.);
#2681 = EDGE_CURVE('',#2206,#2682,#2684,.T.);
#2682 = VERTEX_POINT('',#2683);
#2683 = CARTESIAN_POINT('',(9.5,-6.163322197012E-08,-83.52675886947));
#2684 = B_SPLINE_CURVE_WITH_KNOTS('',8,(#2685,#2686,#2687,#2688,#2689,
    #2690,#2691,#2692,#2693,#2694,#2695,#2696,#2697,#2698,#2699,#2700,
    #2701,#2702,#2703,#2704,#2705,#2706,#2707,#2708,#2709,#2710,#2711,
    #2712,#2713,#2714,#2715,#2716,#2717,#2718,#2719,#2720,#2721,#2722,
    #2723,#2724,#2725,#2726,#2727,#2728,#2729,#2730,#2731,#2732,#2733,
    #2734,#2735,#2736,#2737,#2738,#2739,#2740,#2741,#2742,#2743,#2744,
    #2745,#2746,#2747,#2748,#2749,#2750,#2751,#2752,#2753,#2754,#2755,
    #2756,#2757,#2758,#2759,#2760,#2761,#2762,#2763),.UNSPECIFIED.,.F.,
  .F.,(9,7,7,7,7,7,7,7,7,7,7,9),(0.,4.772684905011E-02,0.120627141857,
    0.214319698061,0.317285433611,0.426958204065,0.576512678846,
    0.684444911116,0.788401082139,0.870755040636,0.957205346814,1.),
  .UNSPECIFIED.);
#2685 = CARTESIAN_POINT('',(9.5,-1.027218079486E-07,-82.02675950821));
#2686 = CARTESIAN_POINT('',(9.49999999615,-0.356052541122,
    -82.03570681247));
#2687 = CARTESIAN_POINT('',(9.484749062193,-0.712109670373,
    -82.0446542727));
#2688 = CARTESIAN_POINT('',(9.45424650813,-1.067402349242,
    -82.05360167768));
#2689 = CARTESIAN_POINT('',(9.408538979538,-1.421168162731,
    -82.06254902778));
#2690 = CARTESIAN_POINT('',(9.347718059935,-1.772651221438,
    -82.0714964153));
#2691 = CARTESIAN_POINT('',(9.271919475214,-2.121102212079,
    -82.08044392125));
#2692 = CARTESIAN_POINT('',(9.181323900133,-2.465778699175,
    -82.08939152854));
#2693 = CARTESIAN_POINT('',(8.915525982917,-3.325533139557,
    -82.11200592978));
#2694 = CARTESIAN_POINT('',(8.720886075607,-3.834650106738,
    -82.12567392736));
#2695 = CARTESIAN_POINT('',(8.493051184239,-4.330641145063,
    -82.13934156664));
#2696 = CARTESIAN_POINT('',(8.233073120019,-4.810986335527,
    -82.15300867527));
#2697 = CARTESIAN_POINT('',(7.942216740813,-5.273287812366,
    -82.16667575239));
#2698 = CARTESIAN_POINT('',(7.621950164154,-5.715266490312,
    -82.18034331767));
#2699 = CARTESIAN_POINT('',(7.273952418482,-6.134768981236,
    -82.19401124317));
#2700 = CARTESIAN_POINT('',(6.419707286558,-7.037464861995,
    -82.22524287724));
#2701 = CARTESIAN_POINT('',(5.896489158839,-7.504850360031,
    -82.2428110436));
#2702 = CARTESIAN_POINT('',(5.334566184436,-7.927570772689,
    -82.26037751798));
#2703 = CARTESIAN_POINT('',(4.738433614153,-8.301938420033,
    -82.27794198038));
#2704 = CARTESIAN_POINT('',(4.112924828722,-8.624837649057,
    -82.29550646571));
#2705 = CARTESIAN_POINT('',(3.463180458943,-8.893691281997,
    -82.3130729963));
#2706 = CARTESIAN_POINT('',(2.794661711867,-9.106504227696,
    -82.33064122114));
#2707 = CARTESIAN_POINT('',(1.364307504555,-9.432852851429,
    -82.36750937425));
#2708 = CARTESIAN_POINT('',(0.599395801536,-9.534566255283,
    -82.38681840578));
#2709 = CARTESIAN_POINT('',(-0.173744282162,-9.565279406911,
    -82.40612505849));
#2710 = CARTESIAN_POINT('',(-0.94741183508,-9.524342451866,
    -82.42542868569));
#2711 = CARTESIAN_POINT('',(-1.713983223499,-9.412067716717,
    -82.44473231625));
#2712 = CARTESIAN_POINT('',(-2.465922683247,-9.22965082256,
    -82.4640389435));
#2713 = CARTESIAN_POINT('',(-3.195808238006,-8.979245937248,
    -82.48334787841));
#2714 = CARTESIAN_POINT('',(-4.642571393428,-8.328622456694,
    -82.5232118431));
#2715 = CARTESIAN_POINT('',(-5.356022992398,-7.9194757842,
    -82.54378019957));
#2716 = CARTESIAN_POINT('',(-6.027816562059,-7.440645838282,
    -82.56434437004));
#2717 = CARTESIAN_POINT('',(-6.650110123854,-6.897224384635,
    -82.58490515045));
#2718 = CARTESIAN_POINT('',(-7.215864779351,-6.29516307869,
    -82.6054659161));
#2719 = CARTESIAN_POINT('',(-7.718876152115,-5.641279138869,
    -82.62603012747));
#2720 = CARTESIAN_POINT('',(-8.153769908518,-4.943223394701,
    -82.64659853964));
#2721 = CARTESIAN_POINT('',(-9.010739186918,-3.209576683727,
    -82.69519665209));
#2722 = CARTESIAN_POINT('',(-9.371544114154,-2.141730765647,
    -82.72327063339));
#2723 = CARTESIAN_POINT('',(-9.58671556091,-1.029038487876,
    -82.75132320435));
#2724 = CARTESIAN_POINT('',(-9.650834935423,0.105265131734,
    -82.77936278038));
#2725 = CARTESIAN_POINT('',(-9.56198924472,1.237900276789,
    -82.80740304235));
#2726 = CARTESIAN_POINT('',(-9.322598813971,2.345634505022,
    -82.83545507271));
#2727 = CARTESIAN_POINT('',(-8.938587725146,3.405356464984,
    -82.86352884597));
#2728 = CARTESIAN_POINT('',(-8.050014321864,5.108386384699,
    -82.91180066153));
#2729 = CARTESIAN_POINT('',(-7.608263477263,5.786428226893,
    -82.93204227208));
#2730 = CARTESIAN_POINT('',(-7.101427980844,6.420402984056,
    -82.95228025048));
#2731 = CARTESIAN_POINT('',(-6.534753708965,7.00309993363,
    -82.97251509541));
#2732 = CARTESIAN_POINT('',(-5.914288206322,7.528150425252,
    -82.99274994229));
#2733 = CARTESIAN_POINT('',(-5.246802830262,7.989961501649,
    -83.01298793575));
#2734 = CARTESIAN_POINT('',(-4.539853588287,8.383798152074,
    -83.03322958028));
#2735 = CARTESIAN_POINT('',(-3.09123087141,9.016415347125,
    -83.07295292332));
#2736 = CARTESIAN_POINT('',(-2.351336851118,9.260574156789,
    -83.09244775609));
#2737 = CARTESIAN_POINT('',(-1.589785328387,9.435157119187,
    -83.11193937696));
#2738 = CARTESIAN_POINT('',(-0.814249034128,9.538041037528,
    -83.13142819119));
#2739 = CARTESIAN_POINT('',(-3.249585969777E-02,9.568100704783,
    -83.15091701291));
#2740 = CARTESIAN_POINT('',(0.747628028464,9.525128409065,
    -83.17040862532));
#2741 = CARTESIAN_POINT('',(1.51820112803,9.409916018314,-83.18990339719
    ));
#2742 = CARTESIAN_POINT('',(2.867806479395,9.077617858638,
    -83.22483152961));
#2743 = CARTESIAN_POINT('',(3.453583899794,8.886623413586,
    -83.24027262699));
#2744 = CARTESIAN_POINT('',(4.024662719725,8.652464026109,
    -83.25571300163));
#2745 = CARTESIAN_POINT('',(4.577340787296,8.376493458363,
    -83.27115242287));
#2746 = CARTESIAN_POINT('',(5.108103092764,8.060417281016,
    -83.28659187267));
#2747 = CARTESIAN_POINT('',(5.613615798471,7.706272459828,
    -83.30203232251));
#2748 = CARTESIAN_POINT('',(6.090740101121,7.316443472481,
    -83.31747351449));
#2749 = CARTESIAN_POINT('',(7.004567462692,6.449959605267,
    -83.34911993758));
#2750 = CARTESIAN_POINT('',(7.438208516691,5.969827993496,
    -83.36532936421));
#2751 = CARTESIAN_POINT('',(7.834081887099,5.456517207236,
    -83.38153760493));
#2752 = CARTESIAN_POINT('',(8.189259395053,4.913526063343,
    -83.39774440406));
#2753 = CARTESIAN_POINT('',(8.501223896972,4.344607196067,
    -83.41395114834));
#2754 = CARTESIAN_POINT('',(8.767848740242,3.753747592617,
    -83.43015928009));
#2755 = CARTESIAN_POINT('',(8.987424661731,3.145177576875,
    -83.44636864697));
#2756 = CARTESIAN_POINT('',(9.243535786506,2.215619822011,-83.4705986516
    ));
#2757 = CARTESIAN_POINT('',(9.31651683118,1.904571657559,-83.47862161726
    ));
#2758 = CARTESIAN_POINT('',(9.377530457107,1.590797385041,
    -83.48664458205));
#2759 = CARTESIAN_POINT('',(9.426459144847,1.274834869297,
    -83.49466751975));
#2760 = CARTESIAN_POINT('',(9.46321467663,0.957226066429,-83.50269044003
    ));
#2761 = CARTESIAN_POINT('',(9.487738151424,0.638516887367,
    -83.51071334725));
#2762 = CARTESIAN_POINT('',(9.5,0.319257061451,-83.51873619928));
#2763 = CARTESIAN_POINT('',(9.5,-1.7763568394E-15,-83.52675886637));
#2764 = ORIENTED_EDGE('',*,*,#2381,.T.);
#2765 = ORIENTED_EDGE('',*,*,#2766,.T.);
#2766 = EDGE_CURVE('',#2291,#2767,#2769,.T.);
#2767 = VERTEX_POINT('',#2768);
#2768 = CARTESIAN_POINT('',(9.5,-7.190663863459E-08,-83.97322239297));
#2769 = B_SPLINE_CURVE_WITH_KNOTS('',8,(#2770,#2771,#2772,#2773,#2774,
    #2775,#2776,#2777,#2778,#2779,#2780,#2781,#2782,#2783,#2784,#2785,
    #2786,#2787,#2788,#2789,#2790,#2791,#2792,#2793,#2794,#2795,#2796,
    #2797,#2798,#2799,#2800,#2801,#2802,#2803,#2804,#2805,#2806,#2807,
    #2808,#2809,#2810,#2811,#2812,#2813,#2814,#2815,#2816,#2817,#2818,
    #2819,#2820,#2821,#2822,#2823,#2824,#2825,#2826,#2827,#2828,#2829,
    #2830,#2831,#2832,#2833,#2834,#2835,#2836,#2837,#2838,#2839,#2840,
    #2841,#2842,#2843,#2844,#2845,#2846,#2847,#2848,#2849,#2850,#2851,
    #2852,#2853,#2854,#2855),.UNSPECIFIED.,.F.,.F.,(9,7,7,7,7,7,7,7,7,7,
    7,7,9),(0.,2.051820963409E-02,5.256631521505E-02,0.122561535854,
    0.214695986197,0.319530038931,0.432011940595,0.577526706706,
    0.686135777952,0.789093552314,0.883127200578,0.960678194357,1.),
  .UNSPECIFIED.);
#2770 = CARTESIAN_POINT('',(9.5,-1.232681121621E-07,-82.4732245223));
#2771 = CARTESIAN_POINT('',(9.499999998014,-0.1530711403,-82.4770708709)
  );
#2772 = CARTESIAN_POINT('',(9.497181260126,-0.306142205786,
    -82.48091727866));
#2773 = CARTESIAN_POINT('',(9.491543787582,-0.459152677324,
    -82.4847637387));
#2774 = CARTESIAN_POINT('',(9.483089141176,-0.612042002278,
    -82.48861024407));
#2775 = CARTESIAN_POINT('',(9.471820441255,-0.76474971778,
    -82.49245678779));
#2776 = CARTESIAN_POINT('',(9.457742367714,-0.917215450729,
    -82.49630336283));
#2777 = CARTESIAN_POINT('',(9.440861160002,-1.069378917792,
    -82.50014996212));
#2778 = CARTESIAN_POINT('',(9.390451140117,-1.458283201275,
    -82.51000474253));
#2779 = CARTESIAN_POINT('',(9.352897886999,-1.694503257473,
    -82.51601296063));
#2780 = CARTESIAN_POINT('',(9.308554695333,-1.929610225878,
    -82.52202120898));
#2781 = CARTESIAN_POINT('',(9.25746045832,-2.163376361723,-82.5280294681
    ));
#2782 = CARTESIAN_POINT('',(9.199663124787,-2.395576043593,
    -82.53403772289));
#2783 = CARTESIAN_POINT('',(9.135219699193,-2.625985773426,
    -82.54004596255));
#2784 = CARTESIAN_POINT('',(9.064196241625,-2.85438417651,
    -82.54605418066));
#2785 = CARTESIAN_POINT('',(8.817340678771,-3.574517760887,
    -82.56518467649));
#2786 = CARTESIAN_POINT('',(8.616972231387,-4.057878204934,
    -82.57830772246));
#2787 = CARTESIAN_POINT('',(8.386351448537,-4.528310040222,
    -82.59143029816));
#2788 = CARTESIAN_POINT('',(8.126467333947,-4.98360881979,
    -82.60455236234));
#2789 = CARTESIAN_POINT('',(7.838487811106,-5.421677899584,
    -82.61767444021));
#2790 = CARTESIAN_POINT('',(7.523752096198,-5.840525689715,
    -82.6307970383));
#2791 = CARTESIAN_POINT('',(7.183776605057,-6.238271200493,
    -82.64392008124));
#2792 = CARTESIAN_POINT('',(6.34179777676,-7.106619838829,
    -82.67431519205));
#2793 = CARTESIAN_POINT('',(5.82242630103,-7.560611053433,
    -82.69159136866));
#2794 = CARTESIAN_POINT('',(5.266088502778,-7.971029046356,
    -82.70886624788));
#2795 = CARTESIAN_POINT('',(4.67709229796,-8.33440994593,-82.72613940532
    ));
#2796 = CARTESIAN_POINT('',(4.06005782305,-8.647827633003,
    -82.74341254458));
#2797 = CARTESIAN_POINT('',(3.419889747935,-8.908863098647,
    -82.76068738375));
#2798 = CARTESIAN_POINT('',(2.7617890613,-9.115644016113,-82.77796352896
    ));
#2799 = CARTESIAN_POINT('',(1.328401510156,-9.439121333435,
    -82.81488998476));
#2800 = CARTESIAN_POINT('',(0.549059337733,-9.539563301292,
    -82.83454968704));
#2801 = CARTESIAN_POINT('',(-0.238495519644,-9.566345985171,
    -82.85420605849));
#2802 = CARTESIAN_POINT('',(-1.026122387891,-9.518826582587,
    -82.87385958259));
#2803 = CARTESIAN_POINT('',(-1.805781432168,-9.3973937328,
    -82.89351314126));
#2804 = CARTESIAN_POINT('',(-2.569534710007,-9.20338119741,
    -82.91316959217));
#2805 = CARTESIAN_POINT('',(-3.309565591456,-8.939151959914,
    -82.93282936299));
#2806 = CARTESIAN_POINT('',(-4.778631634609,-8.253413901257,
    -82.97357047845));
#2807 = CARTESIAN_POINT('',(-5.503502523469,-7.821569463933,
    -82.99466686913));
#2808 = CARTESIAN_POINT('',(-6.183279062781,-7.317152284631,
    -83.01575866915));
#2809 = CARTESIAN_POINT('',(-6.8096025995,-6.745817339622,
    -83.03684673578));
#2810 = CARTESIAN_POINT('',(-7.375018018854,-6.114144774657,
    -83.05793474756));
#2811 = CARTESIAN_POINT('',(-7.87301564873,-5.429651418882,
    -83.07902644588));
#2812 = CARTESIAN_POINT('',(-8.298019428594,-4.700748316044,
    -83.10012276769));
#2813 = CARTESIAN_POINT('',(-9.095675709469,-2.949094746353,
    -83.14849043279));
#2814 = CARTESIAN_POINT('',(-9.417069169937,-1.901222682578,
    -83.1758023923));
#2815 = CARTESIAN_POINT('',(-9.599649988019,-0.8147073708,
    -83.20309555771));
#2816 = CARTESIAN_POINT('',(-9.638924544664,0.288951583874,
    -83.23037807908));
#2817 = CARTESIAN_POINT('',(-9.533609883757,1.388276113866,
    -83.25766018372));
#2818 = CARTESIAN_POINT('',(-9.286273225473,2.461903533444,
    -83.28495384887));
#2819 = CARTESIAN_POINT('',(-8.902687970685,3.488642040028,
    -83.31226597494));
#2820 = CARTESIAN_POINT('',(-8.015065015973,5.163839576684,
    -83.35990757927));
#2821 = CARTESIAN_POINT('',(-7.565781648937,5.843079865666,
    -83.38027631178));
#2822 = CARTESIAN_POINT('',(-7.050900965124,6.477220887709,
    -83.4006410585));
#2823 = CARTESIAN_POINT('',(-6.47583560473,7.058973401859,-83.4210025179
    ));
#2824 = CARTESIAN_POINT('',(-5.846778087123,7.581871855672,
    -83.44136399472));
#2825 = CARTESIAN_POINT('',(-5.170702617038,8.040302775004,
    -83.46172871754));
#2826 = CARTESIAN_POINT('',(-4.455336957854,8.429500517209,
    -83.48209742576));
#2827 = CARTESIAN_POINT('',(-3.002286822323,9.045785604233,
    -83.52176074357));
#2828 = CARTESIAN_POINT('',(-2.267246688751,9.280445831295,
    -83.54106831593));
#2829 = CARTESIAN_POINT('',(-1.51162024365,9.446670171566,
    -83.56037357628));
#2830 = CARTESIAN_POINT('',(-0.742872383247,9.542464689178,
    -83.57967582808));
#2831 = CARTESIAN_POINT('',(3.143882980074E-02,9.566795946603,
    -83.59897806317));
#2832 = CARTESIAN_POINT('',(0.803686454904,9.519515243328,-83.6182833154
    ));
#2833 = CARTESIAN_POINT('',(1.566186949264,9.401437221285,
    -83.63759094446));
#2834 = CARTESIAN_POINT('',(2.991637980205,9.043905396957,
    -83.67452171384));
#2835 = CARTESIAN_POINT('',(3.657812723502,8.815778318546,
    -83.69215401781));
#2836 = CARTESIAN_POINT('',(4.30384921257,8.531624123983,-83.70978460433
    ));
#2837 = CARTESIAN_POINT('',(4.92427150463,8.193580641949,-83.72741311555
    ));
#2838 = CARTESIAN_POINT('',(5.513942014815,7.804368777603,
    -83.74504160926));
#2839 = CARTESIAN_POINT('',(6.068047054197,7.367248222073,
    -83.76267216021));
#2840 = CARTESIAN_POINT('',(6.582129053266,6.886051101437,
    -83.78030444673));
#2841 = CARTESIAN_POINT('',(7.439811722771,5.935816827885,
    -83.81247212752));
#2842 = CARTESIAN_POINT('',(7.797603587544,5.479318572214,
    -83.82701241596));
#2843 = CARTESIAN_POINT('',(8.123285205641,4.998278799872,
    -83.84155220678));
#2844 = CARTESIAN_POINT('',(8.414913200925,4.495351485842,
    -83.85609132407));
#2845 = CARTESIAN_POINT('',(8.670819613453,3.973341255709,
    -83.87063047522));
#2846 = CARTESIAN_POINT('',(8.889600519039,3.435193786093,
    -83.88517034288));
#2847 = CARTESIAN_POINT('',(9.070130335629,2.883999928219,
    -83.89971069075));
#2848 = CARTESIAN_POINT('',(9.283334154146,2.038568493681,
    -83.92162129805));
#2849 = CARTESIAN_POINT('',(9.345028683143,1.751590172349,
    -83.92899311435));
#2850 = CARTESIAN_POINT('',(9.396580663277,1.462494471315,
    -83.93636485471));
#2851 = CARTESIAN_POINT('',(9.437906253532,1.171700034669,
    -83.94373651034));
#2852 = CARTESIAN_POINT('',(9.468942523373,0.879628188958,
    -83.95110810316));
#2853 = CARTESIAN_POINT('',(9.489647464066,0.586702862246,
    -83.95847964793));
#2854 = CARTESIAN_POINT('',(9.5,0.293350503169,-83.96585111439));
#2855 = CARTESIAN_POINT('',(9.5,-1.7763568394E-15,-83.97322238936));
#2856 = ORIENTED_EDGE('',*,*,#2857,.F.);
#2857 = EDGE_CURVE('',#2682,#2767,#2858,.T.);
#2858 = LINE('',#2859,#2860);
#2859 = CARTESIAN_POINT('',(9.5,0.,-74.75));
#2860 = VECTOR('',#2861,1.);
#2861 = DIRECTION('',(5.141040633873E-17,0.,-1.));
#2862 = CYLINDRICAL_SURFACE('',#2863,9.5);
#2863 = AXIS2_PLACEMENT_3D('',#2864,#2865,#2866);
#2864 = CARTESIAN_POINT('',(3.061616997868E-15,0.,-74.75));
#2865 = DIRECTION('',(1.224646799147E-16,0.,-1.));
#2866 = DIRECTION('',(1.,0.,1.224646799147E-16));
#2867 = ADVANCED_FACE('',(#2868),#2903,.F.);
#2868 = FACE_BOUND('',#2869,.F.);
#2869 = EDGE_LOOP('',(#2870,#2896,#2897,#2898));
#2870 = ORIENTED_EDGE('',*,*,#2871,.F.);
#2871 = EDGE_CURVE('',#2396,#2872,#2874,.T.);
#2872 = VERTEX_POINT('',#2873);
#2873 = CARTESIAN_POINT('',(10.250008713213,6.163386638804E-08,
    -82.90625258174));
#2874 = B_SPLINE_CURVE_WITH_KNOTS('',11,(#2875,#2876,#2877,#2878,#2879,
    #2880,#2881,#2882,#2883,#2884,#2885,#2886,#2887,#2888,#2889,#2890,
    #2891,#2892,#2893,#2894,#2895),.UNSPECIFIED.,.F.,.F.,(12,9,12),(0.,
    3.229876839926,6.459753679852),.UNSPECIFIED.);
#2875 = CARTESIAN_POINT('',(10.250007261013,5.13613436226E-08,
    -81.40625215144));
#2876 = CARTESIAN_POINT('',(10.250010720926,-2.927395751668,
    -81.47443499047));
#2877 = CARTESIAN_POINT('',(9.330330919724,-5.854759628431,
    -81.54261497246));
#2878 = CARTESIAN_POINT('',(7.491023420625,-8.461238074194,
    -81.61079794582));
#2879 = CARTESIAN_POINT('',(4.858036044029,-10.42541827549,
    -81.67898079785));
#2880 = CARTESIAN_POINT('',(1.683672539576,-11.48331542291,
    -81.74715994434));
#2881 = CARTESIAN_POINT('',(-1.683655789455,-11.4833415315,
    -81.81534414475));
#2882 = CARTESIAN_POINT('',(-4.858066960831,-10.42547845418,
    -81.88352489184));
#2883 = CARTESIAN_POINT('',(-7.491002574811,-8.461161143496,
    -81.95170694793));
#2884 = CARTESIAN_POINT('',(-9.330339556336,-5.854787990037,
    -82.019888701));
#2885 = CARTESIAN_POINT('',(-11.16967602109,-6.575967774637E-08,
    -82.15625236659));
#2886 = CARTESIAN_POINT('',(-9.330339806303,5.854787937045,
    -82.29261603218));
#2887 = CARTESIAN_POINT('',(-7.491003795307,8.461161100067,
    -82.36079778526));
#2888 = CARTESIAN_POINT('',(-4.858061275518,10.425479287569,
    -82.42897984127));
#2889 = CARTESIAN_POINT('',(-1.683667854507,11.483336065919,
    -82.49716058858));
#2890 = CARTESIAN_POINT('',(1.683686533069,11.483327032734,
    -82.56534478862));
#2891 = CARTESIAN_POINT('',(4.858027409201,10.425405136139,
    -82.63352393552));
#2892 = CARTESIAN_POINT('',(7.491022042193,8.461246358036,
    -82.70170678725));
#2893 = CARTESIAN_POINT('',(9.330337941173,5.854757566569,
    -82.76988976075));
#2894 = CARTESIAN_POINT('',(10.250005250369,2.927395864662,
    -82.8380697427));
#2895 = CARTESIAN_POINT('',(10.250008713213,6.163385362109E-08,
    -82.90625258174));
#2896 = ORIENTED_EDGE('',*,*,#2423,.T.);
#2897 = ORIENTED_EDGE('',*,*,#2290,.T.);
#2898 = ORIENTED_EDGE('',*,*,#2899,.F.);
#2899 = EDGE_CURVE('',#2872,#2291,#2900,.T.);
#2900 = B_SPLINE_CURVE_WITH_KNOTS('',1,(#2901,#2902),.UNSPECIFIED.,.F.,
  .F.,(2,2),(0.,0.9375),.PIECEWISE_BEZIER_KNOTS.);
#2901 = CARTESIAN_POINT('',(10.250008713213,6.163385628563E-08,
    -82.90625258174));
#2902 = CARTESIAN_POINT('',(9.43811473789,-1.385248854178E-07,
    -82.43749419746));
#2903 = B_SPLINE_SURFACE_WITH_KNOTS('',1,9,(
    (#2904,#2905,#2906,#2907,#2908,#2909,#2910,#2911,#2912,#2913,#2914
      ,#2915,#2916,#2917,#2918,#2919,#2920,#2921,#2922,#2923,#2924,#2925
      ,#2926,#2927,#2928,#2929,#2930,#2931,#2932,#2933,#2934)
    ,(#2935,#2936,#2937,#2938,#2939,#2940,#2941,#2942,#2943,#2944,#2945
      ,#2946,#2947,#2948,#2949,#2950,#2951,#2952,#2953,#2954,#2955,#2956
      ,#2957,#2958,#2959,#2960,#2961,#2962,#2963,#2964,#2965
  )),.UNSPECIFIED.,.F.,.F.,.F.,(2,2),(10,7,7,7,10),(0.,0.9375),(0.,
    1.614938419963,3.229876839926,4.844815259889,6.459753679852),
  .UNSPECIFIED.);
#2904 = CARTESIAN_POINT('',(10.250007261013,5.136134184625E-08,
    -81.40625215144));
#2905 = CARTESIAN_POINT('',(10.250009375405,-1.78896405049,
    -81.44791944196));
#2906 = CARTESIAN_POINT('',(9.898743577564,-3.577915958281,
    -81.48958564125));
#2907 = CARTESIAN_POINT('',(9.196222852186,-5.288074401771,
    -81.53125217856));
#2908 = CARTESIAN_POINT('',(8.163071871789,-6.840568569594,
    -81.57291904852));
#2909 = CARTESIAN_POINT('',(6.840562707821,-8.163073188978,
    -81.61458571035));
#2910 = CARTESIAN_POINT('',(5.28806792799,-9.196219621881,
    -81.65625238945));
#2911 = CARTESIAN_POINT('',(3.57792753508,-9.898743487456,-81.6979190391
    ));
#2912 = CARTESIAN_POINT('',(4.75119826531E-07,-10.60126923171,
    -81.78125235798));
#2913 = CARTESIAN_POINT('',(-3.577927374383,-9.898747618519,
    -81.86458570303));
#2914 = CARTESIAN_POINT('',(-5.288068474676,-9.19622381029,
    -81.90625238211));
#2915 = CARTESIAN_POINT('',(-6.840564163818,-8.163072131091,
    -81.94791905392));
#2916 = CARTESIAN_POINT('',(-8.163071106407,-6.840562507034,
    -81.98958569407));
#2917 = CARTESIAN_POINT('',(-9.196221223683,-5.288066482638,
    -82.03125234752));
#2918 = CARTESIAN_POINT('',(-9.898745626608,-3.577926016349,
    -82.07291901539));
#2919 = CARTESIAN_POINT('',(-10.60126999943,-5.362655131174E-08,
    -82.15625236659));
#2920 = CARTESIAN_POINT('',(-9.898745779366,3.57792593909,
    -82.23958571778));
#2921 = CARTESIAN_POINT('',(-9.196222772788,5.288065008773,
    -82.28125238705));
#2922 = CARTESIAN_POINT('',(-8.163067671458,6.840566144868,
    -82.32291903554));
#2923 = CARTESIAN_POINT('',(-6.840567665708,8.163068276868,
    -82.36458568283));
#2924 = CARTESIAN_POINT('',(-5.288067195603,9.196225069272,
    -82.40625234968));
#2925 = CARTESIAN_POINT('',(-3.577927482027,9.898747559425,
    -82.44791903015));
#2926 = CARTESIAN_POINT('',(3.617136486581E-07,10.601269289314,
    -82.53125237519));
#2927 = CARTESIAN_POINT('',(3.577927427436,9.898743487045,
    -82.61458569408));
#2928 = CARTESIAN_POINT('',(5.288067751619,9.196219585447,
    -82.65625234373));
#2929 = CARTESIAN_POINT('',(6.840562778264,8.163072971703,
    -82.69791902281));
#2930 = CARTESIAN_POINT('',(8.163071164261,6.840568984186,
    -82.73958568468));
#2931 = CARTESIAN_POINT('',(9.196224194383,5.288075425267,-82.7812525546
    ));
#2932 = CARTESIAN_POINT('',(9.898743983977,3.5779152406,-82.82291909194)
  );
#2933 = CARTESIAN_POINT('',(10.25000659703,1.788964163485,
    -82.86458529122));
#2934 = CARTESIAN_POINT('',(10.250008713213,6.163385628563E-08,
    -82.90625258174));
#2935 = CARTESIAN_POINT('',(9.438112478897,-1.154374400514E-07,
    -80.93749516454));
#2936 = CARTESIAN_POINT('',(9.438115733879,-1.647261187222,
    -80.97916042911));
#2937 = CARTESIAN_POINT('',(9.114672484843,-3.294511097197,
    -81.02082814622));
#2938 = CARTESIAN_POINT('',(8.467797357679,-4.869215983906,
    -81.06249510355));
#2939 = CARTESIAN_POINT('',(7.516479068213,-6.298730383738,
    -81.1041613134));
#2940 = CARTESIAN_POINT('',(6.298730387505,-7.51648300505,
    -81.14582799086));
#2941 = CARTESIAN_POINT('',(4.869205054113,-8.467794675292,
    -81.18749462962));
#2942 = CARTESIAN_POINT('',(3.294522952295,-9.114672473282,
    -81.22916133452));
#2943 = CARTESIAN_POINT('',(-5.641459120654E-07,-9.761551709953,
    -81.31249470033));
#2944 = CARTESIAN_POINT('',(-3.294523310606,-9.114676145857,
    -81.39582800734));
#2945 = CARTESIAN_POINT('',(-4.869204929861,-8.467798721946,
    -81.43749464611));
#2946 = CARTESIAN_POINT('',(-6.298728274281,-7.516482745773,
    -81.47916130123));
#2947 = CARTESIAN_POINT('',(-7.516481423752,-6.298727626754,
    -81.52082802748));
#2948 = CARTESIAN_POINT('',(-8.467796474503,-4.869202916358,
    -81.56249472386));
#2949 = CARTESIAN_POINT('',(-9.11467447565,-3.294521159914,
    -81.6041613878));
#2950 = CARTESIAN_POINT('',(-9.761552425517,1.388107766269E-07,
    -81.687494681));
#2951 = CARTESIAN_POINT('',(-9.11467456327,3.29452145474,-81.77082797419
    ));
#2952 = CARTESIAN_POINT('',(-8.46779789312,4.869201887194,
    -81.81249463502));
#2953 = CARTESIAN_POINT('',(-7.516477772162,6.298731370232,
    -81.85416134253));
#2954 = CARTESIAN_POINT('',(-6.298731400971,7.516479294719,
    -81.89582805274));
#2955 = CARTESIAN_POINT('',(-4.869203324038,8.467800024104,-81.937494719
    ));
#2956 = CARTESIAN_POINT('',(-3.294523063047,9.114676203937,
    -81.97916135465));
#2957 = CARTESIAN_POINT('',(-2.960959762049E-07,9.761551799558,
    -82.06249466166));
#2958 = CARTESIAN_POINT('',(3.294523199854,9.114672322638,
    -82.14582802747));
#2959 = CARTESIAN_POINT('',(4.86920516531,8.467794396914,-82.18749473238
    ));
#2960 = CARTESIAN_POINT('',(6.298730839322,7.51648238027,-82.22916137111
    ));
#2961 = CARTESIAN_POINT('',(7.516478254403,6.298730686427,
    -82.27082804862));
#2962 = CARTESIAN_POINT('',(8.467799667253,4.869217190465,
    -82.31249425841));
#2963 = CARTESIAN_POINT('',(9.114673267052,3.29450956579,-82.35416121578
    ));
#2964 = CARTESIAN_POINT('',(9.438111486936,1.647260933259,
    -82.39582893288));
#2965 = CARTESIAN_POINT('',(9.43811473789,-1.385248854178E-07,
    -82.43749419746));
#2966 = ADVANCED_FACE('',(#2967),#3012,.F.);
#2967 = FACE_BOUND('',#2968,.F.);
#2968 = EDGE_LOOP('',(#2969,#2970,#2971,#3007));
#2969 = ORIENTED_EDGE('',*,*,#2681,.F.);
#2970 = ORIENTED_EDGE('',*,*,#2532,.T.);
#2971 = ORIENTED_EDGE('',*,*,#2972,.T.);
#2972 = EDGE_CURVE('',#2497,#2973,#2975,.T.);
#2973 = VERTEX_POINT('',#2974);
#2974 = CARTESIAN_POINT('',(10.250006776941,6.163368749989E-08,
    -83.09375258173));
#2975 = B_SPLINE_CURVE_WITH_KNOTS('',9,(#2976,#2977,#2978,#2979,#2980,
    #2981,#2982,#2983,#2984,#2985,#2986,#2987,#2988,#2989,#2990,#2991,
    #2992,#2993,#2994,#2995,#2996,#2997,#2998,#2999,#3000,#3001,#3002,
    #3003,#3004,#3005,#3006),.UNSPECIFIED.,.F.,.F.,(10,7,7,7,10),(0.,
    1.614938419963,3.229876839926,4.844815259889,6.459753679852),
  .UNSPECIFIED.);
#2976 = CARTESIAN_POINT('',(10.250005647453,5.136122815941E-08,
    -81.59375215143));
#2977 = CARTESIAN_POINT('',(10.25000729397,-1.788963740707,
    -81.63541944195));
#2978 = CARTESIAN_POINT('',(9.898741913013,-3.57791524685,
    -81.67708564124));
#2979 = CARTESIAN_POINT('',(9.196221415356,-5.288073588544,
    -81.71875217855));
#2980 = CARTESIAN_POINT('',(8.16307038801,-6.840567421127,
    -81.76041904851));
#2981 = CARTESIAN_POINT('',(6.840561541124,-8.163071742919,
    -81.80208571035));
#2982 = CARTESIAN_POINT('',(5.288067003964,-9.196218018915,
    -81.84375238944));
#2983 = CARTESIAN_POINT('',(3.577926915682,-9.898741768937,
    -81.88541903909));
#2984 = CARTESIAN_POINT('',(4.755024117137E-07,-10.60126740236,
    -81.96875235798));
#2985 = CARTESIAN_POINT('',(-3.577926754656,-9.898745902244,
    -82.05208570302));
#2986 = CARTESIAN_POINT('',(-5.288066196677,-9.196223642667,
    -82.09375238349));
#2987 = CARTESIAN_POINT('',(-6.840566467038,-8.163067010233,
    -82.13541905034));
#2988 = CARTESIAN_POINT('',(-8.163066194179,-6.840565024163,
    -82.17708569763));
#2989 = CARTESIAN_POINT('',(-9.196221005808,-5.28806413599,
    -82.21875234612));
#2990 = CARTESIAN_POINT('',(-9.898743925108,-3.577925400326,
    -82.26041901539));
#2991 = CARTESIAN_POINT('',(-10.60126816368,-5.469479461706E-08,
    -82.34375236658));
#2992 = CARTESIAN_POINT('',(-9.898744052685,3.577925315987,
    -82.42708571777));
#2993 = CARTESIAN_POINT('',(-9.196221165817,5.28806408577,
    -82.46875238704));
#2994 = CARTESIAN_POINT('',(-8.16306625938,6.84056495707,-82.51041903553
    ));
#2995 = CARTESIAN_POINT('',(-6.840566490657,8.163066872268,
    -82.55208568282));
#2996 = CARTESIAN_POINT('',(-5.288066282176,9.196223490274,
    -82.59375234967));
#2997 = CARTESIAN_POINT('',(-3.577926862629,9.898745847516,
    -82.63541903014));
#2998 = CARTESIAN_POINT('',(3.613272180036E-07,10.601267447172,
    -82.71875237519));
#2999 = CARTESIAN_POINT('',(3.577926807709,9.898741777383,
    -82.80208569407));
#3000 = CARTESIAN_POINT('',(5.288066844258,9.196218003531,
    -82.84375234372));
#3001 = CARTESIAN_POINT('',(6.840561575917,8.163071590685,-82.8854190228
    ));
#3002 = CARTESIAN_POINT('',(8.163069820952,6.840567763583,
    -82.92708568467));
#3003 = CARTESIAN_POINT('',(9.196222446332,5.288074407125,
    -82.96875255459));
#3004 = CARTESIAN_POINT('',(9.898742220347,3.577914712903,
    -83.01041909193));
#3005 = CARTESIAN_POINT('',(10.250005128632,1.788963853702,
    -83.05208529121));
#3006 = CARTESIAN_POINT('',(10.250006776941,6.163367687358E-08,
    -83.09375258173));
#3007 = ORIENTED_EDGE('',*,*,#3008,.F.);
#3008 = EDGE_CURVE('',#2682,#2973,#3009,.T.);
#3009 = B_SPLINE_CURVE_WITH_KNOTS('',1,(#3010,#3011),.UNSPECIFIED.,.F.,
  .F.,(2,2),(0.,0.9375),.PIECEWISE_BEZIER_KNOTS.);
#3010 = CARTESIAN_POINT('',(9.438103120254,-1.385259601137E-07,
    -83.5624941974));
#3011 = CARTESIAN_POINT('',(10.250006776941,6.163367687358E-08,
    -83.09375258173));
#3012 = B_SPLINE_SURFACE_WITH_KNOTS('',1,9,(
    (#3013,#3014,#3015,#3016,#3017,#3018,#3019,#3020,#3021,#3022,#3023
      ,#3024,#3025,#3026,#3027,#3028,#3029,#3030,#3031,#3032,#3033,#3034
      ,#3035,#3036,#3037,#3038,#3039,#3040,#3041,#3042,#3043)
    ,(#3044,#3045,#3046,#3047,#3048,#3049,#3050,#3051,#3052,#3053,#3054
      ,#3055,#3056,#3057,#3058,#3059,#3060,#3061,#3062,#3063,#3064,#3065
      ,#3066,#3067,#3068,#3069,#3070,#3071,#3072,#3073,#3074
  )),.UNSPECIFIED.,.F.,.F.,.F.,(2,2),(10,7,7,7,10),(0.,0.9375),(0.,
    1.614938419963,3.229876839926,4.844815259889,6.459753679852),
  .UNSPECIFIED.);
#3013 = CARTESIAN_POINT('',(9.438102797533,-1.154381221724E-07,
    -82.06249516449));
#3014 = CARTESIAN_POINT('',(9.438103245271,-1.647259328525,
    -82.10416042904));
#3015 = CARTESIAN_POINT('',(9.114662497538,-3.294506828608,
    -82.14582814617));
#3016 = CARTESIAN_POINT('',(8.467788736695,-4.869211104548,
    -82.18749510352));
#3017 = CARTESIAN_POINT('',(7.516470165539,-6.298723492931,
    -82.22916131334));
#3018 = CARTESIAN_POINT('',(6.298723387324,-7.516474328693,
    -82.27082799082));
#3019 = CARTESIAN_POINT('',(4.869199509957,-8.467785057495,
    -82.31249462956));
#3020 = CARTESIAN_POINT('',(3.294519235906,-9.114662162168,
    -82.35416133447));
#3021 = CARTESIAN_POINT('',(-5.618502428759E-07,-9.761540733903,
    -82.43749470028));
#3022 = CARTESIAN_POINT('',(-3.29451959225,-9.114665848205,
    -82.52082800729));
#3023 = CARTESIAN_POINT('',(-4.869198075866,-8.467790445979,
    -82.56249464294));
#3024 = CARTESIAN_POINT('',(-6.298724571893,-7.516470715508,
    -82.60416130919));
#3025 = CARTESIAN_POINT('',(-7.516469472095,-6.298724034641,
    -82.64582801941));
#3026 = CARTESIAN_POINT('',(-8.467788353255,-4.869196106704,
    -82.68749472692));
#3027 = CARTESIAN_POINT('',(-9.114664266647,-3.294517463778,
    -82.72916138775));
#3028 = CARTESIAN_POINT('',(-9.761541411065,1.324018095947E-07,
    -82.81249468094));
#3029 = CARTESIAN_POINT('',(-9.114664203179,3.294517716121,
    -82.89582797414));
#3030 = CARTESIAN_POINT('',(-8.467788251294,4.869196349175,
    -82.93749463497));
#3031 = CARTESIAN_POINT('',(-7.516469299691,6.29872424344,
    -82.97916134248));
#3032 = CARTESIAN_POINT('',(-6.298724350672,7.516470867122,
    -83.02082805269));
#3033 = CARTESIAN_POINT('',(-4.869197843476,8.467790550115,
    -83.06249471895));
#3034 = CARTESIAN_POINT('',(-3.29451934666,9.114665932488,-83.1041613546
    ));
#3035 = CARTESIAN_POINT('',(-2.984140180211E-07,9.761540746704,
    -83.18749466161));
#3036 = CARTESIAN_POINT('',(3.294519481496,9.114662064661,
    -83.27082802742));
#3037 = CARTESIAN_POINT('',(4.869199721144,8.46778490542,-83.31249473233
    ));
#3038 = CARTESIAN_POINT('',(6.298723625238,7.516474094164,
    -83.35416137107));
#3039 = CARTESIAN_POINT('',(7.516470194549,6.298723362808,
    -83.39582804856));
#3040 = CARTESIAN_POINT('',(8.467789178949,4.869211081617,
    -83.43749425836));
#3041 = CARTESIAN_POINT('',(9.11466268527,3.294506399607,-83.47916121572
    ));
#3042 = CARTESIAN_POINT('',(9.438102676544,1.64725907456,-83.52082893285
    ));
#3043 = CARTESIAN_POINT('',(9.438103120254,-1.385259601137E-07,
    -83.5624941974));
#3044 = CARTESIAN_POINT('',(10.250005647453,5.136122815941E-08,
    -81.59375215143));
#3045 = CARTESIAN_POINT('',(10.25000729397,-1.788963740707,
    -81.63541944195));
#3046 = CARTESIAN_POINT('',(9.898741913013,-3.57791524685,
    -81.67708564124));
#3047 = CARTESIAN_POINT('',(9.196221415356,-5.288073588544,
    -81.71875217855));
#3048 = CARTESIAN_POINT('',(8.16307038801,-6.840567421127,
    -81.76041904851));
#3049 = CARTESIAN_POINT('',(6.840561541124,-8.163071742919,
    -81.80208571035));
#3050 = CARTESIAN_POINT('',(5.288067003964,-9.196218018915,
    -81.84375238944));
#3051 = CARTESIAN_POINT('',(3.577926915682,-9.898741768937,
    -81.88541903909));
#3052 = CARTESIAN_POINT('',(4.755024117137E-07,-10.60126740236,
    -81.96875235798));
#3053 = CARTESIAN_POINT('',(-3.577926754656,-9.898745902244,
    -82.05208570302));
#3054 = CARTESIAN_POINT('',(-5.288066196677,-9.196223642667,
    -82.09375238349));
#3055 = CARTESIAN_POINT('',(-6.840566467038,-8.163067010233,
    -82.13541905034));
#3056 = CARTESIAN_POINT('',(-8.163066194179,-6.840565024163,
    -82.17708569763));
#3057 = CARTESIAN_POINT('',(-9.196221005808,-5.28806413599,
    -82.21875234612));
#3058 = CARTESIAN_POINT('',(-9.898743925108,-3.577925400326,
    -82.26041901539));
#3059 = CARTESIAN_POINT('',(-10.60126816368,-5.469479461706E-08,
    -82.34375236658));
#3060 = CARTESIAN_POINT('',(-9.898744052685,3.577925315987,
    -82.42708571777));
#3061 = CARTESIAN_POINT('',(-9.196221165817,5.28806408577,
    -82.46875238704));
#3062 = CARTESIAN_POINT('',(-8.16306625938,6.84056495707,-82.51041903553
    ));
#3063 = CARTESIAN_POINT('',(-6.840566490657,8.163066872268,
    -82.55208568282));
#3064 = CARTESIAN_POINT('',(-5.288066282176,9.196223490274,
    -82.59375234967));
#3065 = CARTESIAN_POINT('',(-3.577926862629,9.898745847516,
    -82.63541903014));
#3066 = CARTESIAN_POINT('',(3.613272180036E-07,10.601267447172,
    -82.71875237519));
#3067 = CARTESIAN_POINT('',(3.577926807709,9.898741777383,
    -82.80208569407));
#3068 = CARTESIAN_POINT('',(5.288066844258,9.196218003531,
    -82.84375234372));
#3069 = CARTESIAN_POINT('',(6.840561575917,8.163071590685,-82.8854190228
    ));
#3070 = CARTESIAN_POINT('',(8.163069820952,6.840567763583,
    -82.92708568467));
#3071 = CARTESIAN_POINT('',(9.196222446332,5.288074407125,
    -82.96875255459));
#3072 = CARTESIAN_POINT('',(9.898742220347,3.577914712903,
    -83.01041909193));
#3073 = CARTESIAN_POINT('',(10.250005128632,1.788963853702,
    -83.05208529121));
#3074 = CARTESIAN_POINT('',(10.250006776941,6.163367687358E-08,
    -83.09375258173));
#3075 = ADVANCED_FACE('',(#3076),#3086,.F.);
#3076 = FACE_BOUND('',#3077,.F.);
#3077 = EDGE_LOOP('',(#3078,#3079,#3080,#3081));
#3078 = ORIENTED_EDGE('',*,*,#2972,.F.);
#3079 = ORIENTED_EDGE('',*,*,#2606,.T.);
#3080 = ORIENTED_EDGE('',*,*,#2871,.T.);
#3081 = ORIENTED_EDGE('',*,*,#3082,.F.);
#3082 = EDGE_CURVE('',#2973,#2872,#3083,.T.);
#3083 = B_SPLINE_CURVE_WITH_KNOTS('',1,(#3084,#3085),.UNSPECIFIED.,.F.,
  .F.,(2,2),(0.,0.1875),.PIECEWISE_BEZIER_KNOTS.);
#3084 = CARTESIAN_POINT('',(10.250006776941,6.163367243269E-08,
    -83.09375258173));
#3085 = CARTESIAN_POINT('',(10.250008713213,6.163385362109E-08,
    -82.90625258174));
#3086 = B_SPLINE_SURFACE_WITH_KNOTS('',1,11,(
    (#3087,#3088,#3089,#3090,#3091,#3092,#3093,#3094,#3095,#3096,#3097
      ,#3098,#3099,#3100,#3101,#3102,#3103,#3104,#3105,#3106,#3107)
    ,(#3108,#3109,#3110,#3111,#3112,#3113,#3114,#3115,#3116,#3117,#3118
      ,#3119,#3120,#3121,#3122,#3123,#3124,#3125,#3126,#3127,#3128
  )),.UNSPECIFIED.,.F.,.F.,.F.,(2,2),(12,9,12),(0.,0.1875),(0.,
    3.229876839926,6.459753679852),.UNSPECIFIED.);
#3087 = CARTESIAN_POINT('',(10.250005647453,5.136123171212E-08,
    -81.59375215143));
#3088 = CARTESIAN_POINT('',(10.250008341754,-2.927395244751,
    -81.66193499045));
#3089 = CARTESIAN_POINT('',(9.330330091395,-5.854758374075,
    -81.73011497246));
#3090 = CARTESIAN_POINT('',(7.49102198065,-8.461237520339,
    -81.79829794582));
#3091 = CARTESIAN_POINT('',(4.858034256176,-10.42541500417,
    -81.86648079781));
#3092 = CARTESIAN_POINT('',(1.683673816914,-11.48331472253,
    -81.93465994437));
#3093 = CARTESIAN_POINT('',(-1.683656824431,-11.48333893766,
    -82.00284414472));
#3094 = CARTESIAN_POINT('',(-4.858065475098,-10.42547674748,
    -82.07102489184));
#3095 = CARTESIAN_POINT('',(-7.491001402905,-8.461159682679,
    -82.13920694792));
#3096 = CARTESIAN_POINT('',(-9.330337961274,-5.854786981747,
    -82.20738870099));
#3097 = CARTESIAN_POINT('',(-11.16967408692,-6.482780290883E-08,
    -82.34375236658));
#3098 = CARTESIAN_POINT('',(-9.330338170035,5.854786917674,
    -82.48011603217));
#3099 = CARTESIAN_POINT('',(-7.491002372906,8.46115963055,
    -82.54829778525));
#3100 = CARTESIAN_POINT('',(-4.85806107873,10.425477383779,
    -82.61647984127));
#3101 = CARTESIAN_POINT('',(-1.683666236487,11.483334682527,
    -82.68466058856));
#3102 = CARTESIAN_POINT('',(1.683684672605,11.48332375651,
    -82.75284478863));
#3103 = CARTESIAN_POINT('',(4.858027514661,10.425404796588,
    -82.8210239355));
#3104 = CARTESIAN_POINT('',(7.491020887811,8.461243981675,
    -82.88920678726));
#3105 = CARTESIAN_POINT('',(9.330335538175,5.854756793262,
    -82.95738976073));
#3106 = CARTESIAN_POINT('',(10.250004079708,2.927395357745,
    -83.0255697427));
#3107 = CARTESIAN_POINT('',(10.250006776941,6.163367243269E-08,
    -83.09375258173));
#3108 = CARTESIAN_POINT('',(10.250007261013,5.13613436226E-08,
    -81.40625215144));
#3109 = CARTESIAN_POINT('',(10.250010720926,-2.927395751668,
    -81.47443499047));
#3110 = CARTESIAN_POINT('',(9.330330919724,-5.854759628431,
    -81.54261497246));
#3111 = CARTESIAN_POINT('',(7.491023420625,-8.461238074194,
    -81.61079794582));
#3112 = CARTESIAN_POINT('',(4.858036044029,-10.42541827549,
    -81.67898079785));
#3113 = CARTESIAN_POINT('',(1.683672539576,-11.48331542291,
    -81.74715994434));
#3114 = CARTESIAN_POINT('',(-1.683655789455,-11.4833415315,
    -81.81534414475));
#3115 = CARTESIAN_POINT('',(-4.858066960831,-10.42547845418,
    -81.88352489184));
#3116 = CARTESIAN_POINT('',(-7.491002574811,-8.461161143496,
    -81.95170694793));
#3117 = CARTESIAN_POINT('',(-9.330339556336,-5.854787990037,
    -82.019888701));
#3118 = CARTESIAN_POINT('',(-11.16967602109,-6.575967774637E-08,
    -82.15625236659));
#3119 = CARTESIAN_POINT('',(-9.330339806303,5.854787937045,
    -82.29261603218));
#3120 = CARTESIAN_POINT('',(-7.491003795307,8.461161100067,
    -82.36079778526));
#3121 = CARTESIAN_POINT('',(-4.858061275518,10.425479287569,
    -82.42897984127));
#3122 = CARTESIAN_POINT('',(-1.683667854507,11.483336065919,
    -82.49716058858));
#3123 = CARTESIAN_POINT('',(1.683686533069,11.483327032734,
    -82.56534478862));
#3124 = CARTESIAN_POINT('',(4.858027409201,10.425405136139,
    -82.63352393552));
#3125 = CARTESIAN_POINT('',(7.491022042193,8.461246358036,
    -82.70170678725));
#3126 = CARTESIAN_POINT('',(9.330337941173,5.854757566569,
    -82.76988976075));
#3127 = CARTESIAN_POINT('',(10.250005250369,2.927395864662,
    -82.8380697427));
#3128 = CARTESIAN_POINT('',(10.250008713213,6.163385362109E-08,
    -82.90625258174));
#3129 = ADVANCED_FACE('',(#3130),#3148,.T.);
#3130 = FACE_BOUND('',#3131,.T.);
#3131 = EDGE_LOOP('',(#3132,#3133,#3140,#3147));
#3132 = ORIENTED_EDGE('',*,*,#2657,.F.);
#3133 = ORIENTED_EDGE('',*,*,#3134,.F.);
#3134 = EDGE_CURVE('',#3135,#2658,#3137,.T.);
#3135 = VERTEX_POINT('',#3136);
#3136 = CARTESIAN_POINT('',(17.,0.,-107.25));
#3137 = B_SPLINE_CURVE_WITH_KNOTS('',1,(#3138,#3139),.UNSPECIFIED.,.F.,
  .F.,(2,2),(-10.,-8.5),.PIECEWISE_BEZIER_KNOTS.);
#3138 = CARTESIAN_POINT('',(17.,-4.16E-15,-107.25));
#3139 = CARTESIAN_POINT('',(17.,-4.16E-15,-105.75));
#3140 = ORIENTED_EDGE('',*,*,#3141,.T.);
#3141 = EDGE_CURVE('',#3135,#3135,#3142,.T.);
#3142 = CIRCLE('',#3143,17.);
#3143 = AXIS2_PLACEMENT_3D('',#3144,#3145,#3146);
#3144 = CARTESIAN_POINT('',(1.33417190951E-14,0.,-107.25));
#3145 = DIRECTION('',(-2.324646799147E-16,0.,1.));
#3146 = DIRECTION('',(1.,0.,2.324646799147E-16));
#3147 = ORIENTED_EDGE('',*,*,#3134,.T.);
#3148 = CYLINDRICAL_SURFACE('',#3149,17.);
#3149 = AXIS2_PLACEMENT_3D('',#3150,#3151,#3152);
#3150 = CARTESIAN_POINT('',(1.101707229595E-14,0.,-97.25));
#3151 = DIRECTION('',(-2.324646799147E-16,0.,1.));
#3152 = DIRECTION('',(1.,0.,2.324646799147E-16));
#3153 = ADVANCED_FACE('',(#3154),#3338,.F.);
#3154 = FACE_BOUND('',#3155,.T.);
#3155 = EDGE_LOOP('',(#3156,#3240,#3241,#3332));
#3156 = ORIENTED_EDGE('',*,*,#3157,.F.);
#3157 = EDGE_CURVE('',#2682,#3158,#3160,.T.);
#3158 = VERTEX_POINT('',#3159);
#3159 = CARTESIAN_POINT('',(9.5,-7.190536468298E-08,-85.02675823073));
#3160 = B_SPLINE_CURVE_WITH_KNOTS('',8,(#3161,#3162,#3163,#3164,#3165,
    #3166,#3167,#3168,#3169,#3170,#3171,#3172,#3173,#3174,#3175,#3176,
    #3177,#3178,#3179,#3180,#3181,#3182,#3183,#3184,#3185,#3186,#3187,
    #3188,#3189,#3190,#3191,#3192,#3193,#3194,#3195,#3196,#3197,#3198,
    #3199,#3200,#3201,#3202,#3203,#3204,#3205,#3206,#3207,#3208,#3209,
    #3210,#3211,#3212,#3213,#3214,#3215,#3216,#3217,#3218,#3219,#3220,
    #3221,#3222,#3223,#3224,#3225,#3226,#3227,#3228,#3229,#3230,#3231,
    #3232,#3233,#3234,#3235,#3236,#3237,#3238,#3239),.UNSPECIFIED.,.F.,
  .F.,(9,7,7,7,7,7,7,7,7,7,7,9),(0.,4.772381822591E-02,0.120621811473,
    0.214176485929,0.317072705046,0.426934688064,0.55587037546,
    0.685493950577,0.788409838866,0.881262328771,0.957769790316,1.),
  .UNSPECIFIED.);
#3161 = CARTESIAN_POINT('',(9.5,-1.232664317286E-07,-83.52675886947));
#3162 = CARTESIAN_POINT('',(9.49999999538,-0.35603563419,-83.53570574836
    ));
#3163 = CARTESIAN_POINT('',(9.484750510741,-0.712075834728,
    -83.54465278318));
#3164 = CARTESIAN_POINT('',(9.454250856296,-1.0673516941,-83.55359976277
    ));
#3165 = CARTESIAN_POINT('',(9.408547668657,-1.421100906104,
    -83.56254668749));
#3166 = CARTESIAN_POINT('',(9.3477325139,-1.772567688557,-83.57149364962
    ));
#3167 = CARTESIAN_POINT('',(9.271941092237,-2.121002833814,
    -83.58044073018));
#3168 = CARTESIAN_POINT('',(9.181354044286,-2.465664010369,
    -83.58938791204));
#3169 = CARTESIAN_POINT('',(8.915575883594,-3.325397970269,
    -83.61200167489));
#3170 = CARTESIAN_POINT('',(8.720946795935,-3.83450993989,
    -83.62566945941));
#3171 = CARTESIAN_POINT('',(8.49312355932,-4.330496904394,
    -83.63933688568));
#3172 = CARTESIAN_POINT('',(8.233157895684,-4.810839046199,
    -83.65300378135));
#3173 = CARTESIAN_POINT('',(7.942314562577,-5.273138589717,
    -83.66667064552));
#3174 = CARTESIAN_POINT('',(7.622061566988,-5.715116529072,
    -83.68033799782));
#3175 = CARTESIAN_POINT('',(7.274077815998,-6.134619543946,
    -83.69400571031));
#3176 = CARTESIAN_POINT('',(6.420557166217,-7.036588496147,
    -83.72521156238));
#3177 = CARTESIAN_POINT('',(5.898173290915,-7.503362923174,
    -83.74275413498));
#3178 = CARTESIAN_POINT('',(5.3371903961,-7.925609509199,-83.76029502716
    ));
#3179 = CARTESIAN_POINT('',(4.742083202483,-8.299655716597,
    -83.77783392127));
#3180 = CARTESIAN_POINT('',(4.117662842643,-8.622397609159,
    -83.79537283784));
#3181 = CARTESIAN_POINT('',(3.469046234854,-8.891266599149,
    -83.81291378505));
#3182 = CARTESIAN_POINT('',(2.801669321819,-9.104272677842,
    -83.83045641468));
#3183 = CARTESIAN_POINT('',(1.373087757864,-9.431537532593,
    -83.86728627102));
#3184 = CARTESIAN_POINT('',(0.608780890033,-9.533900870683,
    -83.88658255888));
#3185 = CARTESIAN_POINT('',(-0.163810929989,-9.565366126295,
    -83.90587647595));
#3186 = CARTESIAN_POINT('',(-0.937002728676,-9.525277172775,
    -83.92516737813));
#3187 = CARTESIAN_POINT('',(-1.703185591843,-9.413937643651,
    -83.94445828477));
#3188 = CARTESIAN_POINT('',(-2.45483729677,-9.232532361351,
    -83.96375217901));
#3189 = CARTESIAN_POINT('',(-3.1845480428,-8.983202325315,
    -83.98304837309));
#3190 = CARTESIAN_POINT('',(-4.632997152819,-8.334092142079,
    -84.02293541736));
#3191 = CARTESIAN_POINT('',(-5.348169664086,-7.925037237724,
    -84.04353963687));
#3192 = CARTESIAN_POINT('',(-6.021614476732,-7.446008017707,
    -84.06413963505));
#3193 = CARTESIAN_POINT('',(-6.645443145215,-6.902115328611,
    -84.08473621513));
#3194 = CARTESIAN_POINT('',(-7.21257516529,-6.299336093483,
    -84.10533278206));
#3195 = CARTESIAN_POINT('',(-7.716769733718,-5.644519521762,
    -84.12593282074));
#3196 = CARTESIAN_POINT('',(-8.15262086383,-4.945354089787,
    -84.14653710515));
#3197 = CARTESIAN_POINT('',(-8.942232363156,-3.348393031083,
    -84.1913059215));
#3198 = CARTESIAN_POINT('',(-9.269101459085,-2.436178218858,
    -84.21549573584));
#3199 = CARTESIAN_POINT('',(-9.48910772226,-1.488326558346,
    -84.23967596109));
#3200 = CARTESIAN_POINT('',(-9.598167332902,-0.519521597576,
    -84.26384913042));
#3201 = CARTESIAN_POINT('',(-9.594315835101,0.455394936459,
    -84.28802244352));
#3202 = CARTESIAN_POINT('',(-9.477904294821,1.421455876715,
    -84.31220248094));
#3203 = CARTESIAN_POINT('',(-9.251407578785,2.363622940438,
    -84.33639211738));
#3204 = CARTESIAN_POINT('',(-8.588084659707,4.174919940726,
    -84.38486562545));
#3205 = CARTESIAN_POINT('',(-8.14965721979,5.044959242703,
    -84.40918473793));
#3206 = CARTESIAN_POINT('',(-7.610710091762,5.861496321859,
    -84.43349398655));
#3207 = CARTESIAN_POINT('',(-6.979209717974,6.611249734709,
    -84.45779650736));
#3208 = CARTESIAN_POINT('',(-6.264725182236,7.282394325234,
    -84.48209900817));
#3209 = CARTESIAN_POINT('',(-5.478546507898,7.864734940132,
    -84.50640844765));
#3210 = CARTESIAN_POINT('',(-4.633504953308,8.349597932743,
    -84.53072773901));
#3211 = CARTESIAN_POINT('',(-3.039153356828,9.033440184628,
    -84.57432324273));
#3212 = CARTESIAN_POINT('',(-2.305372033353,9.271004757053,
    -84.59362294409));
#3213 = CARTESIAN_POINT('',(-1.550741252513,9.44027297349,
    -84.61292000804));
#3214 = CARTESIAN_POINT('',(-0.782708729516,9.539222645753,
    -84.63221389108));
#3215 = CARTESIAN_POINT('',(-8.819187958912E-03,9.566790185846,
    -84.65150778566));
#3216 = CARTESIAN_POINT('',(0.763310190262,9.522795124183,
    -84.67080485035));
#3217 = CARTESIAN_POINT('',(1.526001681664,9.408018579929,-84.6901044988
    ));
#3218 = CARTESIAN_POINT('',(2.944132458725,9.058804027132,
    -84.72680635214));
#3219 = CARTESIAN_POINT('',(3.603077811883,8.837088042216,
    -84.74421742252));
#3220 = CARTESIAN_POINT('',(4.242695087268,8.560642636685,
    -84.76162713358));
#3221 = CARTESIAN_POINT('',(4.857700494989,8.231493685098,
    -84.77903507182));
#3222 = CARTESIAN_POINT('',(5.443127888257,7.85222409399,-84.79644302092
    ));
#3223 = CARTESIAN_POINT('',(5.994315640277,7.425932601076,-84.8138527542
    ));
#3224 = CARTESIAN_POINT('',(6.506936241744,6.956265308271,
    -84.83126383394));
#3225 = CARTESIAN_POINT('',(7.364442558051,6.028330155246,
    -84.86301470651));
#3226 = CARTESIAN_POINT('',(7.723068488619,5.582503379213,
    -84.87735918848));
#3227 = CARTESIAN_POINT('',(8.050754340205,5.112394104357,-84.8917030013
    ));
#3228 = CARTESIAN_POINT('',(8.345600812771,4.620525470148,
    -84.90604602693));
#3229 = CARTESIAN_POINT('',(8.605967495074,4.109567184225,
    -84.92038904673));
#3230 = CARTESIAN_POINT('',(8.830462487674,3.582326500249,
    -84.93473286492));
#3231 = CARTESIAN_POINT('',(9.017955530546,3.041752260963,
    -84.94907740055));
#3232 = CARTESIAN_POINT('',(9.250222726688,2.186924010111,
    -84.97133791767));
#3233 = CARTESIAN_POINT('',(9.321308405444,1.879762552434,
    -84.97925518243));
#3234 = CARTESIAN_POINT('',(9.380732446481,1.569980817835,
    -84.98717244578));
#3235 = CARTESIAN_POINT('',(9.428383392854,1.258095955982,
    -84.99508968296));
#3236 = CARTESIAN_POINT('',(9.464177574013,0.944628956572,
    -85.00300690231));
#3237 = CARTESIAN_POINT('',(9.488059124059,0.630104524072,
    -85.01092410689));
#3238 = CARTESIAN_POINT('',(9.5,0.315050952466,-85.01884125608));
#3239 = CARTESIAN_POINT('',(9.5,-1.7763568394E-15,-85.02675822712));
#3240 = ORIENTED_EDGE('',*,*,#2857,.T.);
#3241 = ORIENTED_EDGE('',*,*,#3242,.T.);
#3242 = EDGE_CURVE('',#2767,#3243,#3245,.T.);
#3243 = VERTEX_POINT('',#3244);
#3244 = CARTESIAN_POINT('',(9.5,-8.217933251102E-08,-85.47322026364));
#3245 = B_SPLINE_CURVE_WITH_KNOTS('',8,(#3246,#3247,#3248,#3249,#3250,
    #3251,#3252,#3253,#3254,#3255,#3256,#3257,#3258,#3259,#3260,#3261,
    #3262,#3263,#3264,#3265,#3266,#3267,#3268,#3269,#3270,#3271,#3272,
    #3273,#3274,#3275,#3276,#3277,#3278,#3279,#3280,#3281,#3282,#3283,
    #3284,#3285,#3286,#3287,#3288,#3289,#3290,#3291,#3292,#3293,#3294,
    #3295,#3296,#3297,#3298,#3299,#3300,#3301,#3302,#3303,#3304,#3305,
    #3306,#3307,#3308,#3309,#3310,#3311,#3312,#3313,#3314,#3315,#3316,
    #3317,#3318,#3319,#3320,#3321,#3322,#3323,#3324,#3325,#3326,#3327,
    #3328,#3329,#3330,#3331),.UNSPECIFIED.,.F.,.F.,(9,7,7,7,7,7,7,7,7,7,
    7,7,9),(0.,2.051833181622E-02,5.256657105736E-02,0.122561743192,
    0.214691828816,0.319917145508,0.409506129524,0.54736211775,
    0.68529694136,0.789031360279,0.872257042029,0.960151469372,1.),
  .UNSPECIFIED.);
#3246 = CARTESIAN_POINT('',(9.5,-1.438134944465E-07,-83.97322239297));
#3247 = CARTESIAN_POINT('',(9.499999997683,-0.153071094065,
    -83.97706873989));
#3248 = CARTESIAN_POINT('',(9.497181261924,-0.306142092766,
    -83.98091514598));
#3249 = CARTESIAN_POINT('',(9.491543793967,-0.459152497591,
    -83.98476160433));
#3250 = CARTESIAN_POINT('',(9.483089154606,-0.612041755985,
    -83.98860810803));
#3251 = CARTESIAN_POINT('',(9.471820464181,-0.764749405158,
    -83.99245465007));
#3252 = CARTESIAN_POINT('',(9.457742402581,-0.917215072089,
    -83.99630122344));
#3253 = CARTESIAN_POINT('',(9.440861209242,-1.069378473523,
    -84.00014782104));
#3254 = CARTESIAN_POINT('',(9.390451287212,-1.458282167029,
    -84.01000258644));
#3255 = CARTESIAN_POINT('',(9.352898145397,-1.694501702698,
    -84.01601079119));
#3256 = CARTESIAN_POINT('',(9.308555095061,-1.929608156397,
    -84.0220190262));
#3257 = CARTESIAN_POINT('',(9.257461029111,-2.163373784868,
    -84.02802727199));
#3258 = CARTESIAN_POINT('',(9.199663896006,-2.39557296819,
    -84.03403551343));
#3259 = CARTESIAN_POINT('',(9.135220699751,-2.625982209767,
    -84.04004373975));
#3260 = CARTESIAN_POINT('',(9.064197499902,-2.854380136338,
    -84.04605194452));
#3261 = CARTESIAN_POINT('',(8.81734366959,-3.574509842973,
    -84.06518233405));
#3262 = CARTESIAN_POINT('',(8.616977103959,-4.057867037794,
    -84.07830528704));
#3263 = CARTESIAN_POINT('',(8.386358619537,-4.528295838701,
    -84.09142776977));
#3264 = CARTESIAN_POINT('',(8.126477196336,-4.983591844528,
    -84.10454974099));
#3265 = CARTESIAN_POINT('',(7.838500729296,-5.421658453645,
    -84.11767172591));
#3266 = CARTESIAN_POINT('',(7.523768401534,-5.84050411534,
    -84.13079423101));
#3267 = CARTESIAN_POINT('',(7.183796591055,-6.238247875602,
    -84.14391718097));
#3268 = CARTESIAN_POINT('',(6.341849202909,-7.106570372752,
    -84.17431127016));
#3269 = CARTESIAN_POINT('',(5.82250950567,-7.560541164271,
    -84.19158651723));
#3270 = CARTESIAN_POINT('',(5.266207095303,-7.970943778015,
    -84.20886046729));
#3271 = CARTESIAN_POINT('',(4.677249151479,-8.334314855995,
    -84.22613269605));
#3272 = CARTESIAN_POINT('',(4.060255017219,-8.64772867279,
    -84.24340490665));
#3273 = CARTESIAN_POINT('',(3.420128520122,-8.908766503427,
    -84.26067881671));
#3274 = CARTESIAN_POINT('',(2.762069755023,-9.115556182486,
    -84.27795403245));
#3275 = CARTESIAN_POINT('',(1.325887086206,-9.439716728532,
    -84.3149527854));
#3276 = CARTESIAN_POINT('',(0.543580592121,-9.540292460207,
    -84.33468582712));
#3277 = CARTESIAN_POINT('',(-0.246971666475,-9.566651197212,
    -84.35441547474));
#3278 = CARTESIAN_POINT('',(-1.037536672735,-9.518147638212,
    -84.37414222782));
#3279 = CARTESIAN_POINT('',(-1.819984968494,-9.395183065467,
    -84.39386901688));
#3280 = CARTESIAN_POINT('',(-2.586291565693,-9.199117132604,
    -84.41359874742));
#3281 = CARTESIAN_POINT('',(-3.328555837133,-8.932353804471,
    -84.43333186124));
#3282 = CARTESIAN_POINT('',(-4.644009325267,-8.314437549379,
    -84.46985426836));
#3283 = CARTESIAN_POINT('',(-5.226200628625,-7.981589753164,
    -84.48665266058));
#3284 = CARTESIAN_POINT('',(-5.780917228829,-7.60224315859,
    -84.50344987221));
#3285 = CARTESIAN_POINT('',(-6.303852086237,-7.179091688281,
    -84.52024555851));
#3286 = CARTESIAN_POINT('',(-6.791059568632,-6.715252415828,
    -84.53704124286));
#3287 = CARTESIAN_POINT('',(-7.238938688758,-6.214234841948,
    -84.55383845798));
#3288 = CARTESIAN_POINT('',(-7.644261355909,-5.679961517312,
    -84.57063687928));
#3289 = CARTESIAN_POINT('',(-8.558175234516,-4.250330893264,
    -84.61327681174));
#3290 = CARTESIAN_POINT('',(-9.005419618683,-3.314474023881,
    -84.63914530731));
#3291 = CARTESIAN_POINT('',(-9.334912297871,-2.325809762429,
    -84.66499993365));
#3292 = CARTESIAN_POINT('',(-9.540023191779,-1.301773031501,
    -84.69084528704));
#3293 = CARTESIAN_POINT('',(-9.616770015011,-0.260220378571,
    -84.71669110869));
#3294 = CARTESIAN_POINT('',(-9.56420516483,0.780577445723,
    -84.74254569116));
#3295 = CARTESIAN_POINT('',(-9.384045223949,1.80204618542,
    -84.76841428136));
#3296 = CARTESIAN_POINT('',(-8.780824377609,3.769085899201,
    -84.82011770651));
#3297 = CARTESIAN_POINT('',(-8.357056225004,4.716466617909,
    -84.84600114465));
#3298 = CARTESIAN_POINT('',(-7.81666218938,5.608247668771,
    -84.87187060391));
#3299 = CARTESIAN_POINT('',(-7.168651759865,6.428059098072,
    -84.89773079453));
#3300 = CARTESIAN_POINT('',(-6.424073917559,7.161279509658,
    -84.92359101096));
#3301 = CARTESIAN_POINT('',(-5.596263459717,7.795337169058,
    -84.94946019426));
#3302 = CARTESIAN_POINT('',(-4.700514972897,8.319497832799,
    -84.97534339722));
#3303 = CARTESIAN_POINT('',(-3.044452618481,9.032175700038,
    -85.02064982563));
#3304 = CARTESIAN_POINT('',(-2.304907042016,9.271999377259,
    -85.04010319091));
#3305 = CARTESIAN_POINT('',(-1.544151535953,9.442436913715,
    -85.05955368639));
#3306 = CARTESIAN_POINT('',(-0.769819916955,9.541416982819,
    -85.0790016235));
#3307 = CARTESIAN_POINT('',(1.036426656329E-02,9.567858243246,
    -85.09844954638));
#3308 = CARTESIAN_POINT('',(0.788604017759,9.521589816536,
    -85.11790004041));
#3309 = CARTESIAN_POINT('',(1.557032210816,9.403432373189,
    -85.13735347095));
#3310 = CARTESIAN_POINT('',(2.91001431729,9.0646185284,-85.17240340024)
  );
#3311 = CARTESIAN_POINT('',(3.501108337521,8.868789548841,
    -85.18800780614));
#3312 = CARTESIAN_POINT('',(4.076974152695,8.628946643991,
    -85.20361124234));
#3313 = CARTESIAN_POINT('',(4.633797684272,8.346507149194,
    -85.21921351308));
#3314 = CARTESIAN_POINT('',(5.167962327287,8.023253958043,
    -85.23481574983));
#3315 = CARTESIAN_POINT('',(5.67604246975,7.66131383507,-85.25041909892)
  );
#3316 = CARTESIAN_POINT('',(6.154818376334,7.263174459045,
    -85.26602339987));
#3317 = CARTESIAN_POINT('',(7.072853658852,6.376103587959,
    -85.29810356576));
#3318 = CARTESIAN_POINT('',(7.508527345281,5.883198598558,
    -85.31458395032));
#3319 = CARTESIAN_POINT('',(7.904779925588,5.356421571901,-85.3310633524
    ));
#3320 = CARTESIAN_POINT('',(8.258576096939,4.799485773648,
    -85.34754148926));
#3321 = CARTESIAN_POINT('',(8.567323133706,4.216369557005,
    -85.36401971815));
#3322 = CARTESIAN_POINT('',(8.828847941488,3.611295172576,
    -85.38049933987));
#3323 = CARTESIAN_POINT('',(9.041426855162,2.988738222971,
    -85.39697993836));
#3324 = CARTESIAN_POINT('',(9.277513898232,2.0654563924,-85.42092827379)
  );
#3325 = CARTESIAN_POINT('',(9.340859900938,1.774809305321,
    -85.42839879546));
#3326 = CARTESIAN_POINT('',(9.393795736253,1.481959032796,
    -85.43586923862));
#3327 = CARTESIAN_POINT('',(9.436232992531,1.18734105571,-85.44333959384
    ));
#3328 = CARTESIAN_POINT('',(9.46810530938,0.891393715839,-85.45080988484
    ));
#3329 = CARTESIAN_POINT('',(9.489368387748,0.594558127727,-85.4582801281
    ));
#3330 = CARTESIAN_POINT('',(9.5,0.297278090551,-85.46575029261));
#3331 = CARTESIAN_POINT('',(9.5,1.7763568394E-15,-85.47322025951));
#3332 = ORIENTED_EDGE('',*,*,#3333,.F.);
#3333 = EDGE_CURVE('',#3158,#3243,#3334,.T.);
#3334 = LINE('',#3335,#3336);
#3335 = CARTESIAN_POINT('',(9.5,0.,-74.75));
#3336 = VECTOR('',#3337,1.);
#3337 = DIRECTION('',(5.141040633873E-17,0.,-1.));
#3338 = CYLINDRICAL_SURFACE('',#3339,9.5);
#3339 = AXIS2_PLACEMENT_3D('',#3340,#3341,#3342);
#3340 = CARTESIAN_POINT('',(3.061616997868E-15,0.,-74.75));
#3341 = DIRECTION('',(1.224646799147E-16,0.,-1.));
#3342 = DIRECTION('',(1.,0.,1.224646799147E-16));
#3343 = ADVANCED_FACE('',(#3344),#3379,.F.);
#3344 = FACE_BOUND('',#3345,.F.);
#3345 = EDGE_LOOP('',(#3346,#3372,#3373,#3374));
#3346 = ORIENTED_EDGE('',*,*,#3347,.F.);
#3347 = EDGE_CURVE('',#2872,#3348,#3350,.T.);
#3348 = VERTEX_POINT('',#3349);
#3349 = CARTESIAN_POINT('',(10.250010165413,7.190611487771E-08,
    -84.40625301204));
#3350 = B_SPLINE_CURVE_WITH_KNOTS('',11,(#3351,#3352,#3353,#3354,#3355,
    #3356,#3357,#3358,#3359,#3360,#3361,#3362,#3363,#3364,#3365,#3366,
    #3367,#3368,#3369,#3370,#3371),.UNSPECIFIED.,.F.,.F.,(12,9,12),(0.,
    3.229876839926,6.459753679852),.UNSPECIFIED.);
#3351 = CARTESIAN_POINT('',(10.250008713213,6.163386601088E-08,
    -82.90625258174));
#3352 = CARTESIAN_POINT('',(10.250012176062,-2.927396156145,
    -82.97443542077));
#3353 = CARTESIAN_POINT('',(9.330332247495,-5.854760448576,
    -83.04261540275));
#3354 = CARTESIAN_POINT('',(7.491024490432,-8.461239265412,
    -83.11079837612));
#3355 = CARTESIAN_POINT('',(4.858036742722,-10.42541974778,
    -83.17898122815));
#3356 = CARTESIAN_POINT('',(1.683672789643,-11.48331704802,
    -83.24716037463));
#3357 = CARTESIAN_POINT('',(-1.683656016471,-11.48334316024,
    -83.31534457505));
#3358 = CARTESIAN_POINT('',(-4.858067638681,-10.42547993606,
    -83.38352532214));
#3359 = CARTESIAN_POINT('',(-7.491003627638,-8.461162349772,
    -83.45170737823));
#3360 = CARTESIAN_POINT('',(-9.330340872373,-5.854788828884,
    -83.5198891313));
#3361 = CARTESIAN_POINT('',(-11.16967760359,-7.695336809184E-08,
    -83.65625279689));
#3362 = CARTESIAN_POINT('',(-9.330341134075,5.854788757189,
    -83.79261646248));
#3363 = CARTESIAN_POINT('',(-7.491004865093,8.46116229133,
    -83.86079821556));
#3364 = CARTESIAN_POINT('',(-4.858061974267,10.425480759707,
    -83.92898027156));
#3365 = CARTESIAN_POINT('',(-1.683668104533,11.48333769129,
    -83.99716101889));
#3366 = CARTESIAN_POINT('',(1.68368676011,11.483328661198,
    -84.06534521892));
#3367 = CARTESIAN_POINT('',(4.858028087003,10.425406618189,
    -84.13352436582));
#3368 = CARTESIAN_POINT('',(7.49102309504,8.461247564259,-84.20170721754
    ));
#3369 = CARTESIAN_POINT('',(9.330339257206,5.854758405418,
    -84.26989019106));
#3370 = CARTESIAN_POINT('',(10.25000669964,2.927396289684,-84.338070173)
  );
#3371 = CARTESIAN_POINT('',(10.250010165413,7.190633510845E-08,
    -84.40625301204));
#3372 = ORIENTED_EDGE('',*,*,#2899,.T.);
#3373 = ORIENTED_EDGE('',*,*,#2766,.T.);
#3374 = ORIENTED_EDGE('',*,*,#3375,.F.);
#3375 = EDGE_CURVE('',#3348,#2767,#3376,.T.);
#3376 = B_SPLINE_CURVE_WITH_KNOTS('',1,(#3377,#3378),.UNSPECIFIED.,.F.,
  .F.,(2,2),(0.,0.9375),.PIECEWISE_BEZIER_KNOTS.);
#3377 = CARTESIAN_POINT('',(10.250010165413,7.19063341085E-08,
    -84.40625301204));
#3378 = CARTESIAN_POINT('',(9.438116996885,-1.616122058682E-07,
    -83.93749323038));
#3379 = B_SPLINE_SURFACE_WITH_KNOTS('',1,9,(
    (#3380,#3381,#3382,#3383,#3384,#3385,#3386,#3387,#3388,#3389,#3390
      ,#3391,#3392,#3393,#3394,#3395,#3396,#3397,#3398,#3399,#3400,#3401
      ,#3402,#3403,#3404,#3405,#3406,#3407,#3408,#3409,#3410)
    ,(#3411,#3412,#3413,#3414,#3415,#3416,#3417,#3418,#3419,#3420,#3421
      ,#3422,#3423,#3424,#3425,#3426,#3427,#3428,#3429,#3430,#3431,#3432
      ,#3433,#3434,#3435,#3436,#3437,#3438,#3439,#3440,#3441
  )),.UNSPECIFIED.,.F.,.F.,.F.,(2,2),(10,7,7,7,10),(0.,0.9375),(0.,
    1.614938419963,3.229876839926,4.844815259889,6.459753679852),
  .UNSPECIFIED.);
#3380 = CARTESIAN_POINT('',(10.250008713213,6.16338651227E-08,
    -82.90625258174));
#3381 = CARTESIAN_POINT('',(10.250010829399,-1.788964293676,
    -82.94791987226));
#3382 = CARTESIAN_POINT('',(9.898744983585,-3.577916455276,
    -82.98958607154));
#3383 = CARTESIAN_POINT('',(9.19622416039,-5.28807514175,-83.03125260885
    ));
#3384 = CARTESIAN_POINT('',(8.163073035177,-6.840569530576,
    -83.07291947882));
#3385 = CARTESIAN_POINT('',(6.840563685155,-8.163074338652,
    -83.11458614065));
#3386 = CARTESIAN_POINT('',(5.288068686409,-9.196220919485,
    -83.15625281975));
#3387 = CARTESIAN_POINT('',(3.577928051914,-9.898744886305,
    -83.1979194694));
#3388 = CARTESIAN_POINT('',(4.857456799537E-07,-10.60127073367,
    -83.28125278828));
#3389 = CARTESIAN_POINT('',(-3.577927871376,-9.89874902454,
    -83.36458613333));
#3390 = CARTESIAN_POINT('',(-5.288069214663,-9.196225118492,
    -83.40625281241));
#3391 = CARTESIAN_POINT('',(-6.840565124797,-8.163073294475,
    -83.44791948421));
#3392 = CARTESIAN_POINT('',(-8.163072256079,-6.84056348437,
    -83.48958612437));
#3393 = CARTESIAN_POINT('',(-9.196222521287,-5.288067241058,
    -83.53125277782));
#3394 = CARTESIAN_POINT('',(-9.898747025458,-3.577926533183,
    -83.57291944569));
#3395 = CARTESIAN_POINT('',(-10.60127150139,-6.425099974393E-08,
    -83.65625279689));
#3396 = CARTESIAN_POINT('',(-9.898747185387,3.577926436084,
    -83.73958614808));
#3397 = CARTESIAN_POINT('',(-9.196224080991,5.28806574876,
    -83.78125281734));
#3398 = CARTESIAN_POINT('',(-8.163068834841,6.840567105845,
    -83.82291946584));
#3399 = CARTESIAN_POINT('',(-6.840568643048,8.163069426539,
    -83.86458611313));
#3400 = CARTESIAN_POINT('',(-5.288067954023,9.196226366876,
    -83.90625277998));
#3401 = CARTESIAN_POINT('',(-3.577927998861,9.898748958274,
    -83.94791946044));
#3402 = CARTESIAN_POINT('',(3.510908248115E-07,10.601270791281,
    -84.03125280549));
#3403 = CARTESIAN_POINT('',(3.577927924429,9.898744893066,
    -84.11458612437));
#3404 = CARTESIAN_POINT('',(5.288068491605,9.196220893652,
    -84.15625277403));
#3405 = CARTESIAN_POINT('',(6.840563739235,8.163074135082,
    -84.19791945311));
#3406 = CARTESIAN_POINT('',(8.163072313941,6.840569961537,
    -84.23958611498));
#3407 = CARTESIAN_POINT('',(9.196225491985,5.288076183673,-84.2812529849
    ));
#3408 = CARTESIAN_POINT('',(9.898745382827,3.577915757437,
    -84.32291952224));
#3409 = CARTESIAN_POINT('',(10.25000804744,1.788964427216,
    -84.36458572151));
#3410 = CARTESIAN_POINT('',(10.250010165413,7.19063341085E-08,
    -84.40625301204));
#3411 = CARTESIAN_POINT('',(9.43811473789,-1.385248769026E-07,
    -82.43749419746));
#3412 = CARTESIAN_POINT('',(9.438117988848,-1.64726160458,
    -82.47915946203));
#3413 = CARTESIAN_POINT('',(9.114674658365,-3.294511908034,
    -82.52082717914));
#3414 = CARTESIAN_POINT('',(8.467799372521,-4.869217170042,
    -82.56249413647));
#3415 = CARTESIAN_POINT('',(7.516480851869,-6.298731909723,
    -82.60416034632));
#3416 = CARTESIAN_POINT('',(6.298731876701,-7.516484819516,
    -82.64582702378));
#3417 = CARTESIAN_POINT('',(4.869206198833,-8.467796713956,
    -82.68749366254));
#3418 = CARTESIAN_POINT('',(3.294523718537,-9.114674662923,
    -82.72916036744));
#3419 = CARTESIAN_POINT('',(-5.880223779296E-07,-9.761554046364,
    -82.81249373326));
#3420 = CARTESIAN_POINT('',(-3.29452412144,-9.114678319381,
    -82.89582704026));
#3421 = CARTESIAN_POINT('',(-4.869206116012,-8.467800736788,
    -82.93749367903));
#3422 = CARTESIAN_POINT('',(-6.298729800261,-7.516484529422,
    -82.97916033415));
#3423 = CARTESIAN_POINT('',(-7.516483238217,-6.298729115955,
    -83.0208270604));
#3424 = CARTESIAN_POINT('',(-8.467798513167,-4.869204061081,
    -83.06249375678));
#3425 = CARTESIAN_POINT('',(-9.114676665291,-3.294521926156,
    -83.10416042072));
#3426 = CARTESIAN_POINT('',(-9.761554761929,1.626895622481E-07,
    -83.18749371392));
#3427 = CARTESIAN_POINT('',(-9.114676736793,3.294522265575,
    -83.27082700711));
#3428 = CARTESIAN_POINT('',(-8.467799907963,4.869203073344,
    -83.31249366794));
#3429 = CARTESIAN_POINT('',(-7.516479555811,6.298732896207,
    -83.35416037545));
#3430 = CARTESIAN_POINT('',(-6.298732890177,7.516481109183,
    -83.39582708567));
#3431 = CARTESIAN_POINT('',(-4.869204468761,8.467802062768,
    -83.43749375192));
#3432 = CARTESIAN_POINT('',(-3.294523829289,9.114678393579,
    -83.47916038757));
#3433 = CARTESIAN_POINT('',(-2.722147921322E-07,9.761554135969,
    -83.56249369458));
#3434 = CARTESIAN_POINT('',(3.294524010689,9.114674496161,
    -83.64582706039));
#3435 = CARTESIAN_POINT('',(4.869206351459,8.467796411758,-83.6874937653
    ));
#3436 = CARTESIAN_POINT('',(6.298732365289,7.516484163916,
    -83.72916040403));
#3437 = CARTESIAN_POINT('',(7.516480068878,6.298732175644,
    -83.77082708155));
#3438 = CARTESIAN_POINT('',(8.467801705917,4.86921833517,-83.81249329133
    ));
#3439 = CARTESIAN_POINT('',(9.114675456693,3.294510332034,
    -83.85416024871));
#3440 = CARTESIAN_POINT('',(9.438113749962,1.647261304443,
    -83.89582796579));
#3441 = CARTESIAN_POINT('',(9.438116996885,-1.616122058682E-07,
    -83.93749323038));
#3442 = ADVANCED_FACE('',(#3443),#3488,.F.);
#3443 = FACE_BOUND('',#3444,.F.);
#3444 = EDGE_LOOP('',(#3445,#3446,#3447,#3483));
#3445 = ORIENTED_EDGE('',*,*,#3157,.F.);
#3446 = ORIENTED_EDGE('',*,*,#3008,.T.);
#3447 = ORIENTED_EDGE('',*,*,#3448,.T.);
#3448 = EDGE_CURVE('',#2973,#3449,#3451,.T.);
#3449 = VERTEX_POINT('',#3450);
#3450 = CARTESIAN_POINT('',(10.250007906428,7.190591880192E-08,
    -84.59375301202));
#3451 = B_SPLINE_CURVE_WITH_KNOTS('',9,(#3452,#3453,#3454,#3455,#3456,
    #3457,#3458,#3459,#3460,#3461,#3462,#3463,#3464,#3465,#3466,#3467,
    #3468,#3469,#3470,#3471,#3472,#3473,#3474,#3475,#3476,#3477,#3478,
    #3479,#3480,#3481,#3482),.UNSPECIFIED.,.F.,.F.,(10,7,7,7,10),(0.,
    1.614938419963,3.229876839926,4.844815259889,6.459753679852),
  .UNSPECIFIED.);
#3452 = CARTESIAN_POINT('',(10.250006776941,6.163368659884E-08,
    -83.09375258173));
#3453 = CARTESIAN_POINT('',(10.250008425252,-1.788963927569,
    -83.13541987224));
#3454 = CARTESIAN_POINT('',(9.898743007381,-3.577915631197,
    -83.17708607153));
#3455 = CARTESIAN_POINT('',(9.196222434024,-5.288074162035,
    -83.21875260885));
#3456 = CARTESIAN_POINT('',(8.16307129439,-6.840568166738,-83.2604194788
    ));
#3457 = CARTESIAN_POINT('',(6.84056230309,-8.163072635585,
    -83.30208614064));
#3458 = CARTESIAN_POINT('',(5.288067595893,-9.196219026984,
    -83.34375281974));
#3459 = CARTESIAN_POINT('',(3.577927319868,-9.898742856133,
    -83.38541946939));
#3460 = CARTESIAN_POINT('',(4.861278707653E-07,-10.60126857056,
    -83.46875278827));
#3461 = CARTESIAN_POINT('',(-3.577927139002,-9.898746996612,
    -83.55208613332));
#3462 = CARTESIAN_POINT('',(-5.288066770174,-9.196224661335,
    -83.59375281378));
#3463 = CARTESIAN_POINT('',(-6.840567212647,-8.163067916608,
    -83.63541948064));
#3464 = CARTESIAN_POINT('',(-8.163067086844,-6.840565786132,
    -83.67708612792));
#3465 = CARTESIAN_POINT('',(-9.196222013877,-5.288064727919,
    -83.71875277642));
#3466 = CARTESIAN_POINT('',(-9.898745012304,-3.577925804513,
    -83.76041944568));
#3467 = CARTESIAN_POINT('',(-10.60126933188,-6.531909613397E-08,
    -83.84375279688));
#3468 = CARTESIAN_POINT('',(-9.898745147052,3.577925700333,
    -83.92708614807));
#3469 = CARTESIAN_POINT('',(-9.196222184485,5.288064659267,
    -83.96875281733));
#3470 = CARTESIAN_POINT('',(-8.163067165755,6.840565702678,
    -84.01041946583));
#3471 = CARTESIAN_POINT('',(-6.840567252629,8.163067764933,
    -84.05208611311));
#3472 = CARTESIAN_POINT('',(-5.288066874105,9.196224498343,
    -84.09375277997));
#3473 = CARTESIAN_POINT('',(-3.577927266815,9.898746934713,
    -84.13541946043));
#3474 = CARTESIAN_POINT('',(3.507042325168E-07,10.601268615368,
    -84.21875280548));
#3475 = CARTESIAN_POINT('',(3.577927192055,9.89874287175,-84.30208612436
    ));
#3476 = CARTESIAN_POINT('',(5.288067417755,9.196219022202,
    -84.34375277402));
#3477 = CARTESIAN_POINT('',(6.840562321519,8.163072497057,-84.3854194531
    ));
#3478 = CARTESIAN_POINT('',(8.163070713624,6.840568525564,
    -84.42708611497));
#3479 = CARTESIAN_POINT('',(9.196223454399,5.288074999043,
    -84.46875298489));
#3480 = CARTESIAN_POINT('',(9.898743307543,3.577915117092,
    -84.51041952223));
#3481 = CARTESIAN_POINT('',(10.250006256329,1.788964061108,
    -84.5520857215));
#3482 = CARTESIAN_POINT('',(10.250007906428,7.190613870925E-08,
    -84.59375301202));
#3483 = ORIENTED_EDGE('',*,*,#3484,.F.);
#3484 = EDGE_CURVE('',#3158,#3449,#3485,.T.);
#3485 = B_SPLINE_CURVE_WITH_KNOTS('',1,(#3486,#3487),.UNSPECIFIED.,.F.,
  .F.,(2,2),(0.,0.9375),.PIECEWISE_BEZIER_KNOTS.);
#3486 = CARTESIAN_POINT('',(9.438103442978,-1.616133835928E-07,
    -85.0624932303));
#3487 = CARTESIAN_POINT('',(10.250007906428,7.190613870925E-08,
    -84.59375301202));
#3488 = B_SPLINE_SURFACE_WITH_KNOTS('',1,9,(
    (#3489,#3490,#3491,#3492,#3493,#3494,#3495,#3496,#3497,#3498,#3499
      ,#3500,#3501,#3502,#3503,#3504,#3505,#3506,#3507,#3508,#3509,#3510
      ,#3511,#3512,#3513,#3514,#3515,#3516,#3517,#3518,#3519)
    ,(#3520,#3521,#3522,#3523,#3524,#3525,#3526,#3527,#3528,#3529,#3530
      ,#3531,#3532,#3533,#3534,#3535,#3536,#3537,#3538,#3539,#3540,#3541
      ,#3542,#3543,#3544,#3545,#3546,#3547,#3548,#3549,#3550
  )),.UNSPECIFIED.,.F.,.F.,.F.,(2,2),(10,7,7,7,10),(0.,0.9375),(0.,
    1.614938419963,3.229876839926,4.844815259889,6.459753679852),
  .UNSPECIFIED.);
#3489 = CARTESIAN_POINT('',(9.438103120255,-1.385259471576E-07,
    -83.5624941974));
#3490 = CARTESIAN_POINT('',(9.438103563966,-1.647259407938,
    -83.60415946194));
#3491 = CARTESIAN_POINT('',(9.114662801141,-3.294506963557,
    -83.64582717907));
#3492 = CARTESIAN_POINT('',(8.467789014328,-4.869211291755,
    -83.68749413642));
#3493 = CARTESIAN_POINT('',(7.516470407146,-6.298723726695,
    -83.72916034624));
#3494 = CARTESIAN_POINT('',(6.298723584313,-7.516474601116,
    -83.77082702372));
#3495 = CARTESIAN_POINT('',(4.869199655738,-8.46778535895,
    -83.81249366246));
#3496 = CARTESIAN_POINT('',(3.294519326261,-9.11466248189,
    -83.85416036737));
#3497 = CARTESIAN_POINT('',(-5.857289888599E-07,-9.761541067685,
    -83.93749373318));
#3498 = CARTESIAN_POINT('',(-3.294519727198,-9.114666151809,
    -84.02082704019));
#3499 = CARTESIAN_POINT('',(-4.869198263076,-8.467790723611,
    -84.06249367584));
#3500 = CARTESIAN_POINT('',(-6.298724805656,-7.516470957115,
    -84.1041603421));
#3501 = CARTESIAN_POINT('',(-7.516469744518,-6.298724231629,
    -84.14582705231));
#3502 = CARTESIAN_POINT('',(-8.46778865471,-4.869196252486,
    -84.18749375983));
#3503 = CARTESIAN_POINT('',(-9.114664586369,-3.294517554133,
    -84.22916042065));
#3504 = CARTESIAN_POINT('',(-9.761541744847,1.562808428144E-07,
    -84.31249371385));
#3505 = CARTESIAN_POINT('',(-9.114664506783,3.294517851069,
    -84.39582700704));
#3506 = CARTESIAN_POINT('',(-8.467788528927,4.869196536385,
    -84.43749366787));
#3507 = CARTESIAN_POINT('',(-7.516469541297,6.298724477202,
    -84.47916037538));
#3508 = CARTESIAN_POINT('',(-6.298724547662,7.516471139545,
    -84.52082708559));
#3509 = CARTESIAN_POINT('',(-4.869197989256,8.46779085157,
    -84.56249375185));
#3510 = CARTESIAN_POINT('',(-3.294519437015,9.11466625221,-84.6041603875
    ));
#3511 = CARTESIAN_POINT('',(-2.745345897308E-07,9.761541080486,
    -84.68749369451));
#3512 = CARTESIAN_POINT('',(3.294519616443,9.114662368265,
    -84.77082706032));
#3513 = CARTESIAN_POINT('',(4.869199908354,8.467785183055,
    -84.81249376523));
#3514 = CARTESIAN_POINT('',(6.298723858998,7.516474335767,
    -84.85416040397));
#3515 = CARTESIAN_POINT('',(7.516470466974,6.298723559803,
    -84.89582708146));
#3516 = CARTESIAN_POINT('',(8.467789480404,4.869211227393,
    -84.93749329126));
#3517 = CARTESIAN_POINT('',(9.114663004992,3.294506489962,
    -84.97916024862));
#3518 = CARTESIAN_POINT('',(9.438103003295,1.647259107799,
    -85.02082796575));
#3519 = CARTESIAN_POINT('',(9.438103442978,-1.616133835928E-07,
    -85.0624932303));
#3520 = CARTESIAN_POINT('',(10.250006776941,6.163368659884E-08,
    -83.09375258173));
#3521 = CARTESIAN_POINT('',(10.250008425252,-1.788963927569,
    -83.13541987224));
#3522 = CARTESIAN_POINT('',(9.898743007381,-3.577915631197,
    -83.17708607153));
#3523 = CARTESIAN_POINT('',(9.196222434024,-5.288074162035,
    -83.21875260885));
#3524 = CARTESIAN_POINT('',(8.16307129439,-6.840568166738,-83.2604194788
    ));
#3525 = CARTESIAN_POINT('',(6.84056230309,-8.163072635585,
    -83.30208614064));
#3526 = CARTESIAN_POINT('',(5.288067595893,-9.196219026984,
    -83.34375281974));
#3527 = CARTESIAN_POINT('',(3.577927319868,-9.898742856133,
    -83.38541946939));
#3528 = CARTESIAN_POINT('',(4.861278707653E-07,-10.60126857056,
    -83.46875278827));
#3529 = CARTESIAN_POINT('',(-3.577927139002,-9.898746996612,
    -83.55208613332));
#3530 = CARTESIAN_POINT('',(-5.288066770174,-9.196224661335,
    -83.59375281378));
#3531 = CARTESIAN_POINT('',(-6.840567212647,-8.163067916608,
    -83.63541948064));
#3532 = CARTESIAN_POINT('',(-8.163067086844,-6.840565786132,
    -83.67708612792));
#3533 = CARTESIAN_POINT('',(-9.196222013877,-5.288064727919,
    -83.71875277642));
#3534 = CARTESIAN_POINT('',(-9.898745012304,-3.577925804513,
    -83.76041944568));
#3535 = CARTESIAN_POINT('',(-10.60126933188,-6.531909613397E-08,
    -83.84375279688));
#3536 = CARTESIAN_POINT('',(-9.898745147052,3.577925700333,
    -83.92708614807));
#3537 = CARTESIAN_POINT('',(-9.196222184485,5.288064659267,
    -83.96875281733));
#3538 = CARTESIAN_POINT('',(-8.163067165755,6.840565702678,
    -84.01041946583));
#3539 = CARTESIAN_POINT('',(-6.840567252629,8.163067764933,
    -84.05208611311));
#3540 = CARTESIAN_POINT('',(-5.288066874105,9.196224498343,
    -84.09375277997));
#3541 = CARTESIAN_POINT('',(-3.577927266815,9.898746934713,
    -84.13541946043));
#3542 = CARTESIAN_POINT('',(3.507042325168E-07,10.601268615368,
    -84.21875280548));
#3543 = CARTESIAN_POINT('',(3.577927192055,9.89874287175,-84.30208612436
    ));
#3544 = CARTESIAN_POINT('',(5.288067417755,9.196219022202,
    -84.34375277402));
#3545 = CARTESIAN_POINT('',(6.840562321519,8.163072497057,-84.3854194531
    ));
#3546 = CARTESIAN_POINT('',(8.163070713624,6.840568525564,
    -84.42708611497));
#3547 = CARTESIAN_POINT('',(9.196223454399,5.288074999043,
    -84.46875298489));
#3548 = CARTESIAN_POINT('',(9.898743307543,3.577915117092,
    -84.51041952223));
#3549 = CARTESIAN_POINT('',(10.250006256329,1.788964061108,
    -84.5520857215));
#3550 = CARTESIAN_POINT('',(10.250007906428,7.190613870925E-08,
    -84.59375301202));
#3551 = ADVANCED_FACE('',(#3552),#3562,.F.);
#3552 = FACE_BOUND('',#3553,.F.);
#3553 = EDGE_LOOP('',(#3554,#3555,#3556,#3557));
#3554 = ORIENTED_EDGE('',*,*,#3448,.F.);
#3555 = ORIENTED_EDGE('',*,*,#3082,.T.);
#3556 = ORIENTED_EDGE('',*,*,#3347,.T.);
#3557 = ORIENTED_EDGE('',*,*,#3558,.F.);
#3558 = EDGE_CURVE('',#3449,#3348,#3559,.T.);
#3559 = B_SPLINE_CURVE_WITH_KNOTS('',1,(#3560,#3561),.UNSPECIFIED.,.F.,
  .F.,(2,2),(0.,0.1875),.PIECEWISE_BEZIER_KNOTS.);
#3560 = CARTESIAN_POINT('',(10.250007906428,7.190613793284E-08,
    -84.59375301202));
#3561 = CARTESIAN_POINT('',(10.250010165413,7.190633510845E-08,
    -84.40625301204));
#3562 = B_SPLINE_SURFACE_WITH_KNOTS('',1,11,(
    (#3563,#3564,#3565,#3566,#3567,#3568,#3569,#3570,#3571,#3572,#3573
      ,#3574,#3575,#3576,#3577,#3578,#3579,#3580,#3581,#3582,#3583)
    ,(#3584,#3585,#3586,#3587,#3588,#3589,#3590,#3591,#3592,#3593,#3594
      ,#3595,#3596,#3597,#3598,#3599,#3600,#3601,#3602,#3603,#3604
  )),.UNSPECIFIED.,.F.,.F.,.F.,(2,2),(12,9,12),(0.,0.1875),(0.,
    3.229876839926,6.459753679852),.UNSPECIFIED.);
#3563 = CARTESIAN_POINT('',(10.250006776941,6.163368659884E-08,
    -83.09375258173));
#3564 = CARTESIAN_POINT('',(10.250009474177,-2.927395557061,
    -83.16193542075));
#3565 = CARTESIAN_POINT('',(9.33033112541,-5.854759009886,
    -83.23011540275));
#3566 = CARTESIAN_POINT('',(7.491022814604,-8.461238445176,
    -83.29829837612));
#3567 = CARTESIAN_POINT('',(4.858034801927,-10.4254161482,
    -83.36648122811));
#3568 = CARTESIAN_POINT('',(1.683674013964,-11.48331598614,
    -83.43466037466));
#3569 = CARTESIAN_POINT('',(-1.683656998438,-11.48334020482,
    -83.50284457502));
#3570 = CARTESIAN_POINT('',(-4.858065999995,-10.42547790115,
    -83.57102532213));
#3571 = CARTESIAN_POINT('',(-7.491002219884,-8.461160622559,
    -83.63920737822));
#3572 = CARTESIAN_POINT('',(-9.330338983554,-5.854787636262,
    -83.70738913129));
#3573 = CARTESIAN_POINT('',(-11.16967531776,-7.602086750326E-08,
    -83.84375279688));
#3574 = CARTESIAN_POINT('',(-9.33033920405,5.854787553485,
    -83.98011646246));
#3575 = CARTESIAN_POINT('',(-7.491003206845,8.461160555422,
    -84.04829821555));
#3576 = CARTESIAN_POINT('',(-4.858061624525,10.425478527687,
    -84.11648027156));
#3577 = CARTESIAN_POINT('',(-1.683666433507,11.483335946337,
    -84.18466101886));
#3578 = CARTESIAN_POINT('',(1.683684846633,11.483325023457,
    -84.25284521892));
#3579 = CARTESIAN_POINT('',(4.858028039521,10.425405950383,
    -84.3210243658));
#3580 = CARTESIAN_POINT('',(7.491021704806,8.46124492151,-84.38920721754
    ));
#3581 = CARTESIAN_POINT('',(9.330336560451,5.85475744778,-84.45739019104
    ));
#3582 = CARTESIAN_POINT('',(10.250005206266,2.9273956906,-84.52557017299
    ));
#3583 = CARTESIAN_POINT('',(10.250007906428,7.190613793284E-08,
    -84.59375301202));
#3584 = CARTESIAN_POINT('',(10.250008713213,6.163386601088E-08,
    -82.90625258174));
#3585 = CARTESIAN_POINT('',(10.250012176062,-2.927396156145,
    -82.97443542077));
#3586 = CARTESIAN_POINT('',(9.330332247495,-5.854760448576,
    -83.04261540275));
#3587 = CARTESIAN_POINT('',(7.491024490432,-8.461239265412,
    -83.11079837612));
#3588 = CARTESIAN_POINT('',(4.858036742722,-10.42541974778,
    -83.17898122815));
#3589 = CARTESIAN_POINT('',(1.683672789643,-11.48331704802,
    -83.24716037463));
#3590 = CARTESIAN_POINT('',(-1.683656016471,-11.48334316024,
    -83.31534457505));
#3591 = CARTESIAN_POINT('',(-4.858067638681,-10.42547993606,
    -83.38352532214));
#3592 = CARTESIAN_POINT('',(-7.491003627638,-8.461162349772,
    -83.45170737823));
#3593 = CARTESIAN_POINT('',(-9.330340872373,-5.854788828884,
    -83.5198891313));
#3594 = CARTESIAN_POINT('',(-11.16967760359,-7.695336809184E-08,
    -83.65625279689));
#3595 = CARTESIAN_POINT('',(-9.330341134075,5.854788757189,
    -83.79261646248));
#3596 = CARTESIAN_POINT('',(-7.491004865093,8.46116229133,
    -83.86079821556));
#3597 = CARTESIAN_POINT('',(-4.858061974267,10.425480759707,
    -83.92898027156));
#3598 = CARTESIAN_POINT('',(-1.683668104533,11.48333769129,
    -83.99716101889));
#3599 = CARTESIAN_POINT('',(1.68368676011,11.483328661198,
    -84.06534521892));
#3600 = CARTESIAN_POINT('',(4.858028087003,10.425406618189,
    -84.13352436582));
#3601 = CARTESIAN_POINT('',(7.49102309504,8.461247564259,-84.20170721754
    ));
#3602 = CARTESIAN_POINT('',(9.330339257206,5.854758405418,
    -84.26989019106));
#3603 = CARTESIAN_POINT('',(10.25000669964,2.927396289684,-84.338070173)
  );
#3604 = CARTESIAN_POINT('',(10.250010165413,7.190633510845E-08,
    -84.40625301204));
#3605 = ADVANCED_FACE('',(#3606),#3633,.T.);
#3606 = FACE_BOUND('',#3607,.T.);
#3607 = EDGE_LOOP('',(#3608,#3619,#3626,#3631,#3632));
#3608 = ORIENTED_EDGE('',*,*,#3609,.F.);
#3609 = EDGE_CURVE('',#3610,#3612,#3614,.T.);
#3610 = VERTEX_POINT('',#3611);
#3611 = CARTESIAN_POINT('',(-18.,0.,-109.75));
#3612 = VERTEX_POINT('',#3613);
#3613 = CARTESIAN_POINT('',(18.,0.,-109.75));
#3614 = CIRCLE('',#3615,18.);
#3615 = AXIS2_PLACEMENT_3D('',#3616,#3617,#3618);
#3616 = CARTESIAN_POINT('',(1.391788079488E-14,0.,-109.75));
#3617 = DIRECTION('',(2.324646799147E-16,0.,-1.));
#3618 = DIRECTION('',(-1.,0.,-2.324646799147E-16));
#3619 = ORIENTED_EDGE('',*,*,#3620,.F.);
#3620 = EDGE_CURVE('',#3612,#3610,#3621,.T.);
#3621 = CIRCLE('',#3622,18.);
#3622 = AXIS2_PLACEMENT_3D('',#3623,#3624,#3625);
#3623 = CARTESIAN_POINT('',(1.391788079488E-14,0.,-109.75));
#3624 = DIRECTION('',(2.324646799147E-16,0.,-1.));
#3625 = DIRECTION('',(-1.,0.,-2.324646799147E-16));
#3626 = ORIENTED_EDGE('',*,*,#3627,.F.);
#3627 = EDGE_CURVE('',#3135,#3612,#3628,.T.);
#3628 = B_SPLINE_CURVE_WITH_KNOTS('',1,(#3629,#3630),.UNSPECIFIED.,.F.,
  .F.,(2,2),(0.,2.692582403567),.PIECEWISE_BEZIER_KNOTS.);
#3629 = CARTESIAN_POINT('',(17.,6.25E-15,-107.25));
#3630 = CARTESIAN_POINT('',(18.,6.61E-15,-109.75));
#3631 = ORIENTED_EDGE('',*,*,#3141,.F.);
#3632 = ORIENTED_EDGE('',*,*,#3627,.T.);
#3633 = CONICAL_SURFACE('',#3634,17.,0.380506377112);
#3634 = AXIS2_PLACEMENT_3D('',#3635,#3636,#3637);
#3635 = CARTESIAN_POINT('',(1.33417190951E-14,0.,-107.25));
#3636 = DIRECTION('',(2.324646799147E-16,0.,-1.));
#3637 = DIRECTION('',(-1.,0.,-2.324646799147E-16));
#3638 = ADVANCED_FACE('',(#3639),#3823,.F.);
#3639 = FACE_BOUND('',#3640,.T.);
#3640 = EDGE_LOOP('',(#3641,#3725,#3726,#3817));
#3641 = ORIENTED_EDGE('',*,*,#3642,.F.);
#3642 = EDGE_CURVE('',#3158,#3643,#3645,.T.);
#3643 = VERTEX_POINT('',#3644);
#3644 = CARTESIAN_POINT('',(9.5,-8.217768154882E-08,-86.52675759199));
#3645 = B_SPLINE_CURVE_WITH_KNOTS('',8,(#3646,#3647,#3648,#3649,#3650,
    #3651,#3652,#3653,#3654,#3655,#3656,#3657,#3658,#3659,#3660,#3661,
    #3662,#3663,#3664,#3665,#3666,#3667,#3668,#3669,#3670,#3671,#3672,
    #3673,#3674,#3675,#3676,#3677,#3678,#3679,#3680,#3681,#3682,#3683,
    #3684,#3685,#3686,#3687,#3688,#3689,#3690,#3691,#3692,#3693,#3694,
    #3695,#3696,#3697,#3698,#3699,#3700,#3701,#3702,#3703,#3704,#3705,
    #3706,#3707,#3708,#3709,#3710,#3711,#3712,#3713,#3714,#3715,#3716,
    #3717,#3718,#3719,#3720,#3721,#3722,#3723,#3724),.UNSPECIFIED.,.F.,
  .F.,(9,7,7,7,7,7,7,7,7,7,7,9),(0.,4.772323559079E-02,0.120621762512,
    0.214088506919,0.317411153588,0.426343729432,0.576085303942,
    0.68467279211,0.788306065776,0.882004222444,0.957152910102,1.),
  .UNSPECIFIED.);
#3646 = CARTESIAN_POINT('',(9.5,-1.438109489271E-07,-85.02675823073));
#3647 = CARTESIAN_POINT('',(9.49999999461,-0.35602529925,-85.03570484939
    ));
#3648 = CARTESIAN_POINT('',(9.484751396268,-0.712055143535,
    -85.04465162397));
#3649 = CARTESIAN_POINT('',(9.454253515314,-1.067320713447,
    -85.05359834333));
#3650 = CARTESIAN_POINT('',(9.408552982881,-1.421059769339,
    -85.06254500782));
#3651 = CARTESIAN_POINT('',(9.347741354375,-1.772516594617,
    -85.07149170972));
#3652 = CARTESIAN_POINT('',(9.271954314298,-2.120942046253,
    -85.08043853003));
#3653 = CARTESIAN_POINT('',(9.181372482389,-2.465593856339,
    -85.08938545163));
#3654 = CARTESIAN_POINT('',(8.915606410699,-3.325315274256,
    -85.11199882362));
#3655 = CARTESIAN_POINT('',(8.720983947008,-3.834424174311,
    -85.12566647748));
#3656 = CARTESIAN_POINT('',(8.493167846832,-4.330408635004,
    -85.1393337731));
#3657 = CARTESIAN_POINT('',(8.233209777418,-4.810748900977,
    -85.15300053816));
#3658 = CARTESIAN_POINT('',(7.942374434847,-5.273047251977,
    -85.16666727173));
#3659 = CARTESIAN_POINT('',(7.622129758367,-5.715024730852,
    -85.18033449342));
#3660 = CARTESIAN_POINT('',(7.274154580681,-6.134528058912,
    -85.19400207527));
#3661 = CARTESIAN_POINT('',(6.42110827708,-7.036019386792,
    -85.22519101628));
#3662 = CARTESIAN_POINT('',(5.899271350162,-7.502392178887,
    -85.2427167923));
#3663 = CARTESIAN_POINT('',(5.338904830378,-7.924327037653,
    -85.26024089543));
#3664 = CARTESIAN_POINT('',(4.744470003991,-8.298161346488,
    -85.2777630096));
#3665 = CARTESIAN_POINT('',(4.120763444205,-8.620798851022,
    -85.29528514592));
#3666 = CARTESIAN_POINT('',(3.472886550565,-8.889676600902,
    -85.31280930331));
#3667 = CARTESIAN_POINT('',(2.806258730134,-9.102807931819,
    -85.3303351354));
#3668 = CARTESIAN_POINT('',(1.375428730675,-9.431454832068,
    -85.36722782735));
#3669 = CARTESIAN_POINT('',(0.607957222691,-9.534396885178,
    -85.38660384675));
#3670 = CARTESIAN_POINT('',(-0.167876620734,-9.565850696191,
    -85.4059774464));
#3671 = CARTESIAN_POINT('',(-0.944291706151,-9.525152593313,
    -85.42534796856));
#3672 = CARTESIAN_POINT('',(-1.713584802987,-9.412614368768,
    -85.4447184943));
#3673 = CARTESIAN_POINT('',(-2.468141405769,-9.229442775912,
    -85.46409206901));
#3674 = CARTESIAN_POINT('',(-3.200462185037,-8.977816338562,
    -85.4834679923));
#3675 = CARTESIAN_POINT('',(-4.644103468809,-8.327227470253,
    -85.52326006133));
#3676 = CARTESIAN_POINT('',(-5.3526328969,-7.920779406987,
    -85.54368937547));
#3677 = CARTESIAN_POINT('',(-6.020071121517,-7.44559382099,
    -85.56411464805));
#3678 = CARTESIAN_POINT('',(-6.638732503769,-6.906655858093,
    -85.5845366303));
#3679 = CARTESIAN_POINT('',(-7.201713182833,-6.309790063933,
    -85.60495859799));
#3680 = CARTESIAN_POINT('',(-7.702920184286,-5.661664613447,
    -85.62538390865));
#3681 = CARTESIAN_POINT('',(-8.137068379787,-4.969761832256,
    -85.64581327394));
#3682 = CARTESIAN_POINT('',(-8.9988887727,-3.24313401563,-85.69430764431
    ));
#3683 = CARTESIAN_POINT('',(-9.364109919114,-2.175268094974,
    -85.72241687812));
#3684 = CARTESIAN_POINT('',(-9.583490850182,-1.06190728325,
    -85.75050458913));
#3685 = CARTESIAN_POINT('',(-9.651511050363,7.364330453965E-02,
    -85.7785792097));
#3686 = CARTESIAN_POINT('',(-9.566170462683,1.208023938947,
    -85.80665453849));
#3687 = CARTESIAN_POINT('',(-9.329826376234,2.317906992478,
    -85.83474168373));
#3688 = CARTESIAN_POINT('',(-8.948351579882,3.380076837557,
    -85.86285075133));
#3689 = CARTESIAN_POINT('',(-8.061469277823,5.091065596635,-85.911280398
    ));
#3690 = CARTESIAN_POINT('',(-7.618446958262,5.774203853935,
    -85.93164506436));
#3691 = CARTESIAN_POINT('',(-7.109448897786,6.412857466378,
    -85.95200591791));
#3692 = CARTESIAN_POINT('',(-6.539818070965,6.999692927929,
    -85.97236361724));
#3693 = CARTESIAN_POINT('',(-5.915684171432,7.5281926899,-85.99272129827
    ));
#3694 = CARTESIAN_POINT('',(-5.243965654829,7.992683429982,
    -86.01308217857));
#3695 = CARTESIAN_POINT('',(-4.532341600744,8.388332106633,
    -86.03344687827));
#3696 = CARTESIAN_POINT('',(-3.080544502866,9.019865134074,
    -86.07323245986));
#3697 = CARTESIAN_POINT('',(-2.342694671511,9.262414577184,
    -86.09266663306));
#3698 = CARTESIAN_POINT('',(-1.583397611205,9.435800210104,
    -86.11209764344));
#3699 = CARTESIAN_POINT('',(-0.81025618167,9.537925755291,
    -86.13152588693));
#3700 = CARTESIAN_POINT('',(-3.096681145796E-02,9.567680731551,
    -86.1509541388));
#3701 = CARTESIAN_POINT('',(0.746697055772,9.524861450934,
    -86.17038514223));
#3702 = CARTESIAN_POINT('',(1.514887936764,9.41025164943,-86.18981925457
    ));
#3703 = CARTESIAN_POINT('',(2.944538871084,9.059155650528,
    -86.22681351945));
#3704 = CARTESIAN_POINT('',(3.609493905153,8.835327697194,
    -86.24438299049));
#3705 = CARTESIAN_POINT('',(4.254750187693,8.555769924586,
    -86.26195103698));
#3706 = CARTESIAN_POINT('',(4.874879155168,8.22256770728,-86.27951722709
    ));
#3707 = CARTESIAN_POINT('',(5.46478245718,7.838383212895,-86.2970834267)
  );
#3708 = CARTESIAN_POINT('',(6.019678056455,7.406411958725,
    -86.31465149129));
#3709 = CARTESIAN_POINT('',(6.535131547305,6.930415993228,
    -86.33222096504));
#3710 = CARTESIAN_POINT('',(7.385691544733,6.001321484859,
    -86.36387509509));
#3711 = CARTESIAN_POINT('',(7.736393772955,5.562242785646,
    -86.37796448928));
#3712 = CARTESIAN_POINT('',(8.057174802367,5.099836890752,
    -86.39205326671));
#3713 = CARTESIAN_POINT('',(8.346241729454,4.616499190511,
    -86.40614132224));
#3714 = CARTESIAN_POINT('',(8.602042827441,4.11476139141,-86.42022937336
    ));
#3715 = CARTESIAN_POINT('',(8.823258204819,3.597283430626,
    -86.43431815756));
#3716 = CARTESIAN_POINT('',(9.008811616989,3.066857093252,
    -86.44840760213));
#3717 = CARTESIAN_POINT('',(9.242910242976,2.218284219521,-86.4705286472
    ));
#3718 = CARTESIAN_POINT('',(9.316068572469,1.906875468852,
    -86.47856143084));
#3719 = CARTESIAN_POINT('',(9.37723089591,1.59273063877,-86.48659421365)
  );
#3720 = CARTESIAN_POINT('',(9.426279118722,1.276389542774,
    -86.49462696935));
#3721 = CARTESIAN_POINT('',(9.463124590928,0.95839611193,-86.50265970775
    ));
#3722 = CARTESIAN_POINT('',(9.487708122715,0.639298257515,
    -86.51069243326));
#3723 = CARTESIAN_POINT('',(9.5,0.319647733662,-86.5187251035));
#3724 = CARTESIAN_POINT('',(9.5,0.,-86.52675758786));
#3725 = ORIENTED_EDGE('',*,*,#3333,.T.);
#3726 = ORIENTED_EDGE('',*,*,#3727,.T.);
#3727 = EDGE_CURVE('',#3243,#3728,#3730,.T.);
#3728 = VERTEX_POINT('',#3729);
#3729 = CARTESIAN_POINT('',(9.5,-9.24520527486E-08,-86.9732181343));
#3730 = B_SPLINE_CURVE_WITH_KNOTS('',8,(#3731,#3732,#3733,#3734,#3735,
    #3736,#3737,#3738,#3739,#3740,#3741,#3742,#3743,#3744,#3745,#3746,
    #3747,#3748,#3749,#3750,#3751,#3752,#3753,#3754,#3755,#3756,#3757,
    #3758,#3759,#3760,#3761,#3762,#3763,#3764,#3765,#3766,#3767,#3768,
    #3769,#3770,#3771,#3772,#3773,#3774,#3775,#3776,#3777,#3778,#3779,
    #3780,#3781,#3782,#3783,#3784,#3785,#3786,#3787,#3788,#3789,#3790,
    #3791,#3792,#3793,#3794,#3795,#3796,#3797,#3798,#3799,#3800,#3801,
    #3802,#3803,#3804,#3805,#3806,#3807,#3808,#3809,#3810,#3811,#3812,
    #3813,#3814,#3815,#3816),.UNSPECIFIED.,.F.,.F.,(9,7,7,7,7,7,7,7,7,7,
    7,7,9),(0.,2.051813528228E-02,5.256587709374E-02,0.122558862899,
    0.214671389933,0.320034833862,0.431832838328,0.576551416525,
    0.685730444155,0.790092893541,0.883608308539,0.959446994925,1.),
  .UNSPECIFIED.);
#3731 = CARTESIAN_POINT('',(9.5,-1.643586990951E-07,-85.47322026364));
#3732 = CARTESIAN_POINT('',(9.499999997352,-0.153070805697,
    -85.4770666028));
#3733 = CARTESIAN_POINT('',(9.497181272639,-0.306141495477,
    -85.48091300112));
#3734 = CARTESIAN_POINT('',(9.491543827105,-0.459151591743,
    -85.48475945171));
#3735 = CARTESIAN_POINT('',(9.483089221532,-0.612040542305,
    -85.48860594764));
#3736 = CARTESIAN_POINT('',(9.471820576235,-0.764747884739,
    -85.49245248192));
#3737 = CARTESIAN_POINT('',(9.457742571064,-0.917213246389,
    -85.49629904752));
#3738 = CARTESIAN_POINT('',(9.440861445406,-1.069376344364,
    -85.50014563736));
#3739 = CARTESIAN_POINT('',(9.39045190808,-1.458277856958,
    -85.51000034717));
#3740 = CARTESIAN_POINT('',(9.352899180455,-1.6944955288,-85.51600850409
    ));
#3741 = CARTESIAN_POINT('',(9.308556651893,-1.929600139978,
    -85.52201669126));
#3742 = CARTESIAN_POINT('',(9.257463214239,-2.163363952653,
    -85.52802488922));
#3743 = CARTESIAN_POINT('',(9.199666814604,-2.395561352244,
    -85.53403308283));
#3744 = CARTESIAN_POINT('',(9.13522445536,-2.625968847423,
    -85.54004126132));
#3745 = CARTESIAN_POINT('',(9.064202194144,-2.854365070116,
    -85.54604941827));
#3746 = CARTESIAN_POINT('',(8.817354329851,-3.574481740917,
    -85.5651794493));
#3747 = CARTESIAN_POINT('',(8.616994142974,-4.057828113924,
    -85.57830209153));
#3748 = CARTESIAN_POINT('',(8.386383427433,-4.528246816649,
    -85.59142426354));
#3749 = CARTESIAN_POINT('',(8.126511083575,-4.983533600788,
    -85.6045459241));
#3750 = CARTESIAN_POINT('',(7.838544910546,-5.421592006272,
    -85.61766759835));
#3751 = CARTESIAN_POINT('',(7.523823980578,-5.840430613067,
    -85.63078979273));
#3752 = CARTESIAN_POINT('',(7.183864544905,-6.238168586121,
    -85.64391243191));
#3753 = CARTESIAN_POINT('',(6.342023986347,-7.106402228106,
    -85.6743030492));
#3754 = CARTESIAN_POINT('',(5.822792444473,-7.560303475128,
    -85.6915751321));
#3755 = CARTESIAN_POINT('',(5.266610476719,-7.970653710214,
    -85.70884591924));
#3756 = CARTESIAN_POINT('',(4.677782757188,-8.333991323812,
    -85.72611498671));
#3757 = CARTESIAN_POINT('',(4.060925928774,-8.647391930769,
    -85.74338403609));
#3758 = CARTESIAN_POINT('',(3.420940952712,-8.908437772847,
    -85.76065478341));
#3759 = CARTESIAN_POINT('',(2.763024881976,-9.115257234113,
    -85.77792683519));
#3760 = CARTESIAN_POINT('',(1.325992317899,-9.439788190375,
    -85.81494847171));
#3761 = CARTESIAN_POINT('',(0.542642024383,-9.540494017539,
    -85.83470759902));
#3762 = CARTESIAN_POINT('',(-0.248973628912,-9.566784834787,
    -85.85446330937));
#3763 = CARTESIAN_POINT('',(-1.040588679374,-9.518013592571,
    -85.87421610814));
#3764 = CARTESIAN_POINT('',(-1.824041592947,-9.394585259824,
    -85.89396894328));
#3765 = CARTESIAN_POINT('',(-2.591276132537,-9.19786793036,
    -85.91372473749));
#3766 = CARTESIAN_POINT('',(-3.334361410647,-8.930279427404,
    -85.93348393781));
#3767 = CARTESIAN_POINT('',(-4.800201152178,-8.240369839483,
    -85.97419613937));
#3768 = CARTESIAN_POINT('',(-5.519509436611,-7.809331478649,
    -85.99516408138));
#3769 = CARTESIAN_POINT('',(-6.194101248855,-7.306717399325,
    -86.01612757631));
#3770 = CARTESIAN_POINT('',(-6.815781576266,-6.738095805393,
    -86.03708743731));
#3771 = CARTESIAN_POINT('',(-7.377239562424,-6.109938276039,
    -86.05804724314));
#3772 = CARTESIAN_POINT('',(-7.872087864399,-5.429629404889,
    -86.07901063717));
#3773 = CARTESIAN_POINT('',(-8.294852594304,-4.705427361653,
    -86.09997850299));
#3774 = CARTESIAN_POINT('',(-9.089889842152,-2.964712651431,
    -86.14806875104));
#3775 = CARTESIAN_POINT('',(-9.411385953589,-1.923277842048,
    -86.17523062131));
#3776 = CARTESIAN_POINT('',(-9.595692612415,-0.843352934415,
    -86.2023742476));
#3777 = CARTESIAN_POINT('',(-9.638330641246,0.253928367113,
    -86.22950744809));
#3778 = CARTESIAN_POINT('',(-9.537974613334,1.347442397167,
    -86.25664026341));
#3779 = CARTESIAN_POINT('',(-9.29706040321,2.416164538497,
    -86.28378436566));
#3780 = CARTESIAN_POINT('',(-8.92117373115,3.439226335147,
    -86.31094640657));
#3781 = CARTESIAN_POINT('',(-8.044624033874,5.118343552211,
    -86.35854566842));
#3782 = CARTESIAN_POINT('',(-7.596807296814,5.803719612208,
    -86.37902147695));
#3783 = CARTESIAN_POINT('',(-7.082445853078,6.443883666598,
    -86.39949319219));
#3784 = CARTESIAN_POINT('',(-6.507000224159,7.031401924057,
    -86.41996153898));
#3785 = CARTESIAN_POINT('',(-5.8767299918,7.559677255271,-86.44042990366
    ));
#3786 = CARTESIAN_POINT('',(-5.198696804918,8.022979171827,
    -86.46090158851));
#3787 = CARTESIAN_POINT('',(-4.480734187981,8.416438532765,
    -86.48137737175));
#3788 = CARTESIAN_POINT('',(-3.015711814857,9.042215152478,
    -86.52141092413));
#3789 = CARTESIAN_POINT('',(-2.270855755889,9.281078655873,
    -86.54098236207));
#3790 = CARTESIAN_POINT('',(-1.50476740569,9.449633081854,
    -86.56055084187));
#3791 = CARTESIAN_POINT('',(-0.725228940703,9.545797627372,
    -86.58011667963));
#3792 = CARTESIAN_POINT('',(5.989027256704E-02,9.568505812587,
    -86.59968249959));
#3793 = CARTESIAN_POINT('',(0.842650072675,9.517623010732,
    -86.61925096842));
#3794 = CARTESIAN_POINT('',(1.615043248131,9.394030441275,
    -86.63882245883));
#3795 = CARTESIAN_POINT('',(3.044626902033,9.025905020356,-86.6759194374
    ));
#3796 = CARTESIAN_POINT('',(3.705771225951,8.795194148117,
    -86.69345450286));
#3797 = CARTESIAN_POINT('',(4.346683205524,8.509190649501,
    -86.71098789518));
#3798 = CARTESIAN_POINT('',(4.961989034477,8.170026579481,
    -86.72851927013));
#3799 = CARTESIAN_POINT('',(5.546648676249,7.780402872803,
    -86.74605063253));
#3800 = CARTESIAN_POINT('',(6.095941619441,7.343546571376,
    -86.76358400057));
#3801 = CARTESIAN_POINT('',(6.605498265749,6.86324318723,-86.78111905973
    ));
#3802 = CARTESIAN_POINT('',(7.449193029774,5.922805579578,
    -86.81286861831));
#3803 = CARTESIAN_POINT('',(7.798378202118,5.47591443629,-86.82708776625
    ));
#3804 = CARTESIAN_POINT('',(8.116832609095,5.005594436951,
    -86.84130647449));
#3805 = CARTESIAN_POINT('',(8.402740627144,4.514328077861,-86.8555245844
    ));
#3806 = CARTESIAN_POINT('',(8.654538422357,4.004736187864,
    -86.86974272791));
#3807 = CARTESIAN_POINT('',(8.870903985668,3.479569508175,-86.883961514)
  );
#3808 = CARTESIAN_POINT('',(9.050769648321,2.941712350004,
    -86.89818072802));
#3809 = CARTESIAN_POINT('',(9.269602448164,2.101427715239,
    -86.92000119598));
#3810 = CARTESIAN_POINT('',(9.335192799817,1.805879840427,
    -86.92760386072));
#3811 = CARTESIAN_POINT('',(9.390009631117,1.508010276944,
    -86.93520644512));
#3812 = CARTESIAN_POINT('',(9.433958104958,1.208277786021,-86.9428089374
    ));
#3813 = CARTESIAN_POINT('',(9.466967049736,0.907144221986,
    -86.95041136297));
#3814 = CARTESIAN_POINT('',(9.488988960482,0.605074435555,
    -86.95801374053));
#3815 = CARTESIAN_POINT('',(9.5,0.302536177114,-86.96561603821));
#3816 = CARTESIAN_POINT('',(9.5,1.7763568394E-15,-86.97321812966));
#3817 = ORIENTED_EDGE('',*,*,#3818,.F.);
#3818 = EDGE_CURVE('',#3643,#3728,#3819,.T.);
#3819 = LINE('',#3820,#3821);
#3820 = CARTESIAN_POINT('',(9.5,0.,-74.75));
#3821 = VECTOR('',#3822,1.);
#3822 = DIRECTION('',(5.141040633873E-17,0.,-1.));
#3823 = CYLINDRICAL_SURFACE('',#3824,9.5);
#3824 = AXIS2_PLACEMENT_3D('',#3825,#3826,#3827);
#3825 = CARTESIAN_POINT('',(3.061616997868E-15,0.,-74.75));
#3826 = DIRECTION('',(1.224646799147E-16,0.,-1.));
#3827 = DIRECTION('',(1.,0.,1.224646799147E-16));
#3828 = ADVANCED_FACE('',(#3829),#3864,.F.);
#3829 = FACE_BOUND('',#3830,.F.);
#3830 = EDGE_LOOP('',(#3831,#3857,#3858,#3859));
#3831 = ORIENTED_EDGE('',*,*,#3832,.F.);
#3832 = EDGE_CURVE('',#3348,#3833,#3835,.T.);
#3833 = VERTEX_POINT('',#3834);
#3834 = CARTESIAN_POINT('',(10.250011617612,8.21785472592E-08,
    -85.90625344234));
#3835 = B_SPLINE_CURVE_WITH_KNOTS('',11,(#3836,#3837,#3838,#3839,#3840,
    #3841,#3842,#3843,#3844,#3845,#3846,#3847,#3848,#3849,#3850,#3851,
    #3852,#3853,#3854,#3855,#3856),.UNSPECIFIED.,.F.,.F.,(12,9,12),(0.,
    3.229876839926,6.459753679852),.UNSPECIFIED.);
#3836 = CARTESIAN_POINT('',(10.250010165413,7.190611839292E-08,
    -84.40625301204));
#3837 = CARTESIAN_POINT('',(10.250013631193,-2.927396560622,
    -84.47443585108));
#3838 = CARTESIAN_POINT('',(9.330333575264,-5.85476126872,
    -84.54261583305));
#3839 = CARTESIAN_POINT('',(7.491025560236,-8.461240456626,
    -84.61079880642));
#3840 = CARTESIAN_POINT('',(4.858037441414,-10.42542122008,
    -84.67898165846));
#3841 = CARTESIAN_POINT('',(1.683673039707,-11.48331867312,
    -84.74716080492));
#3842 = CARTESIAN_POINT('',(-1.683656243484,-11.48334478897,
    -84.81534500536));
#3843 = CARTESIAN_POINT('',(-4.858068316531,-10.42548141793,
    -84.88352575244));
#3844 = CARTESIAN_POINT('',(-7.491004680463,-8.461163556046,
    -84.95170780853));
#3845 = CARTESIAN_POINT('',(-9.330342188407,-5.854789667728,
    -85.0198895616));
#3846 = CARTESIAN_POINT('',(-11.16967918609,-8.814736368172E-08,
    -85.15625322719));
#3847 = CARTESIAN_POINT('',(-9.330342461844,5.854789577332,
    -85.29261689278));
#3848 = CARTESIAN_POINT('',(-7.491005934875,8.46116348259,
    -85.36079864586));
#3849 = CARTESIAN_POINT('',(-4.858062673022,10.425482231848,
    -85.42898070187));
#3850 = CARTESIAN_POINT('',(-1.683668354547,11.483339316645,
    -85.49716144918));
#3851 = CARTESIAN_POINT('',(1.683686987139,11.483330289677,
    -85.56534564923));
#3852 = CARTESIAN_POINT('',(4.858028764812,10.425408100218,
    -85.63352479611));
#3853 = CARTESIAN_POINT('',(7.491024147883,8.461248770488,
    -85.70170764784));
#3854 = CARTESIAN_POINT('',(9.330340573237,5.854759244264,
    -85.76989062136));
#3855 = CARTESIAN_POINT('',(10.250008148905,2.927396714706,
    -85.83807060329));
#3856 = CARTESIAN_POINT('',(10.250011617612,8.217858216142E-08,
    -85.90625344234));
#3857 = ORIENTED_EDGE('',*,*,#3375,.T.);
#3858 = ORIENTED_EDGE('',*,*,#3242,.T.);
#3859 = ORIENTED_EDGE('',*,*,#3860,.F.);
#3860 = EDGE_CURVE('',#3833,#3243,#3861,.T.);
#3861 = B_SPLINE_CURVE_WITH_KNOTS('',1,(#3862,#3863),.UNSPECIFIED.,.F.,
  .F.,(2,2),(0.,0.9375),.PIECEWISE_BEZIER_KNOTS.);
#3862 = CARTESIAN_POINT('',(10.250011617612,8.217858204964E-08,
    -85.90625344234));
#3863 = CARTESIAN_POINT('',(9.438119255883,-1.84699561007E-07,
    -85.43749226331));
#3864 = B_SPLINE_SURFACE_WITH_KNOTS('',1,9,(
    (#3865,#3866,#3867,#3868,#3869,#3870,#3871,#3872,#3873,#3874,#3875
      ,#3876,#3877,#3878,#3879,#3880,#3881,#3882,#3883,#3884,#3885,#3886
      ,#3887,#3888,#3889,#3890,#3891,#3892,#3893,#3894,#3895)
    ,(#3896,#3897,#3898,#3899,#3900,#3901,#3902,#3903,#3904,#3905,#3906
      ,#3907,#3908,#3909,#3910,#3911,#3912,#3913,#3914,#3915,#3916,#3917
      ,#3918,#3919,#3920,#3921,#3922,#3923,#3924,#3925,#3926
  )),.UNSPECIFIED.,.F.,.F.,.F.,(2,2),(10,7,7,7,10),(0.,0.9375),(0.,
    1.614938419963,3.229876839926,4.844815259889,6.459753679852),
  .UNSPECIFIED.);
#3865 = CARTESIAN_POINT('',(10.250010165413,7.190611572838E-08,
    -84.40625301204));
#3866 = CARTESIAN_POINT('',(10.25001228339,-1.788964536861,
    -84.44792030256));
#3867 = CARTESIAN_POINT('',(9.898746389602,-3.57791695227,
    -84.48958650184));
#3868 = CARTESIAN_POINT('',(9.19622546859,-5.288075881726,
    -84.53125303915));
#3869 = CARTESIAN_POINT('',(8.163074198564,-6.840570491557,
    -84.57291990912));
#3870 = CARTESIAN_POINT('',(6.840564662485,-8.163075488323,
    -84.61458657095));
#3871 = CARTESIAN_POINT('',(5.288069444826,-9.196222217086,
    -84.65625325005));
#3872 = CARTESIAN_POINT('',(3.577928568747,-9.898746285151,
    -84.6979198997));
#3873 = CARTESIAN_POINT('',(4.963715805632E-07,-10.60127223564,
    -84.78125321858));
#3874 = CARTESIAN_POINT('',(-3.577928368367,-9.898750430559,
    -84.86458656363));
#3875 = CARTESIAN_POINT('',(-5.28806995465,-9.196226426692,
    -84.90625324271));
#3876 = CARTESIAN_POINT('',(-6.840566085773,-8.163074457855,
    -84.94791991451));
#3877 = CARTESIAN_POINT('',(-8.16307340575,-6.840564461707,
    -84.98958655467));
#3878 = CARTESIAN_POINT('',(-9.196223818887,-5.288067999476,
    -85.03125320812));
#3879 = CARTESIAN_POINT('',(-9.898748424304,-3.577927050016,
    -85.07291987599));
#3880 = CARTESIAN_POINT('',(-10.60127300336,-7.48753033156E-08,
    -85.15625322719));
#3881 = CARTESIAN_POINT('',(-9.898748591405,3.577926933077,
    -85.23958657838));
#3882 = CARTESIAN_POINT('',(-9.196225389191,5.288066488745,
    -85.28125324764));
#3883 = CARTESIAN_POINT('',(-8.163069998222,6.84056806682,
    -85.32291989614));
#3884 = CARTESIAN_POINT('',(-6.840569620386,8.163070576208,
    -85.36458654343));
#3885 = CARTESIAN_POINT('',(-5.288068712441,9.196227664477,
    -85.40625321028));
#3886 = CARTESIAN_POINT('',(-3.577928515693,9.898750357121,
    -85.44791989074));
#3887 = CARTESIAN_POINT('',(3.404679533632E-07,10.601272293246,
    -85.53125323579));
#3888 = CARTESIAN_POINT('',(3.577928421421,9.898746299084,
    -85.61458655467));
#3889 = CARTESIAN_POINT('',(5.288069231591,9.196222201851,
    -85.65625320433));
#3890 = CARTESIAN_POINT('',(6.840564700202,8.163075298467,
    -85.69791988341));
#3891 = CARTESIAN_POINT('',(8.163073463619,6.840570938876,
    -85.73958654528));
#3892 = CARTESIAN_POINT('',(9.196226789584,5.288076942084,-85.7812534152
    ));
#3893 = CARTESIAN_POINT('',(9.898746781672,3.577916274271,
    -85.82291995254));
#3894 = CARTESIAN_POINT('',(10.250009497847,1.788964690946,
    -85.86458615181));
#3895 = CARTESIAN_POINT('',(10.250011617612,8.217858204964E-08,
    -85.90625344234));
#3896 = CARTESIAN_POINT('',(9.438116996885,-1.616124229997E-07,
    -83.93749323038));
#3897 = CARTESIAN_POINT('',(9.438120243815,-1.647262021939,
    -83.97915849496));
#3898 = CARTESIAN_POINT('',(9.114676831885,-3.294512718871,
    -84.02082621207));
#3899 = CARTESIAN_POINT('',(8.467801387362,-4.869218356176,
    -84.0624931694));
#3900 = CARTESIAN_POINT('',(7.516482635525,-6.298733435707,
    -84.10415937925));
#3901 = CARTESIAN_POINT('',(6.298733365895,-7.516486633982,
    -84.14582605671));
#3902 = CARTESIAN_POINT('',(4.869207343553,-8.467798752619,
    -84.18749269546));
#3903 = CARTESIAN_POINT('',(3.294524484779,-9.114676852563,
    -84.22915940037));
#3904 = CARTESIAN_POINT('',(-6.118986033824E-07,-9.761556382773,
    -84.31249276618));
#3905 = CARTESIAN_POINT('',(-3.294524932274,-9.114680492903,
    -84.39582607319));
#3906 = CARTESIAN_POINT('',(-4.869207302162,-8.467802751629,
    -84.43749271195));
#3907 = CARTESIAN_POINT('',(-6.298731326239,-7.516486313068,
    -84.47915936708));
#3908 = CARTESIAN_POINT('',(-7.516485052681,-6.298730605156,
    -84.52082609332));
#3909 = CARTESIAN_POINT('',(-8.467800551829,-4.869205205802,
    -84.5624927897));
#3910 = CARTESIAN_POINT('',(-9.114678854931,-3.294522692398,
    -84.60415945365));
#3911 = CARTESIAN_POINT('',(-9.761557098338,1.865680886272E-07,
    -84.68749274684));
#3912 = CARTESIAN_POINT('',(-9.114678910314,3.29452307641,
    -84.77082604004));
#3913 = CARTESIAN_POINT('',(-8.467801922803,4.869204259493,
    -84.81249270086));
#3914 = CARTESIAN_POINT('',(-7.516481339459,6.298734422183,
    -84.85415940838));
#3915 = CARTESIAN_POINT('',(-6.298734379382,7.516482923644,
    -84.89582611859));
#3916 = CARTESIAN_POINT('',(-4.869205613483,8.467804101432,
    -84.93749278485));
#3917 = CARTESIAN_POINT('',(-3.29452459553,9.114680583219,-84.9791594205
    ));
#3918 = CARTESIAN_POINT('',(-2.483339433259E-07,9.761556472378,
    -85.0624927275));
#3919 = CARTESIAN_POINT('',(3.294524821522,9.114676669682,
    -85.14582609332));
#3920 = CARTESIAN_POINT('',(4.869207537607,8.467798426598,
    -85.18749279823));
#3921 = CARTESIAN_POINT('',(6.298733891254,7.516485947568,
    -85.22915943696));
#3922 = CARTESIAN_POINT('',(7.516481883352,6.298733664852,
    -85.27082611447));
#3923 = CARTESIAN_POINT('',(8.467803744579,4.869219479881,
    -85.31249232426));
#3924 = CARTESIAN_POINT('',(9.114677646332,3.294511098277,
    -85.35415928163));
#3925 = CARTESIAN_POINT('',(9.438116012985,1.647261675627,
    -85.39582699872));
#3926 = CARTESIAN_POINT('',(9.438119255883,-1.84699561007E-07,
    -85.43749226331));
#3927 = ADVANCED_FACE('',(#3928),#3973,.F.);
#3928 = FACE_BOUND('',#3929,.F.);
#3929 = EDGE_LOOP('',(#3930,#3931,#3932,#3968));
#3930 = ORIENTED_EDGE('',*,*,#3642,.F.);
#3931 = ORIENTED_EDGE('',*,*,#3484,.T.);
#3932 = ORIENTED_EDGE('',*,*,#3933,.T.);
#3933 = EDGE_CURVE('',#3449,#3934,#3936,.T.);
#3934 = VERTEX_POINT('',#3935);
#3935 = CARTESIAN_POINT('',(10.250009035915,8.217828623536E-08,
    -86.09375344232));
#3936 = B_SPLINE_CURVE_WITH_KNOTS('',9,(#3937,#3938,#3939,#3940,#3941,
    #3942,#3943,#3944,#3945,#3946,#3947,#3948,#3949,#3950,#3951,#3952,
    #3953,#3954,#3955,#3956,#3957,#3958,#3959,#3960,#3961,#3962,#3963,
    #3964,#3965,#3966,#3967),.UNSPECIFIED.,.F.,.F.,(10,7,7,7,10),(0.,
    1.614938419963,3.229876839926,4.844815259889,6.459753679852),
  .UNSPECIFIED.);
#3937 = CARTESIAN_POINT('',(10.250007906428,7.190591855277E-08,
    -84.59375301202));
#3938 = CARTESIAN_POINT('',(10.250009556531,-1.78896411443,
    -84.63542030254));
#3939 = CARTESIAN_POINT('',(9.898744101745,-3.577916015542,
    -84.67708650183));
#3940 = CARTESIAN_POINT('',(9.19622345269,-5.288074735524,
    -84.71875303914));
#3941 = CARTESIAN_POINT('',(8.163072200768,-6.840568912349,
    -84.7604199091));
#3942 = CARTESIAN_POINT('',(6.840563065054,-8.16307352825,
    -84.80208657094));
#3943 = CARTESIAN_POINT('',(5.28806818782,-9.19622003505,-84.84375325003
    ));
#3944 = CARTESIAN_POINT('',(3.577927724053,-9.898743943327,
    -84.88541989969));
#3945 = CARTESIAN_POINT('',(4.967534011136E-07,-10.60126973875,
    -84.96875321857));
#3946 = CARTESIAN_POINT('',(-3.577927523346,-9.898748090977,
    -85.05208656361));
#3947 = CARTESIAN_POINT('',(-5.28806734367,-9.196225680001,
    -85.09375324408));
#3948 = CARTESIAN_POINT('',(-6.840567958255,-8.163068822982,
    -85.13541991093));
#3949 = CARTESIAN_POINT('',(-8.163067979508,-6.840566548099,
    -85.17708655822));
#3950 = CARTESIAN_POINT('',(-9.196223021944,-5.288065319847,
    -85.21875320671));
#3951 = CARTESIAN_POINT('',(-9.898746099498,-3.577926208698,
    -85.26041987598));
#3952 = CARTESIAN_POINT('',(-10.60127050007,-7.594337539099E-08,
    -85.34375322717));
#3953 = CARTESIAN_POINT('',(-9.898746241417,3.577926084678,
    -85.42708657837));
#3954 = CARTESIAN_POINT('',(-9.19622320315,5.288065232762,
    -85.46875324763));
#3955 = CARTESIAN_POINT('',(-8.16306807213,6.840566448283,
    -85.51041989612));
#3956 = CARTESIAN_POINT('',(-6.840568014598,8.163068657596,
    -85.55208654341));
#3957 = CARTESIAN_POINT('',(-5.288067466034,9.19622550641,
    -85.59375321026));
#3958 = CARTESIAN_POINT('',(-3.577927671,9.898748021907,-85.63541989073)
  );
#3959 = CARTESIAN_POINT('',(3.400810079943E-07,10.601269783561,
    -85.71875323578));
#3960 = CARTESIAN_POINT('',(3.577927576399,9.898743966115,
    -85.80208655466));
#3961 = CARTESIAN_POINT('',(5.28806799125,9.196220040867,-85.84375320431
    ));
#3962 = CARTESIAN_POINT('',(6.840563067119,8.163073403434,
    -85.88541988339));
#3963 = CARTESIAN_POINT('',(8.163071606294,6.840569287533,
    -85.92708654526));
#3964 = CARTESIAN_POINT('',(9.196224462464,5.288075590966,
    -85.96875341518));
#3965 = CARTESIAN_POINT('',(9.898744394736,3.577915521278,
    -86.01041995252));
#3966 = CARTESIAN_POINT('',(10.250007384023,1.788964268514,
    -86.0520861518));
#3967 = CARTESIAN_POINT('',(10.250009035915,8.217832092519E-08,
    -86.09375344232));
#3968 = ORIENTED_EDGE('',*,*,#3969,.F.);
#3969 = EDGE_CURVE('',#3643,#3934,#3970,.T.);
#3970 = B_SPLINE_CURVE_WITH_KNOTS('',1,(#3971,#3972),.UNSPECIFIED.,.F.,
  .F.,(2,2),(0.,0.9375),.PIECEWISE_BEZIER_KNOTS.);
#3971 = CARTESIAN_POINT('',(9.438103765702,-1.847011268656E-07,
    -86.5624922632));
#3972 = CARTESIAN_POINT('',(10.250009035915,8.217832092519E-08,
    -86.09375344232));
#3973 = B_SPLINE_SURFACE_WITH_KNOTS('',1,9,(
    (#3974,#3975,#3976,#3977,#3978,#3979,#3980,#3981,#3982,#3983,#3984
      ,#3985,#3986,#3987,#3988,#3989,#3990,#3991,#3992,#3993,#3994,#3995
      ,#3996,#3997,#3998,#3999,#4000,#4001,#4002,#4003,#4004)
    ,(#4005,#4006,#4007,#4008,#4009,#4010,#4011,#4012,#4013,#4014,#4015
      ,#4016,#4017,#4018,#4019,#4020,#4021,#4022,#4023,#4024,#4025,#4026
      ,#4027,#4028,#4029,#4030,#4031,#4032,#4033,#4034,#4035
  )),.UNSPECIFIED.,.F.,.F.,.F.,(2,2),(10,7,7,7,10),(0.,0.9375),(0.,
    1.614938419963,3.229876839926,4.844815259889,6.459753679852),
  .UNSPECIFIED.);
#3974 = CARTESIAN_POINT('',(9.438103442978,-1.616136007243E-07,
    -85.0624932303));
#3975 = CARTESIAN_POINT('',(9.438103882662,-1.647259487352,
    -85.10415849485));
#3976 = CARTESIAN_POINT('',(9.114663104745,-3.294507098506,
    -85.14582621197));
#3977 = CARTESIAN_POINT('',(8.467789291961,-4.869211478963,
    -85.18749316933));
#3978 = CARTESIAN_POINT('',(7.516470648756,-6.298723960459,
    -85.22915937914));
#3979 = CARTESIAN_POINT('',(6.298723781301,-7.516474873541,
    -85.27082605662));
#3980 = CARTESIAN_POINT('',(4.869199801519,-8.467785660406,
    -85.31249269537));
#3981 = CARTESIAN_POINT('',(3.294519416616,-9.114662801613,
    -85.35415940027));
#3982 = CARTESIAN_POINT('',(-6.096073818042E-07,-9.761541401468,
    -85.43749276609));
#3983 = CARTESIAN_POINT('',(-3.294519862146,-9.114666455414,
    -85.52082607309));
#3984 = CARTESIAN_POINT('',(-4.869198450286,-8.467791001245,
    -85.56249270874));
#3985 = CARTESIAN_POINT('',(-6.29872503942,-7.516471198722,-85.604159375
    ));
#3986 = CARTESIAN_POINT('',(-7.516470016941,-6.298724428618,
    -85.64582608522));
#3987 = CARTESIAN_POINT('',(-8.467788956166,-4.869196398267,
    -85.68749279273));
#3988 = CARTESIAN_POINT('',(-9.114664906092,-3.294517644488,
    -85.72915945356));
#3989 = CARTESIAN_POINT('',(-9.76154207863,1.801596143948E-07,
    -85.81249274675));
#3990 = CARTESIAN_POINT('',(-9.114664810388,3.294517986017,
    -85.89582603994));
#3991 = CARTESIAN_POINT('',(-8.467788806561,4.869196723595,
    -85.93749270077));
#3992 = CARTESIAN_POINT('',(-7.516469782905,6.298724710965,
    -85.97915940828));
#3993 = CARTESIAN_POINT('',(-6.298724744652,7.516471411969,
    -86.0208261185));
#3994 = CARTESIAN_POINT('',(-4.869198135038,8.467791153026,
    -86.06249278475));
#3995 = CARTESIAN_POINT('',(-3.29451952737,9.114666571934,-86.1041594204
    ));
#3996 = CARTESIAN_POINT('',(-2.506555586918E-07,9.761541414269,
    -86.18749272741));
#3997 = CARTESIAN_POINT('',(3.294519751391,9.11466267187,-86.27082609322
    ));
#3998 = CARTESIAN_POINT('',(4.869200095564,8.467785460688,
    -86.31249279813));
#3999 = CARTESIAN_POINT('',(6.298724092758,7.516474577377,
    -86.35415943687));
#4000 = CARTESIAN_POINT('',(7.516470739401,6.298723756791,
    -86.39582611436));
#4001 = CARTESIAN_POINT('',(8.467789781859,4.869211373175,
    -86.43749232417));
#4002 = CARTESIAN_POINT('',(9.114663324716,3.294506580317,
    -86.47915928153));
#4003 = CARTESIAN_POINT('',(9.438103330046,1.647259141037,
    -86.52082699865));
#4004 = CARTESIAN_POINT('',(9.438103765702,-1.847011268656E-07,
    -86.5624922632));
#4005 = CARTESIAN_POINT('',(10.250007906428,7.190591855277E-08,
    -84.59375301202));
#4006 = CARTESIAN_POINT('',(10.250009556531,-1.78896411443,
    -84.63542030254));
#4007 = CARTESIAN_POINT('',(9.898744101745,-3.577916015542,
    -84.67708650183));
#4008 = CARTESIAN_POINT('',(9.19622345269,-5.288074735524,
    -84.71875303914));
#4009 = CARTESIAN_POINT('',(8.163072200768,-6.840568912349,
    -84.7604199091));
#4010 = CARTESIAN_POINT('',(6.840563065054,-8.16307352825,
    -84.80208657094));
#4011 = CARTESIAN_POINT('',(5.28806818782,-9.19622003505,-84.84375325003
    ));
#4012 = CARTESIAN_POINT('',(3.577927724053,-9.898743943327,
    -84.88541989969));
#4013 = CARTESIAN_POINT('',(4.967534011136E-07,-10.60126973875,
    -84.96875321857));
#4014 = CARTESIAN_POINT('',(-3.577927523346,-9.898748090977,
    -85.05208656361));
#4015 = CARTESIAN_POINT('',(-5.28806734367,-9.196225680001,
    -85.09375324408));
#4016 = CARTESIAN_POINT('',(-6.840567958255,-8.163068822982,
    -85.13541991093));
#4017 = CARTESIAN_POINT('',(-8.163067979508,-6.840566548099,
    -85.17708655822));
#4018 = CARTESIAN_POINT('',(-9.196223021944,-5.288065319847,
    -85.21875320671));
#4019 = CARTESIAN_POINT('',(-9.898746099498,-3.577926208698,
    -85.26041987598));
#4020 = CARTESIAN_POINT('',(-10.60127050007,-7.594337539099E-08,
    -85.34375322717));
#4021 = CARTESIAN_POINT('',(-9.898746241417,3.577926084678,
    -85.42708657837));
#4022 = CARTESIAN_POINT('',(-9.19622320315,5.288065232762,
    -85.46875324763));
#4023 = CARTESIAN_POINT('',(-8.16306807213,6.840566448283,
    -85.51041989612));
#4024 = CARTESIAN_POINT('',(-6.840568014598,8.163068657596,
    -85.55208654341));
#4025 = CARTESIAN_POINT('',(-5.288067466034,9.19622550641,
    -85.59375321026));
#4026 = CARTESIAN_POINT('',(-3.577927671,9.898748021907,-85.63541989073)
  );
#4027 = CARTESIAN_POINT('',(3.400810079943E-07,10.601269783561,
    -85.71875323578));
#4028 = CARTESIAN_POINT('',(3.577927576399,9.898743966115,
    -85.80208655466));
#4029 = CARTESIAN_POINT('',(5.28806799125,9.196220040867,-85.84375320431
    ));
#4030 = CARTESIAN_POINT('',(6.840563067119,8.163073403434,
    -85.88541988339));
#4031 = CARTESIAN_POINT('',(8.163071606294,6.840569287533,
    -85.92708654526));
#4032 = CARTESIAN_POINT('',(9.196224462464,5.288075590966,
    -85.96875341518));
#4033 = CARTESIAN_POINT('',(9.898744394736,3.577915521278,
    -86.01041995252));
#4034 = CARTESIAN_POINT('',(10.250007384023,1.788964268514,
    -86.0520861518));
#4035 = CARTESIAN_POINT('',(10.250009035915,8.217832092519E-08,
    -86.09375344232));
#4036 = ADVANCED_FACE('',(#4037),#4047,.F.);
#4037 = FACE_BOUND('',#4038,.F.);
#4038 = EDGE_LOOP('',(#4039,#4040,#4041,#4042));
#4039 = ORIENTED_EDGE('',*,*,#3933,.F.);
#4040 = ORIENTED_EDGE('',*,*,#3558,.T.);
#4041 = ORIENTED_EDGE('',*,*,#3832,.T.);
#4042 = ORIENTED_EDGE('',*,*,#4043,.F.);
#4043 = EDGE_CURVE('',#3934,#3833,#4044,.T.);
#4044 = B_SPLINE_CURVE_WITH_KNOTS('',1,(#4045,#4046),.UNSPECIFIED.,.F.,
  .F.,(2,2),(0.,0.1875),.PIECEWISE_BEZIER_KNOTS.);
#4045 = CARTESIAN_POINT('',(10.250009035915,8.217832103696E-08,
    -86.09375344232));
#4046 = CARTESIAN_POINT('',(10.250011617612,8.217858216142E-08,
    -85.90625344234));
#4047 = B_SPLINE_SURFACE_WITH_KNOTS('',1,11,(
    (#4048,#4049,#4050,#4051,#4052,#4053,#4054,#4055,#4056,#4057,#4058
      ,#4059,#4060,#4061,#4062,#4063,#4064,#4065,#4066,#4067,#4068)
    ,(#4069,#4070,#4071,#4072,#4073,#4074,#4075,#4076,#4077,#4078,#4079
      ,#4080,#4081,#4082,#4083,#4084,#4085,#4086,#4087,#4088,#4089
  )),.UNSPECIFIED.,.F.,.F.,.F.,(2,2),(12,9,12),(0.,0.1875),(0.,
    3.229876839926,6.459753679852),.UNSPECIFIED.);
#4048 = CARTESIAN_POINT('',(10.250007906428,7.190591944095E-08,
    -84.59375301202));
#4049 = CARTESIAN_POINT('',(10.250010606596,-2.927395869372,
    -84.66193585105));
#4050 = CARTESIAN_POINT('',(9.330332159422,-5.854759645695,
    -84.73011583304));
#4051 = CARTESIAN_POINT('',(7.491023648558,-8.46123937001,
    -84.79829880642));
#4052 = CARTESIAN_POINT('',(4.858035347675,-10.42541729223,
    -84.8664816584));
#4053 = CARTESIAN_POINT('',(1.683674211018,-11.48331724973,
    -84.93466080495));
#4054 = CARTESIAN_POINT('',(-1.683657172449,-11.48334147198,
    -85.00284500531));
#4055 = CARTESIAN_POINT('',(-4.858066524888,-10.4254790548,
    -85.07102575243));
#4056 = CARTESIAN_POINT('',(-7.491003036863,-8.461161562438,
    -85.13920780851));
#4057 = CARTESIAN_POINT('',(-9.330340005831,-5.854788290774,
    -85.20738956158));
#4058 = CARTESIAN_POINT('',(-11.16967654858,-8.721442121552E-08,
    -85.34375322717));
#4059 = CARTESIAN_POINT('',(-9.330340238062,5.854788189296,
    -85.48011689276));
#4060 = CARTESIAN_POINT('',(-7.491004040781,8.46116148029,
    -85.54829864585));
#4061 = CARTESIAN_POINT('',(-4.858062170323,10.4254796716,
    -85.61648070185));
#4062 = CARTESIAN_POINT('',(-1.683666630517,11.483337210128,
    -85.68466144917));
#4063 = CARTESIAN_POINT('',(1.683685020651,11.483326290424,
    -85.75284564921));
#4064 = CARTESIAN_POINT('',(4.858028564385,10.425407104155,
    -85.8210247961));
#4065 = CARTESIAN_POINT('',(7.491022521798,8.461245861355,
    -85.88920764783));
#4066 = CARTESIAN_POINT('',(9.330337582726,5.854758102293,
    -85.95739062134));
#4067 = CARTESIAN_POINT('',(10.25000633282,2.927396023454,
    -86.02557060328));
#4068 = CARTESIAN_POINT('',(10.250009035915,8.217832103696E-08,
    -86.09375344232));
#4069 = CARTESIAN_POINT('',(10.250010165413,7.190611839292E-08,
    -84.40625301204));
#4070 = CARTESIAN_POINT('',(10.250013631193,-2.927396560622,
    -84.47443585108));
#4071 = CARTESIAN_POINT('',(9.330333575264,-5.85476126872,
    -84.54261583305));
#4072 = CARTESIAN_POINT('',(7.491025560236,-8.461240456626,
    -84.61079880642));
#4073 = CARTESIAN_POINT('',(4.858037441414,-10.42542122008,
    -84.67898165846));
#4074 = CARTESIAN_POINT('',(1.683673039707,-11.48331867312,
    -84.74716080492));
#4075 = CARTESIAN_POINT('',(-1.683656243484,-11.48334478897,
    -84.81534500536));
#4076 = CARTESIAN_POINT('',(-4.858068316531,-10.42548141793,
    -84.88352575244));
#4077 = CARTESIAN_POINT('',(-7.491004680463,-8.461163556046,
    -84.95170780853));
#4078 = CARTESIAN_POINT('',(-9.330342188407,-5.854789667728,
    -85.0198895616));
#4079 = CARTESIAN_POINT('',(-11.16967918609,-8.814736368172E-08,
    -85.15625322719));
#4080 = CARTESIAN_POINT('',(-9.330342461844,5.854789577332,
    -85.29261689278));
#4081 = CARTESIAN_POINT('',(-7.491005934875,8.46116348259,
    -85.36079864586));
#4082 = CARTESIAN_POINT('',(-4.858062673022,10.425482231848,
    -85.42898070187));
#4083 = CARTESIAN_POINT('',(-1.683668354547,11.483339316645,
    -85.49716144918));
#4084 = CARTESIAN_POINT('',(1.683686987139,11.483330289677,
    -85.56534564923));
#4085 = CARTESIAN_POINT('',(4.858028764812,10.425408100218,
    -85.63352479611));
#4086 = CARTESIAN_POINT('',(7.491024147883,8.461248770488,
    -85.70170764784));
#4087 = CARTESIAN_POINT('',(9.330340573237,5.854759244264,
    -85.76989062136));
#4088 = CARTESIAN_POINT('',(10.250008148905,2.927396714706,
    -85.83807060329));
#4089 = CARTESIAN_POINT('',(10.250011617612,8.217858216142E-08,
    -85.90625344234));
#4090 = ADVANCED_FACE('',(#4091),#4110,.T.);
#4091 = FACE_BOUND('',#4092,.T.);
#4092 = EDGE_LOOP('',(#4093,#4094,#4101,#4108,#4109));
#4093 = ORIENTED_EDGE('',*,*,#3609,.T.);
#4094 = ORIENTED_EDGE('',*,*,#4095,.F.);
#4095 = EDGE_CURVE('',#4096,#3612,#4098,.T.);
#4096 = VERTEX_POINT('',#4097);
#4097 = CARTESIAN_POINT('',(18.,0.,-119.75));
#4098 = B_SPLINE_CURVE_WITH_KNOTS('',1,(#4099,#4100),.UNSPECIFIED.,.F.,
  .F.,(2,2),(-22.5,-12.5),.PIECEWISE_BEZIER_KNOTS.);
#4099 = CARTESIAN_POINT('',(18.,-4.41E-15,-119.75));
#4100 = CARTESIAN_POINT('',(18.,-4.41E-15,-109.75));
#4101 = ORIENTED_EDGE('',*,*,#4102,.T.);
#4102 = EDGE_CURVE('',#4096,#4096,#4103,.T.);
#4103 = CIRCLE('',#4104,18.);
#4104 = AXIS2_PLACEMENT_3D('',#4105,#4106,#4107);
#4105 = CARTESIAN_POINT('',(1.624252759403E-14,0.,-119.75));
#4106 = DIRECTION('',(-2.324646799147E-16,0.,1.));
#4107 = DIRECTION('',(1.,0.,2.324646799147E-16));
#4108 = ORIENTED_EDGE('',*,*,#4095,.T.);
#4109 = ORIENTED_EDGE('',*,*,#3620,.T.);
#4110 = CYLINDRICAL_SURFACE('',#4111,18.);
#4111 = AXIS2_PLACEMENT_3D('',#4112,#4113,#4114);
#4112 = CARTESIAN_POINT('',(1.101707229595E-14,0.,-97.25));
#4113 = DIRECTION('',(-2.324646799147E-16,0.,1.));
#4114 = DIRECTION('',(1.,0.,2.324646799147E-16));
#4115 = ADVANCED_FACE('',(#4116),#4286,.F.);
#4116 = FACE_BOUND('',#4117,.T.);
#4117 = EDGE_LOOP('',(#4118,#4202,#4203,#4280));
#4118 = ORIENTED_EDGE('',*,*,#4119,.F.);
#4119 = EDGE_CURVE('',#3643,#4120,#4122,.T.);
#4120 = VERTEX_POINT('',#4121);
#4121 = CARTESIAN_POINT('',(9.5,-9.244984707535E-08,-88.02675695326));
#4122 = B_SPLINE_CURVE_WITH_KNOTS('',8,(#4123,#4124,#4125,#4126,#4127,
    #4128,#4129,#4130,#4131,#4132,#4133,#4134,#4135,#4136,#4137,#4138,
    #4139,#4140,#4141,#4142,#4143,#4144,#4145,#4146,#4147,#4148,#4149,
    #4150,#4151,#4152,#4153,#4154,#4155,#4156,#4157,#4158,#4159,#4160,
    #4161,#4162,#4163,#4164,#4165,#4166,#4167,#4168,#4169,#4170,#4171,
    #4172,#4173,#4174,#4175,#4176,#4177,#4178,#4179,#4180,#4181,#4182,
    #4183,#4184,#4185,#4186,#4187,#4188,#4189,#4190,#4191,#4192,#4193,
    #4194,#4195,#4196,#4197,#4198,#4199,#4200,#4201),.UNSPECIFIED.,.F.,
  .F.,(9,7,7,7,7,7,7,7,7,7,7,9),(0.,4.772129187737E-02,0.120618873903,
    0.213948688818,0.317688749841,0.426521681849,0.576533614836,
    0.684475844989,0.788989910217,0.881216439719,0.956367859978,1.),
  .UNSPECIFIED.);
#4123 = CARTESIAN_POINT('',(9.5,-1.643553950714E-07,-86.52675759199));
#4124 = CARTESIAN_POINT('',(9.499999993841,-0.356010604001,
    -86.53570384086));
#4125 = CARTESIAN_POINT('',(9.484752655261,-0.712025731412,
    -86.54465024561));
#4126 = CARTESIAN_POINT('',(9.454257294785,-1.067276679378,
    -86.55359659515));
#4127 = CARTESIAN_POINT('',(9.408560535756,-1.42100130282,
    -86.56254288985));
#4128 = CARTESIAN_POINT('',(9.347753918419,-1.77244397834,
    -86.57148922195));
#4129 = CARTESIAN_POINT('',(9.271973104956,-2.120855654732,
    -86.58043567243));
#4130 = CARTESIAN_POINT('',(9.181398685432,-2.465494154466,
    -86.58938222419));
#4131 = CARTESIAN_POINT('',(8.915649791083,-3.325197756752,
    -86.61199504093));
#4132 = CARTESIAN_POINT('',(8.721036737578,-3.834302301834,
    -86.62566250929));
#4133 = CARTESIAN_POINT('',(8.493230774908,-4.330283211127,
    -86.63932961945));
#4134 = CARTESIAN_POINT('',(8.233283492653,-4.81062081759,-86.6529961991
    ));
#4135 = CARTESIAN_POINT('',(7.942459499604,-5.272917479505,
    -86.66666274728));
#4136 = CARTESIAN_POINT('',(7.622226638818,-5.714894308869,
    -86.68032978353));
#4137 = CARTESIAN_POINT('',(7.274263637387,-6.134398086063,
    -86.69399717993));
#4138 = CARTESIAN_POINT('',(6.421941564886,-7.035157619942,
    -86.72516025448));
#4139 = CARTESIAN_POINT('',(5.90094085098,-7.500914828662,-86.7426603249
    ));
#4140 = CARTESIAN_POINT('',(5.341516755539,-7.922371450701,
    -86.76015873392));
#4141 = CARTESIAN_POINT('',(4.748110064336,-8.295880027198,
    -86.77765516781));
#4142 = CARTESIAN_POINT('',(4.125495132424,-8.618356048315,
    -86.79515162339));
#4143 = CARTESIAN_POINT('',(3.478749675508,-8.887245190968,
    -86.81265008547));
#4144 = CARTESIAN_POINT('',(2.813267862825,-9.100565922673,
    -86.83015021048));
#4145 = CARTESIAN_POINT('',(1.380689384734,-9.430941141398,
    -86.86709546053));
#4146 = CARTESIAN_POINT('',(0.610141658556,-9.534694948783,
    -86.88654995998));
#4147 = CARTESIAN_POINT('',(-0.168870673205,-9.566380809199,
    -86.90600149391));
#4148 = CARTESIAN_POINT('',(-0.948465181345,-9.525325417313,
    -86.92545048321));
#4149 = CARTESIAN_POINT('',(-1.720848175966,-9.411845757472,
    -86.9448994751));
#4150 = CARTESIAN_POINT('',(-2.478316505744,-9.227167923576,
    -86.96435098179));
#4151 = CARTESIAN_POINT('',(-3.21327531441,-8.973506327778,
    -86.98380538343));
#4152 = CARTESIAN_POINT('',(-4.65793882918,-8.319423772003,
    -87.0236570013));
#4153 = CARTESIAN_POINT('',(-5.365139589828,-7.912180649762,
    -87.0440675884));
#4154 = CARTESIAN_POINT('',(-6.031212840754,-7.436394149859,
    -87.0644741525));
#4155 = CARTESIAN_POINT('',(-6.648502059898,-6.897047705274,
    -87.08487744041));
#4156 = CARTESIAN_POINT('',(-7.210130952557,-6.299960149688,
    -87.10528071429));
#4157 = CARTESIAN_POINT('',(-7.710032345404,-5.651789687736,
    -87.12568731887));
#4158 = CARTESIAN_POINT('',(-8.142945290071,-4.960004848758,
    -87.14609795741));
#4159 = CARTESIAN_POINT('',(-9.003403749027,-3.231276405556,
    -87.19462430655));
#4160 = CARTESIAN_POINT('',(-9.367851074388,-2.160943945599,
    -87.22278456122));
#4161 = CARTESIAN_POINT('',(-9.585853921115,-1.045157237133,
    -87.25092305947));
#4162 = CARTESIAN_POINT('',(-9.651902265241,9.264259027922E-02,
    -87.27904839488));
#4163 = CARTESIAN_POINT('',(-9.564025953145,1.228965033833,
    -87.30717443261));
#4164 = CARTESIAN_POINT('',(-9.324645989667,2.340361453835,
    -87.33531237445));
#4165 = CARTESIAN_POINT('',(-8.939720518842,3.403501570157,
    -87.36347243363));
#4166 = CARTESIAN_POINT('',(-8.049312315646,5.109504012336,
    -87.41183180465));
#4167 = CARTESIAN_POINT('',(-7.60742627093,5.787546563177,
    -87.43207525929));
#4168 = CARTESIAN_POINT('',(-7.100449859768,6.421504734164,
    -87.45231508002));
#4169 = CARTESIAN_POINT('',(-6.533631456167,7.004166588846,
    -87.47255176589));
#4170 = CARTESIAN_POINT('',(-5.913021254331,7.529162694395,
    -87.49278845365));
#4171 = CARTESIAN_POINT('',(-5.245393383905,7.990899693464,
    -87.51302828927));
#4172 = CARTESIAN_POINT('',(-4.538306768076,8.384642610297,
    -87.53327177762));
#4173 = CARTESIAN_POINT('',(-3.085681863412,9.018674642927,
    -87.57310151853));
#4174 = CARTESIAN_POINT('',(-2.341610337641,9.26364447497,
    -87.59270106735));
#4175 = CARTESIAN_POINT('',(-1.575702299198,9.438266366755,
    -87.61229731379));
#4176 = CARTESIAN_POINT('',(-0.7957577842,9.540390844357,-87.63189069011
    ));
#4177 = CARTESIAN_POINT('',(-9.672068826078E-03,9.568887923465,
    -87.65148407568));
#4178 = CARTESIAN_POINT('',(0.77458150521,9.523564019294,-87.67108031809
    ));
#4179 = CARTESIAN_POINT('',(1.548954648373,9.405246642864,
    -87.69067981112));
#4180 = CARTESIAN_POINT('',(2.972806944152,9.049077376641,-87.7275633223
    ));
#4181 = CARTESIAN_POINT('',(3.626577316661,8.826836764604,
    -87.74485664534));
#4182 = CARTESIAN_POINT('',(4.261119925646,8.550665796358,
    -87.76214865398));
#4183 = CARTESIAN_POINT('',(4.871263326002,8.222563434741,
    -87.77943894776));
#4184 = CARTESIAN_POINT('',(5.452146339957,7.845070353852,
    -87.79672925076));
#4185 = CARTESIAN_POINT('',(5.99920532505,7.421229395937,-87.8140212757)
  );
#4186 = CARTESIAN_POINT('',(6.508202702026,6.954615746035,
    -87.83131459829));
#4187 = CARTESIAN_POINT('',(7.355911526033,6.037788314461,
    -87.86269337107));
#4188 = CARTESIAN_POINT('',(7.708794587979,5.600433837362,
    -87.87678328813));
#4189 = CARTESIAN_POINT('',(8.031870033817,5.139602677531,
    -87.89087258819));
#4190 = CARTESIAN_POINT('',(8.323332912904,4.657681631584,
    -87.90496116298));
#4191 = CARTESIAN_POINT('',(8.581618827633,4.157194998816,
    -87.91904972828));
#4192 = CARTESIAN_POINT('',(8.805394627904,3.640796431642,
    -87.93313902232));
#4193 = CARTESIAN_POINT('',(8.993570191044,3.111272645996,
    -87.94722897523));
#4194 = CARTESIAN_POINT('',(9.23344221541,2.258206806769,-87.96949770452
    ));
#4195 = CARTESIAN_POINT('',(9.309283443168,1.941401153314,
    -87.97767767427));
#4196 = CARTESIAN_POINT('',(9.372696333583,1.621707020751,
    -87.98585764419));
#4197 = CARTESIAN_POINT('',(9.423553907354,1.299694035785,
    -87.99403758573));
#4198 = CARTESIAN_POINT('',(9.461760852306,0.975936312207,
    -88.00221751064));
#4199 = CARTESIAN_POINT('',(9.487253532942,0.6510123007,-88.01039742528)
  );
#4200 = CARTESIAN_POINT('',(9.5,0.325504638658,-88.01857728504));
#4201 = CARTESIAN_POINT('',(9.5,0.,-88.02675694861));
#4202 = ORIENTED_EDGE('',*,*,#3818,.T.);
#4203 = ORIENTED_EDGE('',*,*,#4204,.T.);
#4204 = EDGE_CURVE('',#3728,#4205,#4207,.T.);
#4205 = VERTEX_POINT('',#4206);
#4206 = CARTESIAN_POINT('',(9.5,-1.027244051892E-07,-88.47321600496));
#4207 = B_SPLINE_CURVE_WITH_KNOTS('',8,(#4208,#4209,#4210,#4211,#4212,
    #4213,#4214,#4215,#4216,#4217,#4218,#4219,#4220,#4221,#4222,#4223,
    #4224,#4225,#4226,#4227,#4228,#4229,#4230,#4231,#4232,#4233,#4234,
    #4235,#4236,#4237,#4238,#4239,#4240,#4241,#4242,#4243,#4244,#4245,
    #4246,#4247,#4248,#4249,#4250,#4251,#4252,#4253,#4254,#4255,#4256,
    #4257,#4258,#4259,#4260,#4261,#4262,#4263,#4264,#4265,#4266,#4267,
    #4268,#4269,#4270,#4271,#4272,#4273,#4274,#4275,#4276,#4277,#4278,
    #4279),.UNSPECIFIED.,.F.,.F.,(9,7,7,7,7,7,7,7,7,7,9),(0.,
    5.367789036218E-02,0.121632802526,0.214991997724,0.320864510752,
    0.429371726503,0.574179491469,0.727015583997,0.881964553952,
    0.960901752694,1.),.UNSPECIFIED.);
#4208 = CARTESIAN_POINT('',(9.5,-2.054488099645E-07,-86.97321813482));
#4209 = CARTESIAN_POINT('',(9.5,-0.400399417239,-86.9832793191));
#4210 = CARTESIAN_POINT('',(9.480713434722,-0.80080748033,
    -86.99334112809));
#4211 = CARTESIAN_POINT('',(9.442138845412,-1.200127534777,
    -87.00340311975));
#4212 = CARTESIAN_POINT('',(9.384351250377,-1.597275065547,
    -87.01346513313));
#4213 = CARTESIAN_POINT('',(9.307497250027,-1.991177396428,
    -87.02352718368));
#4214 = CARTESIAN_POINT('',(9.211793363737,-2.380773734563,
    -87.03358933385));
#4215 = CARTESIAN_POINT('',(9.097527598533,-2.765015765635,
    -87.04365153884));
#4216 = CARTESIAN_POINT('',(8.797368850608,-3.62122161057,-87.0664516265
    ));
#4217 = CARTESIAN_POINT('',(8.600493960065,-4.089375571564,
    -87.07919041956));
#4218 = CARTESIAN_POINT('',(8.375175596307,-4.545213239941,
    -87.09192880207));
#4219 = CARTESIAN_POINT('',(8.122326390426,-4.986722399851,
    -87.10466674116));
#4220 = CARTESIAN_POINT('',(7.843017854485,-5.411986781878,
    -87.11740469259));
#4221 = CARTESIAN_POINT('',(7.538473993239,-5.819183745221,
    -87.13014309586));
#4222 = CARTESIAN_POINT('',(7.210076259359,-6.206588922481,
    -87.14288188804));
#4223 = CARTESIAN_POINT('',(6.377579003751,-7.075411862677,
    -87.17312021693));
#4224 = CARTESIAN_POINT('',(5.85355635209,-7.537972701809,
    -87.19062396958));
#4225 = CARTESIAN_POINT('',(5.291375052237,-7.955974612006,
    -87.20812633606));
#4226 = CARTESIAN_POINT('',(4.695501384386,-8.325796082928,
    -87.22562686601));
#4227 = CARTESIAN_POINT('',(4.070731889332,-8.644381089554,
    -87.24312737822));
#4228 = CARTESIAN_POINT('',(3.422163341826,-8.909206091903,
    -87.2606297069));
#4229 = CARTESIAN_POINT('',(2.755205561817,-9.118322771248,
    -87.27813343299));
#4230 = CARTESIAN_POINT('',(1.304983197838,-9.443024026345,
    -87.31547938701));
#4231 = CARTESIAN_POINT('',(0.517683481687,-9.542410785515,
    -87.33533152822));
#4232 = CARTESIAN_POINT('',(-0.277781427232,-9.566655557732,
    -87.35518017064));
#4233 = CARTESIAN_POINT('',(-1.073025895513,-9.515124057154,
    -87.37502584042));
#4234 = CARTESIAN_POINT('',(-1.859774306829,-9.388253323623,
    -87.39487154834));
#4235 = CARTESIAN_POINT('',(-2.629861563428,-9.187460353901,
    -87.41472027898));
#4236 = CARTESIAN_POINT('',(-3.375253918418,-8.915231052446,
    -87.43457249796));
#4237 = CARTESIAN_POINT('',(-4.818736238518,-8.227082841447,
    -87.47475799954));
#4238 = CARTESIAN_POINT('',(-5.51569863402,-7.807514044132,
    -87.49510517806));
#4239 = CARTESIAN_POINT('',(-6.170481721015,-7.320635274917,
    -87.51544856375));
#4240 = CARTESIAN_POINT('',(-6.775596560234,-6.771527536852,
    -87.53578877031));
#4241 = CARTESIAN_POINT('',(-7.324340679759,-6.166082926461,
    -87.55612892922));
#4242 = CARTESIAN_POINT('',(-7.810826005165,-5.511007457129,
    -87.57647222636));
#4243 = CARTESIAN_POINT('',(-8.229976029137,-4.813793116085,
    -87.5968193341));
#4244 = CARTESIAN_POINT('',(-9.042079626633,-3.107660022339,
    -87.64430321582));
#4245 = CARTESIAN_POINT('',(-9.380113796555,-2.070905334192,
    -87.6714783586));
#4246 = CARTESIAN_POINT('',(-9.58144560687,-0.993465609402,
    -87.69863522018));
#4247 = CARTESIAN_POINT('',(-9.641258192012,0.103567249928,
    -87.72578155489));
#4248 = CARTESIAN_POINT('',(-9.557893227649,1.199062081868,
    -87.75292763185));
#4249 = CARTESIAN_POINT('',(-9.333462604894,2.271928192362,
    -87.78008489896));
#4250 = CARTESIAN_POINT('',(-8.97323515318,3.301182077111,
    -87.80726022519));
#4251 = CARTESIAN_POINT('',(-7.976173180253,5.284919272291,
    -87.86305356179));
#4252 = CARTESIAN_POINT('',(-7.323764327708,6.234771084632,
    -87.89174317436));
#4253 = CARTESIAN_POINT('',(-6.542647172957,7.090818631325,
    -87.9204083188));
#4254 = CARTESIAN_POINT('',(-5.649285016981,7.833631230064,
    -87.94905999602));
#4255 = CARTESIAN_POINT('',(-4.662406572674,8.446768664876,
    -87.97771171618));
#4256 = CARTESIAN_POINT('',(-3.603525292018,8.917651179724,
    -88.00637705503));
#4257 = CARTESIAN_POINT('',(-2.496273332522,9.236792038406,
    -88.03506711075));
#4258 = CARTESIAN_POINT('',(-0.224346914298,9.567421808891,
    -88.09276221709));
#4259 = CARTESIAN_POINT('',(0.944276176014,9.575086416317,
    -88.12185139201));
#4260 = CARTESIAN_POINT('',(2.109302324231,9.418981616718,
    -88.15091425773));
#4261 = CARTESIAN_POINT('',(3.244312379297,9.101690105585,
    -88.17996278791));
#4262 = CARTESIAN_POINT('',(4.324111889344,8.629509132082,-88.2090102523
    ));
#4263 = CARTESIAN_POINT('',(5.325203718449,8.013497682553,
    -88.23807207348));
#4264 = CARTESIAN_POINT('',(6.225491692748,7.268366083782,
    -88.26716031781));
#4265 = CARTESIAN_POINT('',(7.40375198748,5.981735345321,-88.31100226627
    ));
#4266 = CARTESIAN_POINT('',(7.770699396388,5.519280593405,
    -88.32580065187));
#4267 = CARTESIAN_POINT('',(8.104528736695,5.031211322578,
    -88.34059849172));
#4268 = CARTESIAN_POINT('',(8.403176308714,4.520315127904,
    -88.35539559571));
#4269 = CARTESIAN_POINT('',(8.664873224577,3.989542094381,-88.3701927382
    ));
#4270 = CARTESIAN_POINT('',(8.888132831853,3.441994067847,
    -88.38499066761));
#4271 = CARTESIAN_POINT('',(9.071766569999,2.880929336281,
    -88.39978912888));
#4272 = CARTESIAN_POINT('',(9.285837428397,2.026889080113,
    -88.42191486175));
#4273 = CARTESIAN_POINT('',(9.34682157039,1.741505794878,-88.4292438256)
  );
#4274 = CARTESIAN_POINT('',(9.39777834456,1.454041673804,-88.4365727149)
  );
#4275 = CARTESIAN_POINT('',(9.438625834825,1.164908201568,
    -88.44390152072));
#4276 = CARTESIAN_POINT('',(9.469302558839,0.874519461234,
    -88.45123026407));
#4277 = CARTESIAN_POINT('',(9.489767476759,0.583292055992,
    -88.45855895906));
#4278 = CARTESIAN_POINT('',(9.5,0.291645030888,-88.46588757608));
#4279 = CARTESIAN_POINT('',(9.5,-2.054488099645E-07,-88.47321600496));
#4280 = ORIENTED_EDGE('',*,*,#4281,.F.);
#4281 = EDGE_CURVE('',#4120,#4205,#4282,.T.);
#4282 = LINE('',#4283,#4284);
#4283 = CARTESIAN_POINT('',(9.5,0.,-74.75));
#4284 = VECTOR('',#4285,1.);
#4285 = DIRECTION('',(5.141040633873E-17,0.,-1.));
#4286 = CYLINDRICAL_SURFACE('',#4287,9.5);
#4287 = AXIS2_PLACEMENT_3D('',#4288,#4289,#4290);
#4288 = CARTESIAN_POINT('',(3.061616997868E-15,0.,-74.75));
#4289 = DIRECTION('',(1.224646799147E-16,0.,-1.));
#4290 = DIRECTION('',(1.,0.,1.224646799147E-16));
#4291 = ADVANCED_FACE('',(#4292),#4327,.F.);
#4292 = FACE_BOUND('',#4293,.F.);
#4293 = EDGE_LOOP('',(#4294,#4320,#4321,#4322));
#4294 = ORIENTED_EDGE('',*,*,#4295,.F.);
#4295 = EDGE_CURVE('',#3833,#4296,#4298,.T.);
#4296 = VERTEX_POINT('',#4297);
#4297 = CARTESIAN_POINT('',(10.25001306981,9.245087676075E-08,
    -87.40625387264));
#4298 = B_SPLINE_CURVE_WITH_KNOTS('',11,(#4299,#4300,#4301,#4302,#4303,
    #4304,#4305,#4306,#4307,#4308,#4309,#4310,#4311,#4312,#4313,#4314,
    #4315,#4316,#4317,#4318,#4319),.UNSPECIFIED.,.F.,.F.,(12,9,12),(0.,
    3.229876839926,6.459753679852),.UNSPECIFIED.);
#4299 = CARTESIAN_POINT('',(10.250011617612,8.217854841064E-08,
    -85.90625344234));
#4300 = CARTESIAN_POINT('',(10.250015086326,-2.927396965099,
    -85.97443628138));
#4301 = CARTESIAN_POINT('',(9.330334903035,-5.854762088864,
    -86.04261626334));
#4302 = CARTESIAN_POINT('',(7.49102663004,-8.461241647846,
    -86.11079923672));
#4303 = CARTESIAN_POINT('',(4.858038140108,-10.42542269236,
    -86.17898208877));
#4304 = CARTESIAN_POINT('',(1.683673289771,-11.48332029824,
    -86.24716123522));
#4305 = CARTESIAN_POINT('',(-1.683656470497,-11.48334641769,
    -86.31534543566));
#4306 = CARTESIAN_POINT('',(-4.858068994382,-10.42548289982,
    -86.38352618274));
#4307 = CARTESIAN_POINT('',(-7.491005733288,-8.46116476232,
    -86.45170823883));
#4308 = CARTESIAN_POINT('',(-9.330343504443,-5.854790506574,
    -86.5198899919));
#4309 = CARTESIAN_POINT('',(-11.16968076858,-9.934143703624E-08,
    -86.65625365749));
#4310 = CARTESIAN_POINT('',(-9.330343789615,5.854790397477,
    -86.79261732308));
#4311 = CARTESIAN_POINT('',(-7.491007004659,8.461164673848,
    -86.86079907616));
#4312 = CARTESIAN_POINT('',(-4.858063371774,10.425483703998,
    -86.92898113217));
#4313 = CARTESIAN_POINT('',(-1.683668604564,11.483340941992,
    -86.99716187948));
#4314 = CARTESIAN_POINT('',(1.683687214169,11.483331918164,
    -87.06534607954));
#4315 = CARTESIAN_POINT('',(4.858029442623,10.425409582248,
    -87.13352522641));
#4316 = CARTESIAN_POINT('',(7.491025200724,8.46124997672,-87.20170807815
    ));
#4317 = CARTESIAN_POINT('',(9.33034188927,5.854760083108,-87.26989105167
    ));
#4318 = CARTESIAN_POINT('',(10.250009598174,2.927397139728,
    -87.33807103359));
#4319 = CARTESIAN_POINT('',(10.25001306981,9.245099796829E-08,
    -87.40625387264));
#4320 = ORIENTED_EDGE('',*,*,#3860,.T.);
#4321 = ORIENTED_EDGE('',*,*,#3727,.T.);
#4322 = ORIENTED_EDGE('',*,*,#4323,.F.);
#4323 = EDGE_CURVE('',#4296,#3728,#4324,.T.);
#4324 = B_SPLINE_CURVE_WITH_KNOTS('',1,(#4325,#4326),.UNSPECIFIED.,.F.,
  .F.,(2,2),(0.,0.9375),.PIECEWISE_BEZIER_KNOTS.);
#4325 = CARTESIAN_POINT('',(10.25001306981,9.245100052104E-08,
    -87.40625387264));
#4326 = CARTESIAN_POINT('',(9.438121514882,-2.077867918008E-07,
    -86.93749129624));
#4327 = B_SPLINE_SURFACE_WITH_KNOTS('',1,9,(
    (#4328,#4329,#4330,#4331,#4332,#4333,#4334,#4335,#4336,#4337,#4338
      ,#4339,#4340,#4341,#4342,#4343,#4344,#4345,#4346,#4347,#4348,#4349
      ,#4350,#4351,#4352,#4353,#4354,#4355,#4356,#4357,#4358)
    ,(#4359,#4360,#4361,#4362,#4363,#4364,#4365,#4366,#4367,#4368,#4369
      ,#4370,#4371,#4372,#4373,#4374,#4375,#4376,#4377,#4378,#4379,#4380
      ,#4381,#4382,#4383,#4384,#4385,#4386,#4387,#4388,#4389
  )),.UNSPECIFIED.,.F.,.F.,.F.,(2,2),(10,7,7,7,10),(0.,0.9375),(0.,
    1.614938419963,3.229876839926,4.844815259889,6.459753679852),
  .UNSPECIFIED.);
#4328 = CARTESIAN_POINT('',(10.250011617612,8.217855107517E-08,
    -85.90625344234));
#4329 = CARTESIAN_POINT('',(10.250013737382,-1.788964780046,
    -85.94792073287));
#4330 = CARTESIAN_POINT('',(9.898747795622,-3.577917449264,
    -85.98958693215));
#4331 = CARTESIAN_POINT('',(9.196226776791,-5.288076621704,
    -86.03125346945));
#4332 = CARTESIAN_POINT('',(8.163075361952,-6.840571452539,
    -86.07292033942));
#4333 = CARTESIAN_POINT('',(6.840565639817,-8.163076637995,
    -86.11458700125));
#4334 = CARTESIAN_POINT('',(5.288070203244,-9.196223514688,
    -86.15625368035));
#4335 = CARTESIAN_POINT('',(3.57792908558,-9.898747683999,-86.19792033)
  );
#4336 = CARTESIAN_POINT('',(5.069975028716E-07,-10.6012737376,
    -86.28125364889));
#4337 = CARTESIAN_POINT('',(-3.57792886536,-9.898751836578,
    -86.36458699393));
#4338 = CARTESIAN_POINT('',(-5.288070694637,-9.196227734894,
    -86.40625367301));
#4339 = CARTESIAN_POINT('',(-6.84056704675,-8.163075621235,
    -86.44792034482));
#4340 = CARTESIAN_POINT('',(-8.163074555421,-6.840565439045,
    -86.48958698497));
#4341 = CARTESIAN_POINT('',(-9.19622511649,-5.288068757894,
    -86.53125363842));
#4342 = CARTESIAN_POINT('',(-9.898749823152,-3.57792756685,
    -86.5729203063));
#4343 = CARTESIAN_POINT('',(-10.60127450532,-8.549949010846E-08,
    -86.65625365749));
#4344 = CARTESIAN_POINT('',(-9.898749997424,3.577927430069,
    -86.73958700868));
#4345 = CARTESIAN_POINT('',(-9.196226697393,5.288067228732,
    -86.78125367795));
#4346 = CARTESIAN_POINT('',(-8.163071161603,6.840569027793,
    -86.82292032644));
#4347 = CARTESIAN_POINT('',(-6.840570597727,8.16307172588,
    -86.86458697373));
#4348 = CARTESIAN_POINT('',(-5.28806947086,9.196228962079,
    -86.90625364058));
#4349 = CARTESIAN_POINT('',(-3.577929032527,9.89875175597,
    -86.94792032105));
#4350 = CARTESIAN_POINT('',(3.298451860222E-07,10.601273795212,
    -87.03125366609));
#4351 = CARTESIAN_POINT('',(3.577928918414,9.898747705103,
    -87.11458698498));
#4352 = CARTESIAN_POINT('',(5.288069971577,9.196223510053,
    -87.15625363463));
#4353 = CARTESIAN_POINT('',(6.840565661169,8.16307646185,-87.19792031371
    ));
#4354 = CARTESIAN_POINT('',(8.163074613301,6.84057191622,-87.23958697558
    ));
#4355 = CARTESIAN_POINT('',(9.196228087183,5.288077700493,-87.2812538455
    ));
#4356 = CARTESIAN_POINT('',(9.89874818052,3.577916791106,-87.32292038285
    ));
#4357 = CARTESIAN_POINT('',(10.250010948255,1.788964954676,
    -87.36458658211));
#4358 = CARTESIAN_POINT('',(10.25001306981,9.245100052104E-08,
    -87.40625387264));
#4359 = CARTESIAN_POINT('',(9.438119255883,-1.846995942856E-07,
    -85.43749226331));
#4360 = CARTESIAN_POINT('',(9.438122498788,-1.647262439298,
    -85.4791575279));
#4361 = CARTESIAN_POINT('',(9.114679005412,-3.294513529709,-85.520825245
    ));
#4362 = CARTESIAN_POINT('',(8.467803402205,-4.869219542314,
    -85.56249220232));
#4363 = CARTESIAN_POINT('',(7.516484419188,-6.298734961694,
    -85.60415841218));
#4364 = CARTESIAN_POINT('',(6.298734855091,-7.516488448451,
    -85.64582508963));
#4365 = CARTESIAN_POINT('',(4.869208488276,-8.467800791287,
    -85.68749172839));
#4366 = CARTESIAN_POINT('',(3.294525251022,-9.114679042207,
    -85.7291584333));
#4367 = CARTESIAN_POINT('',(-6.357746876193E-07,-9.761558719188,
    -85.81249179911));
#4368 = CARTESIAN_POINT('',(-3.294525743108,-9.11468266643,
    -85.89582510612));
#4369 = CARTESIAN_POINT('',(-4.869208488315,-8.467804766475,
    -85.93749174488));
#4370 = CARTESIAN_POINT('',(-6.29873285222,-7.516488096717,
    -85.97915840001));
#4371 = CARTESIAN_POINT('',(-7.516486867148,-6.298732094362,
    -86.02082512625));
#4372 = CARTESIAN_POINT('',(-8.467802590496,-4.869206350525,
    -86.06249182263));
#4373 = CARTESIAN_POINT('',(-9.114681044575,-3.294523458643,
    -86.10415848658));
#4374 = CARTESIAN_POINT('',(-9.761559434753,2.104468533584E-07,
    -86.18749177977));
#4375 = CARTESIAN_POINT('',(-9.11468108384,3.294523887245,
    -86.27082507296));
#4376 = CARTESIAN_POINT('',(-8.46780393765,4.869205445646,
    -86.31249173379));
#4377 = CARTESIAN_POINT('',(-7.516483123109,6.298735948159,
    -86.3541584413));
#4378 = CARTESIAN_POINT('',(-6.298735868592,7.516484738111,
    -86.39582515152));
#4379 = CARTESIAN_POINT('',(-4.869206758207,8.467806140098,
    -86.43749181777));
#4380 = CARTESIAN_POINT('',(-3.294525361773,9.114682772864,
    -86.47915845343));
#4381 = CARTESIAN_POINT('',(-2.244529554817E-07,9.761558808793,
    -86.56249176043));
#4382 = CARTESIAN_POINT('',(3.294525632357,9.114678843208,
    -86.64582512625));
#4383 = CARTESIAN_POINT('',(4.869208723758,8.467800441444,
    -86.68749183115));
#4384 = CARTESIAN_POINT('',(6.29873541722,7.516487731221,-86.72915846989
    ));
#4385 = CARTESIAN_POINT('',(7.516483697833,6.298735154067,-86.7708251474
    ));
#4386 = CARTESIAN_POINT('',(8.467805783244,4.869220624591,
    -86.81249135719));
#4387 = CARTESIAN_POINT('',(9.114679835976,3.294511864523,
    -86.85415831456));
#4388 = CARTESIAN_POINT('',(9.438118276013,1.647262046811,
    -86.89582603164));
#4389 = CARTESIAN_POINT('',(9.438121514882,-2.077867918008E-07,
    -86.93749129624));
#4390 = ADVANCED_FACE('',(#4391),#4436,.F.);
#4391 = FACE_BOUND('',#4392,.F.);
#4392 = EDGE_LOOP('',(#4393,#4394,#4395,#4431));
#4393 = ORIENTED_EDGE('',*,*,#4119,.F.);
#4394 = ORIENTED_EDGE('',*,*,#3969,.T.);
#4395 = ORIENTED_EDGE('',*,*,#4396,.T.);
#4396 = EDGE_CURVE('',#3934,#4397,#4399,.T.);
#4397 = VERTEX_POINT('',#4398);
#4398 = CARTESIAN_POINT('',(10.250010165401,9.245058772633E-08,
    -87.59375387262));
#4399 = B_SPLINE_CURVE_WITH_KNOTS('',9,(#4400,#4401,#4402,#4403,#4404,
    #4405,#4406,#4407,#4408,#4409,#4410,#4411,#4412,#4413,#4414,#4415,
    #4416,#4417,#4418,#4419,#4420,#4421,#4422,#4423,#4424,#4425,#4426,
    #4427,#4428,#4429,#4430),.UNSPECIFIED.,.F.,.F.,(10,7,7,7,10),(0.,
    1.614938419963,3.229876839926,4.844815259889,6.459753679852),
  .UNSPECIFIED.);
#4400 = CARTESIAN_POINT('',(10.250009035915,8.217828906254E-08,
    -86.09375344232));
#4401 = CARTESIAN_POINT('',(10.250010687811,-1.788964301291,
    -86.13542073284));
#4402 = CARTESIAN_POINT('',(9.898745196112,-3.577916399888,
    -86.17708693213));
#4403 = CARTESIAN_POINT('',(9.196224471357,-5.288075309014,
    -86.21875346944));
#4404 = CARTESIAN_POINT('',(8.163073107148,-6.84056965796,-86.2604203394
    ));
#4405 = CARTESIAN_POINT('',(6.840563827018,-8.163074420915,
    -86.30208700124));
#4406 = CARTESIAN_POINT('',(5.288068779748,-9.196221043118,
    -86.34375368033));
#4407 = CARTESIAN_POINT('',(3.577928128239,-9.898745030521,
    -86.38542032998));
#4408 = CARTESIAN_POINT('',(5.07378887375E-07,-10.60127090695,
    -86.46875364887));
#4409 = CARTESIAN_POINT('',(-3.577927907691,-9.898749185344,
    -86.55208699391));
#4410 = CARTESIAN_POINT('',(-5.288067917167,-9.196226698668,
    -86.59375367438));
#4411 = CARTESIAN_POINT('',(-6.840568703863,-8.163069729355,
    -86.63542034123));
#4412 = CARTESIAN_POINT('',(-8.163068872172,-6.840567310069,
    -86.67708698852));
#4413 = CARTESIAN_POINT('',(-9.196224030011,-5.288065911775,
    -86.71875363701));
#4414 = CARTESIAN_POINT('',(-9.898747186693,-3.577926612884,
    -86.76042030628));
#4415 = CARTESIAN_POINT('',(-10.60127166827,-8.656748992481E-08,
    -86.84375365747));
#4416 = CARTESIAN_POINT('',(-9.898747335783,3.577926469023,
    -86.92708700866));
#4417 = CARTESIAN_POINT('',(-9.196224221818,5.288065806259,
    -86.96875367793));
#4418 = CARTESIAN_POINT('',(-8.163068978503,6.840567193888,
    -87.01042032642));
#4419 = CARTESIAN_POINT('',(-6.84056877657,8.163069550261,
    -87.05208697371));
#4420 = CARTESIAN_POINT('',(-5.288068057962,9.196226514476,
    -87.09375364056));
#4421 = CARTESIAN_POINT('',(-3.577928075186,9.898749109103,
    -87.13542032103));
#4422 = CARTESIAN_POINT('',(3.294580605203E-07,10.601270951755,
    -87.21875366607));
#4423 = CARTESIAN_POINT('',(3.577927960744,9.898745060481,
    -87.30208698496));
#4424 = CARTESIAN_POINT('',(5.288068564747,9.196221059533,
    -87.34375363461));
#4425 = CARTESIAN_POINT('',(6.840563812718,8.16307430981,-87.38542031369
    ));
#4426 = CARTESIAN_POINT('',(8.163072498968,6.840570049507,
    -87.42708697556));
#4427 = CARTESIAN_POINT('',(9.196225470528,5.288076182887,
    -87.46875384548));
#4428 = CARTESIAN_POINT('',(9.898745481931,3.577915925465,
    -87.51042038282));
#4429 = CARTESIAN_POINT('',(10.250008511719,1.78896447592,-87.5520865821
    ));
#4430 = CARTESIAN_POINT('',(10.250010165401,9.245071186306E-08,
    -87.59375387262));
#4431 = ORIENTED_EDGE('',*,*,#4432,.F.);
#4432 = EDGE_CURVE('',#4120,#4397,#4433,.T.);
#4433 = B_SPLINE_CURVE_WITH_KNOTS('',1,(#4434,#4435),.UNSPECIFIED.,.F.,
  .F.,(2,2),(0.,0.9375),.PIECEWISE_BEZIER_KNOTS.);
#4434 = CARTESIAN_POINT('',(9.438104088429,-2.077885255251E-07,
    -88.0624912961));
#4435 = CARTESIAN_POINT('',(10.250010165401,9.245071186306E-08,
    -87.59375387262));
#4436 = B_SPLINE_SURFACE_WITH_KNOTS('',1,9,(
    (#4437,#4438,#4439,#4440,#4441,#4442,#4443,#4444,#4445,#4446,#4447
      ,#4448,#4449,#4450,#4451,#4452,#4453,#4454,#4455,#4456,#4457,#4458
      ,#4459,#4460,#4461,#4462,#4463,#4464,#4465,#4466,#4467)
    ,(#4468,#4469,#4470,#4471,#4472,#4473,#4474,#4475,#4476,#4477,#4478
      ,#4479,#4480,#4481,#4482,#4483,#4484,#4485,#4486,#4487,#4488,#4489
      ,#4490,#4491,#4492,#4493,#4494,#4495,#4496,#4497,#4498
  )),.UNSPECIFIED.,.F.,.F.,.F.,(2,2),(10,7,7,7,10),(0.,0.9375),(0.,
    1.614938419963,3.229876839926,4.844815259889,6.459753679852),
  .UNSPECIFIED.);
#4437 = CARTESIAN_POINT('',(9.438103765702,-1.847011601441E-07,
    -86.5624922632));
#4438 = CARTESIAN_POINT('',(9.43810420136,-1.647259566766,
    -86.60415752775));
#4439 = CARTESIAN_POINT('',(9.114663408353,-3.294507233456,
    -86.64582524487));
#4440 = CARTESIAN_POINT('',(8.467789569595,-4.869211666171,
    -86.68749220223));
#4441 = CARTESIAN_POINT('',(7.516470890368,-6.298724194225,
    -86.72915841204));
#4442 = CARTESIAN_POINT('',(6.298723978289,-7.516475145966,
    -86.77082508952));
#4443 = CARTESIAN_POINT('',(4.869199947303,-8.467785961864,
    -86.81249172827));
#4444 = CARTESIAN_POINT('',(3.294519506972,-9.114663121338,
    -86.85415843318));
#4445 = CARTESIAN_POINT('',(-6.334858178022E-07,-9.761541735254,
    -86.93749179899));
#4446 = CARTESIAN_POINT('',(-3.294519997094,-9.114666759021,
    -87.02082510599));
#4447 = CARTESIAN_POINT('',(-4.869198637497,-8.467791278882,
    -87.06249174165));
#4448 = CARTESIAN_POINT('',(-6.298725273184,-7.516471440331,
    -87.1041584079));
#4449 = CARTESIAN_POINT('',(-7.516470289367,-6.29872462561,
    -87.14582511812));
#4450 = CARTESIAN_POINT('',(-8.467789257624,-4.86919654405,
    -87.18749182563));
#4451 = CARTESIAN_POINT('',(-9.114665225817,-3.294517734845,
    -87.22915848646));
#4452 = CARTESIAN_POINT('',(-9.761542412415,2.040386209027E-07,
    -87.31249177965));
#4453 = CARTESIAN_POINT('',(-9.114665113994,3.294518120965,
    -87.39582507284));
#4454 = CARTESIAN_POINT('',(-8.467789084198,4.869196910807,
    -87.43749173367));
#4455 = CARTESIAN_POINT('',(-7.516470024513,6.298724944728,
    -87.47915844118));
#4456 = CARTESIAN_POINT('',(-6.298724941645,7.516471684396,
    -87.5208251514));
#4457 = CARTESIAN_POINT('',(-4.869198280821,8.467791454483,
    -87.56249181765));
#4458 = CARTESIAN_POINT('',(-3.294519617726,9.114666891659,
    -87.60415845331));
#4459 = CARTESIAN_POINT('',(-2.267762625902E-07,9.761541748054,
    -87.68749176031));
#4460 = CARTESIAN_POINT('',(3.29451988634,9.114662975477,-87.77082512613
    ));
#4461 = CARTESIAN_POINT('',(4.869200282776,8.467785738324,
    -87.81249183103));
#4462 = CARTESIAN_POINT('',(6.298724326518,7.516474818986,
    -87.85415846978));
#4463 = CARTESIAN_POINT('',(7.516471011833,6.298723953784,
    -87.89582514726));
#4464 = CARTESIAN_POINT('',(8.467790083314,4.869211518956,
    -87.93749135707));
#4465 = CARTESIAN_POINT('',(9.114663644441,3.294506670673,
    -87.97915831443));
#4466 = CARTESIAN_POINT('',(9.4381036568,1.647259174276,-88.02082603155)
  );
#4467 = CARTESIAN_POINT('',(9.438104088429,-2.077885255251E-07,
    -88.0624912961));
#4468 = CARTESIAN_POINT('',(10.250009035915,8.217828906254E-08,
    -86.09375344232));
#4469 = CARTESIAN_POINT('',(10.250010687811,-1.788964301291,
    -86.13542073284));
#4470 = CARTESIAN_POINT('',(9.898745196112,-3.577916399888,
    -86.17708693213));
#4471 = CARTESIAN_POINT('',(9.196224471357,-5.288075309014,
    -86.21875346944));
#4472 = CARTESIAN_POINT('',(8.163073107148,-6.84056965796,-86.2604203394
    ));
#4473 = CARTESIAN_POINT('',(6.840563827018,-8.163074420915,
    -86.30208700124));
#4474 = CARTESIAN_POINT('',(5.288068779748,-9.196221043118,
    -86.34375368033));
#4475 = CARTESIAN_POINT('',(3.577928128239,-9.898745030521,
    -86.38542032998));
#4476 = CARTESIAN_POINT('',(5.07378887375E-07,-10.60127090695,
    -86.46875364887));
#4477 = CARTESIAN_POINT('',(-3.577927907691,-9.898749185344,
    -86.55208699391));
#4478 = CARTESIAN_POINT('',(-5.288067917167,-9.196226698668,
    -86.59375367438));
#4479 = CARTESIAN_POINT('',(-6.840568703863,-8.163069729355,
    -86.63542034123));
#4480 = CARTESIAN_POINT('',(-8.163068872172,-6.840567310069,
    -86.67708698852));
#4481 = CARTESIAN_POINT('',(-9.196224030011,-5.288065911775,
    -86.71875363701));
#4482 = CARTESIAN_POINT('',(-9.898747186693,-3.577926612884,
    -86.76042030628));
#4483 = CARTESIAN_POINT('',(-10.60127166827,-8.656748992481E-08,
    -86.84375365747));
#4484 = CARTESIAN_POINT('',(-9.898747335783,3.577926469023,
    -86.92708700866));
#4485 = CARTESIAN_POINT('',(-9.196224221818,5.288065806259,
    -86.96875367793));
#4486 = CARTESIAN_POINT('',(-8.163068978503,6.840567193888,
    -87.01042032642));
#4487 = CARTESIAN_POINT('',(-6.84056877657,8.163069550261,
    -87.05208697371));
#4488 = CARTESIAN_POINT('',(-5.288068057962,9.196226514476,
    -87.09375364056));
#4489 = CARTESIAN_POINT('',(-3.577928075186,9.898749109103,
    -87.13542032103));
#4490 = CARTESIAN_POINT('',(3.294580605203E-07,10.601270951755,
    -87.21875366607));
#4491 = CARTESIAN_POINT('',(3.577927960744,9.898745060481,
    -87.30208698496));
#4492 = CARTESIAN_POINT('',(5.288068564747,9.196221059533,
    -87.34375363461));
#4493 = CARTESIAN_POINT('',(6.840563812718,8.16307430981,-87.38542031369
    ));
#4494 = CARTESIAN_POINT('',(8.163072498968,6.840570049507,
    -87.42708697556));
#4495 = CARTESIAN_POINT('',(9.196225470528,5.288076182887,
    -87.46875384548));
#4496 = CARTESIAN_POINT('',(9.898745481931,3.577915925465,
    -87.51042038282));
#4497 = CARTESIAN_POINT('',(10.250008511719,1.78896447592,-87.5520865821
    ));
#4498 = CARTESIAN_POINT('',(10.250010165401,9.245071186306E-08,
    -87.59375387262));
#4499 = ADVANCED_FACE('',(#4500),#4510,.F.);
#4500 = FACE_BOUND('',#4501,.F.);
#4501 = EDGE_LOOP('',(#4502,#4503,#4504,#4505));
#4502 = ORIENTED_EDGE('',*,*,#4396,.F.);
#4503 = ORIENTED_EDGE('',*,*,#4043,.T.);
#4504 = ORIENTED_EDGE('',*,*,#4295,.T.);
#4505 = ORIENTED_EDGE('',*,*,#4506,.F.);
#4506 = EDGE_CURVE('',#4397,#4296,#4507,.T.);
#4507 = B_SPLINE_CURVE_WITH_KNOTS('',1,(#4508,#4509),.UNSPECIFIED.,.F.,
  .F.,(2,2),(0.,0.1875),.PIECEWISE_BEZIER_KNOTS.);
#4508 = CARTESIAN_POINT('',(10.250010165401,9.245071019848E-08,
    -87.59375387262));
#4509 = CARTESIAN_POINT('',(10.25001306981,9.245099796829E-08,
    -87.40625387264));
#4510 = B_SPLINE_SURFACE_WITH_KNOTS('',1,11,(
    (#4511,#4512,#4513,#4514,#4515,#4516,#4517,#4518,#4519,#4520,#4521
      ,#4522,#4523,#4524,#4525,#4526,#4527,#4528,#4529,#4530,#4531)
    ,(#4532,#4533,#4534,#4535,#4536,#4537,#4538,#4539,#4540,#4541,#4542
      ,#4543,#4544,#4545,#4546,#4547,#4548,#4549,#4550,#4551,#4552
  )),.UNSPECIFIED.,.F.,.F.,.F.,(2,2),(12,9,12),(0.,0.1875),(0.,
    3.229876839926,6.459753679852),.UNSPECIFIED.);
#4511 = CARTESIAN_POINT('',(10.250009035915,8.21782908389E-08,
    -86.09375344232));
#4512 = CARTESIAN_POINT('',(10.250011739017,-2.927396181681,
    -86.16193628136));
#4513 = CARTESIAN_POINT('',(9.330333193436,-5.854760281511,
    -86.23011626333));
#4514 = CARTESIAN_POINT('',(7.491024482511,-8.461240294835,
    -86.29829923671));
#4515 = CARTESIAN_POINT('',(4.858035893426,-10.42541843628,
    -86.36648208871));
#4516 = CARTESIAN_POINT('',(1.683674408069,-11.48331851331,
    -86.43466123524));
#4517 = CARTESIAN_POINT('',(-1.683657346457,-11.48334273916,
    -86.50284543562));
#4518 = CARTESIAN_POINT('',(-4.858067049783,-10.42548020844,
    -86.57102618273));
#4519 = CARTESIAN_POINT('',(-7.491003853842,-8.461162502326,
    -86.63920823881));
#4520 = CARTESIAN_POINT('',(-9.330341028109,-5.854788945285,
    -86.70738999188));
#4521 = CARTESIAN_POINT('',(-11.16967777941,-9.840977659655E-08,
    -86.84375365747));
#4522 = CARTESIAN_POINT('',(-9.330341272075,5.854788825108,
    -86.98011732306));
#4523 = CARTESIAN_POINT('',(-7.491004874718,8.461162405151,
    -87.04829907614));
#4524 = CARTESIAN_POINT('',(-4.858062716119,10.425480815528,
    -87.11648113216));
#4525 = CARTESIAN_POINT('',(-1.683666827528,11.483338473904,
    -87.18466187945));
#4526 = CARTESIAN_POINT('',(1.683685194667,11.483327557405,
    -87.25284607953));
#4527 = CARTESIAN_POINT('',(4.858029089252,10.425408257921,
    -87.32102522638));
#4528 = CARTESIAN_POINT('',(7.491023338788,8.461246801205,
    -87.38920807814));
#4529 = CARTESIAN_POINT('',(9.330338605001,5.854758756803,
    -87.45739105164));
#4530 = CARTESIAN_POINT('',(10.250007459376,2.92739635631,
    -87.52557103358));
#4531 = CARTESIAN_POINT('',(10.250010165401,9.245071019848E-08,
    -87.59375387262));
#4532 = CARTESIAN_POINT('',(10.250011617612,8.217854841064E-08,
    -85.90625344234));
#4533 = CARTESIAN_POINT('',(10.250015086326,-2.927396965099,
    -85.97443628138));
#4534 = CARTESIAN_POINT('',(9.330334903035,-5.854762088864,
    -86.04261626334));
#4535 = CARTESIAN_POINT('',(7.49102663004,-8.461241647846,
    -86.11079923672));
#4536 = CARTESIAN_POINT('',(4.858038140108,-10.42542269236,
    -86.17898208877));
#4537 = CARTESIAN_POINT('',(1.683673289771,-11.48332029824,
    -86.24716123522));
#4538 = CARTESIAN_POINT('',(-1.683656470497,-11.48334641769,
    -86.31534543566));
#4539 = CARTESIAN_POINT('',(-4.858068994382,-10.42548289982,
    -86.38352618274));
#4540 = CARTESIAN_POINT('',(-7.491005733288,-8.46116476232,
    -86.45170823883));
#4541 = CARTESIAN_POINT('',(-9.330343504443,-5.854790506574,
    -86.5198899919));
#4542 = CARTESIAN_POINT('',(-11.16968076858,-9.934143703624E-08,
    -86.65625365749));
#4543 = CARTESIAN_POINT('',(-9.330343789615,5.854790397477,
    -86.79261732308));
#4544 = CARTESIAN_POINT('',(-7.491007004659,8.461164673848,
    -86.86079907616));
#4545 = CARTESIAN_POINT('',(-4.858063371774,10.425483703998,
    -86.92898113217));
#4546 = CARTESIAN_POINT('',(-1.683668604564,11.483340941992,
    -86.99716187948));
#4547 = CARTESIAN_POINT('',(1.683687214169,11.483331918164,
    -87.06534607954));
#4548 = CARTESIAN_POINT('',(4.858029442623,10.425409582248,
    -87.13352522641));
#4549 = CARTESIAN_POINT('',(7.491025200724,8.46124997672,-87.20170807815
    ));
#4550 = CARTESIAN_POINT('',(9.33034188927,5.854760083108,-87.26989105167
    ));
#4551 = CARTESIAN_POINT('',(10.250009598174,2.927397139728,
    -87.33807103359));
#4552 = CARTESIAN_POINT('',(10.25001306981,9.245099796829E-08,
    -87.40625387264));
#4553 = ADVANCED_FACE('',(#4554),#4572,.T.);
#4554 = FACE_BOUND('',#4555,.T.);
#4555 = EDGE_LOOP('',(#4556,#4565,#4570,#4571));
#4556 = ORIENTED_EDGE('',*,*,#4557,.T.);
#4557 = EDGE_CURVE('',#4558,#4558,#4560,.T.);
#4558 = VERTEX_POINT('',#4559);
#4559 = CARTESIAN_POINT('',(17.,0.,-122.25));
#4560 = CIRCLE('',#4561,17.);
#4561 = AXIS2_PLACEMENT_3D('',#4562,#4563,#4564);
#4562 = CARTESIAN_POINT('',(1.681868929382E-14,0.,-122.25));
#4563 = DIRECTION('',(-2.324646799147E-16,0.,1.));
#4564 = DIRECTION('',(1.,0.,2.324646799147E-16));
#4565 = ORIENTED_EDGE('',*,*,#4566,.T.);
#4566 = EDGE_CURVE('',#4558,#4096,#4567,.T.);
#4567 = B_SPLINE_CURVE_WITH_KNOTS('',1,(#4568,#4569),.UNSPECIFIED.,.F.,
  .F.,(2,2),(-2.692582403567,0.),.PIECEWISE_BEZIER_KNOTS.);
#4568 = CARTESIAN_POINT('',(17.,0.,-122.25));
#4569 = CARTESIAN_POINT('',(18.,0.,-119.75));
#4570 = ORIENTED_EDGE('',*,*,#4102,.F.);
#4571 = ORIENTED_EDGE('',*,*,#4566,.F.);
#4572 = CONICAL_SURFACE('',#4573,18.,0.380506377112);
#4573 = AXIS2_PLACEMENT_3D('',#4574,#4575,#4576);
#4574 = CARTESIAN_POINT('',(1.624252759403E-14,0.,-119.75));
#4575 = DIRECTION('',(-2.324646799147E-16,0.,1.));
#4576 = DIRECTION('',(1.,0.,2.324646799147E-16));
#4577 = ADVANCED_FACE('',(#4578),#4748,.F.);
#4578 = FACE_BOUND('',#4579,.T.);
#4579 = EDGE_LOOP('',(#4580,#4657,#4658,#4742));
#4580 = ORIENTED_EDGE('',*,*,#4581,.F.);
#4581 = EDGE_CURVE('',#4120,#4582,#4584,.T.);
#4582 = VERTEX_POINT('',#4583);
#4583 = CARTESIAN_POINT('',(9.5,-1.027222245346E-07,-89.52675631452));
#4584 = B_SPLINE_CURVE_WITH_KNOTS('',8,(#4585,#4586,#4587,#4588,#4589,
    #4590,#4591,#4592,#4593,#4594,#4595,#4596,#4597,#4598,#4599,#4600,
    #4601,#4602,#4603,#4604,#4605,#4606,#4607,#4608,#4609,#4610,#4611,
    #4612,#4613,#4614,#4615,#4616,#4617,#4618,#4619,#4620,#4621,#4622,
    #4623,#4624,#4625,#4626,#4627,#4628,#4629,#4630,#4631,#4632,#4633,
    #4634,#4635,#4636,#4637,#4638,#4639,#4640,#4641,#4642,#4643,#4644,
    #4645,#4646,#4647,#4648,#4649,#4650,#4651,#4652,#4653,#4654,#4655,
    #4656),.UNSPECIFIED.,.F.,.F.,(9,7,7,7,7,7,7,7,7,7,9),(0.,
    4.840470741083E-02,0.12093274014,0.214340465921,0.31820549946,
    0.408911816879,0.54677770169,0.684722570611,0.789495021313,
    0.881826460252,1.),.UNSPECIFIED.);
#4585 = CARTESIAN_POINT('',(9.5,-2.054444490085E-07,-88.02675695377));
#4586 = CARTESIAN_POINT('',(9.5,-0.361101629255,-88.03583113037));
#4587 = CARTESIAN_POINT('',(9.484313472748,-0.72220833882,
    -88.04490547875));
#4588 = CARTESIAN_POINT('',(9.452939629144,-1.082517580363,
    -88.05397976857));
#4589 = CARTESIAN_POINT('',(9.405927859844,-1.441233914224,
    -88.06305399724));
#4590 = CARTESIAN_POINT('',(9.343375089806,-1.797568987888,
    -88.0721282624));
#4591 = CARTESIAN_POINT('',(9.265424883186,-2.150741577149,
    -88.08120265139));
#4592 = CARTESIAN_POINT('',(9.172268298588,-2.49997789542,
    -88.09027714794));
#4593 = CARTESIAN_POINT('',(8.902140314842,-3.360751077772,
    -88.11294835261));
#4594 = CARTESIAN_POINT('',(8.706520039115,-3.866482973403,
    -88.12654624083));
#4595 = CARTESIAN_POINT('',(8.478095834461,-4.359097133982,
    -88.14014377861));
#4596 = CARTESIAN_POINT('',(8.21791258795,-4.836116213335,
    -88.15374079714));
#4597 = CARTESIAN_POINT('',(7.927223544505,-5.295183102159,
    -88.16733778288));
#4598 = CARTESIAN_POINT('',(7.607480829424,-5.734057723762,
    -88.18093524265));
#4599 = CARTESIAN_POINT('',(7.260342855688,-6.150623766559,
    -88.1945330519));
#4600 = CARTESIAN_POINT('',(6.40777589319,-7.048118710309,
    -88.22564080828));
#4601 = CARTESIAN_POINT('',(5.885405047038,-7.513201988634,
    -88.2431551373));
#4602 = CARTESIAN_POINT('',(5.324638367793,-7.933833651183,
    -88.26066779859));
#4603 = CARTESIAN_POINT('',(4.729935063299,-8.306366517233,
    -88.2781784792));
#4604 = CARTESIAN_POINT('',(4.106087804574,-8.627718898427,
    -88.29568918448));
#4605 = CARTESIAN_POINT('',(3.458192474876,-8.895341594086,
    -88.3132019051));
#4606 = CARTESIAN_POINT('',(2.791661122297,-9.107260745896,
    -88.33071629434));
#4607 = CARTESIAN_POINT('',(1.3568359064,-9.434477940422,-88.36769883869
    ));
#4608 = CARTESIAN_POINT('',(0.585104813757,-9.536393471987,
    -88.38717641258));
#4609 = CARTESIAN_POINT('',(-0.194925653969,-9.566047293829,
    -88.40665099908));
#4610 = CARTESIAN_POINT('',(-0.97534308999,-9.522784469857,
    -88.42612303055));
#4611 = CARTESIAN_POINT('',(-1.748327041745,-9.406944736362,
    -88.44559506251));
#4612 = CARTESIAN_POINT('',(-2.506150570953,-9.219780759925,
    -88.46506961736));
#4613 = CARTESIAN_POINT('',(-3.241198342653,-8.963537852915,
    -88.48454709051));
#4614 = CARTESIAN_POINT('',(-4.56156815653,-8.36062115959,
    -88.52102315993));
#4615 = CARTESIAN_POINT('',(-5.15433483074,-8.029392245364,
    -88.53803068075));
#4616 = CARTESIAN_POINT('',(-5.719393154281,-7.650224607824,
    -88.55503682352));
#4617 = CARTESIAN_POINT('',(-6.252247131192,-7.225873560168,
    -88.57204127612));
#4618 = CARTESIAN_POINT('',(-6.748776890923,-6.759541750085,
    -88.58904572044));
#4619 = CARTESIAN_POINT('',(-7.205220921842,-6.254845969335,
    -88.60605184258));
#4620 = CARTESIAN_POINT('',(-7.618206350299,-5.715839503016,
    -88.62305933563));
#4621 = CARTESIAN_POINT('',(-8.542059862405,-4.282639193623,
    -88.66590937959));
#4622 = CARTESIAN_POINT('',(-8.992859730572,-3.34843017642,
    -88.69177922812));
#4623 = CARTESIAN_POINT('',(-9.326095877346,-2.360964116621,
    -88.71763539064));
#4624 = CARTESIAN_POINT('',(-9.535071649116,-1.337653557726,
    -88.74348252778));
#4625 = CARTESIAN_POINT('',(-9.615737004522,-0.296342404025,
    -88.76932942883));
#4626 = CARTESIAN_POINT('',(-9.567075471766,0.744699639892,
    -88.79518550543));
#4627 = CARTESIAN_POINT('',(-9.390733967733,1.766889092835,
    -88.8210552807));
#4628 = CARTESIAN_POINT('',(-8.794843225621,3.736271632544,
    -88.87276108021));
#4629 = CARTESIAN_POINT('',(-8.374593008864,4.685277802371,
    -88.89864572082));
#4630 = CARTESIAN_POINT('',(-7.837497963486,5.579114103121,
    -88.92451651184));
#4631 = CARTESIAN_POINT('',(-7.1925079423,6.401374576207,-88.95037862048
    ));
#4632 = CARTESIAN_POINT('',(-6.450619111915,7.137394560271,
    -88.97624072201));
#4633 = CARTESIAN_POINT('',(-5.625121548159,7.774550955883,
    -89.00211180234));
#4634 = CARTESIAN_POINT('',(-4.73127227984,8.302051173689,
    -89.02799668007));
#4635 = CARTESIAN_POINT('',(-3.070719246079,9.023945312178,
    -89.07349860677));
#4636 = CARTESIAN_POINT('',(-2.324390988046,9.268259276573,
    -89.09314626558));
#4637 = CARTESIAN_POINT('',(-1.556241231699,9.441839032585,
    -89.11279057797));
#4638 = CARTESIAN_POINT('',(-0.774131941865,9.542533738741,
    -89.13243199388));
#4639 = CARTESIAN_POINT('',(1.398102213646E-02,9.569222293851,
    -89.15207341951));
#4640 = CARTESIAN_POINT('',(0.800065267844,9.521728837816,
    -89.17171773167));
#4641 = CARTESIAN_POINT('',(1.576015125393,9.400908554004,
    -89.19136534326));
#4642 = CARTESIAN_POINT('',(3.001363128416,9.039704422491,
    -89.22831620156));
#4643 = CARTESIAN_POINT('',(3.655161268856,8.815142261203,-89.2456288529
    ));
#4644 = CARTESIAN_POINT('',(4.289516312573,8.536590169876,-89.2629401801
    ));
#4645 = CARTESIAN_POINT('',(4.899245912114,8.206070583728,
    -89.28024977994));
#4646 = CARTESIAN_POINT('',(5.479481176888,7.826149003495,
    -89.29755938567));
#4647 = CARTESIAN_POINT('',(6.025653720334,7.39989424162,-89.31487071949
    ));
#4648 = CARTESIAN_POINT('',(6.533524496953,6.930908686635,
    -89.33218335569));
#4649 = CARTESIAN_POINT('',(7.595334759928,5.773912878369,
    -89.37164641367));
#4650 = CARTESIAN_POINT('',(8.122834729153,5.060848896999,
    -89.39381128494));
#4651 = CARTESIAN_POINT('',(8.573340205573,4.293159469851,
    -89.41596981417));
#4652 = CARTESIAN_POINT('',(8.940487115803,3.480677074068,
    -89.43812366355));
#4653 = CARTESIAN_POINT('',(9.219346878637,2.633823077341,
    -89.46027766422));
#4654 = CARTESIAN_POINT('',(9.40650429193,1.76360808646,-89.48243745881)
  );
#4655 = CARTESIAN_POINT('',(9.5,0.881579299004,-89.50460295842));
#4656 = CARTESIAN_POINT('',(9.5,-2.054444472321E-07,-89.52675631452));
#4657 = ORIENTED_EDGE('',*,*,#4281,.T.);
#4658 = ORIENTED_EDGE('',*,*,#4659,.T.);
#4659 = EDGE_CURVE('',#4205,#4660,#4662,.T.);
#4660 = VERTEX_POINT('',#4661);
#4661 = CARTESIAN_POINT('',(9.5,-1.129972684852E-07,-89.9732138756));
#4662 = B_SPLINE_CURVE_WITH_KNOTS('',8,(#4663,#4664,#4665,#4666,#4667,
    #4668,#4669,#4670,#4671,#4672,#4673,#4674,#4675,#4676,#4677,#4678,
    #4679,#4680,#4681,#4682,#4683,#4684,#4685,#4686,#4687,#4688,#4689,
    #4690,#4691,#4692,#4693,#4694,#4695,#4696,#4697,#4698,#4699,#4700,
    #4701,#4702,#4703,#4704,#4705,#4706,#4707,#4708,#4709,#4710,#4711,
    #4712,#4713,#4714,#4715,#4716,#4717,#4718,#4719,#4720,#4721,#4722,
    #4723,#4724,#4725,#4726,#4727,#4728,#4729,#4730,#4731,#4732,#4733,
    #4734,#4735,#4736,#4737,#4738,#4739,#4740,#4741),.UNSPECIFIED.,.F.,
  .F.,(9,7,7,7,7,7,7,7,7,7,7,9),(0.,5.36708986829E-02,0.121617015964,
    0.21496177004,0.320819329195,0.429299496836,0.57407952453,
    0.685471536954,0.789699939278,0.882818723011,0.961168983381,1.),
  .UNSPECIFIED.);
#4663 = CARTESIAN_POINT('',(9.5,-2.054488135173E-07,-88.47321600496));
#4664 = CARTESIAN_POINT('',(9.5,-0.40039892358,-88.48327717683));
#4665 = CARTESIAN_POINT('',(9.480713482279,-0.800806492949,
    -88.49333897341));
#4666 = CARTESIAN_POINT('',(9.442138988096,-1.200126057709,
    -88.50340095266));
#4667 = CARTESIAN_POINT('',(9.384351535383,-1.597273106843,
    -88.51346295363));
#4668 = CARTESIAN_POINT('',(9.307497723824,-1.991174968076,
    -88.52352499178));
#4669 = CARTESIAN_POINT('',(9.211794071732,-2.380770852423,
    -88.53358712955));
#4670 = CARTESIAN_POINT('',(9.097528584725,-2.765012449351,
    -88.54364932213));
#4671 = CARTESIAN_POINT('',(8.797370423597,-3.621217760588,
    -88.56644939225));
#4672 = CARTESIAN_POINT('',(8.600495818714,-4.089371619003,
    -88.57918818018));
#4673 = CARTESIAN_POINT('',(8.375177758111,-4.5452092074,-88.59192655756
    ));
#4674 = CARTESIAN_POINT('',(8.12232887086,-4.986718311951,
    -88.60466449152));
#4675 = CARTESIAN_POINT('',(7.843020666801,-5.411982665031,
    -88.61740243782));
#4676 = CARTESIAN_POINT('',(7.538477148269,-5.819179627407,
    -88.63014083596));
#4677 = CARTESIAN_POINT('',(7.210079765314,-6.206584833009,
    -88.64287962301));
#4678 = CARTESIAN_POINT('',(6.377595527846,-7.075395209028,
    -88.67311749759));
#4679 = CARTESIAN_POINT('',(5.8535876892,-7.537945509281,-88.69062080062
    ));
#4680 = CARTESIAN_POINT('',(5.291423032446,-7.955939302935,
    -88.70812271767));
#4681 = CARTESIAN_POINT('',(4.695567477044,-8.325755341094,
    -88.72562279843));
#4682 = CARTESIAN_POINT('',(4.070817173569,-8.644337800305,
    -88.74312286145));
#4683 = CARTESIAN_POINT('',(3.42226848142,-8.909163287483,
    -88.76062474073));
#4684 = CARTESIAN_POINT('',(2.755330778588,-9.118283569513,
    -88.77812801722));
#4685 = CARTESIAN_POINT('',(1.305140359509,-9.443001498488,
    -88.81547327948));
#4686 = CARTESIAN_POINT('',(0.51785203648,-9.542400252507,
    -88.83532517769));
#4687 = CARTESIAN_POINT('',(-0.27760255879,-9.566659011757,
    -88.8551735773));
#4688 = CARTESIAN_POINT('',(-1.07283811377,-9.515143365514,
    -88.87501900445));
#4689 = CARTESIAN_POINT('',(-1.859579306682,-9.388290179208,
    -88.89486446971));
#4690 = CARTESIAN_POINT('',(-2.629661309956,-9.187516232156,
    -88.91471295751));
#4691 = CARTESIAN_POINT('',(-3.375050619423,-8.91530716233,
    -88.93456493343));
#4692 = CARTESIAN_POINT('',(-4.818452716516,-8.227239322186,
    -88.97474774607));
#4693 = CARTESIAN_POINT('',(-5.515345216448,-7.807746174458,
    -88.99509247388));
#4694 = CARTESIAN_POINT('',(-6.170071201482,-7.320957794698,
    -89.01543341131));
#4695 = CARTESIAN_POINT('',(-6.775144216768,-6.771952998891,
    -89.03577117136));
#4696 = CARTESIAN_POINT('',(-7.323863869688,-6.166621378989,
    -89.05610888381));
#4697 = CARTESIAN_POINT('',(-7.810343721132,-5.511666104356,
    -89.0764497328));
#4698 = CARTESIAN_POINT('',(-8.229508478504,-4.814576018354,
    -89.09679438996));
#4699 = CARTESIAN_POINT('',(-9.041721714766,-3.108677742021,
    -89.14427412813));
#4700 = CARTESIAN_POINT('',(-9.379852229452,-2.072027708747,
    -89.17144756384));
#4701 = CARTESIAN_POINT('',(-9.581302552258,-0.994681975935,
    -89.1986027247));
#4702 = CARTESIAN_POINT('',(-9.641254092517,0.10227214085,
    -89.22574736053));
#4703 = CARTESIAN_POINT('',(-9.558046149554,1.197707654209,
    -89.25289173988));
#4704 = CARTESIAN_POINT('',(-9.333787236569,2.270537527254,
    -89.28004730549));
#4705 = CARTESIAN_POINT('',(-8.973742173353,3.29978146423,
    -89.30722092476));
#4706 = CARTESIAN_POINT('',(-8.115771810771,5.007477251992,
    -89.35524656636));
#4707 = CARTESIAN_POINT('',(-7.668312700022,5.713041945004,
    -89.37613804093));
#4708 = CARTESIAN_POINT('',(-7.150944655127,6.372439073317,
    -89.39702497234));
#4709 = CARTESIAN_POINT('',(-6.569375828269,6.977703019904,
    -89.41790821706));
#4710 = CARTESIAN_POINT('',(-5.930183884508,7.52176224336,
    -89.43879148158));
#4711 = CARTESIAN_POINT('',(-5.240823837505,7.99847697045,
    -89.45967837153));
#4712 = CARTESIAN_POINT('',(-4.509590027378,8.402629151851,
    -89.48056981261));
#4713 = CARTESIAN_POINT('',(-3.031335380059,9.036903116919,
    -89.5209930822));
#4714 = CARTESIAN_POINT('',(-2.287863536477,9.276754905309,
    -89.54053933507));
#4715 = CARTESIAN_POINT('',(-1.523090136217,9.446517354633,
    -89.5600826498));
#4716 = CARTESIAN_POINT('',(-0.744763381589,9.544103393777,
    -89.57962334509));
#4717 = CARTESIAN_POINT('',(3.927966333683E-02,9.568435111561,
    -89.5991640242));
#4718 = CARTESIAN_POINT('',(0.821129725785,9.519361744529,
    -89.61870733617));
#4719 = CARTESIAN_POINT('',(1.592808814735,9.397742915057,
    -89.63825365944));
#4720 = CARTESIAN_POINT('',(3.019459960234,9.034127060354,
    -89.67525113911));
#4721 = CARTESIAN_POINT('',(3.678423909969,8.806261607213,
    -89.69271177258));
#4722 = CARTESIAN_POINT('',(4.317486745203,8.523516640809,
    -89.71017076716));
#4723 = CARTESIAN_POINT('',(4.931336608935,8.187980812177,
    -89.72762778379));
#4724 = CARTESIAN_POINT('',(5.514987865589,7.802303310901,
    -89.74508478504));
#4725 = CARTESIAN_POINT('',(6.063767361783,7.369652092111,
    -89.76254374848));
#4726 = CARTESIAN_POINT('',(6.573344874963,6.893745591183,
    -89.78000436816));
#4727 = CARTESIAN_POINT('',(7.432290192639,5.945814944926,
    -89.81215040191));
#4728 = CARTESIAN_POINT('',(7.794354395716,5.485030193226,
    -89.82684061776));
#4729 = CARTESIAN_POINT('',(8.123667559029,4.999157699182,
    -89.84153030765));
#4730 = CARTESIAN_POINT('',(8.418223198359,4.490933076137,
    -89.85621928695));
#4731 = CARTESIAN_POINT('',(8.676301751091,3.963248749471,
    -89.87090830073));
#4732 = CARTESIAN_POINT('',(8.896458481916,3.419143751956,
    -89.88559806848));
#4733 = CARTESIAN_POINT('',(9.077538688524,2.861808087634,
    -89.90028834335));
#4734 = CARTESIAN_POINT('',(9.288690898799,2.013489617483,
    -89.92225679468));
#4735 = CARTESIAN_POINT('',(9.348865213547,1.729937295031,
    -89.92953656799));
#4736 = CARTESIAN_POINT('',(9.399143502832,1.444345618026,
    -89.93681630379));
#4737 = CARTESIAN_POINT('',(9.439446019926,1.157117945339,-89.9440959933
    ));
#4738 = CARTESIAN_POINT('',(9.469712920049,0.868660073537,
    -89.95137562097));
#4739 = CARTESIAN_POINT('',(9.48990426037,0.579380236883,-89.95865516441
    ));
#4740 = CARTESIAN_POINT('',(9.5,0.289689107335,-89.96593459444));
#4741 = CARTESIAN_POINT('',(9.5,-2.054488117409E-07,-89.97321387509));
#4742 = ORIENTED_EDGE('',*,*,#4743,.F.);
#4743 = EDGE_CURVE('',#4582,#4660,#4744,.T.);
#4744 = LINE('',#4745,#4746);
#4745 = CARTESIAN_POINT('',(9.5,0.,-74.75));
#4746 = VECTOR('',#4747,1.);
#4747 = DIRECTION('',(5.141040633873E-17,0.,-1.));
#4748 = CYLINDRICAL_SURFACE('',#4749,9.5);
#4749 = AXIS2_PLACEMENT_3D('',#4750,#4751,#4752);
#4750 = CARTESIAN_POINT('',(3.061616997868E-15,0.,-74.75));
#4751 = DIRECTION('',(1.224646799147E-16,0.,-1.));
#4752 = DIRECTION('',(1.,0.,1.224646799147E-16));
#4753 = ADVANCED_FACE('',(#4754),#4789,.F.);
#4754 = FACE_BOUND('',#4755,.F.);
#4755 = EDGE_LOOP('',(#4756,#4782,#4783,#4784));
#4756 = ORIENTED_EDGE('',*,*,#4757,.F.);
#4757 = EDGE_CURVE('',#4296,#4758,#4760,.T.);
#4758 = VERTEX_POINT('',#4759);
#4759 = CARTESIAN_POINT('',(10.250014522005,1.027243684225E-07,
    -88.90625430295));
#4760 = B_SPLINE_CURVE_WITH_KNOTS('',11,(#4761,#4762,#4763,#4764,#4765,
    #4766,#4767,#4768,#4769,#4770,#4771,#4772,#4773,#4774,#4775,#4776,
    #4777,#4778,#4779,#4780,#4781),.UNSPECIFIED.,.F.,.F.,(12,9,12),(0.,
    3.229876839926,6.459753679852),.UNSPECIFIED.);
#4761 = CARTESIAN_POINT('',(10.25001306981,9.245087717602E-08,
    -87.40625387264));
#4762 = CARTESIAN_POINT('',(10.250016541442,-2.927397369574,
    -87.47443671169));
#4763 = CARTESIAN_POINT('',(9.330336230803,-5.854762909,-87.54261669364)
  );
#4764 = CARTESIAN_POINT('',(7.491027699839,-8.461242839053,
    -87.61079966702));
#4765 = CARTESIAN_POINT('',(4.858038838799,-10.42542416466,
    -87.67898251909));
#4766 = CARTESIAN_POINT('',(1.683673539833,-11.48332192332,
    -87.74716166549));
#4767 = CARTESIAN_POINT('',(-1.683656697506,-11.48334804642,
    -87.81534586599));
#4768 = CARTESIAN_POINT('',(-4.858069672229,-10.42548438168,
    -87.88352661303));
#4769 = CARTESIAN_POINT('',(-7.491006786106,-8.461165968592,
    -87.95170866914));
#4770 = CARTESIAN_POINT('',(-9.33034482047,-5.854791345414,
    -88.0198904222));
#4771 = CARTESIAN_POINT('',(-11.16968235107,-1.105369087009E-07,
    -88.15625408779));
#4772 = CARTESIAN_POINT('',(-9.330345117378,5.854791217616,
    -88.29261775338));
#4773 = CARTESIAN_POINT('',(-7.491008074438,8.461165865099,
    -88.36079950647));
#4774 = CARTESIAN_POINT('',(-4.858064070517,10.425485176134,
    -88.42898156248));
#4775 = CARTESIAN_POINT('',(-1.683668854599,11.483342567339,
    -88.49716230977));
#4776 = CARTESIAN_POINT('',(1.683687441226,11.483333546632,
    -88.56534650986));
#4777 = CARTESIAN_POINT('',(4.858030120403,10.425411064274,
    -88.6335256567));
#4778 = CARTESIAN_POINT('',(7.491026253571,8.461251182944,
    -88.70170850845));
#4779 = CARTESIAN_POINT('',(9.330343205296,5.854760921949,
    -88.76989148198));
#4780 = CARTESIAN_POINT('',(10.250011047427,2.927397564747,
    -88.83807146389));
#4781 = CARTESIAN_POINT('',(10.250014522005,1.027243694998E-07,
    -88.90625430295));
#4782 = ORIENTED_EDGE('',*,*,#4323,.T.);
#4783 = ORIENTED_EDGE('',*,*,#4204,.T.);
#4784 = ORIENTED_EDGE('',*,*,#4785,.F.);
#4785 = EDGE_CURVE('',#4758,#4205,#4786,.T.);
#4786 = B_SPLINE_CURVE_WITH_KNOTS('',1,(#4787,#4788),.UNSPECIFIED.,.F.,
  .F.,(2,2),(0.,0.9375),.PIECEWISE_BEZIER_KNOTS.);
#4787 = CARTESIAN_POINT('',(10.250014522005,1.027243702874E-07,
    -88.90625430295));
#4788 = CARTESIAN_POINT('',(9.438123773879,-2.308731093111E-07,
    -88.43749032918));
#4789 = B_SPLINE_SURFACE_WITH_KNOTS('',1,9,(
    (#4790,#4791,#4792,#4793,#4794,#4795,#4796,#4797,#4798,#4799,#4800
      ,#4801,#4802,#4803,#4804,#4805,#4806,#4807,#4808,#4809,#4810,#4811
      ,#4812,#4813,#4814,#4815,#4816,#4817,#4818,#4819,#4820)
    ,(#4821,#4822,#4823,#4824,#4825,#4826,#4827,#4828,#4829,#4830,#4831
      ,#4832,#4833,#4834,#4835,#4836,#4837,#4838,#4839,#4840,#4841,#4842
      ,#4843,#4844,#4845,#4846,#4847,#4848,#4849,#4850,#4851
  )),.UNSPECIFIED.,.F.,.F.,.F.,(2,2),(10,7,7,7,10),(0.,0.9375),(0.,
    1.614938419963,3.229876839926,4.844815259889,6.459753679852),
  .UNSPECIFIED.);
#4790 = CARTESIAN_POINT('',(10.25001306981,9.245087717602E-08,
    -87.40625387264));
#4791 = CARTESIAN_POINT('',(10.250015191363,-1.788965023231,
    -87.44792116317));
#4792 = CARTESIAN_POINT('',(9.898749201631,-3.577917946253,
    -87.48958736245));
#4793 = CARTESIAN_POINT('',(9.196228084987,-5.288077361676,
    -87.53125389976));
#4794 = CARTESIAN_POINT('',(8.163076525332,-6.840572413513,
    -87.57292076973));
#4795 = CARTESIAN_POINT('',(6.840566617145,-8.163077787661,
    -87.61458743156));
#4796 = CARTESIAN_POINT('',(5.288070961657,-9.196224812283,
    -87.65625411066));
#4797 = CARTESIAN_POINT('',(3.577929602411,-9.898749082839,
    -87.69792076031));
#4798 = CARTESIAN_POINT('',(5.176239707556E-07,-10.60127523956,
    -87.78125407919));
#4799 = CARTESIAN_POINT('',(-3.577929362348,-9.89875324259,
    -87.86458742424));
#4800 = CARTESIAN_POINT('',(-5.288071434619,-9.196229043089,
    -87.90625410332));
#4801 = CARTESIAN_POINT('',(-6.840568007722,-8.16307678461,
    -87.94792077512));
#4802 = CARTESIAN_POINT('',(-8.163075705085,-6.840566416377,
    -87.98958741528));
#4803 = CARTESIAN_POINT('',(-9.196226414083,-5.288069516309,
    -88.03125406872));
#4804 = CARTESIAN_POINT('',(-9.898751221992,-3.577928083682,
    -88.0729207366));
#4805 = CARTESIAN_POINT('',(-10.60127600728,-9.612456147517E-08,
    -88.15625408779));
#4806 = CARTESIAN_POINT('',(-9.898751403436,3.577927927059,
    -88.23958743899));
#4807 = CARTESIAN_POINT('',(-9.196228005586,5.288067968713,
    -88.28125410825));
#4808 = CARTESIAN_POINT('',(-8.163072324979,6.840569988763,
    -88.32292075674));
#4809 = CARTESIAN_POINT('',(-6.840571575061,8.163072875542,
    -88.36458740403));
#4810 = CARTESIAN_POINT('',(-5.288070229276,9.196230259674,
    -88.40625407088));
#4811 = CARTESIAN_POINT('',(-3.577929549357,9.89875315481,
    -88.44792075135));
#4812 = CARTESIAN_POINT('',(3.192214169914E-07,10.601275297168,
    -88.5312540964));
#4813 = CARTESIAN_POINT('',(3.577929415403,9.898749111115,
    -88.61458741528));
#4814 = CARTESIAN_POINT('',(5.288070711555,9.196224818246,
    -88.65625406493));
#4815 = CARTESIAN_POINT('',(6.840566622137,8.163077625229,
    -88.69792074402));
#4816 = CARTESIAN_POINT('',(8.163075762965,6.840572893556,
    -88.73958740588));
#4817 = CARTESIAN_POINT('',(9.196229384781,5.2880784589,-88.78125427581)
  );
#4818 = CARTESIAN_POINT('',(9.898749579358,3.577917307938,
    -88.82292081315));
#4819 = CARTESIAN_POINT('',(10.250012398652,1.788965218405,
    -88.86458701241));
#4820 = CARTESIAN_POINT('',(10.250014522005,1.027243702874E-07,
    -88.90625430295));
#4821 = CARTESIAN_POINT('',(9.438121514882,-2.077869121209E-07,
    -86.93749129624));
#4822 = CARTESIAN_POINT('',(9.438124753747,-1.647262856657,
    -86.97915656084));
#4823 = CARTESIAN_POINT('',(9.114681178925,-3.294514340541,
    -87.02082427794));
#4824 = CARTESIAN_POINT('',(8.467805417042,-4.869220728444,
    -87.06249123526));
#4825 = CARTESIAN_POINT('',(7.51648620284,-6.298736487673,
    -87.10415744512));
#4826 = CARTESIAN_POINT('',(6.298736344282,-7.516490262912,
    -87.14582412257));
#4827 = CARTESIAN_POINT('',(4.869209632993,-8.467802829945,
    -87.18749076133));
#4828 = CARTESIAN_POINT('',(3.294526017262,-9.11468123184,
    -87.22915746623));
#4829 = CARTESIAN_POINT('',(-6.596500860981E-07,-9.761561055592,
    -87.31249083205));
#4830 = CARTESIAN_POINT('',(-3.294526553939,-9.114684839947,
    -87.39582413905));
#4831 = CARTESIAN_POINT('',(-4.869209674461,-8.467806781312,
    -87.43749077782));
#4832 = CARTESIAN_POINT('',(-6.298734378194,-7.516489880361,
    -87.47915743295));
#4833 = CARTESIAN_POINT('',(-7.516488681607,-6.298733583559,
    -87.52082415919));
#4834 = CARTESIAN_POINT('',(-8.467804629152,-4.869207495245,
    -87.56249085557));
#4835 = CARTESIAN_POINT('',(-9.114683234209,-3.294524224883,
    -87.60415751952));
#4836 = CARTESIAN_POINT('',(-9.761561771157,2.343244085213E-07,
    -87.68749081271));
#4837 = CARTESIAN_POINT('',(-9.114683257357,3.294524698077,
    -87.7708241059));
#4838 = CARTESIAN_POINT('',(-8.467805952485,4.86920663179,
    -87.81249076673));
#4839 = CARTESIAN_POINT('',(-7.516484906753,6.298737474131,
    -87.85415747424));
#4840 = CARTESIAN_POINT('',(-6.298737357793,7.516486552567,
    -87.89582418446));
#4841 = CARTESIAN_POINT('',(-4.869207902928,8.467808178757,
    -87.93749085071));
#4842 = CARTESIAN_POINT('',(-3.294526128012,9.114684962499,
    -87.97915748636));
#4843 = CARTESIAN_POINT('',(-2.005731111048E-07,9.761561145197,
    -88.06249079337));
#4844 = CARTESIAN_POINT('',(3.294526443189,9.114681016725,
    -88.14582415918));
#4845 = CARTESIAN_POINT('',(4.8692099099,8.46780245628,-88.18749086409)
  );
#4846 = CARTESIAN_POINT('',(6.298736943188,7.516489514869,
    -88.22915750283));
#4847 = CARTESIAN_POINT('',(7.516485512295,6.298736643272,
    -88.27082418033));
#4848 = CARTESIAN_POINT('',(8.467807821906,4.869221769298,
    -88.31249039013));
#4849 = CARTESIAN_POINT('',(9.114682025608,3.294512630763,-88.3541573475
    ));
#4850 = CARTESIAN_POINT('',(9.438120539028,1.647262417995,
    -88.39582506458));
#4851 = CARTESIAN_POINT('',(9.438123773879,-2.308731093111E-07,
    -88.43749032918));
#4852 = ADVANCED_FACE('',(#4853),#4898,.F.);
#4853 = FACE_BOUND('',#4854,.F.);
#4854 = EDGE_LOOP('',(#4855,#4856,#4857,#4893));
#4855 = ORIENTED_EDGE('',*,*,#4581,.F.);
#4856 = ORIENTED_EDGE('',*,*,#4432,.T.);
#4857 = ORIENTED_EDGE('',*,*,#4858,.T.);
#4858 = EDGE_CURVE('',#4397,#4859,#4861,.T.);
#4859 = VERTEX_POINT('',#4860);
#4860 = CARTESIAN_POINT('',(10.250011294885,1.027238186574E-07,
    -89.09375430292));
#4861 = B_SPLINE_CURVE_WITH_KNOTS('',9,(#4862,#4863,#4864,#4865,#4866,
    #4867,#4868,#4869,#4870,#4871,#4872,#4873,#4874,#4875,#4876,#4877,
    #4878,#4879,#4880,#4881,#4882,#4883,#4884,#4885,#4886,#4887,#4888,
    #4889,#4890,#4891,#4892),.UNSPECIFIED.,.F.,.F.,(10,7,7,7,10),(0.,
    1.614938419963,3.229876839926,4.844815259889,6.459753679852),
  .UNSPECIFIED.);
#4862 = CARTESIAN_POINT('',(10.250010165401,9.245059029439E-08,
    -87.59375387262));
#4863 = CARTESIAN_POINT('',(10.250011819082,-1.788964488152,
    -87.63542116314));
#4864 = CARTESIAN_POINT('',(9.89874629047,-3.57791678423,-87.67708736242
    ));
#4865 = CARTESIAN_POINT('',(9.196225490018,-5.288075882499,
    -87.71875389974));
#4866 = CARTESIAN_POINT('',(8.163074013522,-6.840570403566,
    -87.7604207697));
#4867 = CARTESIAN_POINT('',(6.840564588978,-8.163075313575,
    -87.80208743153));
#4868 = CARTESIAN_POINT('',(5.288069371672,-9.196222051179,
    -87.84375411063));
#4869 = CARTESIAN_POINT('',(3.577928532422,-9.898746117709,
    -87.88542076028));
#4870 = CARTESIAN_POINT('',(5.180049729428E-07,-10.60127207514,
    -87.96875407916));
#4871 = CARTESIAN_POINT('',(-3.577928292033,-9.898750279704,
    -88.05208742421));
#4872 = CARTESIAN_POINT('',(-5.28806849066,-9.196227717329,
    -88.09375410468));
#4873 = CARTESIAN_POINT('',(-6.840569449466,-8.163070635724,
    -88.13542077153));
#4874 = CARTESIAN_POINT('',(-8.163069764831,-6.840568072033,
    -88.17708741882));
#4875 = CARTESIAN_POINT('',(-9.196225038072,-5.288066503701,
    -88.21875406731));
#4876 = CARTESIAN_POINT('',(-9.898748273881,-3.577927017068,
    -88.26042073657));
#4877 = CARTESIAN_POINT('',(-10.60127283645,-9.719241745837E-08,
    -88.34375408777));
#4878 = CARTESIAN_POINT('',(-9.898748430143,3.577926853365,
    -88.42708743896));
#4879 = CARTESIAN_POINT('',(-9.196225240478,5.288066379751,
    -88.46875410823));
#4880 = CARTESIAN_POINT('',(-8.163069884874,6.84056793949,
    -88.51042075672));
#4881 = CARTESIAN_POINT('',(-6.840569538535,8.163070442918,
    -88.55208740401));
#4882 = CARTESIAN_POINT('',(-5.288068649888,9.196227522538,
    -88.59375407086));
#4883 = CARTESIAN_POINT('',(-3.577928479369,9.898750196291,
    -88.63542075133));
#4884 = CARTESIAN_POINT('',(3.188340661521E-07,10.601272119942,
    -88.71875409637));
#4885 = CARTESIAN_POINT('',(3.577928345086,9.898746154841,
    -88.80208741526));
#4886 = CARTESIAN_POINT('',(5.288069138236,9.196222078193,
    -88.84375406491));
#4887 = CARTESIAN_POINT('',(6.84056455832,8.163075216184,-88.88542074399
    ));
#4888 = CARTESIAN_POINT('',(8.163073391625,6.840570811472,
    -88.92708740586));
#4889 = CARTESIAN_POINT('',(9.196226478593,5.288076774807,
    -88.96875427579));
#4890 = CARTESIAN_POINT('',(9.898746569117,3.577916329649,
    -89.01042081312));
#4891 = CARTESIAN_POINT('',(10.250009639406,1.788964683325,
    -89.05208701239));
#4892 = CARTESIAN_POINT('',(10.250011294885,1.027238196168E-07,
    -89.09375430292));
#4893 = ORIENTED_EDGE('',*,*,#4894,.F.);
#4894 = EDGE_CURVE('',#4582,#4859,#4895,.T.);
#4895 = B_SPLINE_CURVE_WITH_KNOTS('',1,(#4896,#4897),.UNSPECIFIED.,.F.,
  .F.,(2,2),(0.,0.9375),.PIECEWISE_BEZIER_KNOTS.);
#4896 = CARTESIAN_POINT('',(9.438104411156,-2.308764080058E-07,
    -89.56249032901));
#4897 = CARTESIAN_POINT('',(10.250011294885,1.027238196168E-07,
    -89.09375430292));
#4898 = B_SPLINE_SURFACE_WITH_KNOTS('',1,9,(
    (#4899,#4900,#4901,#4902,#4903,#4904,#4905,#4906,#4907,#4908,#4909
      ,#4910,#4911,#4912,#4913,#4914,#4915,#4916,#4917,#4918,#4919,#4920
      ,#4921,#4922,#4923,#4924,#4925,#4926,#4927,#4928,#4929)
    ,(#4930,#4931,#4932,#4933,#4934,#4935,#4936,#4937,#4938,#4939,#4940
      ,#4941,#4942,#4943,#4944,#4945,#4946,#4947,#4948,#4949,#4950,#4951
      ,#4952,#4953,#4954,#4955,#4956,#4957,#4958,#4959,#4960
  )),.UNSPECIFIED.,.F.,.F.,.F.,(2,2),(10,7,7,7,10),(0.,0.9375),(0.,
    1.614938419963,3.229876839926,4.844815259889,6.459753679852),
  .UNSPECIFIED.);
#4899 = CARTESIAN_POINT('',(9.438104088428,-2.077886458451E-07,
    -88.0624912961));
#4900 = CARTESIAN_POINT('',(9.438104520056,-1.647259646181,
    -88.10415656066));
#4901 = CARTESIAN_POINT('',(9.114663711958,-3.294507368405,
    -88.14582427778));
#4902 = CARTESIAN_POINT('',(8.467789847231,-4.869211853379,
    -88.18749123514));
#4903 = CARTESIAN_POINT('',(7.516471131978,-6.298724427991,
    -88.22915744495));
#4904 = CARTESIAN_POINT('',(6.29872417528,-7.516475418392,
    -88.27082412243));
#4905 = CARTESIAN_POINT('',(4.869200093085,-8.467786263322,
    -88.31249076118));
#4906 = CARTESIAN_POINT('',(3.294519597328,-9.114663441063,
    -88.35415746608));
#4907 = CARTESIAN_POINT('',(-6.573642658551E-07,-9.761542069039,
    -88.4374908319));
#4908 = CARTESIAN_POINT('',(-3.294520132043,-9.114667062628,
    -88.5208241389));
#4909 = CARTESIAN_POINT('',(-4.869198824708,-8.467791556517,
    -88.56249077455));
#4910 = CARTESIAN_POINT('',(-6.29872550695,-7.51647168194,
    -88.60415744081));
#4911 = CARTESIAN_POINT('',(-7.516470561793,-6.298724822601,
    -88.64582415103));
#4912 = CARTESIAN_POINT('',(-8.467789559082,-4.869196689833,
    -88.68749085854));
#4913 = CARTESIAN_POINT('',(-9.114665545542,-3.294517825201,
    -88.72915751937));
#4914 = CARTESIAN_POINT('',(-9.761542746201,2.279173044709E-07,
    -88.81249081256));
#4915 = CARTESIAN_POINT('',(-9.114665417601,3.294518255914,
    -88.89582410575));
#4916 = CARTESIAN_POINT('',(-8.467789361834,4.869197098017,
    -88.93749076658));
#4917 = CARTESIAN_POINT('',(-7.516470266123,6.298725178494,
    -88.97915747409));
#4918 = CARTESIAN_POINT('',(-6.298725138636,7.51647195682,
    -89.02082418431));
#4919 = CARTESIAN_POINT('',(-4.869198426604,8.467791755942,
    -89.06249085056));
#4920 = CARTESIAN_POINT('',(-3.294519708082,9.114667211384,
    -89.10415748621));
#4921 = CARTESIAN_POINT('',(-2.028973750411E-07,9.761542081839,
    -89.18749079322));
#4922 = CARTESIAN_POINT('',(3.294520021289,9.114663279084,
    -89.27082415903));
#4923 = CARTESIAN_POINT('',(4.869200469985,8.467786015959,
    -89.31249086394));
#4924 = CARTESIAN_POINT('',(6.298724560286,7.516475060598,
    -89.35415750269));
#4925 = CARTESIAN_POINT('',(7.516471284254,6.298724150774,
    -89.39582418017));
#4926 = CARTESIAN_POINT('',(8.467790384776,4.869211664739,
    -89.43749038998));
#4927 = CARTESIAN_POINT('',(9.114663964166,3.294506761029,
    -89.47915734734));
#4928 = CARTESIAN_POINT('',(9.438103983553,1.647259207515,
    -89.52082506446));
#4929 = CARTESIAN_POINT('',(9.438104411156,-2.308764080058E-07,
    -89.56249032901));
#4930 = CARTESIAN_POINT('',(10.250010165401,9.245059029439E-08,
    -87.59375387262));
#4931 = CARTESIAN_POINT('',(10.250011819082,-1.788964488152,
    -87.63542116314));
#4932 = CARTESIAN_POINT('',(9.89874629047,-3.57791678423,-87.67708736242
    ));
#4933 = CARTESIAN_POINT('',(9.196225490018,-5.288075882499,
    -87.71875389974));
#4934 = CARTESIAN_POINT('',(8.163074013522,-6.840570403566,
    -87.7604207697));
#4935 = CARTESIAN_POINT('',(6.840564588978,-8.163075313575,
    -87.80208743153));
#4936 = CARTESIAN_POINT('',(5.288069371672,-9.196222051179,
    -87.84375411063));
#4937 = CARTESIAN_POINT('',(3.577928532422,-9.898746117709,
    -87.88542076028));
#4938 = CARTESIAN_POINT('',(5.180049729428E-07,-10.60127207514,
    -87.96875407916));
#4939 = CARTESIAN_POINT('',(-3.577928292033,-9.898750279704,
    -88.05208742421));
#4940 = CARTESIAN_POINT('',(-5.28806849066,-9.196227717329,
    -88.09375410468));
#4941 = CARTESIAN_POINT('',(-6.840569449466,-8.163070635724,
    -88.13542077153));
#4942 = CARTESIAN_POINT('',(-8.163069764831,-6.840568072033,
    -88.17708741882));
#4943 = CARTESIAN_POINT('',(-9.196225038072,-5.288066503701,
    -88.21875406731));
#4944 = CARTESIAN_POINT('',(-9.898748273881,-3.577927017068,
    -88.26042073657));
#4945 = CARTESIAN_POINT('',(-10.60127283645,-9.719241745837E-08,
    -88.34375408777));
#4946 = CARTESIAN_POINT('',(-9.898748430143,3.577926853365,
    -88.42708743896));
#4947 = CARTESIAN_POINT('',(-9.196225240478,5.288066379751,
    -88.46875410823));
#4948 = CARTESIAN_POINT('',(-8.163069884874,6.84056793949,
    -88.51042075672));
#4949 = CARTESIAN_POINT('',(-6.840569538535,8.163070442918,
    -88.55208740401));
#4950 = CARTESIAN_POINT('',(-5.288068649888,9.196227522538,
    -88.59375407086));
#4951 = CARTESIAN_POINT('',(-3.577928479369,9.898750196291,
    -88.63542075133));
#4952 = CARTESIAN_POINT('',(3.188340661521E-07,10.601272119942,
    -88.71875409637));
#4953 = CARTESIAN_POINT('',(3.577928345086,9.898746154841,
    -88.80208741526));
#4954 = CARTESIAN_POINT('',(5.288069138236,9.196222078193,
    -88.84375406491));
#4955 = CARTESIAN_POINT('',(6.84056455832,8.163075216184,-88.88542074399
    ));
#4956 = CARTESIAN_POINT('',(8.163073391625,6.840570811472,
    -88.92708740586));
#4957 = CARTESIAN_POINT('',(9.196226478593,5.288076774807,
    -88.96875427579));
#4958 = CARTESIAN_POINT('',(9.898746569117,3.577916329649,
    -89.01042081312));
#4959 = CARTESIAN_POINT('',(10.250009639406,1.788964683325,
    -89.05208701239));
#4960 = CARTESIAN_POINT('',(10.250011294885,1.027238196168E-07,
    -89.09375430292));
#4961 = ADVANCED_FACE('',(#4962),#4972,.F.);
#4962 = FACE_BOUND('',#4963,.F.);
#4963 = EDGE_LOOP('',(#4964,#4965,#4966,#4967));
#4964 = ORIENTED_EDGE('',*,*,#4858,.F.);
#4965 = ORIENTED_EDGE('',*,*,#4506,.T.);
#4966 = ORIENTED_EDGE('',*,*,#4757,.T.);
#4967 = ORIENTED_EDGE('',*,*,#4968,.F.);
#4968 = EDGE_CURVE('',#4859,#4758,#4969,.T.);
#4969 = B_SPLINE_CURVE_WITH_KNOTS('',1,(#4970,#4971),.UNSPECIFIED.,.F.,
  .F.,(2,2),(0.,0.1875),.PIECEWISE_BEZIER_KNOTS.);
#4970 = CARTESIAN_POINT('',(10.250011294885,1.027238188292E-07,
    -89.09375430292));
#4971 = CARTESIAN_POINT('',(10.250014522005,1.027243694998E-07,
    -88.90625430295));
#4972 = B_SPLINE_SURFACE_WITH_KNOTS('',1,11,(
    (#4973,#4974,#4975,#4976,#4977,#4978,#4979,#4980,#4981,#4982,#4983
      ,#4984,#4985,#4986,#4987,#4988,#4989,#4990,#4991,#4992,#4993)
    ,(#4994,#4995,#4996,#4997,#4998,#4999,#5000,#5001,#5002,#5003,#5004
      ,#5005,#5006,#5007,#5008,#5009,#5010,#5011,#5012,#5013,#5014
  )),.UNSPECIFIED.,.F.,.F.,.F.,(2,2),(12,9,12),(0.,0.1875),(0.,
    3.229876839926,6.459753679852),.UNSPECIFIED.);
#4973 = CARTESIAN_POINT('',(10.250010165401,9.245059118257E-08,
    -87.59375387262));
#4974 = CARTESIAN_POINT('',(10.250012871423,-2.927396493989,
    -87.66193671166));
#4975 = CARTESIAN_POINT('',(9.330334227448,-5.854760917315,
    -87.73011669363));
#4976 = CARTESIAN_POINT('',(7.491025316459,-8.461241219661,
    -87.79829966701));
#4977 = CARTESIAN_POINT('',(4.858036439172,-10.42541958031,
    -87.86648251903));
#4978 = CARTESIAN_POINT('',(1.683674605119,-11.48331977689,
    -87.93466166552));
#4979 = CARTESIAN_POINT('',(-1.683657520462,-11.48334400632,
    -88.00284586593));
#4980 = CARTESIAN_POINT('',(-4.858067574674,-10.42548136209,
    -88.07102661302));
#4981 = CARTESIAN_POINT('',(-7.491004670816,-8.461163442203,
    -88.13920866911));
#4982 = CARTESIAN_POINT('',(-9.330342050381,-5.854789599794,
    -88.20739042218));
#4983 = CARTESIAN_POINT('',(-11.16967901023,-1.096046937338E-07,
    -88.34375408777));
#4984 = CARTESIAN_POINT('',(-9.330342306083,5.854789460915,
    -88.48011775336));
#4985 = CARTESIAN_POINT('',(-7.491005708652,8.461163330012,
    -88.54829950644));
#4986 = CARTESIAN_POINT('',(-4.858063261905,10.425481959436,
    -88.61648156246));
#4987 = CARTESIAN_POINT('',(-1.683667024562,11.48333973769,
    -88.68466230973));
#4988 = CARTESIAN_POINT('',(1.683685368715,11.48332882436,
    -88.75284650984));
#4989 = CARTESIAN_POINT('',(4.858029614087,10.425409411691,
    -88.82102565667));
#4990 = CARTESIAN_POINT('',(7.491024155786,8.461247741044,
    -88.88920850844));
#4991 = CARTESIAN_POINT('',(9.330339627272,5.854759411314,
    -88.95739148194));
#4992 = CARTESIAN_POINT('',(10.250008585919,2.927396689162,
    -89.02557146388));
#4993 = CARTESIAN_POINT('',(10.250011294885,1.027238188292E-07,
    -89.09375430292));
#4994 = CARTESIAN_POINT('',(10.25001306981,9.245087717602E-08,
    -87.40625387264));
#4995 = CARTESIAN_POINT('',(10.250016541442,-2.927397369574,
    -87.47443671169));
#4996 = CARTESIAN_POINT('',(9.330336230803,-5.854762909,-87.54261669364)
  );
#4997 = CARTESIAN_POINT('',(7.491027699839,-8.461242839053,
    -87.61079966702));
#4998 = CARTESIAN_POINT('',(4.858038838799,-10.42542416466,
    -87.67898251909));
#4999 = CARTESIAN_POINT('',(1.683673539833,-11.48332192332,
    -87.74716166549));
#5000 = CARTESIAN_POINT('',(-1.683656697506,-11.48334804642,
    -87.81534586599));
#5001 = CARTESIAN_POINT('',(-4.858069672229,-10.42548438168,
    -87.88352661303));
#5002 = CARTESIAN_POINT('',(-7.491006786106,-8.461165968592,
    -87.95170866914));
#5003 = CARTESIAN_POINT('',(-9.33034482047,-5.854791345414,
    -88.0198904222));
#5004 = CARTESIAN_POINT('',(-11.16968235107,-1.105369087009E-07,
    -88.15625408779));
#5005 = CARTESIAN_POINT('',(-9.330345117378,5.854791217616,
    -88.29261775338));
#5006 = CARTESIAN_POINT('',(-7.491008074438,8.461165865099,
    -88.36079950647));
#5007 = CARTESIAN_POINT('',(-4.858064070517,10.425485176134,
    -88.42898156248));
#5008 = CARTESIAN_POINT('',(-1.683668854599,11.483342567339,
    -88.49716230977));
#5009 = CARTESIAN_POINT('',(1.683687441226,11.483333546632,
    -88.56534650986));
#5010 = CARTESIAN_POINT('',(4.858030120403,10.425411064274,
    -88.6335256567));
#5011 = CARTESIAN_POINT('',(7.491026253571,8.461251182944,
    -88.70170850845));
#5012 = CARTESIAN_POINT('',(9.330343205296,5.854760921949,
    -88.76989148198));
#5013 = CARTESIAN_POINT('',(10.250011047427,2.927397564747,
    -88.83807146389));
#5014 = CARTESIAN_POINT('',(10.250014522005,1.027243694998E-07,
    -88.90625430295));
#5015 = ADVANCED_FACE('',(#5016),#5034,.T.);
#5016 = FACE_BOUND('',#5017,.T.);
#5017 = EDGE_LOOP('',(#5018,#5019,#5026,#5033));
#5018 = ORIENTED_EDGE('',*,*,#4557,.F.);
#5019 = ORIENTED_EDGE('',*,*,#5020,.F.);
#5020 = EDGE_CURVE('',#5021,#4558,#5023,.T.);
#5021 = VERTEX_POINT('',#5022);
#5022 = CARTESIAN_POINT('',(17.,0.,-123.75));
#5023 = B_SPLINE_CURVE_WITH_KNOTS('',1,(#5024,#5025),.UNSPECIFIED.,.F.,
  .F.,(2,2),(-26.5,-25.),.PIECEWISE_BEZIER_KNOTS.);
#5024 = CARTESIAN_POINT('',(17.,-4.16E-15,-123.75));
#5025 = CARTESIAN_POINT('',(17.,-4.16E-15,-122.25));
#5026 = ORIENTED_EDGE('',*,*,#5027,.T.);
#5027 = EDGE_CURVE('',#5021,#5021,#5028,.T.);
#5028 = CIRCLE('',#5029,17.);
#5029 = AXIS2_PLACEMENT_3D('',#5030,#5031,#5032);
#5030 = CARTESIAN_POINT('',(1.717238631369E-14,0.,-123.75));
#5031 = DIRECTION('',(-2.324646799147E-16,0.,1.));
#5032 = DIRECTION('',(1.,0.,2.324646799147E-16));
#5033 = ORIENTED_EDGE('',*,*,#5020,.T.);
#5034 = CYLINDRICAL_SURFACE('',#5035,17.);
#5035 = AXIS2_PLACEMENT_3D('',#5036,#5037,#5038);
#5036 = CARTESIAN_POINT('',(1.101707229595E-14,0.,-97.25));
#5037 = DIRECTION('',(-2.324646799147E-16,0.,1.));
#5038 = DIRECTION('',(1.,0.,2.324646799147E-16));
#5039 = ADVANCED_FACE('',(#5040),#5217,.F.);
#5040 = FACE_BOUND('',#5041,.T.);
#5041 = EDGE_LOOP('',(#5042,#5126,#5127,#5211));
#5042 = ORIENTED_EDGE('',*,*,#5043,.F.);
#5043 = EDGE_CURVE('',#4582,#5044,#5046,.T.);
#5044 = VERTEX_POINT('',#5045);
#5045 = CARTESIAN_POINT('',(9.5,-1.129945147155E-07,-91.02675567578));
#5046 = B_SPLINE_CURVE_WITH_KNOTS('',8,(#5047,#5048,#5049,#5050,#5051,
    #5052,#5053,#5054,#5055,#5056,#5057,#5058,#5059,#5060,#5061,#5062,
    #5063,#5064,#5065,#5066,#5067,#5068,#5069,#5070,#5071,#5072,#5073,
    #5074,#5075,#5076,#5077,#5078,#5079,#5080,#5081,#5082,#5083,#5084,
    #5085,#5086,#5087,#5088,#5089,#5090,#5091,#5092,#5093,#5094,#5095,
    #5096,#5097,#5098,#5099,#5100,#5101,#5102,#5103,#5104,#5105,#5106,
    #5107,#5108,#5109,#5110,#5111,#5112,#5113,#5114,#5115,#5116,#5117,
    #5118,#5119,#5120,#5121,#5122,#5123,#5124,#5125),.UNSPECIFIED.,.F.,
  .F.,(9,7,7,7,7,7,7,7,7,7,7,9),(0.,4.840362867354E-02,0.120929990155,
    0.214334857099,0.318197127005,0.408898565556,0.546759145951,
    0.684698480453,0.789376436779,0.881299547669,0.957229053958,1.),
  .UNSPECIFIED.);
#5047 = CARTESIAN_POINT('',(9.5,-2.054444507849E-07,-89.52675631452));
#5048 = CARTESIAN_POINT('',(9.5,-0.361100842644,-89.53583047135));
#5049 = CARTESIAN_POINT('',(9.48431354109,-0.722206765534,
    -89.54490479996));
#5050 = CARTESIAN_POINT('',(9.452939834181,-1.082515225625,
    -89.55397907001));
#5051 = CARTESIAN_POINT('',(9.405928269493,-1.44123078846,
    -89.56305327892));
#5052 = CARTESIAN_POINT('',(9.34337577114,-1.797565106646,
    -89.57212752431));
#5053 = CARTESIAN_POINT('',(9.265425902031,-2.150736961022,
    -89.58120189353));
#5054 = CARTESIAN_POINT('',(9.172269719115,-2.499972569963,
    -89.59027637031));
#5055 = CARTESIAN_POINT('',(8.902143016653,-3.360743665363,
    -89.6129475153));
#5056 = CARTESIAN_POINT('',(8.706523748932,-3.866474236575,
    -89.62654536359));
#5057 = CARTESIAN_POINT('',(8.478100733869,-4.359087179169,
    -89.64014286145));
#5058 = CARTESIAN_POINT('',(8.217918846916,-4.836105167847,
    -89.65373984007));
#5059 = CARTESIAN_POINT('',(7.927231319101,-5.295171112516,
    -89.66733678589));
#5060 = CARTESIAN_POINT('',(7.607490259712,-5.734044954092,
    -89.68093420575));
#5061 = CARTESIAN_POINT('',(7.260354063484,-6.150610396871,
    -89.69453197507));
#5062 = CARTESIAN_POINT('',(6.407795028469,-7.04810059019,-89.7256395077
    ));
#5063 = CARTESIAN_POINT('',(5.885431045405,-7.513180448671,
    -89.74315365271));
#5064 = CARTESIAN_POINT('',(5.324671904711,-7.933809747853,
    -89.76066613007));
#5065 = CARTESIAN_POINT('',(4.729976660443,-8.306341406913,
    -89.77817662684));
#5066 = CARTESIAN_POINT('',(4.106137818634,-8.627693812317,
    -89.79568714828));
#5067 = CARTESIAN_POINT('',(3.458251088087,-8.895317815308,
    -89.81319968495));
#5068 = CARTESIAN_POINT('',(2.791728332437,-9.107239583853,
    -89.83071389016));
#5069 = CARTESIAN_POINT('',(1.356917831154,-9.434465744235,
    -89.86769612406));
#5070 = CARTESIAN_POINT('',(0.585192697386,-9.536387369376,
    -89.88717357117));
#5071 = CARTESIAN_POINT('',(-0.194832345287,-9.566048305691,
    -89.90664803101));
#5072 = CARTESIAN_POINT('',(-0.97524505142,-9.522793556996,
    -89.92611993588));
#5073 = CARTESIAN_POINT('',(-1.748225117275,-9.406962774896,
    -89.94559184126));
#5074 = CARTESIAN_POINT('',(-2.506045741725,-9.219808519806,
    -89.96506626948));
#5075 = CARTESIAN_POINT('',(-3.241091713858,-8.963575973576,
    -89.98454361587));
#5076 = CARTESIAN_POINT('',(-4.561443694477,-8.360687220541,
    -90.02101898602));
#5077 = CARTESIAN_POINT('',(-5.15419526952,-8.029478510771,
    -90.03802593364));
#5078 = CARTESIAN_POINT('',(-5.719241123184,-7.650333890875,
    -90.05503150343));
#5079 = CARTESIAN_POINT('',(-6.252085668944,-7.226008318196,
    -90.07203538332));
#5080 = CARTESIAN_POINT('',(-6.748609386247,-6.759704032713,
    -90.08903925495));
#5081 = CARTESIAN_POINT('',(-7.205051058186,-6.25503737283,
    -90.10604480409));
#5082 = CARTESIAN_POINT('',(-7.618038043917,-5.716061120978,
    -90.12305172391));
#5083 = CARTESIAN_POINT('',(-8.541914268524,-4.282925043463,
    -90.1659007204));
#5084 = CARTESIAN_POINT('',(-8.992737301665,-3.348748768864,
    -90.19177009168));
#5085 = CARTESIAN_POINT('',(-9.326002845436,-2.361313400699,
    -90.21762577818));
#5086 = CARTESIAN_POINT('',(-9.535013980966,-1.33803026491,
    -90.24347244022));
#5087 = CARTESIAN_POINT('',(-9.615720216972,-0.296742125925,
    -90.26931886607));
#5088 = CARTESIAN_POINT('',(-9.567104376565,0.744282361992,
    -90.29517446699));
#5089 = CARTESIAN_POINT('',(-9.390812495431,1.766460673617,
    -90.32104376525));
#5090 = CARTESIAN_POINT('',(-8.795026835217,3.735833726301,
    -90.37274857188));
#5091 = CARTESIAN_POINT('',(-8.374832624727,4.684841526014,
    -90.39863269187));
#5092 = CARTESIAN_POINT('',(-7.837795559873,5.578687625831,
    -90.42450296381));
#5093 = CARTESIAN_POINT('',(-7.192864074949,6.4009665858,-90.45036455419
    ));
#5094 = CARTESIAN_POINT('',(-6.451032880563,7.137014025003,
    -90.47622613762));
#5095 = CARTESIAN_POINT('',(-5.625590522937,7.774206824358,
    -90.50209669905));
#5096 = CARTESIAN_POINT('',(-4.731792470242,8.301752144702,
    -90.52798105635));
#5097 = CARTESIAN_POINT('',(-3.071937297919,9.023471059654,
    -90.57346514474));
#5098 = CARTESIAN_POINT('',(-2.326309590998,9.267677063193,
    -90.59309545733));
#5099 = CARTESIAN_POINT('',(-1.558887539304,9.441278161376,
    -90.61272243872));
#5100 = CARTESIAN_POINT('',(-0.777511746014,9.542127602347,
    -90.6323465339));
#5101 = CARTESIAN_POINT('',(9.883273881786E-03,9.56910474552,
    -90.65197063835));
#5102 = CARTESIAN_POINT('',(0.795286385899,9.522031024855,
    -90.67159761797));
#5103 = CARTESIAN_POINT('',(1.570613068939,9.401755319439,
    -90.69122788109));
#5104 = CARTESIAN_POINT('',(2.992585994446,9.042383406928,
    -90.72808521861));
#5105 = CARTESIAN_POINT('',(3.64370919662,8.819473269695,-90.74532159667
    ));
#5106 = CARTESIAN_POINT('',(4.275619051438,8.543029556986,
    -90.76255668031));
#5107 = CARTESIAN_POINT('',(4.883199182001,8.215041563057,
    -90.77979007544));
#5108 = CARTESIAN_POINT('',(5.461640286354,7.838032783812,-90.7970234781
    ));
#5109 = CARTESIAN_POINT('',(6.006427577411,7.415022169201,
    -90.81425857281));
#5110 = CARTESIAN_POINT('',(6.513368814571,6.94955366771,-90.83149494189
    ));
#5111 = CARTESIAN_POINT('',(7.363001010249,6.029683057709,
    -90.86296267007));
#5112 = CARTESIAN_POINT('',(7.719017450121,5.587344799306,
    -90.87719849974));
#5113 = CARTESIAN_POINT('',(8.044571162807,5.121080552037,
    -90.89143368125));
#5114 = CARTESIAN_POINT('',(8.337804409954,4.633355262871,
    -90.90566810227));
#5115 = CARTESIAN_POINT('',(8.59711042573,4.126776458922,-90.91990251634
    ));
#5116 = CARTESIAN_POINT('',(8.821123506933,3.604085625739,
    -90.93413769862));
#5117 = CARTESIAN_POINT('',(9.008731566201,3.068162066439,
    -90.94837357248));
#5118 = CARTESIAN_POINT('',(9.243819680047,2.214409296299,
    -90.97062670573));
#5119 = CARTESIAN_POINT('',(9.316720264909,1.903524955614,
    -90.97864520767));
#5120 = CARTESIAN_POINT('',(9.377666409632,1.589919008654,
    -90.98666370917));
#5121 = CARTESIAN_POINT('',(9.426540849893,1.274128452842,
    -90.99468218363));
#5122 = CARTESIAN_POINT('',(9.46325556294,0.956694358473,-91.00270064043
    ));
#5123 = CARTESIAN_POINT('',(9.487751780219,0.638161733217,-91.0107190838
    ));
#5124 = CARTESIAN_POINT('',(9.5,0.31907938661,-91.01873747181));
#5125 = CARTESIAN_POINT('',(9.5,-2.054444472321E-07,-91.02675567527));
#5126 = ORIENTED_EDGE('',*,*,#4743,.T.);
#5127 = ORIENTED_EDGE('',*,*,#5128,.T.);
#5128 = EDGE_CURVE('',#4660,#5129,#5131,.T.);
#5129 = VERTEX_POINT('',#5130);
#5130 = CARTESIAN_POINT('',(9.5,-1.232694881676E-07,-91.47321174625));
#5131 = B_SPLINE_CURVE_WITH_KNOTS('',8,(#5132,#5133,#5134,#5135,#5136,
    #5137,#5138,#5139,#5140,#5141,#5142,#5143,#5144,#5145,#5146,#5147,
    #5148,#5149,#5150,#5151,#5152,#5153,#5154,#5155,#5156,#5157,#5158,
    #5159,#5160,#5161,#5162,#5163,#5164,#5165,#5166,#5167,#5168,#5169,
    #5170,#5171,#5172,#5173,#5174,#5175,#5176,#5177,#5178,#5179,#5180,
    #5181,#5182,#5183,#5184,#5185,#5186,#5187,#5188,#5189,#5190,#5191,
    #5192,#5193,#5194,#5195,#5196,#5197,#5198,#5199,#5200,#5201,#5202,
    #5203,#5204,#5205,#5206,#5207,#5208,#5209,#5210),.UNSPECIFIED.,.F.,
  .F.,(9,7,7,7,7,7,7,7,7,7,7,9),(0.,5.365802599581E-02,0.121562711644,
    0.215022212803,0.320899594922,0.411716545432,0.548608826286,
    0.685510991579,0.789660031656,0.881821156808,0.960143535193,1.),
  .UNSPECIFIED.);
#5132 = CARTESIAN_POINT('',(9.5,-2.259944729133E-07,-89.97321387561));
#5133 = CARTESIAN_POINT('',(9.5,-0.400300594551,-89.98327257666));
#5134 = CARTESIAN_POINT('',(9.480722955782,-0.800609804729,
    -89.99333190199));
#5135 = CARTESIAN_POINT('',(9.442167410534,-1.199831814562,
    -90.00339141001));
#5136 = CARTESIAN_POINT('',(9.384408307536,-1.596882911583,
    -90.0134509399));
#5137 = CARTESIAN_POINT('',(9.307592102411,-1.990691207715,-90.023510507
    ));
#5138 = CARTESIAN_POINT('',(9.2119351024,-2.380196683889,-90.03357017361
    ));
#5139 = CARTESIAN_POINT('',(9.097725032675,-2.764351784388,
    -90.04362989492));
#5140 = CARTESIAN_POINT('',(8.797773518678,-3.620194673189,
    -90.06641965364));
#5141 = CARTESIAN_POINT('',(8.601076819101,-4.088082879646,
    -90.0791505993));
#5142 = CARTESIAN_POINT('',(8.37597020673,-4.543673634778,
    -90.09188113549));
#5143 = CARTESIAN_POINT('',(8.123364338996,-4.984958317409,
    -90.1046112294));
#5144 = CARTESIAN_POINT('',(7.844328385069,-5.410023987423,
    -90.11734133539));
#5145 = CARTESIAN_POINT('',(7.540083659703,-5.817051077181,
    -90.13007189174));
#5146 = CARTESIAN_POINT('',(7.212008560842,-6.204318017617,
    -90.14280283584));
#5147 = CARTESIAN_POINT('',(6.379451169562,-7.073806084525,
    -90.17305428063));
#5148 = CARTESIAN_POINT('',(5.854910200269,-7.537054673197,
    -90.19057901575));
#5149 = CARTESIAN_POINT('',(5.292108450199,-7.95564550016,-90.2081023561
    ));
#5150 = CARTESIAN_POINT('',(4.695527697703,-8.325943167099,
    -90.22562384885));
#5151 = CARTESIAN_POINT('',(4.069981572628,-8.644880436236,
    -90.24314532372));
#5152 = CARTESIAN_POINT('',(3.420585314053,-8.909924997896,
    -90.26066862592));
#5153 = CARTESIAN_POINT('',(2.752768665509,-9.11912251165,
    -90.27819333403));
#5154 = CARTESIAN_POINT('',(1.301486121882,-9.443517846758,
    -90.31556360832));
#5155 = CARTESIAN_POINT('',(0.514014818993,-9.54262833409,
    -90.33541911359));
#5156 = CARTESIAN_POINT('',(-0.281596208649,-9.566568113511,
    -90.3552711172));
#5157 = CARTESIAN_POINT('',(-1.076956795981,-9.514705803009,
    -90.37512014612));
#5158 = CARTESIAN_POINT('',(-1.863787310142,-9.38748201667,
    -90.39496921339));
#5159 = CARTESIAN_POINT('',(-2.633919111682,-9.186317905842,
    -90.4148213058));
#5160 = CARTESIAN_POINT('',(-3.379315441397,-8.913704190228,
    -90.43467688951));
#5161 = CARTESIAN_POINT('',(-4.70358360259,-8.28162604845,
    -90.47155180668));
#5162 = CARTESIAN_POINT('',(-5.291342753768,-7.939897235746,
    -90.488580629));
#5163 = CARTESIAN_POINT('',(-5.85050676678,-7.55059173442,
    -90.50560818229));
#5164 = CARTESIAN_POINT('',(-6.376610877052,-7.116552134341,
    -90.52263409897));
#5165 = CARTESIAN_POINT('',(-6.865576009835,-6.641063964109,
    -90.53966000964));
#5166 = CARTESIAN_POINT('',(-7.313690309423,-6.127822572356,
    -90.55668755483));
#5167 = CARTESIAN_POINT('',(-7.71764003205,-5.580955105204,
    -90.57371638924));
#5168 = CARTESIAN_POINT('',(-8.612635486109,-4.137082857446,
    -90.6164058799));
#5169 = CARTESIAN_POINT('',(-9.044531510172,-3.202171796382,
    -90.64209288802));
#5170 = CARTESIAN_POINT('',(-9.359686723141,-2.216694813836,
    -90.66776654623));
#5171 = CARTESIAN_POINT('',(-9.551814779092,-1.197797758439,
    -90.69343117934));
#5172 = CARTESIAN_POINT('',(-9.617218921115,-0.163009395513,
    -90.71909631435));
#5173 = CARTESIAN_POINT('',(-9.55515312915,0.86977140584,-90.7447699148)
  );
#5174 = CARTESIAN_POINT('',(-9.367475509041,1.882377130418,
    -90.77045703699));
#5175 = CARTESIAN_POINT('',(-8.753337114077,3.830428197879,
    -90.82178623834));
#5176 = CARTESIAN_POINT('',(-8.326297226352,4.76765022422,
    -90.84747519817));
#5177 = CARTESIAN_POINT('',(-7.784770053767,5.649349954238,
    -90.87315072547));
#5178 = CARTESIAN_POINT('',(-7.137654792557,6.459575895459,
    -90.89881727033));
#5179 = CARTESIAN_POINT('',(-6.395830460543,7.184090221195,
    -90.9244838456));
#5180 = CARTESIAN_POINT('',(-5.572381855298,7.810651298533,
    -90.95015911773));
#5181 = CARTESIAN_POINT('',(-4.682296064511,8.328816966438,
    -90.97584785872));
#5182 = CARTESIAN_POINT('',(-3.029516880109,9.037461563493,
    -91.02103847147));
#5183 = CARTESIAN_POINT('',(-2.286575491206,9.276985694393,
    -91.04056970607));
#5184 = CARTESIAN_POINT('',(-1.522377785067,9.446525151731,
    -91.06009801444));
#5185 = CARTESIAN_POINT('',(-0.744654304828,9.543998786038,
    -91.07962371231));
#5186 = CARTESIAN_POINT('',(3.877584866039E-02,9.568331502068,
    -91.09914939429));
#5187 = CARTESIAN_POINT('',(0.82002153897,9.519372681928,-91.11867769946
    ));
#5188 = CARTESIAN_POINT('',(1.59112310898,9.397979094981,-91.138209002)
  );
#5189 = CARTESIAN_POINT('',(3.010356084359,9.036618017927,
    -91.17501184822));
#5190 = CARTESIAN_POINT('',(3.662734079825,8.811828819486,
    -91.19229267705));
#5191 = CARTESIAN_POINT('',(4.295689183965,8.533265830738,
    -91.20957194447));
#5192 = CARTESIAN_POINT('',(4.904069196681,8.202944930661,-91.2268493285
    ));
#5193 = CARTESIAN_POINT('',(5.483033490352,7.823420947698,
    -91.24412669488));
#5194 = CARTESIAN_POINT('',(6.028040171275,7.397748331829,
    -91.26140592418));
#5195 = CARTESIAN_POINT('',(6.534874608228,6.929511085551,
    -91.27868672804));
#5196 = CARTESIAN_POINT('',(7.394763811227,5.992401323692,
    -91.31064778973));
#5197 = CARTESIAN_POINT('',(7.759585606344,5.534069144949,
    -91.32533267943));
#5198 = CARTESIAN_POINT('',(8.091838584165,5.05046194088,-91.34001704638
    ));
#5199 = CARTESIAN_POINT('',(8.38950124454,4.544299698648,-91.35470070798
    ));
#5200 = CARTESIAN_POINT('',(8.650837601158,4.018460775821,
    -91.36938440984));
#5201 = CARTESIAN_POINT('',(8.874385189023,3.47597161791,-91.38406887185
    ));
#5202 = CARTESIAN_POINT('',(9.058970194788,2.920011286844,
    -91.39875384715));
#5203 = CARTESIAN_POINT('',(9.277424689793,2.065865403846,
    -91.42090921279));
#5204 = CARTESIAN_POINT('',(9.340796002854,1.775162537799,
    -91.42838124067));
#5205 = CARTESIAN_POINT('',(9.393753058011,1.482255097448,
    -91.43585319168));
#5206 = CARTESIAN_POINT('',(9.436207354297,1.187578893151,
    -91.44332505457));
#5207 = CARTESIAN_POINT('',(9.468092479344,0.891572562918,
    -91.45079685221));
#5208 = CARTESIAN_POINT('',(9.489364107843,0.59467748491,-91.45826860121
    ));
#5209 = CARTESIAN_POINT('',(9.5,0.297337689945,-91.46574027147));
#5210 = CARTESIAN_POINT('',(9.5,-2.259945386385E-07,-91.47321174573));
#5211 = ORIENTED_EDGE('',*,*,#5212,.F.);
#5212 = EDGE_CURVE('',#5044,#5129,#5213,.T.);
#5213 = LINE('',#5214,#5215);
#5214 = CARTESIAN_POINT('',(9.5,0.,-74.75));
#5215 = VECTOR('',#5216,1.);
#5216 = DIRECTION('',(5.141040633873E-17,0.,-1.));
#5217 = CYLINDRICAL_SURFACE('',#5218,9.5);
#5218 = AXIS2_PLACEMENT_3D('',#5219,#5220,#5221);
#5219 = CARTESIAN_POINT('',(3.061616997868E-15,0.,-74.75));
#5220 = DIRECTION('',(1.224646799147E-16,0.,-1.));
#5221 = DIRECTION('',(1.,0.,1.224646799147E-16));
#5222 = ADVANCED_FACE('',(#5223),#5258,.F.);
#5223 = FACE_BOUND('',#5224,.F.);
#5224 = EDGE_LOOP('',(#5225,#5251,#5252,#5253));
#5225 = ORIENTED_EDGE('',*,*,#5226,.F.);
#5226 = EDGE_CURVE('',#4758,#5227,#5229,.T.);
#5227 = VERTEX_POINT('',#5228);
#5228 = CARTESIAN_POINT('',(10.250015974201,1.129968451752E-07,
    -90.40625473326));
#5229 = B_SPLINE_CURVE_WITH_KNOTS('',11,(#5230,#5231,#5232,#5233,#5234,
    #5235,#5236,#5237,#5238,#5239,#5240,#5241,#5242,#5243,#5244,#5245,
    #5246,#5247,#5248,#5249,#5250),.UNSPECIFIED.,.F.,.F.,(12,9,12),(0.,
    3.229876839926,6.459753679852),.UNSPECIFIED.);
#5230 = CARTESIAN_POINT('',(10.250014522005,1.027243694551E-07,
    -88.90625430295));
#5231 = CARTESIAN_POINT('',(10.250017996583,-2.927397774051,
    -88.97443714201));
#5232 = CARTESIAN_POINT('',(9.330337558571,-5.854763729144,
    -89.04261712395));
#5233 = CARTESIAN_POINT('',(7.491028769645,-8.461244030274,
    -89.11080009733));
#5234 = CARTESIAN_POINT('',(4.858039537494,-10.42542563694,
    -89.17898294939));
#5235 = CARTESIAN_POINT('',(1.683673789899,-11.48332354844,
    -89.24716209581));
#5236 = CARTESIAN_POINT('',(-1.683656924521,-11.48334967514,
    -89.31534629629));
#5237 = CARTESIAN_POINT('',(-4.858070350078,-10.42548586358,
    -89.38352704335));
#5238 = CARTESIAN_POINT('',(-7.491007838933,-8.461167174864,
    -89.45170909945));
#5239 = CARTESIAN_POINT('',(-9.330346136506,-5.854792184262,
    -89.51989085251));
#5240 = CARTESIAN_POINT('',(-11.16968393357,-1.217304885769E-07,
    -89.6562545181));
#5241 = CARTESIAN_POINT('',(-9.33034644515,5.854792037759,
    -89.79261818369));
#5242 = CARTESIAN_POINT('',(-7.491009144224,8.461167056364,
    -89.86079993678));
#5243 = CARTESIAN_POINT('',(-4.85806476926,10.425486648268,
    -89.92898199277));
#5244 = CARTESIAN_POINT('',(-1.683669104639,11.483344192711,
    -89.99716274009));
#5245 = CARTESIAN_POINT('',(1.683687668283,11.483335175095,
    -90.06534694016));
#5246 = CARTESIAN_POINT('',(4.858030798194,10.425412546323,
    -90.13352608702));
#5247 = CARTESIAN_POINT('',(7.49102730642,8.461252389164,-90.20170893875
    ));
#5248 = CARTESIAN_POINT('',(9.330344521326,5.854761760801,-90.2698919123
    ));
#5249 = CARTESIAN_POINT('',(10.2500124967,2.92739798977,-90.33807189419)
  );
#5250 = CARTESIAN_POINT('',(10.250015974201,1.129967888147E-07,
    -90.40625473326));
#5251 = ORIENTED_EDGE('',*,*,#4785,.T.);
#5252 = ORIENTED_EDGE('',*,*,#4659,.T.);
#5253 = ORIENTED_EDGE('',*,*,#5254,.F.);
#5254 = EDGE_CURVE('',#5227,#4660,#5255,.T.);
#5255 = B_SPLINE_CURVE_WITH_KNOTS('',1,(#5256,#5257),.UNSPECIFIED.,.F.,
  .F.,(2,2),(0.,0.9375),.PIECEWISE_BEZIER_KNOTS.);
#5256 = CARTESIAN_POINT('',(10.250015974201,1.129967860384E-07,
    -90.40625473326));
#5257 = CARTESIAN_POINT('',(9.43812603288,-2.539602586286E-07,
    -89.93748936212));
#5258 = B_SPLINE_SURFACE_WITH_KNOTS('',1,9,(
    (#5259,#5260,#5261,#5262,#5263,#5264,#5265,#5266,#5267,#5268,#5269
      ,#5270,#5271,#5272,#5273,#5274,#5275,#5276,#5277,#5278,#5279,#5280
      ,#5281,#5282,#5283,#5284,#5285,#5286,#5287,#5288,#5289)
    ,(#5290,#5291,#5292,#5293,#5294,#5295,#5296,#5297,#5298,#5299,#5300
      ,#5301,#5302,#5303,#5304,#5305,#5306,#5307,#5308,#5309,#5310,#5311
      ,#5312,#5313,#5314,#5315,#5316,#5317,#5318,#5319,#5320
  )),.UNSPECIFIED.,.F.,.F.,.F.,(2,2),(10,7,7,7,10),(0.,0.9375),(0.,
    1.614938419963,3.229876839926,4.844815259889,6.459753679852),
  .UNSPECIFIED.);
#5259 = CARTESIAN_POINT('',(10.250014522005,1.027243676788E-07,
    -88.90625430295));
#5260 = CARTESIAN_POINT('',(10.250016645358,-1.788965266416,
    -88.94792159348));
#5261 = CARTESIAN_POINT('',(9.898750607653,-3.577918443248,
    -88.98958779276));
#5262 = CARTESIAN_POINT('',(9.196229393189,-5.288078101653,
    -89.03125433006));
#5263 = CARTESIAN_POINT('',(8.163077688722,-6.840573374495,
    -89.07292120003));
#5264 = CARTESIAN_POINT('',(6.840567594478,-8.163078937333,
    -89.11458786187));
#5265 = CARTESIAN_POINT('',(5.288071720076,-9.196226109885,
    -89.15625454097));
#5266 = CARTESIAN_POINT('',(3.577930119245,-9.898750481687,
    -89.19792119062));
#5267 = CARTESIAN_POINT('',(5.282506917949E-07,-10.60127674153,
    -89.2812545095));
#5268 = CARTESIAN_POINT('',(-3.577929859341,-9.898754648611,
    -89.36458785455));
#5269 = CARTESIAN_POINT('',(-5.288072174605,-9.19623035129,
    -89.40625453363));
#5270 = CARTESIAN_POINT('',(-6.8405689687,-8.163077947994,
    -89.44792120543));
#5271 = CARTESIAN_POINT('',(-8.163076854756,-6.840567393713,
    -89.48958784558));
#5272 = CARTESIAN_POINT('',(-9.196227711686,-5.288070274729,
    -89.53125449903));
#5273 = CARTESIAN_POINT('',(-9.89875262084,-3.577928600516,
    -89.57292116691));
#5274 = CARTESIAN_POINT('',(-10.60127750925,-1.067498054417E-07,
    -89.6562545181));
#5275 = CARTESIAN_POINT('',(-9.898752809456,3.577928424052,
    -89.7395878693));
#5276 = CARTESIAN_POINT('',(-9.196229313788,5.288068708699,
    -89.78125453856));
#5277 = CARTESIAN_POINT('',(-8.163073488363,6.84057094974,
    -89.82292118706));
#5278 = CARTESIAN_POINT('',(-6.8405725524,8.163074025211,-89.86458783434
    ));
#5279 = CARTESIAN_POINT('',(-5.288070987696,9.196231557277,
    -89.90625450119));
#5280 = CARTESIAN_POINT('',(-3.577930066191,9.898754553659,
    -89.94792118166));
#5281 = CARTESIAN_POINT('',(3.085980750058E-07,10.601276799135,
    -90.03125452671));
#5282 = CARTESIAN_POINT('',(3.577929912395,9.898750517134,
    -90.11458784559));
#5283 = CARTESIAN_POINT('',(5.28807145154,9.19622612645,-90.15625449524)
  );
#5284 = CARTESIAN_POINT('',(6.840567583109,8.16307878861,-90.19792117432
    ));
#5285 = CARTESIAN_POINT('',(8.16307691264,6.840573870903,-90.2395878362)
  );
#5286 = CARTESIAN_POINT('',(9.196230682385,5.288079217309,
    -90.28125470612));
#5287 = CARTESIAN_POINT('',(9.898750978207,3.577917824775,
    -90.32292124346));
#5288 = CARTESIAN_POINT('',(10.250013849062,1.788965482136,
    -90.36458744272));
#5289 = CARTESIAN_POINT('',(10.250015974201,1.129967860384E-07,
    -90.40625473326));
#5290 = CARTESIAN_POINT('',(9.438123773879,-2.308731126277E-07,
    -88.43749032918));
#5291 = CARTESIAN_POINT('',(9.438127008729,-1.647263274015,
    -88.47915559378));
#5292 = CARTESIAN_POINT('',(9.114683352458,-3.294515151383,
    -88.52082331087));
#5293 = CARTESIAN_POINT('',(8.467807431894,-4.869221914584,
    -88.56249026819));
#5294 = CARTESIAN_POINT('',(7.516487986506,-6.298738013665,
    -88.60415647805));
#5295 = CARTESIAN_POINT('',(6.298737833484,-7.516492077386,
    -88.64582315551));
#5296 = CARTESIAN_POINT('',(4.869210777719,-8.467804868618,
    -88.68748979427));
#5297 = CARTESIAN_POINT('',(3.294526783508,-9.114683421491,
    -88.72915649917));
#5298 = CARTESIAN_POINT('',(-6.835256123601E-07,-9.761563392013,
    -88.81248986498));
#5299 = CARTESIAN_POINT('',(-3.294527364776,-9.114687013481,
    -88.89582317199));
#5300 = CARTESIAN_POINT('',(-4.869210860617,-8.467808796163,
    -88.93748981076));
#5301 = CARTESIAN_POINT('',(-6.29873590418,-7.516491664017,
    -88.97915646588));
#5302 = CARTESIAN_POINT('',(-7.516490496079,-6.298735072768,
    -89.02082319212));
#5303 = CARTESIAN_POINT('',(-8.467806667825,-4.869208639973,
    -89.06248988851));
#5304 = CARTESIAN_POINT('',(-9.11468542386,-3.29452499113,
    -89.10415655245));
#5305 = CARTESIAN_POINT('',(-9.761564107579,2.58202183201E-07,
    -89.18748984564));
#5306 = CARTESIAN_POINT('',(-9.114685430891,3.294525508915,
    -89.27082313884));
#5307 = CARTESIAN_POINT('',(-8.467807967336,4.869207817944,
    -89.31248979967));
#5308 = CARTESIAN_POINT('',(-7.516486690412,6.298739000114,
    -89.35415650718));
#5309 = CARTESIAN_POINT('',(-6.298738847005,7.516488367036,
    -89.39582321739));
#5310 = CARTESIAN_POINT('',(-4.869209047657,8.467810217431,
    -89.43748988365));
#5311 = CARTESIAN_POINT('',(-3.294526894258,9.11468715215,-89.4791565193
    ));
#5312 = CARTESIAN_POINT('',(-1.766927390001E-07,9.761563481619,
    -89.56248982631));
#5313 = CARTESIAN_POINT('',(3.294527254026,9.114683190257,
    -89.64582319212));
#5314 = CARTESIAN_POINT('',(4.869211096053,8.467804471133,
    -89.68748989703));
#5315 = CARTESIAN_POINT('',(6.298738469164,7.516491298524,
    -89.72915653576));
#5316 = CARTESIAN_POINT('',(7.516487326773,6.298738132495,
    -89.77082321327));
#5317 = CARTESIAN_POINT('',(8.467809860582,4.86922291401,-89.81248942306
    ));
#5318 = CARTESIAN_POINT('',(9.11468421526,3.294513397013,-89.85415638043
    ));
#5319 = CARTESIAN_POINT('',(9.438122802066,1.647262789181,
    -89.89582409751));
#5320 = CARTESIAN_POINT('',(9.43812603288,-2.539602586286E-07,
    -89.93748936212));
#5321 = ADVANCED_FACE('',(#5322),#5367,.F.);
#5322 = FACE_BOUND('',#5323,.F.);
#5323 = EDGE_LOOP('',(#5324,#5325,#5326,#5362));
#5324 = ORIENTED_EDGE('',*,*,#5043,.F.);
#5325 = ORIENTED_EDGE('',*,*,#4894,.T.);
#5326 = ORIENTED_EDGE('',*,*,#5327,.T.);
#5327 = EDGE_CURVE('',#4859,#5328,#5330,.T.);
#5328 = VERTEX_POINT('',#5329);
#5329 = CARTESIAN_POINT('',(10.250012424369,1.129962208048E-07,
    -90.59375473322));
#5330 = B_SPLINE_CURVE_WITH_KNOTS('',9,(#5331,#5332,#5333,#5334,#5335,
    #5336,#5337,#5338,#5339,#5340,#5341,#5342,#5343,#5344,#5345,#5346,
    #5347,#5348,#5349,#5350,#5351,#5352,#5353,#5354,#5355,#5356,#5357,
    #5358,#5359,#5360,#5361),.UNSPECIFIED.,.F.,.F.,(10,7,7,7,10),(0.,
    1.614938419963,3.229876839926,4.844815259889,6.459753679852),
  .UNSPECIFIED.);
#5331 = CARTESIAN_POINT('',(10.250011294885,1.027238187845E-07,
    -89.09375430292));
#5332 = CARTESIAN_POINT('',(10.250012950363,-1.788964675012,
    -89.13542159345));
#5333 = CARTESIAN_POINT('',(9.898747384837,-3.577917168577,
    -89.17708779273));
#5334 = CARTESIAN_POINT('',(9.196226508685,-5.288076455988,
    -89.21875433004));
#5335 = CARTESIAN_POINT('',(8.163074919902,-6.840571149177,-89.2604212)
  );
#5336 = CARTESIAN_POINT('',(6.840565350944,-8.16307620624,
    -89.30208786184));
#5337 = CARTESIAN_POINT('',(5.288069963601,-9.196223059246,
    -89.34375454093));
#5338 = CARTESIAN_POINT('',(3.577928936608,-9.898747204904,
    -89.38542119059));
#5339 = CARTESIAN_POINT('',(5.286309872139E-07,-10.60127324333,
    -89.46875450947));
#5340 = CARTESIAN_POINT('',(-3.577928676377,-9.898751374071,
    -89.55208785452));
#5341 = CARTESIAN_POINT('',(-5.288069064156,-9.196228735995,
    -89.59375453498));
#5342 = CARTESIAN_POINT('',(-6.840570195074,-8.1630715421,
    -89.63542120183));
#5343 = CARTESIAN_POINT('',(-8.163070657495,-6.840568834001,
    -89.67708784912));
#5344 = CARTESIAN_POINT('',(-9.196226046139,-5.28806709563,
    -89.71875449762));
#5345 = CARTESIAN_POINT('',(-9.898749361076,-3.577927421255,
    -89.76042116688));
#5346 = CARTESIAN_POINT('',(-10.60127400465,-1.078175223861E-07,
    -89.84375451807));
#5347 = CARTESIAN_POINT('',(-9.89874952451,3.57792723771,-89.92708786927
    ));
#5348 = CARTESIAN_POINT('',(-9.196226259144,5.288066953246,
    -89.96875453853));
#5349 = CARTESIAN_POINT('',(-8.163070791251,6.840568685098,
    -90.01042118702));
#5350 = CARTESIAN_POINT('',(-6.840570300504,8.16307133558,
    -90.05208783431));
#5351 = CARTESIAN_POINT('',(-5.288069241819,9.196228530606,
    -90.09375450116));
#5352 = CARTESIAN_POINT('',(-3.577928883554,9.898751283486,
    -90.13542118163));
#5353 = CARTESIAN_POINT('',(3.082104587616E-07,10.601273288137,
    -90.21875452668));
#5354 = CARTESIAN_POINT('',(3.577928729431,9.898747249207,
    -90.30208784556));
#5355 = CARTESIAN_POINT('',(5.288069711731,9.196223096861,
    -90.34375449521));
#5356 = CARTESIAN_POINT('',(6.840565303924,8.163076122558,-90.3854211743
    ));
#5357 = CARTESIAN_POINT('',(8.163074284291,6.840571573449,
    -90.42708783616));
#5358 = CARTESIAN_POINT('',(9.196227486662,5.288077366727,
    -90.46875470609));
#5359 = CARTESIAN_POINT('',(9.898747656313,3.577916733837,
    -90.51042124343));
#5360 = CARTESIAN_POINT('',(10.250010767103,1.788964890732,
    -90.55208744269));
#5361 = CARTESIAN_POINT('',(10.250012424369,1.129961607608E-07,
    -90.59375473322));
#5362 = ORIENTED_EDGE('',*,*,#5363,.F.);
#5363 = EDGE_CURVE('',#5044,#5328,#5364,.T.);
#5364 = B_SPLINE_CURVE_WITH_KNOTS('',1,(#5365,#5366),.UNSPECIFIED.,.F.,
  .F.,(2,2),(0.,0.9375),.PIECEWISE_BEZIER_KNOTS.);
#5365 = CARTESIAN_POINT('',(9.438104733885,-2.53964004077E-07,
    -91.06248936191));
#5366 = CARTESIAN_POINT('',(10.250012424369,1.129961607608E-07,
    -90.59375473322));
#5367 = B_SPLINE_SURFACE_WITH_KNOTS('',1,9,(
    (#5368,#5369,#5370,#5371,#5372,#5373,#5374,#5375,#5376,#5377,#5378
      ,#5379,#5380,#5381,#5382,#5383,#5384,#5385,#5386,#5387,#5388,#5389
      ,#5390,#5391,#5392,#5393,#5394,#5395,#5396,#5397,#5398)
    ,(#5399,#5400,#5401,#5402,#5403,#5404,#5405,#5406,#5407,#5408,#5409
      ,#5410,#5411,#5412,#5413,#5414,#5415,#5416,#5417,#5418,#5419,#5420
      ,#5421,#5422,#5423,#5424,#5425,#5426,#5427,#5428,#5429
  )),.UNSPECIFIED.,.F.,.F.,.F.,(2,2),(10,7,7,7,10),(0.,0.9375),(0.,
    1.614938419963,3.229876839926,4.844815259889,6.459753679852),
  .UNSPECIFIED.);
#5368 = CARTESIAN_POINT('',(9.438104411156,-2.30876409546E-07,
    -89.56249032901));
#5369 = CARTESIAN_POINT('',(9.438104838759,-1.647259725595,
    -89.60415559356));
#5370 = CARTESIAN_POINT('',(9.114664015569,-3.294507503356,
    -89.64582331068));
#5371 = CARTESIAN_POINT('',(8.46779012487,-4.86921204059,-89.68749026804
    ));
#5372 = CARTESIAN_POINT('',(7.516471373592,-6.298724661759,
    -89.72915647785));
#5373 = CARTESIAN_POINT('',(6.298724372273,-7.516475690821,
    -89.77082315533));
#5374 = CARTESIAN_POINT('',(4.86920023887,-8.467786564784,
    -89.81248979408));
#5375 = CARTESIAN_POINT('',(3.294519687686,-9.114663760792,
    -89.85415649898));
#5376 = CARTESIAN_POINT('',(-6.812427769386E-07,-9.761542402828,
    -89.9374898648));
#5377 = CARTESIAN_POINT('',(-3.294520266993,-9.114667366239,
    -90.0208231718));
#5378 = CARTESIAN_POINT('',(-4.869199011921,-8.467791834156,
    -90.06248980745));
#5379 = CARTESIAN_POINT('',(-6.298725740718,-7.516471923553,
    -90.10415647371));
#5380 = CARTESIAN_POINT('',(-7.516470834221,-6.298725019594,
    -90.14582318393));
#5381 = CARTESIAN_POINT('',(-8.467789860543,-4.869196835618,
    -90.18748989144));
#5382 = CARTESIAN_POINT('',(-9.114665865271,-3.294517915558,
    -90.22915655227));
#5383 = CARTESIAN_POINT('',(-9.76154307999,2.517960150934E-07,
    -90.31248984546));
#5384 = CARTESIAN_POINT('',(-9.114665721212,3.294518390865,
    -90.39582313865));
#5385 = CARTESIAN_POINT('',(-8.467789639472,4.86919728523,
    -90.43748979948));
#5386 = CARTESIAN_POINT('',(-7.516470507737,6.298725412262,
    -90.47915650699));
#5387 = CARTESIAN_POINT('',(-6.298725335629,7.516472229248,
    -90.52082321721));
#5388 = CARTESIAN_POINT('',(-4.869198572389,8.467792057404,
    -90.56248988347));
#5389 = CARTESIAN_POINT('',(-3.294519798439,9.114667531113,
    -90.60415651912));
#5390 = CARTESIAN_POINT('',(-1.79018042639E-07,9.761542415629,
    -90.68748982612));
#5391 = CARTESIAN_POINT('',(3.294520156239,9.114663582694,
    -90.77082319194));
#5392 = CARTESIAN_POINT('',(4.869200657198,8.467786293599,
    -90.81248989684));
#5393 = CARTESIAN_POINT('',(6.298724794054,7.516475302207,
    -90.85415653559));
#5394 = CARTESIAN_POINT('',(7.516471556681,6.298724347773,
    -90.89582321307));
#5395 = CARTESIAN_POINT('',(8.46779068624,4.86921181052,-90.93748942288)
  );
#5396 = CARTESIAN_POINT('',(9.114664283895,3.294506851387,
    -90.97915638024));
#5397 = CARTESIAN_POINT('',(9.438104310311,1.647259240754,
    -91.02082409736));
#5398 = CARTESIAN_POINT('',(9.438104733885,-2.53964004077E-07,
    -91.06248936191));
#5399 = CARTESIAN_POINT('',(10.250011294885,1.027238187845E-07,
    -89.09375430292));
#5400 = CARTESIAN_POINT('',(10.250012950363,-1.788964675012,
    -89.13542159345));
#5401 = CARTESIAN_POINT('',(9.898747384837,-3.577917168577,
    -89.17708779273));
#5402 = CARTESIAN_POINT('',(9.196226508685,-5.288076455988,
    -89.21875433004));
#5403 = CARTESIAN_POINT('',(8.163074919902,-6.840571149177,-89.2604212)
  );
#5404 = CARTESIAN_POINT('',(6.840565350944,-8.16307620624,
    -89.30208786184));
#5405 = CARTESIAN_POINT('',(5.288069963601,-9.196223059246,
    -89.34375454093));
#5406 = CARTESIAN_POINT('',(3.577928936608,-9.898747204904,
    -89.38542119059));
#5407 = CARTESIAN_POINT('',(5.286309872139E-07,-10.60127324333,
    -89.46875450947));
#5408 = CARTESIAN_POINT('',(-3.577928676377,-9.898751374071,
    -89.55208785452));
#5409 = CARTESIAN_POINT('',(-5.288069064156,-9.196228735995,
    -89.59375453498));
#5410 = CARTESIAN_POINT('',(-6.840570195074,-8.1630715421,
    -89.63542120183));
#5411 = CARTESIAN_POINT('',(-8.163070657495,-6.840568834001,
    -89.67708784912));
#5412 = CARTESIAN_POINT('',(-9.196226046139,-5.28806709563,
    -89.71875449762));
#5413 = CARTESIAN_POINT('',(-9.898749361076,-3.577927421255,
    -89.76042116688));
#5414 = CARTESIAN_POINT('',(-10.60127400465,-1.078175223861E-07,
    -89.84375451807));
#5415 = CARTESIAN_POINT('',(-9.89874952451,3.57792723771,-89.92708786927
    ));
#5416 = CARTESIAN_POINT('',(-9.196226259144,5.288066953246,
    -89.96875453853));
#5417 = CARTESIAN_POINT('',(-8.163070791251,6.840568685098,
    -90.01042118702));
#5418 = CARTESIAN_POINT('',(-6.840570300504,8.16307133558,
    -90.05208783431));
#5419 = CARTESIAN_POINT('',(-5.288069241819,9.196228530606,
    -90.09375450116));
#5420 = CARTESIAN_POINT('',(-3.577928883554,9.898751283486,
    -90.13542118163));
#5421 = CARTESIAN_POINT('',(3.082104587616E-07,10.601273288137,
    -90.21875452668));
#5422 = CARTESIAN_POINT('',(3.577928729431,9.898747249207,
    -90.30208784556));
#5423 = CARTESIAN_POINT('',(5.288069711731,9.196223096861,
    -90.34375449521));
#5424 = CARTESIAN_POINT('',(6.840565303924,8.163076122558,-90.3854211743
    ));
#5425 = CARTESIAN_POINT('',(8.163074284291,6.840571573449,
    -90.42708783616));
#5426 = CARTESIAN_POINT('',(9.196227486662,5.288077366727,
    -90.46875470609));
#5427 = CARTESIAN_POINT('',(9.898747656313,3.577916733837,
    -90.51042124343));
#5428 = CARTESIAN_POINT('',(10.250010767103,1.788964890732,
    -90.55208744269));
#5429 = CARTESIAN_POINT('',(10.250012424369,1.129961607608E-07,
    -90.59375473322));
#5430 = ADVANCED_FACE('',(#5431),#5441,.F.);
#5431 = FACE_BOUND('',#5432,.F.);
#5432 = EDGE_LOOP('',(#5433,#5434,#5435,#5436));
#5433 = ORIENTED_EDGE('',*,*,#5327,.F.);
#5434 = ORIENTED_EDGE('',*,*,#4968,.T.);
#5435 = ORIENTED_EDGE('',*,*,#5226,.T.);
#5436 = ORIENTED_EDGE('',*,*,#5437,.F.);
#5437 = EDGE_CURVE('',#5328,#5227,#5438,.T.);
#5438 = B_SPLINE_CURVE_WITH_KNOTS('',1,(#5439,#5440),.UNSPECIFIED.,.F.,
  .F.,(2,2),(0.,0.1875),.PIECEWISE_BEZIER_KNOTS.);
#5439 = CARTESIAN_POINT('',(10.250012424369,1.129961617607E-07,
    -90.59375473322));
#5440 = CARTESIAN_POINT('',(10.250015974201,1.129967888147E-07,
    -90.40625473326));
#5441 = B_SPLINE_SURFACE_WITH_KNOTS('',1,11,(
    (#5442,#5443,#5444,#5445,#5446,#5447,#5448,#5449,#5450,#5451,#5452
      ,#5453,#5454,#5455,#5456,#5457,#5458,#5459,#5460,#5461,#5462)
    ,(#5463,#5464,#5465,#5466,#5467,#5468,#5469,#5470,#5471,#5472,#5473
      ,#5474,#5475,#5476,#5477,#5478,#5479,#5480,#5481,#5482,#5483
  )),.UNSPECIFIED.,.F.,.F.,.F.,(2,2),(12,9,12),(0.,0.1875),(0.,
    3.229876839926,6.459753679852),.UNSPECIFIED.);
#5442 = CARTESIAN_POINT('',(10.250011294885,1.027238187845E-07,
    -89.09375430292));
#5443 = CARTESIAN_POINT('',(10.250014003849,-2.927396806299,
    -89.16193714196));
#5444 = CARTESIAN_POINT('',(9.330335261459,-5.854761553126,
    -89.23011712392));
#5445 = CARTESIAN_POINT('',(7.491026150414,-8.461242144499,
    -89.29830009732));
#5446 = CARTESIAN_POINT('',(4.858036984923,-10.42542072433,
    -89.36648294932));
#5447 = CARTESIAN_POINT('',(1.683674802172,-11.4833210405,
    -89.43466209583));
#5448 = CARTESIAN_POINT('',(-1.683657694472,-11.48334527347,
    -89.50284629622));
#5449 = CARTESIAN_POINT('',(-4.858068099568,-10.42548251575,
    -89.57102704333));
#5450 = CARTESIAN_POINT('',(-7.491005487794,-8.461164382081,
    -89.63920909941));
#5451 = CARTESIAN_POINT('',(-9.330343072659,-5.854790254308,
    -89.70739085248));
#5452 = CARTESIAN_POINT('',(-11.16968024106,-1.207983455604E-07,
    -89.84375451807));
#5453 = CARTESIAN_POINT('',(-9.330343340096,5.854790096725,
    -89.98011818366));
#5454 = CARTESIAN_POINT('',(-7.491006542592,8.461164254881,
    -90.04829993675));
#5455 = CARTESIAN_POINT('',(-4.858063807693,10.425483103348,
    -90.11648199275));
#5456 = CARTESIAN_POINT('',(-1.683667221595,11.483341001488,
    -90.18466274005));
#5457 = CARTESIAN_POINT('',(1.683685542758,11.483330091318,
    -90.25284694013));
#5458 = CARTESIAN_POINT('',(4.858030138936,10.425410565474,
    -90.32102608698));
#5459 = CARTESIAN_POINT('',(7.491024972783,8.461248680883,
    -90.38920893873));
#5460 = CARTESIAN_POINT('',(9.330340649545,5.85476006583,-90.45739191225
    ));
#5461 = CARTESIAN_POINT('',(10.250009712479,2.927397022018,
    -90.52557189417));
#5462 = CARTESIAN_POINT('',(10.250012424369,1.129961617607E-07,
    -90.59375473322));
#5463 = CARTESIAN_POINT('',(10.250014522005,1.027243694551E-07,
    -88.90625430295));
#5464 = CARTESIAN_POINT('',(10.250017996583,-2.927397774051,
    -88.97443714201));
#5465 = CARTESIAN_POINT('',(9.330337558571,-5.854763729144,
    -89.04261712395));
#5466 = CARTESIAN_POINT('',(7.491028769645,-8.461244030274,
    -89.11080009733));
#5467 = CARTESIAN_POINT('',(4.858039537494,-10.42542563694,
    -89.17898294939));
#5468 = CARTESIAN_POINT('',(1.683673789899,-11.48332354844,
    -89.24716209581));
#5469 = CARTESIAN_POINT('',(-1.683656924521,-11.48334967514,
    -89.31534629629));
#5470 = CARTESIAN_POINT('',(-4.858070350078,-10.42548586358,
    -89.38352704335));
#5471 = CARTESIAN_POINT('',(-7.491007838933,-8.461167174864,
    -89.45170909945));
#5472 = CARTESIAN_POINT('',(-9.330346136506,-5.854792184262,
    -89.51989085251));
#5473 = CARTESIAN_POINT('',(-11.16968393357,-1.217304885769E-07,
    -89.6562545181));
#5474 = CARTESIAN_POINT('',(-9.33034644515,5.854792037759,
    -89.79261818369));
#5475 = CARTESIAN_POINT('',(-7.491009144224,8.461167056364,
    -89.86079993678));
#5476 = CARTESIAN_POINT('',(-4.85806476926,10.425486648268,
    -89.92898199277));
#5477 = CARTESIAN_POINT('',(-1.683669104639,11.483344192711,
    -89.99716274009));
#5478 = CARTESIAN_POINT('',(1.683687668283,11.483335175095,
    -90.06534694016));
#5479 = CARTESIAN_POINT('',(4.858030798194,10.425412546323,
    -90.13352608702));
#5480 = CARTESIAN_POINT('',(7.49102730642,8.461252389164,-90.20170893875
    ));
#5481 = CARTESIAN_POINT('',(9.330344521326,5.854761760801,-90.2698919123
    ));
#5482 = CARTESIAN_POINT('',(10.2500124967,2.92739798977,-90.33807189419)
  );
#5483 = CARTESIAN_POINT('',(10.250015974201,1.129967888147E-07,
    -90.40625473326));
#5484 = ADVANCED_FACE('',(#5485),#5512,.T.);
#5485 = FACE_BOUND('',#5486,.T.);
#5486 = EDGE_LOOP('',(#5487,#5498,#5505,#5510,#5511));
#5487 = ORIENTED_EDGE('',*,*,#5488,.F.);
#5488 = EDGE_CURVE('',#5489,#5491,#5493,.T.);
#5489 = VERTEX_POINT('',#5490);
#5490 = CARTESIAN_POINT('',(-18.,0.,-126.25));
#5491 = VERTEX_POINT('',#5492);
#5492 = CARTESIAN_POINT('',(18.,0.,-126.25));
#5493 = CIRCLE('',#5494,18.);
#5494 = AXIS2_PLACEMENT_3D('',#5495,#5496,#5497);
#5495 = CARTESIAN_POINT('',(1.774854801348E-14,0.,-126.25));
#5496 = DIRECTION('',(2.324646799147E-16,0.,-1.));
#5497 = DIRECTION('',(-1.,0.,-2.324646799147E-16));
#5498 = ORIENTED_EDGE('',*,*,#5499,.F.);
#5499 = EDGE_CURVE('',#5491,#5489,#5500,.T.);
#5500 = CIRCLE('',#5501,18.);
#5501 = AXIS2_PLACEMENT_3D('',#5502,#5503,#5504);
#5502 = CARTESIAN_POINT('',(1.774854801348E-14,0.,-126.25));
#5503 = DIRECTION('',(2.324646799147E-16,0.,-1.));
#5504 = DIRECTION('',(-1.,0.,-2.324646799147E-16));
#5505 = ORIENTED_EDGE('',*,*,#5506,.F.);
#5506 = EDGE_CURVE('',#5021,#5491,#5507,.T.);
#5507 = B_SPLINE_CURVE_WITH_KNOTS('',1,(#5508,#5509),.UNSPECIFIED.,.F.,
  .F.,(2,2),(0.,2.692582403567),.PIECEWISE_BEZIER_KNOTS.);
#5508 = CARTESIAN_POINT('',(17.,6.25E-15,-123.75));
#5509 = CARTESIAN_POINT('',(18.,6.61E-15,-126.25));
#5510 = ORIENTED_EDGE('',*,*,#5027,.F.);
#5511 = ORIENTED_EDGE('',*,*,#5506,.T.);
#5512 = CONICAL_SURFACE('',#5513,17.,0.380506377112);
#5513 = AXIS2_PLACEMENT_3D('',#5514,#5515,#5516);
#5514 = CARTESIAN_POINT('',(1.717238631369E-14,0.,-123.75));
#5515 = DIRECTION('',(2.324646799147E-16,0.,-1.));
#5516 = DIRECTION('',(-1.,0.,-2.324646799147E-16));
#5517 = ADVANCED_FACE('',(#5518),#5695,.F.);
#5518 = FACE_BOUND('',#5519,.T.);
#5519 = EDGE_LOOP('',(#5520,#5604,#5605,#5689));
#5520 = ORIENTED_EDGE('',*,*,#5521,.F.);
#5521 = EDGE_CURVE('',#5044,#5522,#5524,.T.);
#5522 = VERTEX_POINT('',#5523);
#5523 = CARTESIAN_POINT('',(9.5,-1.232668137201E-07,-92.52675503704));
#5524 = B_SPLINE_CURVE_WITH_KNOTS('',8,(#5525,#5526,#5527,#5528,#5529,
    #5530,#5531,#5532,#5533,#5534,#5535,#5536,#5537,#5538,#5539,#5540,
    #5541,#5542,#5543,#5544,#5545,#5546,#5547,#5548,#5549,#5550,#5551,
    #5552,#5553,#5554,#5555,#5556,#5557,#5558,#5559,#5560,#5561,#5562,
    #5563,#5564,#5565,#5566,#5567,#5568,#5569,#5570,#5571,#5572,#5573,
    #5574,#5575,#5576,#5577,#5578,#5579,#5580,#5581,#5582,#5583,#5584,
    #5585,#5586,#5587,#5588,#5589,#5590,#5591,#5592,#5593,#5594,#5595,
    #5596,#5597,#5598,#5599,#5600,#5601,#5602,#5603),.UNSPECIFIED.,.F.,
  .F.,(9,7,7,7,7,7,7,7,7,7,7,9),(0.,4.848013181313E-02,0.12113409715,
    0.2135527934,0.317892615129,0.425336970686,0.555271079579,
    0.685113519054,0.789880007433,0.881376587445,0.956982031998,1.),
  .UNSPECIFIED.);
#5525 = CARTESIAN_POINT('',(9.5,-2.259889679834E-07,-91.02675567578));
#5526 = CARTESIAN_POINT('',(9.5,-0.361677613962,-91.03584432542));
#5527 = CARTESIAN_POINT('',(9.484263392153,-0.723360334165,
    -91.04493314813));
#5528 = CARTESIAN_POINT('',(9.452789379185,-1.084241755947,
    -91.05402191175));
#5529 = CARTESIAN_POINT('',(9.405627671344,-1.443522623947,
    -91.06311061365));
#5530 = CARTESIAN_POINT('',(9.34287581491,-1.800410828219,
    -91.07219935219));
#5531 = CARTESIAN_POINT('',(9.26467828784,-2.154121445339,
    -91.08128821534));
#5532 = CARTESIAN_POINT('',(9.171227362558,-2.503877050466,
    -91.09037718673));
#5533 = CARTESIAN_POINT('',(8.900221473536,-3.365983801934,
    -91.1130869748));
#5534 = CARTESIAN_POINT('',(8.703948857118,-3.872498840577,
    -91.12670898146));
#5535 = CARTESIAN_POINT('',(8.4747636654,-4.365828955685,-91.14033063378
    ));
#5536 = CARTESIAN_POINT('',(8.213718033028,-4.843484256844,
    -91.1539517615));
#5537 = CARTESIAN_POINT('',(7.922073821033,-5.30309612094,-91.1675728556
    ));
#5538 = CARTESIAN_POINT('',(7.601293041155,-5.742413946069,
    -91.18119442782));
#5539 = CARTESIAN_POINT('',(7.253045333998,-6.15931196225,
    -91.19481635297));
#5540 = CARTESIAN_POINT('',(6.403727901812,-7.051074049899,
    -91.22576343889));
#5541 = CARTESIAN_POINT('',(5.886720070475,-7.510997575711,
    -91.24309281724));
#5542 = CARTESIAN_POINT('',(5.332137537734,-7.927399538572,
    -91.26042060936));
#5543 = CARTESIAN_POINT('',(4.744298507478,-8.296746720675,
    -91.27774651947));
#5544 = CARTESIAN_POINT('',(4.127841710101,-8.616047663485,
    -91.29507245223));
#5545 = CARTESIAN_POINT('',(3.48769796493,-8.882821698422,
    -91.31240029856));
#5546 = CARTESIAN_POINT('',(2.829102451702,-9.095139168987,
    -91.32972973104));
#5547 = CARTESIAN_POINT('',(1.399581705953,-9.428525601962,
    -91.36661721032));
#5548 = CARTESIAN_POINT('',(0.62472532536,-9.534384648726,
    -91.38618464132));
#5549 = CARTESIAN_POINT('',(-0.158827436979,-9.567346419644,
    -91.40574901899));
#5550 = CARTESIAN_POINT('',(-0.94305632705,-9.526713490962,
    -91.42531078375));
#5551 = CARTESIAN_POINT('',(-1.720031267934,-9.412801701749,
    -91.44487255206));
#5552 = CARTESIAN_POINT('',(-2.481914215374,-9.226856138962,
    -91.46443690603));
#5553 = CARTESIAN_POINT('',(-3.220977375236,-8.971133071059,
    -91.48400424635));
#5554 = CARTESIAN_POINT('',(-4.659446485912,-8.31757630299,
    -91.52370864786));
#5555 = CARTESIAN_POINT('',(-5.357504579712,-7.915519465215,
    -91.54385876503));
#5556 = CARTESIAN_POINT('',(-6.015504869444,-7.446666426458,
    -91.56400517893));
#5557 = CARTESIAN_POINT('',(-6.626059535536,-6.915791483575,
    -91.58414843787));
#5558 = CARTESIAN_POINT('',(-7.182562670763,-6.328501592082,
    -91.60429170227));
#5559 = CARTESIAN_POINT('',(-7.679130030557,-5.691156769132,
    -91.62443814375));
#5560 = CARTESIAN_POINT('',(-8.110675661015,-5.010933634487,
    -91.64458831766));
#5561 = CARTESIAN_POINT('',(-8.911504941956,-3.431431290915,
    -91.68909104877));
#5562 = CARTESIAN_POINT('',(-9.24936027412,-2.515097188166,
    -91.71346871724));
#5563 = CARTESIAN_POINT('',(-9.478994514152,-1.561594582186,
    -91.73783640225));
#5564 = CARTESIAN_POINT('',(-9.596105446106,-0.585918511765,
    -91.76219680357));
#5565 = CARTESIAN_POINT('',(-9.598567445276,0.396757797577,
    -91.78655733575));
#5566 = CARTESIAN_POINT('',(-9.486644336214,1.37111517817,-91.8109248327
    ));
#5567 = CARTESIAN_POINT('',(-9.262782043586,2.321746598777,
    -91.83530232531));
#5568 = CARTESIAN_POINT('',(-8.603197798567,4.144068036879,
    -91.88400403927));
#5569 = CARTESIAN_POINT('',(-8.167136515892,5.017164056276,
    -91.9083643284));
#5570 = CARTESIAN_POINT('',(-7.630022186248,5.83693025604,
    -91.93271465915));
#5571 = CARTESIAN_POINT('',(-6.999817216179,6.589990651444,
    -91.95705821491));
#5572 = CARTESIAN_POINT('',(-6.286100727266,7.264429233929,
    -91.9814017527));
#5573 = CARTESIAN_POINT('',(-5.500189820643,7.849965978865,
    -92.0057522793));
#5574 = CARTESIAN_POINT('',(-4.654956737096,8.337846675924,
    -92.03011274951));
#5575 = CARTESIAN_POINT('',(-3.048071826794,9.031618834606,
    -92.07409621531));
#5576 = CARTESIAN_POINT('',(-2.301148207772,9.274055080518,
    -92.09374347771));
#5577 = CARTESIAN_POINT('',(-1.53258145833,9.445705431411,
    -92.11338739013));
#5578 = CARTESIAN_POINT('',(-0.750238441654,9.544438970259,
    -92.13302841122));
#5579 = CARTESIAN_POINT('',(3.792272527639E-02,9.569154545541,
    -92.15266944481));
#5580 = CARTESIAN_POINT('',(0.82386965405,9.519696402618,-92.17231336109
    ));
#5581 = CARTESIAN_POINT('',(1.599499220156,9.396940074539,
    -92.19196057613));
#5582 = CARTESIAN_POINT('',(3.017916744412,9.033720621644,-92.2287551725
    ));
#5583 = CARTESIAN_POINT('',(3.665391338116,8.810058217831,
    -92.24591180556));
#5584 = CARTESIAN_POINT('',(4.293688493481,8.533410376075,
    -92.26306717407));
#5585 = CARTESIAN_POINT('',(4.897767734684,8.205751431952,-92.2802208918
    ));
#5586 = CARTESIAN_POINT('',(5.472891095577,7.829579613551,
    -92.29737461549));
#5587 = CARTESIAN_POINT('',(6.01461081863,7.407879372712,-92.31452999092
    ));
#5588 = CARTESIAN_POINT('',(6.518796673594,6.944150097208,
    -92.33168660939));
#5589 = CARTESIAN_POINT('',(7.364211517705,6.027978742089,
    -92.36301414114));
#5590 = CARTESIAN_POINT('',(7.718626138525,5.587465233879,
    -92.37718942899));
#5591 = CARTESIAN_POINT('',(8.04283444113,5.12323335597,-92.39136408154)
  );
#5592 = CARTESIAN_POINT('',(8.335002375942,4.637716678015,
    -92.40553798859));
#5593 = CARTESIAN_POINT('',(8.593542600443,4.133489063168,-92.4197118881
    ));
#5594 = CARTESIAN_POINT('',(8.817104814829,3.613256255113,
    -92.43388653958));
#5595 = CARTESIAN_POINT('',(9.004587993917,3.079859651518,
    -92.44806186898));
#5596 = CARTESIAN_POINT('',(9.240855198703,2.227013420001,
    -92.47030092699));
#5597 = CARTESIAN_POINT('',(9.314595922139,1.914423639362,
    -92.47836587727));
#5598 = CARTESIAN_POINT('',(9.376246750891,1.599064895132,-92.4864308279
    ));
#5599 = CARTESIAN_POINT('',(9.4256876771,1.281483470422,-92.49449575102)
  );
#5600 = CARTESIAN_POINT('',(9.462828626208,0.962229820751,
    -92.50256065637));
#5601 = CARTESIAN_POINT('',(9.487609463391,0.641858436463,
    -92.51062554888));
#5602 = CARTESIAN_POINT('',(9.5,0.320927705139,-92.51869038626));
#5603 = CARTESIAN_POINT('',(9.5,-2.259890319323E-07,-92.52675503653));
#5604 = ORIENTED_EDGE('',*,*,#5212,.T.);
#5605 = ORIENTED_EDGE('',*,*,#5606,.T.);
#5606 = EDGE_CURVE('',#5129,#5607,#5609,.T.);
#5607 = VERTEX_POINT('',#5608);
#5608 = CARTESIAN_POINT('',(9.5,-1.335416020874E-07,-92.97320961688));
#5609 = B_SPLINE_CURVE_WITH_KNOTS('',8,(#5610,#5611,#5612,#5613,#5614,
    #5615,#5616,#5617,#5618,#5619,#5620,#5621,#5622,#5623,#5624,#5625,
    #5626,#5627,#5628,#5629,#5630,#5631,#5632,#5633,#5634,#5635,#5636,
    #5637,#5638,#5639,#5640,#5641,#5642,#5643,#5644,#5645,#5646,#5647,
    #5648,#5649,#5650,#5651,#5652,#5653,#5654,#5655,#5656,#5657,#5658,
    #5659,#5660,#5661,#5662,#5663,#5664,#5665,#5666,#5667,#5668,#5669,
    #5670,#5671,#5672,#5673,#5674,#5675,#5676,#5677,#5678,#5679,#5680,
    #5681,#5682,#5683,#5684,#5685,#5686,#5687,#5688),.UNSPECIFIED.,.F.,
  .F.,(9,7,7,7,7,7,7,7,7,7,7,9),(0.,5.291771600613E-02,0.121496984266,
    0.214761220639,0.320385876375,0.407539142964,0.546459448652,
    0.685538194354,0.781968549344,0.882004791781,0.960346678373,1.),
  .UNSPECIFIED.);
#5610 = CARTESIAN_POINT('',(9.5,-2.46538951032E-07,-91.47321174625));
#5611 = CARTESIAN_POINT('',(9.5,-0.394775491677,-91.48313161314));
#5612 = CARTESIAN_POINT('',(9.481251424411,-0.789559003526,
    -91.49305207887));
#5613 = CARTESIAN_POINT('',(9.443752929123,-1.183299826878,
    -91.50297272794));
#5614 = CARTESIAN_POINT('',(9.387575358033,-1.574958508215,
    -91.51289340649));
#5615 = CARTESIAN_POINT('',(9.312857239084,-1.963506640934,
    -91.52281412521));
#5616 = CARTESIAN_POINT('',(9.219803252149,-2.347926909412,
    -91.53273493913));
#5617 = CARTESIAN_POINT('',(9.108685668722,-2.727213631918,
    -91.54265580436));
#5618 = CARTESIAN_POINT('',(8.812881226758,-3.583974633314,
    -91.56543312629));
#5619 = CARTESIAN_POINT('',(8.616139391525,-4.05732761958,
    -91.57829050939));
#5620 = CARTESIAN_POINT('',(8.390369809981,-4.518251219886,
    -91.5911474631));
#5621 = CARTESIAN_POINT('',(8.13650293695,-4.964672723718,
    -91.60400395103));
#5622 = CARTESIAN_POINT('',(7.855634360074,-5.394618502435,
    -91.61686044946));
#5623 = CARTESIAN_POINT('',(7.549018036985,-5.806211580209,
    -91.62971741845));
#5624 = CARTESIAN_POINT('',(7.218071539408,-6.197676524818,
    -91.64257479239));
#5625 = CARTESIAN_POINT('',(6.383409307648,-7.070090604066,
    -91.67291593042));
#5626 = CARTESIAN_POINT('',(5.860249029525,-7.532670655752,
    -91.6904039268));
#5627 = CARTESIAN_POINT('',(5.29896120255,-7.950804918843,
    -91.70789054376));
#5628 = CARTESIAN_POINT('',(4.703996793402,-8.320877732386,
    -91.72537533321));
#5629 = CARTESIAN_POINT('',(4.080136416135,-8.63983658046,
    -91.74286010579));
#5630 = CARTESIAN_POINT('',(3.432460433925,-8.905159296015,
    -91.7603466872));
#5631 = CARTESIAN_POINT('',(2.766361749113,-9.11489655702,
    -91.77783465964));
#5632 = CARTESIAN_POINT('',(1.318883887913,-9.440945898286,
    -91.81512074881));
#5633 = CARTESIAN_POINT('',(0.533502211285,-9.541287449757,
    -91.83492869341));
#5634 = CARTESIAN_POINT('',(-0.260123675332,-9.566836288059,
    -91.8547331776));
#5635 = CARTESIAN_POINT('',(-1.053665393447,-9.516948533724,
    -91.87453471728));
#5636 = CARTESIAN_POINT('',(-1.838901472913,-9.392042485742,
    -91.89433629309));
#5637 = CARTESIAN_POINT('',(-2.607718075885,-9.193508419062,
    -91.91414086032));
#5638 = CARTESIAN_POINT('',(-3.352129413889,-8.923796411068,
    -91.9339488764));
#5639 = CARTESIAN_POINT('',(-4.652022865212,-8.308514869152,
    -91.97008936776));
#5640 = CARTESIAN_POINT('',(-5.218026186724,-7.984342785187,
    -91.98643069804));
#5641 = CARTESIAN_POINT('',(-5.758021948031,-7.616188122453,
    -92.00277100236));
#5642 = CARTESIAN_POINT('',(-6.268044764364,-7.206527435055,
    -92.01910997805));
#5643 = CARTESIAN_POINT('',(-6.744451776467,-6.758217845477,
    -92.03544895329));
#5644 = CARTESIAN_POINT('',(-7.183908499538,-6.274470895178,
    -92.0517892653));
#5645 = CARTESIAN_POINT('',(-7.583412668369,-5.758870302349,
    -92.06813062932));
#5646 = CARTESIAN_POINT('',(-8.509315678384,-4.349208044625,
    -92.11051328019));
#5647 = CARTESIAN_POINT('',(-8.970829150273,-3.411206593382,
    -92.13658215055));
#5648 = CARTESIAN_POINT('',(-9.313340452012,-2.418230973153,
    -92.16263655426));
#5649 = CARTESIAN_POINT('',(-9.529881838209,-1.388055700684,
    -92.18868140345));
#5650 = CARTESIAN_POINT('',(-9.616199310319,-0.338912863575,
    -92.2147266849));
#5651 = CARTESIAN_POINT('',(-9.571169250537,0.710509462269,
    -92.24078105272));
#5652 = CARTESIAN_POINT('',(-9.396399665646,1.741187477128,
    -92.26684999649));
#5653 = CARTESIAN_POINT('',(-8.799607997786,3.727386479265,
    -92.31896717253));
#5654 = CARTESIAN_POINT('',(-8.376723293648,4.684753554075,
    -92.34506597385));
#5655 = CARTESIAN_POINT('',(-7.834988404615,5.586100320544,
    -92.37115016868));
#5656 = CARTESIAN_POINT('',(-7.183583992894,6.414612487213,
    -92.39722477695));
#5657 = CARTESIAN_POINT('',(-6.433792183261,7.155269226137,
    -92.42329941365));
#5658 = CARTESIAN_POINT('',(-5.599266096126,7.795166893391,
    -92.44938332473));
#5659 = CARTESIAN_POINT('',(-4.695677853868,8.32328768971,
    -92.47548189283));
#5660 = CARTESIAN_POINT('',(-3.08077892658,9.015337727551,
    -92.51963328048));
#5661 = CARTESIAN_POINT('',(-2.394876675713,9.241540534596,
    -92.53771538602));
#5662 = CARTESIAN_POINT('',(-1.690287970432,9.407966697035,
    -92.55579584579));
#5663 = CARTESIAN_POINT('',(-0.973116538374,9.512895519286,
    -92.57387414972));
#5664 = CARTESIAN_POINT('',(-0.249553924971,9.555345833845,
    -92.59195245536));
#5665 = CARTESIAN_POINT('',(0.474138004851,9.535024853118,
    -92.61003295449));
#5666 = CARTESIAN_POINT('',(1.191633672999,9.452381822839,
    -92.62811517803));
#5667 = CARTESIAN_POINT('',(2.627804366975,9.15978082268,-92.6649473059)
  );
#5668 = CARTESIAN_POINT('',(3.345885929106,8.945102991658,-92.6837060693
    ));
#5669 = CARTESIAN_POINT('',(4.043603704064,8.666137628456,-92.7024625176
    ));
#5670 = CARTESIAN_POINT('',(4.714271396783,8.325224292965,
    -92.72121614741));
#5671 = CARTESIAN_POINT('',(5.351613614686,7.925459294461,-92.7399697328
    ));
#5672 = CARTESIAN_POINT('',(5.949746984177,7.470631309764,
    -92.75872607495));
#5673 = CARTESIAN_POINT('',(6.50322567098,6.965270785651,-92.77748473201
    ));
#5674 = CARTESIAN_POINT('',(7.401793124702,5.983730444538,-92.8109256422
    ));
#5675 = CARTESIAN_POINT('',(7.766165386775,5.524857643469,
    -92.82561411234));
#5676 = CARTESIAN_POINT('',(8.097923128554,5.04073586814,-92.84030205872
    ));
#5677 = CARTESIAN_POINT('',(8.39504659231,4.534089488293,-92.85498929818
    ));
#5678 = CARTESIAN_POINT('',(8.655802006351,4.007801061834,
    -92.86967657678));
#5679 = CARTESIAN_POINT('',(8.878729556717,3.464901059599,
    -92.88436461468));
#5680 = CARTESIAN_POINT('',(9.062658548795,2.908572350623,
    -92.89905316467));
#5681 = CARTESIAN_POINT('',(9.279682583756,2.055480456269,
    -92.92117397693));
#5682 = CARTESIAN_POINT('',(9.342413266336,1.766193989888,-92.928607875)
  );
#5683 = CARTESIAN_POINT('',(9.394833475044,1.474736404534,
    -92.93604169652));
#5684 = CARTESIAN_POINT('',(9.436856505437,1.181536918645,
    -92.94347543135));
#5685 = CARTESIAN_POINT('',(9.468417285469,0.887027528001,
    -92.95090910202));
#5686 = CARTESIAN_POINT('',(9.489472380784,0.591642920391,-92.9583427243
    ));
#5687 = CARTESIAN_POINT('',(9.5,0.295820390277,-92.96577626776));
#5688 = CARTESIAN_POINT('',(9.5,-2.465389741246E-07,-92.97320961636));
#5689 = ORIENTED_EDGE('',*,*,#5690,.F.);
#5690 = EDGE_CURVE('',#5522,#5607,#5691,.T.);
#5691 = LINE('',#5692,#5693);
#5692 = CARTESIAN_POINT('',(9.5,0.,-74.75));
#5693 = VECTOR('',#5694,1.);
#5694 = DIRECTION('',(5.141040633873E-17,0.,-1.));
#5695 = CYLINDRICAL_SURFACE('',#5696,9.5);
#5696 = AXIS2_PLACEMENT_3D('',#5697,#5698,#5699);
#5697 = CARTESIAN_POINT('',(3.061616997868E-15,0.,-74.75));
#5698 = DIRECTION('',(1.224646799147E-16,0.,-1.));
#5699 = DIRECTION('',(1.,0.,1.224646799147E-16));
#5700 = ADVANCED_FACE('',(#5701),#5736,.F.);
#5701 = FACE_BOUND('',#5702,.F.);
#5702 = EDGE_LOOP('',(#5703,#5729,#5730,#5731));
#5703 = ORIENTED_EDGE('',*,*,#5704,.F.);
#5704 = EDGE_CURVE('',#5227,#5705,#5707,.T.);
#5705 = VERTEX_POINT('',#5706);
#5706 = CARTESIAN_POINT('',(10.250017426395,1.232705712995E-07,
    -91.90625516357));
#5707 = B_SPLINE_CURVE_WITH_KNOTS('',11,(#5708,#5709,#5710,#5711,#5712,
    #5713,#5714,#5715,#5716,#5717,#5718,#5719,#5720,#5721,#5722,#5723,
    #5724,#5725,#5726,#5727,#5728),.UNSPECIFIED.,.F.,.F.,(12,9,12),(0.,
    3.229876839926,6.459753679852),.UNSPECIFIED.);
#5708 = CARTESIAN_POINT('',(10.250015974201,1.129968492108E-07,
    -90.40625473326));
#5709 = CARTESIAN_POINT('',(10.250019451695,-2.927398178523,
    -90.47443757232));
#5710 = CARTESIAN_POINT('',(9.330338886337,-5.854764549281,
    -90.54261755425));
#5711 = CARTESIAN_POINT('',(7.491029839442,-8.461245221475,
    -90.61080052764));
#5712 = CARTESIAN_POINT('',(4.858040236183,-10.42542710924,
    -90.67898337972));
#5713 = CARTESIAN_POINT('',(1.683674039961,-11.48332517352,
    -90.74716252609));
#5714 = CARTESIAN_POINT('',(-1.683657151529,-11.48335130388,
    -90.81534672662));
#5715 = CARTESIAN_POINT('',(-4.858071027924,-10.42548734543,
    -90.88352747365));
#5716 = CARTESIAN_POINT('',(-7.491008891748,-8.461168381135,
    -90.95170952976));
#5717 = CARTESIAN_POINT('',(-9.330347452531,-5.8547930231,
    -91.01989128282));
#5718 = CARTESIAN_POINT('',(-11.16968551605,-1.329265162224E-07,
    -91.15625494841));
#5719 = CARTESIAN_POINT('',(-9.33034777291,5.854792857897,-91.292618614)
  );
#5720 = CARTESIAN_POINT('',(-7.491010214,8.461168247611,-91.36080036708)
  );
#5721 = CARTESIAN_POINT('',(-4.858065468013,10.425488120406,
    -91.42898242311));
#5722 = CARTESIAN_POINT('',(-1.683669354644,11.483345818046,
    -91.49716317036));
#5723 = CARTESIAN_POINT('',(1.683687895298,11.48333680357,
    -91.56534737051));
#5724 = CARTESIAN_POINT('',(4.858031476004,10.425414028337,
    -91.63352651729));
#5725 = CARTESIAN_POINT('',(7.491028359252,8.461253595393,
    -91.70170936908));
#5726 = CARTESIAN_POINT('',(9.330345837351,5.854762599635,
    -91.76989234261));
#5727 = CARTESIAN_POINT('',(10.25001394595,2.92739841479,-91.8380723245)
  );
#5728 = CARTESIAN_POINT('',(10.250017426395,1.232705387103E-07,
    -91.90625516357));
#5729 = ORIENTED_EDGE('',*,*,#5254,.T.);
#5730 = ORIENTED_EDGE('',*,*,#5128,.T.);
#5731 = ORIENTED_EDGE('',*,*,#5732,.F.);
#5732 = EDGE_CURVE('',#5705,#5129,#5733,.T.);
#5733 = B_SPLINE_CURVE_WITH_KNOTS('',1,(#5734,#5735),.UNSPECIFIED.,.F.,
  .F.,(2,2),(0.,0.9375),.PIECEWISE_BEZIER_KNOTS.);
#5734 = CARTESIAN_POINT('',(10.250017426395,1.232705412742E-07,
    -91.90625516357));
#5735 = CARTESIAN_POINT('',(9.43812829188,-2.77045929545E-07,
    -91.43748839506));
#5736 = B_SPLINE_SURFACE_WITH_KNOTS('',1,9,(
    (#5737,#5738,#5739,#5740,#5741,#5742,#5743,#5744,#5745,#5746,#5747
      ,#5748,#5749,#5750,#5751,#5752,#5753,#5754,#5755,#5756,#5757,#5758
      ,#5759,#5760,#5761,#5762,#5763,#5764,#5765,#5766,#5767)
    ,(#5768,#5769,#5770,#5771,#5772,#5773,#5774,#5775,#5776,#5777,#5778
      ,#5779,#5780,#5781,#5782,#5783,#5784,#5785,#5786,#5787,#5788,#5789
      ,#5790,#5791,#5792,#5793,#5794,#5795,#5796,#5797,#5798
  )),.UNSPECIFIED.,.F.,.F.,.F.,(2,2),(10,7,7,7,10),(0.,0.9375),(0.,
    1.614938419963,3.229876839926,4.844815259889,6.459753679852),
  .UNSPECIFIED.);
#5737 = CARTESIAN_POINT('',(10.250015974201,1.129968474345E-07,
    -90.40625473326));
#5738 = CARTESIAN_POINT('',(10.250018099337,-1.788965509599,
    -90.44792202379));
#5739 = CARTESIAN_POINT('',(9.89875201366,-3.577918940236,
    -90.48958822307));
#5740 = CARTESIAN_POINT('',(9.196230701381,-5.288078841624,
    -90.53125476037));
#5741 = CARTESIAN_POINT('',(8.163078852101,-6.840574335469,
    -90.57292163034));
#5742 = CARTESIAN_POINT('',(6.840568571803,-8.163080086996,
    -90.61458829217));
#5743 = CARTESIAN_POINT('',(5.288072478488,-9.196227407477,
    -90.65625497128));
#5744 = CARTESIAN_POINT('',(3.577930636076,-9.898751880524,
    -90.69792162092));
#5745 = CARTESIAN_POINT('',(5.388772733405E-07,-10.60127824348,
    -90.78125493981));
#5746 = CARTESIAN_POINT('',(-3.577930356328,-9.89875605462,
    -90.86458828485));
#5747 = CARTESIAN_POINT('',(-5.288072914586,-9.196231659483,
    -90.90625496393));
#5748 = CARTESIAN_POINT('',(-6.840569929669,-8.163079111366,
    -90.94792163574));
#5749 = CARTESIAN_POINT('',(-8.163078004419,-6.840568371044,
    -90.98958827589));
#5750 = CARTESIAN_POINT('',(-9.196229009277,-5.288071033142,
    -91.03125492934));
#5751 = CARTESIAN_POINT('',(-9.898754019677,-3.577929117347,
    -91.07292159722));
#5752 = CARTESIAN_POINT('',(-10.6012790112,-1.173747124276E-07,
    -91.15625494841));
#5753 = CARTESIAN_POINT('',(-9.898754215465,3.57792892104,-91.2395882996
    ));
#5754 = CARTESIAN_POINT('',(-9.19623062198,5.288069448679,
    -91.28125496887));
#5755 = CARTESIAN_POINT('',(-8.163074651736,6.840571910706,
    -91.32292161736));
#5756 = CARTESIAN_POINT('',(-6.840573529734,8.163075174873,
    -91.36458826465));
#5757 = CARTESIAN_POINT('',(-5.28807174611,9.196232854868,-91.4062549315
    ));
#5758 = CARTESIAN_POINT('',(-3.577930583021,9.898755952496,
    -91.44792161197));
#5759 = CARTESIAN_POINT('',(2.979744049454E-07,10.601278301089,
    -91.53125495702));
#5760 = CARTESIAN_POINT('',(3.577930409383,9.898751923143,-91.6145882759
    ));
#5761 = CARTESIAN_POINT('',(5.288072191519,9.196227434641,
    -91.65625492555));
#5762 = CARTESIAN_POINT('',(6.840568544069,8.163079951988,
    -91.69792160463));
#5763 = CARTESIAN_POINT('',(8.163078062311,6.840574848236,-91.7395882665
    ));
#5764 = CARTESIAN_POINT('',(9.196231979973,5.288079975714,
    -91.78125513643));
#5765 = CARTESIAN_POINT('',(9.898752377042,3.577918341606,
    -91.82292167377));
#5766 = CARTESIAN_POINT('',(10.250015299456,1.788965745866,
    -91.86458787302));
#5767 = CARTESIAN_POINT('',(10.250017426395,1.232705412742E-07,
    -91.90625516357));
#5768 = CARTESIAN_POINT('',(9.43812603288,-2.539601968721E-07,
    -89.93748936212));
#5769 = CARTESIAN_POINT('',(9.438129263689,-1.647263691373,
    -89.97915462673));
#5770 = CARTESIAN_POINT('',(9.114685525973,-3.294515962215,
    -90.02082234382));
#5771 = CARTESIAN_POINT('',(8.46780944673,-4.869223100714,
    -90.06248930114));
#5772 = CARTESIAN_POINT('',(7.516489770161,-6.298739539646,-90.104155511
    ));
#5773 = CARTESIAN_POINT('',(6.298739322676,-7.516493891847,
    -90.14582218845));
#5774 = CARTESIAN_POINT('',(4.869211922438,-8.467806907277,
    -90.18748882721));
#5775 = CARTESIAN_POINT('',(3.294527549749,-9.114685611126,
    -90.22915553212));
#5776 = CARTESIAN_POINT('',(-7.074006113013E-07,-9.761565728418,
    -90.31248889793));
#5777 = CARTESIAN_POINT('',(-3.294528175606,-9.114689186999,
    -90.39582220493));
#5778 = CARTESIAN_POINT('',(-4.869212046764,-8.467810811001,
    -90.4374888437));
#5779 = CARTESIAN_POINT('',(-6.298737430154,-7.516493447661,
    -90.47915549883));
#5780 = CARTESIAN_POINT('',(-7.516492310539,-6.298736561967,
    -90.52082222507));
#5781 = CARTESIAN_POINT('',(-8.467808706483,-4.869209784693,
    -90.56248892145));
#5782 = CARTESIAN_POINT('',(-9.114687613495,-3.294525757372,
    -90.6041555854));
#5783 = CARTESIAN_POINT('',(-9.761566443985,2.820797732949E-07,
    -90.68748887859));
#5784 = CARTESIAN_POINT('',(-9.114687604408,3.294526319747,
    -90.77082217178));
#5785 = CARTESIAN_POINT('',(-8.467809982174,4.869209004091,
    -90.81248883261));
#5786 = CARTESIAN_POINT('',(-7.516488474056,6.298740526084,
    -90.85415554012));
#5787 = CARTESIAN_POINT('',(-6.298740336209,7.516490181495,
    -90.89582225034));
#5788 = CARTESIAN_POINT('',(-4.869210192378,8.467812256089,
    -90.93748891659));
#5789 = CARTESIAN_POINT('',(-3.294527660498,9.114689341786,
    -90.97915555225));
#5790 = CARTESIAN_POINT('',(-1.52813014826E-07,9.761565818024,
    -91.06248885925));
#5791 = CARTESIAN_POINT('',(3.294528064857,9.114685363775,
    -91.14582222507));
#5792 = CARTESIAN_POINT('',(4.869212282196,8.46780648597,-91.18748892997
    ));
#5793 = CARTESIAN_POINT('',(6.298739995126,7.516493082174,
    -91.22915556871));
#5794 = CARTESIAN_POINT('',(7.516489141244,6.298739621701,
    -91.27082224622));
#5795 = CARTESIAN_POINT('',(8.467811899238,4.869224058718,
    -91.31248845601));
#5796 = CARTESIAN_POINT('',(9.114686404892,3.294514163254,
    -91.35415541338));
#5797 = CARTESIAN_POINT('',(9.438125065082,1.647263160366,
    -91.39582313045));
#5798 = CARTESIAN_POINT('',(9.43812829188,-2.77045929545E-07,
    -91.43748839506));
#5799 = ADVANCED_FACE('',(#5800),#5845,.F.);
#5800 = FACE_BOUND('',#5801,.F.);
#5801 = EDGE_LOOP('',(#5802,#5803,#5804,#5840));
#5802 = ORIENTED_EDGE('',*,*,#5521,.F.);
#5803 = ORIENTED_EDGE('',*,*,#5363,.T.);
#5804 = ORIENTED_EDGE('',*,*,#5805,.T.);
#5805 = EDGE_CURVE('',#5328,#5806,#5808,.T.);
#5806 = VERTEX_POINT('',#5807);
#5807 = CARTESIAN_POINT('',(10.250013553851,1.232696138102E-07,
    -92.09375516353));
#5808 = B_SPLINE_CURVE_WITH_KNOTS('',9,(#5809,#5810,#5811,#5812,#5813,
    #5814,#5815,#5816,#5817,#5818,#5819,#5820,#5821,#5822,#5823,#5824,
    #5825,#5826,#5827,#5828,#5829,#5830,#5831,#5832,#5833,#5834,#5835,
    #5836,#5837,#5838,#5839),.UNSPECIFIED.,.F.,.F.,(10,7,7,7,10),(0.,
    1.614938419963,3.229876839926,4.844815259889,6.459753679852),
  .UNSPECIFIED.);
#5809 = CARTESIAN_POINT('',(10.250012424369,1.129962221569E-07,
    -90.59375473322));
#5810 = CARTESIAN_POINT('',(10.250014081632,-1.788964861872,
    -90.63542202375));
#5811 = CARTESIAN_POINT('',(9.898748479194,-3.577917552918,
    -90.67708822303));
#5812 = CARTESIAN_POINT('',(9.196227527344,-5.288077029471,
    -90.71875476034));
#5813 = CARTESIAN_POINT('',(8.163075826274,-6.840571894782,
    -90.7604216303));
#5814 = CARTESIAN_POINT('',(6.840566112902,-8.163077098896,
    -90.80208829214));
#5815 = CARTESIAN_POINT('',(5.288070555524,-9.196224067305,
    -90.84375497124));
#5816 = CARTESIAN_POINT('',(3.577929340791,-9.898748292089,
    -90.88542162089));
#5817 = CARTESIAN_POINT('',(5.392571117022E-07,-10.60127441151,
    -90.96875493977));
#5818 = CARTESIAN_POINT('',(-3.577929060718,-9.898752468429,
    -91.05208828482));
#5819 = CARTESIAN_POINT('',(-5.288069637648,-9.196229754654,
    -91.09375496528));
#5820 = CARTESIAN_POINT('',(-6.840570940676,-8.163072448467,
    -91.13542163213));
#5821 = CARTESIAN_POINT('',(-8.163071550152,-6.840569595964,
    -91.17708827942));
#5822 = CARTESIAN_POINT('',(-9.196227054197,-5.288067687554,
    -91.21875492792));
#5823 = CARTESIAN_POINT('',(-9.898750448261,-3.577927825438,
    -91.26042159718));
#5824 = CARTESIAN_POINT('',(-10.60127517283,-1.184422030061E-07,
    -91.34375494837));
#5825 = CARTESIAN_POINT('',(-9.898750618867,3.577927622052,
    -91.42708829957));
#5826 = CARTESIAN_POINT('',(-9.196227277803,5.288067526738,
    -91.46875496883));
#5827 = CARTESIAN_POINT('',(-8.163071697618,6.840569430696,
    -91.51042161732));
#5828 = CARTESIAN_POINT('',(-6.840571062469,8.163072228237,
    -91.55208826462));
#5829 = CARTESIAN_POINT('',(-5.288069833743,9.196229538664,
    -91.59375493146));
#5830 = CARTESIAN_POINT('',(-3.577929287737,9.898752370672,
    -91.63542161193));
#5831 = CARTESIAN_POINT('',(2.975867524006E-07,10.601274456321,
    -91.71875495698));
#5832 = CARTESIAN_POINT('',(3.577929113772,9.898748343565,
    -91.80208827586));
#5833 = CARTESIAN_POINT('',(5.288070285221,9.196224115519,
    -91.84375492551));
#5834 = CARTESIAN_POINT('',(6.840566049518,8.163077028929,-91.8854216046
    ));
#5835 = CARTESIAN_POINT('',(8.163075176956,6.840572335414,
    -91.92708826646));
#5836 = CARTESIAN_POINT('',(9.196228494716,5.288077958645,
    -91.96875513639));
#5837 = CARTESIAN_POINT('',(9.898748743497,3.577917138021,
    -92.01042167373));
#5838 = CARTESIAN_POINT('',(10.250011894787,1.788965098137,
    -92.05208787299));
#5839 = CARTESIAN_POINT('',(10.250013553851,1.232695829297E-07,
    -92.09375516353));
#5840 = ORIENTED_EDGE('',*,*,#5841,.F.);
#5841 = EDGE_CURVE('',#5522,#5806,#5842,.T.);
#5842 = B_SPLINE_CURVE_WITH_KNOTS('',1,(#5843,#5844),.UNSPECIFIED.,.F.,
  .F.,(2,2),(0.,0.9375),.PIECEWISE_BEZIER_KNOTS.);
#5843 = CARTESIAN_POINT('',(9.438105056616,-2.77051674283E-07,
    -92.56248839482));
#5844 = CARTESIAN_POINT('',(10.250013553851,1.232695829297E-07,
    -92.09375516353));
#5845 = B_SPLINE_SURFACE_WITH_KNOTS('',1,9,(
    (#5846,#5847,#5848,#5849,#5850,#5851,#5852,#5853,#5854,#5855,#5856
      ,#5857,#5858,#5859,#5860,#5861,#5862,#5863,#5864,#5865,#5866,#5867
      ,#5868,#5869,#5870,#5871,#5872,#5873,#5874,#5875,#5876)
    ,(#5877,#5878,#5879,#5880,#5881,#5882,#5883,#5884,#5885,#5886,#5887
      ,#5888,#5889,#5890,#5891,#5892,#5893,#5894,#5895,#5896,#5897,#5898
      ,#5899,#5900,#5901,#5902,#5903,#5904,#5905,#5906,#5907
  )),.UNSPECIFIED.,.F.,.F.,.F.,(2,2),(10,7,7,7,10),(0.,0.9375),(0.,
    1.614938419963,3.229876839926,4.844815259889,6.459753679852),
  .UNSPECIFIED.);
#5846 = CARTESIAN_POINT('',(9.438104733885,-2.539639405441E-07,
    -91.06248936191));
#5847 = CARTESIAN_POINT('',(9.438105157459,-1.64725980501,
    -91.10415462647));
#5848 = CARTESIAN_POINT('',(9.114664319179,-3.294507638307,
    -91.14582234359));
#5849 = CARTESIAN_POINT('',(8.467790402507,-4.869212227799,
    -91.18748930095));
#5850 = CARTESIAN_POINT('',(7.516471615207,-6.298724895528,
    -91.22915551076));
#5851 = CARTESIAN_POINT('',(6.298724569264,-7.516475963249,
    -91.27082218824));
#5852 = CARTESIAN_POINT('',(4.869200384654,-8.467786866245,
    -91.31248882699));
#5853 = CARTESIAN_POINT('',(3.294519778043,-9.11466408052,
    -91.35415553189));
#5854 = CARTESIAN_POINT('',(-7.051211509393E-07,-9.761542736616,
    -91.43748889771));
#5855 = CARTESIAN_POINT('',(-3.294520401943,-9.114667669849,
    -91.52082220471));
#5856 = CARTESIAN_POINT('',(-4.869199199134,-8.467792111795,
    -91.56248884036));
#5857 = CARTESIAN_POINT('',(-6.298725974485,-7.516472165165,
    -91.60415550662));
#5858 = CARTESIAN_POINT('',(-7.51647110665,-6.298725216587,
    -91.64582221684));
#5859 = CARTESIAN_POINT('',(-8.467790162004,-4.869196981402,
    -91.68748892435));
#5860 = CARTESIAN_POINT('',(-9.114666184999,-3.294518005916,
    -91.72915558518));
#5861 = CARTESIAN_POINT('',(-9.761543413778,2.756749568764E-07,
    -91.81248887837));
#5862 = CARTESIAN_POINT('',(-9.114666024822,3.294518525815,
    -91.89582217156));
#5863 = CARTESIAN_POINT('',(-8.467789917111,4.869197472443,
    -91.93748883239));
#5864 = CARTESIAN_POINT('',(-7.516470749347,6.298725646028,
    -91.9791555399));
#5865 = CARTESIAN_POINT('',(-6.298725532623,7.516472501676,
    -92.02082225012));
#5866 = CARTESIAN_POINT('',(-4.869198718174,8.467792358864,
    -92.06248891637));
#5867 = CARTESIAN_POINT('',(-3.294519888796,9.114667850841,
    -92.10415555203));
#5868 = CARTESIAN_POINT('',(-1.551389259854E-07,9.761542749417,
    -92.18748885903));
#5869 = CARTESIAN_POINT('',(3.294520291189,9.114663886304,
    -92.27082222485));
#5870 = CARTESIAN_POINT('',(4.86920084441,8.467786571237,-92.31248892975
    ));
#5871 = CARTESIAN_POINT('',(6.298725027817,7.516475543822,-92.3541555685
    ));
#5872 = CARTESIAN_POINT('',(7.516471829115,6.298724544764,
    -92.39582224598));
#5873 = CARTESIAN_POINT('',(8.467790987698,4.869211956305,
    -92.43748845579));
#5874 = CARTESIAN_POINT('',(9.114664603623,3.294506941743,
    -92.47915541315));
#5875 = CARTESIAN_POINT('',(9.438104637067,1.647259273994,
    -92.52082313027));
#5876 = CARTESIAN_POINT('',(9.438105056616,-2.77051674283E-07,
    -92.56248839482));
#5877 = CARTESIAN_POINT('',(10.250012424369,1.129962221569E-07,
    -90.59375473322));
#5878 = CARTESIAN_POINT('',(10.250014081632,-1.788964861872,
    -90.63542202375));
#5879 = CARTESIAN_POINT('',(9.898748479194,-3.577917552918,
    -90.67708822303));
#5880 = CARTESIAN_POINT('',(9.196227527344,-5.288077029471,
    -90.71875476034));
#5881 = CARTESIAN_POINT('',(8.163075826274,-6.840571894782,
    -90.7604216303));
#5882 = CARTESIAN_POINT('',(6.840566112902,-8.163077098896,
    -90.80208829214));
#5883 = CARTESIAN_POINT('',(5.288070555524,-9.196224067305,
    -90.84375497124));
#5884 = CARTESIAN_POINT('',(3.577929340791,-9.898748292089,
    -90.88542162089));
#5885 = CARTESIAN_POINT('',(5.392571117022E-07,-10.60127441151,
    -90.96875493977));
#5886 = CARTESIAN_POINT('',(-3.577929060718,-9.898752468429,
    -91.05208828482));
#5887 = CARTESIAN_POINT('',(-5.288069637648,-9.196229754654,
    -91.09375496528));
#5888 = CARTESIAN_POINT('',(-6.840570940676,-8.163072448467,
    -91.13542163213));
#5889 = CARTESIAN_POINT('',(-8.163071550152,-6.840569595964,
    -91.17708827942));
#5890 = CARTESIAN_POINT('',(-9.196227054197,-5.288067687554,
    -91.21875492792));
#5891 = CARTESIAN_POINT('',(-9.898750448261,-3.577927825438,
    -91.26042159718));
#5892 = CARTESIAN_POINT('',(-10.60127517283,-1.184422030061E-07,
    -91.34375494837));
#5893 = CARTESIAN_POINT('',(-9.898750618867,3.577927622052,
    -91.42708829957));
#5894 = CARTESIAN_POINT('',(-9.196227277803,5.288067526738,
    -91.46875496883));
#5895 = CARTESIAN_POINT('',(-8.163071697618,6.840569430696,
    -91.51042161732));
#5896 = CARTESIAN_POINT('',(-6.840571062469,8.163072228237,
    -91.55208826462));
#5897 = CARTESIAN_POINT('',(-5.288069833743,9.196229538664,
    -91.59375493146));
#5898 = CARTESIAN_POINT('',(-3.577929287737,9.898752370672,
    -91.63542161193));
#5899 = CARTESIAN_POINT('',(2.975867524006E-07,10.601274456321,
    -91.71875495698));
#5900 = CARTESIAN_POINT('',(3.577929113772,9.898748343565,
    -91.80208827586));
#5901 = CARTESIAN_POINT('',(5.288070285221,9.196224115519,
    -91.84375492551));
#5902 = CARTESIAN_POINT('',(6.840566049518,8.163077028929,-91.8854216046
    ));
#5903 = CARTESIAN_POINT('',(8.163075176956,6.840572335414,
    -91.92708826646));
#5904 = CARTESIAN_POINT('',(9.196228494716,5.288077958645,
    -91.96875513639));
#5905 = CARTESIAN_POINT('',(9.898748743497,3.577917138021,
    -92.01042167373));
#5906 = CARTESIAN_POINT('',(10.250011894787,1.788965098137,
    -92.05208787299));
#5907 = CARTESIAN_POINT('',(10.250013553851,1.232695829297E-07,
    -92.09375516353));
#5908 = ADVANCED_FACE('',(#5909),#5919,.F.);
#5909 = FACE_BOUND('',#5910,.F.);
#5910 = EDGE_LOOP('',(#5911,#5912,#5913,#5914));
#5911 = ORIENTED_EDGE('',*,*,#5805,.F.);
#5912 = ORIENTED_EDGE('',*,*,#5437,.T.);
#5913 = ORIENTED_EDGE('',*,*,#5704,.T.);
#5914 = ORIENTED_EDGE('',*,*,#5915,.F.);
#5915 = EDGE_CURVE('',#5806,#5705,#5916,.T.);
#5916 = B_SPLINE_CURVE_WITH_KNOTS('',1,(#5917,#5918),.UNSPECIFIED.,.F.,
  .F.,(2,2),(0.,0.1875),.PIECEWISE_BEZIER_KNOTS.);
#5917 = CARTESIAN_POINT('',(10.250013553851,1.232695848067E-07,
    -92.09375516353));
#5918 = CARTESIAN_POINT('',(10.250017426395,1.232705387103E-07,
    -91.90625516357));
#5919 = B_SPLINE_SURFACE_WITH_KNOTS('',1,11,(
    (#5920,#5921,#5922,#5923,#5924,#5925,#5926,#5927,#5928,#5929,#5930
      ,#5931,#5932,#5933,#5934,#5935,#5936,#5937,#5938,#5939,#5940)
    ,(#5941,#5942,#5943,#5944,#5945,#5946,#5947,#5948,#5949,#5950,#5951
      ,#5952,#5953,#5954,#5955,#5956,#5957,#5958,#5959,#5960,#5961
  )),.UNSPECIFIED.,.F.,.F.,.F.,(2,2),(12,9,12),(0.,0.1875),(0.,
    3.229876839926,6.459753679852),.UNSPECIFIED.);
#5920 = CARTESIAN_POINT('',(10.250012424369,1.129962257096E-07,
    -90.59375473322));
#5921 = CARTESIAN_POINT('',(10.250015136253,-2.927397118606,
    -90.66193757227));
#5922 = CARTESIAN_POINT('',(9.330336295468,-5.854762188931,
    -90.73011755422));
#5923 = CARTESIAN_POINT('',(7.491026984361,-8.46124306932,
    -90.79830052761));
#5924 = CARTESIAN_POINT('',(4.858037530667,-10.42542186837,
    -90.86648337965));
#5925 = CARTESIAN_POINT('',(1.683674999223,-11.48332230407,
    -90.9346625261));
#5926 = CARTESIAN_POINT('',(-1.683657868477,-11.48334654064,
    -91.00284672655));
#5927 = CARTESIAN_POINT('',(-4.858068624458,-10.42548366939,
    -91.07102747362));
#5928 = CARTESIAN_POINT('',(-7.491006304766,-8.461165321959,
    -91.13920952972));
#5929 = CARTESIAN_POINT('',(-9.330344094929,-5.854790908814,
    -91.20739128278));
#5930 = CARTESIAN_POINT('',(-11.16968147188,-1.319938179518E-07,
    -91.34375494837));
#5931 = CARTESIAN_POINT('',(-9.330344374101,5.854790732531,
    -91.48011861396));
#5932 = CARTESIAN_POINT('',(-7.491007376522,8.461165179737,
    -91.54830036705));
#5933 = CARTESIAN_POINT('',(-4.858064353491,10.425484247259,
    -91.61648242306));
#5934 = CARTESIAN_POINT('',(-1.683667418596,11.483342265264,
    -91.68466317034));
#5935 = CARTESIAN_POINT('',(1.683685716762,11.483331358279,
    -91.75284737045));
#5936 = CARTESIAN_POINT('',(4.858030663802,10.425411719236,
    -91.82102651727));
#5937 = CARTESIAN_POINT('',(7.491025789766,8.461249620726,
    -91.88920936904));
#5938 = CARTESIAN_POINT('',(9.330341671814,5.854760720334,
    -91.95739234256));
#5939 = CARTESIAN_POINT('',(10.250010839019,2.927397354871,
    -92.02557232447));
#5940 = CARTESIAN_POINT('',(10.250013553851,1.232695848067E-07,
    -92.09375516353));
#5941 = CARTESIAN_POINT('',(10.250015974201,1.129968492108E-07,
    -90.40625473326));
#5942 = CARTESIAN_POINT('',(10.250019451695,-2.927398178523,
    -90.47443757232));
#5943 = CARTESIAN_POINT('',(9.330338886337,-5.854764549281,
    -90.54261755425));
#5944 = CARTESIAN_POINT('',(7.491029839442,-8.461245221475,
    -90.61080052764));
#5945 = CARTESIAN_POINT('',(4.858040236183,-10.42542710924,
    -90.67898337972));
#5946 = CARTESIAN_POINT('',(1.683674039961,-11.48332517352,
    -90.74716252609));
#5947 = CARTESIAN_POINT('',(-1.683657151529,-11.48335130388,
    -90.81534672662));
#5948 = CARTESIAN_POINT('',(-4.858071027924,-10.42548734543,
    -90.88352747365));
#5949 = CARTESIAN_POINT('',(-7.491008891748,-8.461168381135,
    -90.95170952976));
#5950 = CARTESIAN_POINT('',(-9.330347452531,-5.8547930231,
    -91.01989128282));
#5951 = CARTESIAN_POINT('',(-11.16968551605,-1.329265162224E-07,
    -91.15625494841));
#5952 = CARTESIAN_POINT('',(-9.33034777291,5.854792857897,-91.292618614)
  );
#5953 = CARTESIAN_POINT('',(-7.491010214,8.461168247611,-91.36080036708)
  );
#5954 = CARTESIAN_POINT('',(-4.858065468013,10.425488120406,
    -91.42898242311));
#5955 = CARTESIAN_POINT('',(-1.683669354644,11.483345818046,
    -91.49716317036));
#5956 = CARTESIAN_POINT('',(1.683687895298,11.48333680357,
    -91.56534737051));
#5957 = CARTESIAN_POINT('',(4.858031476004,10.425414028337,
    -91.63352651729));
#5958 = CARTESIAN_POINT('',(7.491028359252,8.461253595393,
    -91.70170936908));
#5959 = CARTESIAN_POINT('',(9.330345837351,5.854762599635,
    -91.76989234261));
#5960 = CARTESIAN_POINT('',(10.25001394595,2.92739841479,-91.8380723245)
  );
#5961 = CARTESIAN_POINT('',(10.250017426395,1.232705387103E-07,
    -91.90625516357));
#5962 = ADVANCED_FACE('',(#5963),#5982,.T.);
#5963 = FACE_BOUND('',#5964,.T.);
#5964 = EDGE_LOOP('',(#5965,#5966,#5973,#5980,#5981));
#5965 = ORIENTED_EDGE('',*,*,#5488,.T.);
#5966 = ORIENTED_EDGE('',*,*,#5967,.F.);
#5967 = EDGE_CURVE('',#5968,#5491,#5970,.T.);
#5968 = VERTEX_POINT('',#5969);
#5969 = CARTESIAN_POINT('',(18.,0.,-136.25));
#5970 = B_SPLINE_CURVE_WITH_KNOTS('',1,(#5971,#5972),.UNSPECIFIED.,.F.,
  .F.,(2,2),(-39.,-29.),.PIECEWISE_BEZIER_KNOTS.);
#5971 = CARTESIAN_POINT('',(18.,-4.41E-15,-136.25));
#5972 = CARTESIAN_POINT('',(18.,-4.41E-15,-126.25));
#5973 = ORIENTED_EDGE('',*,*,#5974,.T.);
#5974 = EDGE_CURVE('',#5968,#5968,#5975,.T.);
#5975 = CIRCLE('',#5976,18.);
#5976 = AXIS2_PLACEMENT_3D('',#5977,#5978,#5979);
#5977 = CARTESIAN_POINT('',(2.007319481262E-14,0.,-136.25));
#5978 = DIRECTION('',(-2.324646799147E-16,0.,1.));
#5979 = DIRECTION('',(1.,0.,2.324646799147E-16));
#5980 = ORIENTED_EDGE('',*,*,#5967,.T.);
#5981 = ORIENTED_EDGE('',*,*,#5499,.T.);
#5982 = CYLINDRICAL_SURFACE('',#5983,18.);
#5983 = AXIS2_PLACEMENT_3D('',#5984,#5985,#5986);
#5984 = CARTESIAN_POINT('',(1.101707229595E-14,0.,-97.25));
#5985 = DIRECTION('',(-2.324646799147E-16,0.,1.));
#5986 = DIRECTION('',(1.,0.,2.324646799147E-16));
#5987 = ADVANCED_FACE('',(#5988),#6165,.F.);
#5988 = FACE_BOUND('',#5989,.T.);
#5989 = EDGE_LOOP('',(#5990,#6074,#6075,#6159));
#5990 = ORIENTED_EDGE('',*,*,#5991,.F.);
#5991 = EDGE_CURVE('',#5522,#5992,#5994,.T.);
#5992 = VERTEX_POINT('',#5993);
#5993 = CARTESIAN_POINT('',(9.5,-1.335390014354E-07,-94.02675439831));
#5994 = B_SPLINE_CURVE_WITH_KNOTS('',8,(#5995,#5996,#5997,#5998,#5999,
    #6000,#6001,#6002,#6003,#6004,#6005,#6006,#6007,#6008,#6009,#6010,
    #6011,#6012,#6013,#6014,#6015,#6016,#6017,#6018,#6019,#6020,#6021,
    #6022,#6023,#6024,#6025,#6026,#6027,#6028,#6029,#6030,#6031,#6032,
    #6033,#6034,#6035,#6036,#6037,#6038,#6039,#6040,#6041,#6042,#6043,
    #6044,#6045,#6046,#6047,#6048,#6049,#6050,#6051,#6052,#6053,#6054,
    #6055,#6056,#6057,#6058,#6059,#6060,#6061,#6062,#6063,#6064,#6065,
    #6066,#6067,#6068,#6069,#6070,#6071,#6072,#6073),.UNSPECIFIED.,.F.,
  .F.,(9,7,7,7,7,7,7,7,7,7,7,9),(0.,4.854762232261E-02,0.121286188037,
    0.213278313396,0.318474567466,0.424349503844,0.554128372206,
    0.685019956987,0.789055774446,0.88047364025,0.958482933337,1.),
  .UNSPECIFIED.);
#5995 = CARTESIAN_POINT('',(9.5,-2.465336024216E-07,-92.52675503704));
#5996 = CARTESIAN_POINT('',(9.5,-0.362180882567,-92.53585633243));
#5997 = CARTESIAN_POINT('',(9.484219568951,-0.724366891731,
    -92.54495780202));
#5998 = CARTESIAN_POINT('',(9.452657902374,-1.085748245438,
    -92.55405921205));
#5999 = CARTESIAN_POINT('',(9.40536499109,-1.445522344286,
    -92.56316055985));
#6000 = CARTESIAN_POINT('',(9.342438926752,-1.802893785623,
    -92.5722619444));
#6001 = CARTESIAN_POINT('',(9.264024989322,-2.157074404562,
    -92.58136345427));
#6002 = CARTESIAN_POINT('',(9.170316516468,-2.507283588464,
    -92.59046507295));
#6003 = CARTESIAN_POINT('',(8.898604757298,-3.370357091761,
    -92.61320335872));
#6004 = CARTESIAN_POINT('',(8.701849503918,-3.877366072254,
    -92.62684122252));
#6005 = CARTESIAN_POINT('',(8.472111555342,-4.371142372367,
    -92.64047872934));
#6006 = CARTESIAN_POINT('',(8.210448094328,-4.849187942961,
    -92.65411570791));
#6007 = CARTESIAN_POINT('',(7.9181269202,-5.309126706676,-92.66775265223
    ));
#6008 = CARTESIAN_POINT('',(7.596616807941,-5.748701282871,
    -92.68139007731));
#6009 = CARTESIAN_POINT('',(7.247595031986,-6.165779850593,
    -92.69502785765));
#6010 = CARTESIAN_POINT('',(6.399188119739,-7.054884066701,
    -92.72591080771));
#6011 = CARTESIAN_POINT('',(5.884321746623,-7.512372426045,
    -92.74316012826));
#6012 = CARTESIAN_POINT('',(5.332250299559,-7.926724035147,
    -92.76040789697));
#6013 = CARTESIAN_POINT('',(4.74723327841,-8.294455950718,
    -92.77765382527));
#6014 = CARTESIAN_POINT('',(4.133845006162,-8.612617081579,
    -92.79489977553));
#6015 = CARTESIAN_POINT('',(3.496946956724,-8.878758052204,
    -92.81214759687));
#6016 = CARTESIAN_POINT('',(2.841699723088,-9.09097032687,
    -92.82939697025));
#6017 = CARTESIAN_POINT('',(1.409635650923,-9.42755740676,
    -92.86636500937));
#6018 = CARTESIAN_POINT('',(0.628459335648,-9.535048238431,
    -92.88609323734));
#6019 = CARTESIAN_POINT('',(-0.161617269528,-9.568437352199,
    -92.90581827854));
#6020 = CARTESIAN_POINT('',(-0.95237366292,-9.527006696831,
    -92.92554060776));
#6021 = CARTESIAN_POINT('',(-1.735683442398,-9.411084744941,
    -92.94526293836));
#6022 = CARTESIAN_POINT('',(-2.503516128955,-9.221958230953,
    -92.96498795282));
#6023 = CARTESIAN_POINT('',(-3.247956176883,-8.961958030733,
    -92.98471609152));
#6024 = CARTESIAN_POINT('',(-4.679190008245,-8.305363592012,
    -93.02428679106));
#6025 = CARTESIAN_POINT('',(-5.366047702707,-7.907684743293,
    -93.04414217573));
#6026 = CARTESIAN_POINT('',(-6.01389225768,-7.445239790298,
    -93.06399412629));
#6027 = CARTESIAN_POINT('',(-6.615662601599,-6.922603742002,
    -93.08384312361));
#6028 = CARTESIAN_POINT('',(-7.165034400481,-6.345138066954,
    -93.10369212665));
#6029 = CARTESIAN_POINT('',(-7.656365076493,-5.718917613655,
    -93.12354410223));
#6030 = CARTESIAN_POINT('',(-8.084764315151,-5.050788843638,
    -93.14339953491));
#6031 = CARTESIAN_POINT('',(-8.889495810762,-3.487729968078,
    -93.18757889978));
#6032 = CARTESIAN_POINT('',(-9.232742244236,-2.574669026703,
    -93.21192733993));
#6033 = CARTESIAN_POINT('',(-9.468268859636,-1.623841562322,
    -93.23626586753));
#6034 = CARTESIAN_POINT('',(-9.591691819793,-0.650160342888,
    -93.26059715598));
#6035 = CARTESIAN_POINT('',(-9.600793497152,0.331270005417,
    -93.28492855175));
#6036 = CARTESIAN_POINT('',(-9.495732913321,1.305183700231,
    -93.30926689756));
#6037 = CARTESIAN_POINT('',(-9.278841351809,2.256212866744,
    -93.33361516906));
#6038 = CARTESIAN_POINT('',(-8.630145921451,4.089513056951,
    -93.38248443871));
#6039 = CARTESIAN_POINT('',(-8.196023267335,4.972515295755,
    -93.40704213855));
#6040 = CARTESIAN_POINT('',(-7.65885799013,5.801929040967,-93.4315894356
    ));
#6041 = CARTESIAN_POINT('',(-7.026737506941,6.564007085314,
    -93.45612972756));
#6042 = CARTESIAN_POINT('',(-6.309418551758,7.246497374177,
    -93.48067000125));
#6043 = CARTESIAN_POINT('',(-5.518461178529,7.838832264775,
    -93.5052175026));
#6044 = CARTESIAN_POINT('',(-4.667030913693,8.332007887723,
    -93.52977538939));
#6045 = CARTESIAN_POINT('',(-3.058373168242,9.027665373955,
    -93.57381854635));
#6046 = CARTESIAN_POINT('',(-2.317008648903,9.269310342058,
    -93.59332860805));
#6047 = CARTESIAN_POINT('',(-1.554208276384,9.441190892107,
    -93.61283543997));
#6048 = CARTESIAN_POINT('',(-0.777670712729,9.541207306641,
    -93.63233946386));
#6049 = CARTESIAN_POINT('',(4.813734231749E-03,9.568261355755,
    -93.65184349746));
#6050 = CARTESIAN_POINT('',(0.785379829696,9.522175293217,
    -93.67135032745));
#6051 = CARTESIAN_POINT('',(1.556090638037,9.403774255677,
    -93.69086033672));
#6052 = CARTESIAN_POINT('',(2.970512709298,9.049374665966,
    -93.72750316002));
#6053 = CARTESIAN_POINT('',(3.618590217885,8.829305589487,
    -93.74464500865));
#6054 = CARTESIAN_POINT('',(4.247802244891,8.556242698599,
    -93.76178560115));
#6055 = CARTESIAN_POINT('',(4.853110964873,8.232128578421,
    -93.77892455332));
#6056 = CARTESIAN_POINT('',(5.429777241585,7.859429530069,
    -93.79606351534));
#6057 = CARTESIAN_POINT('',(5.973348601176,7.441098006383,
    -93.81320412652));
#6058 = CARTESIAN_POINT('',(6.47968621582,6.980601354403,-93.83034597908
    ));
#6059 = CARTESIAN_POINT('',(7.342121875122,6.056561476307,
    -93.86210942378));
#6060 = CARTESIAN_POINT('',(7.709464951059,5.603263026001,
    -93.87673557491));
#6061 = CARTESIAN_POINT('',(8.044721326702,5.124607725243,
    -93.89136099363));
#6062 = CARTESIAN_POINT('',(8.345869740481,4.62326513337,-93.9059855476)
  );
#6063 = CARTESIAN_POINT('',(8.611168486861,4.102063324618,
    -93.92061009444));
#6064 = CARTESIAN_POINT('',(8.839143793639,3.563978743088,
    -93.93523551732));
#6065 = CARTESIAN_POINT('',(9.028604557816,3.012140745555,
    -93.94986172465));
#6066 = CARTESIAN_POINT('',(9.258556423261,2.150596385675,
    -93.97227007758));
#6067 = CARTESIAN_POINT('',(9.32727940917,1.848363472228,-93.98005362923
    ));
#6068 = CARTESIAN_POINT('',(9.384722316754,1.543640181874,
    -93.98783717954));
#6069 = CARTESIAN_POINT('',(9.430781010492,1.236918245015,
    -93.99562070467));
#6070 = CARTESIAN_POINT('',(9.465377317697,0.928692919902,
    -94.00340421107));
#6071 = CARTESIAN_POINT('',(9.488459045861,0.619462880163,
    -94.01118770028));
#6072 = CARTESIAN_POINT('',(9.5,0.30973010235,-94.01897113378));
#6073 = CARTESIAN_POINT('',(9.5,-2.465336326196E-07,-94.02675439779));
#6074 = ORIENTED_EDGE('',*,*,#5690,.T.);
#6075 = ORIENTED_EDGE('',*,*,#6076,.T.);
#6076 = EDGE_CURVE('',#5607,#6077,#6079,.T.);
#6077 = VERTEX_POINT('',#6078);
#6078 = CARTESIAN_POINT('',(9.5,-1.438149628381E-07,-94.47320748751));
#6079 = B_SPLINE_CURVE_WITH_KNOTS('',8,(#6080,#6081,#6082,#6083,#6084,
    #6085,#6086,#6087,#6088,#6089,#6090,#6091,#6092,#6093,#6094,#6095,
    #6096,#6097,#6098,#6099,#6100,#6101,#6102,#6103,#6104,#6105,#6106,
    #6107,#6108,#6109,#6110,#6111,#6112,#6113,#6114,#6115,#6116,#6117,
    #6118,#6119,#6120,#6121,#6122,#6123,#6124,#6125,#6126,#6127,#6128,
    #6129,#6130,#6131,#6132,#6133,#6134,#6135,#6136,#6137,#6138,#6139,
    #6140,#6141,#6142,#6143,#6144,#6145,#6146,#6147,#6148,#6149,#6150,
    #6151,#6152,#6153,#6154,#6155,#6156,#6157,#6158),.UNSPECIFIED.,.F.,
  .F.,(9,7,7,7,7,7,7,7,7,7,7,9),(0.,5.293663030389E-02,0.121412459259,
    0.214234351748,0.32058723186,0.410319394965,0.548253396425,
    0.686213236989,0.790057420408,0.881959230071,0.961407052429,1.),
  .UNSPECIFIED.);
#6080 = CARTESIAN_POINT('',(9.5,-2.670834415852E-07,-92.97320961688));
#6081 = CARTESIAN_POINT('',(9.5,-0.394917430403,-92.98313305036));
#6082 = CARTESIAN_POINT('',(9.481237942082,-0.789842878146,
    -92.99305708341));
#6083 = CARTESIAN_POINT('',(9.443712478801,-1.183724510213,
    -93.0029812998));
#6084 = CARTESIAN_POINT('',(9.387494557311,-1.575521749956,
    -93.01290554545));
#6085 = CARTESIAN_POINT('',(9.312722905509,-1.964205088138,
    -93.02282983115));
#6086 = CARTESIAN_POINT('',(9.219602496282,-2.348756127004,
    -93.03275421214));
#6087 = CARTESIAN_POINT('',(9.10840598987,-2.728168124481,-93.0426786445
    ));
#6088 = CARTESIAN_POINT('',(8.812704403083,-3.584299515554,
    -93.06544016816));
#6089 = CARTESIAN_POINT('',(8.616247243586,-4.056931330227,
    -93.07827818108));
#6090 = CARTESIAN_POINT('',(8.390850100658,-4.517171003707,
    -93.09111576756));
#6091 = CARTESIAN_POINT('',(8.137439168749,-4.962955177995,
    -93.1039528914));
#6092 = CARTESIAN_POINT('',(7.857104805709,-5.39231895752,
    -93.11679002548));
#6093 = CARTESIAN_POINT('',(7.551094828889,-5.803393502301,
    -93.12962762657));
#6094 = CARTESIAN_POINT('',(7.220819713556,-6.19441087268,
    -93.14246562981));
#6095 = CARTESIAN_POINT('',(6.38943096124,-7.06432507048,-93.17270451148
    ));
#6096 = CARTESIAN_POINT('',(5.869195188457,-7.525175729294,
    -93.19010953616));
#6097 = CARTESIAN_POINT('',(5.311150530491,-7.942041575561,
    -93.20751321557));
#6098 = CARTESIAN_POINT('',(4.719680395571,-8.311353129705,
    -93.22491511185));
#6099 = CARTESIAN_POINT('',(4.099492658499,-8.630092988246,
    -93.24231699315));
#6100 = CARTESIAN_POINT('',(3.455590538831,-8.895763983066,-93.259720642
    ));
#6101 = CARTESIAN_POINT('',(2.793285143688,-9.106430470748,
    -93.27712564896));
#6102 = CARTESIAN_POINT('',(1.344811811289,-9.437742819923,
    -93.3144654207));
#6103 = CARTESIAN_POINT('',(0.55422971098,-9.540887857972,
    -93.33441015394));
#6104 = CARTESIAN_POINT('',(-0.244902831675,-9.568217407507,
    -93.35435130199));
#6105 = CARTESIAN_POINT('',(-1.044084113122,-9.519055693593,
    -93.37428941236));
#6106 = CARTESIAN_POINT('',(-1.834921140705,-9.393818493689,
    -93.3942275587));
#6107 = CARTESIAN_POINT('',(-2.609130389557,-9.193919200823,
    -93.41416878924));
#6108 = CARTESIAN_POINT('',(-3.358558827634,-8.921860272199,
    -93.43411359233));
#6109 = CARTESIAN_POINT('',(-4.679958333359,-8.294342406551,
    -93.47087415368));
#6110 = CARTESIAN_POINT('',(-5.261633094187,-7.95843183623,
    -93.4876993743));
#6111 = CARTESIAN_POINT('',(-5.815541476277,-7.575993845697,
    -93.50452340312));
#6112 = CARTESIAN_POINT('',(-6.337367706667,-7.14975447279,
    -93.52134589207));
#6113 = CARTESIAN_POINT('',(-6.823161671971,-6.682863897574,
    -93.53816837668));
#6114 = CARTESIAN_POINT('',(-7.269321864664,-6.178865499173,
    -93.5549924028));
#6115 = CARTESIAN_POINT('',(-7.672623989873,-5.641716562542,
    -93.57181764434));
#6116 = CARTESIAN_POINT('',(-8.580098380319,-4.206041279367,
    -93.61449892776));
#6117 = CARTESIAN_POINT('',(-9.022743583617,-3.267341055942,
    -93.64038205485));
#6118 = CARTESIAN_POINT('',(-9.347228480331,-2.276386250426,
    -93.66625127292));
#6119 = CARTESIAN_POINT('',(-9.547003823567,-1.250676446536,
    -93.69211118703));
#6120 = CARTESIAN_POINT('',(-9.618175528089,-0.208119260284,
    -93.71797159285));
#6121 = CARTESIAN_POINT('',(-9.559893500958,0.832978899821,
    -93.74384075234));
#6122 = CARTESIAN_POINT('',(-9.373978397373,1.85402180513,
    -93.76972398151));
#6123 = CARTESIAN_POINT('',(-8.759521723088,3.818382214186,
    -93.8214465978));
#6124 = CARTESIAN_POINT('',(-8.33035504968,4.763538231829,
    -93.84733468452));
#6125 = CARTESIAN_POINT('',(-7.784834740464,5.652418435978,
    -93.87320877307));
#6126 = CARTESIAN_POINT('',(-7.132067620496,6.468695195388,
    -93.89907358971));
#6127 = CARTESIAN_POINT('',(-6.38319125095,7.197802084399,
    -93.92493844121));
#6128 = CARTESIAN_POINT('',(-5.551619016645,7.827236837418,
    -93.95081226705));
#6129 = CARTESIAN_POINT('',(-4.652714816584,8.346346860776,
    -93.97670013441));
#6130 = CARTESIAN_POINT('',(-2.991654359927,9.049870436079,
    -94.02203175348));
#6131 = CARTESIAN_POINT('',(-2.249927200643,9.285611885134,
    -94.04150569499));
#6132 = CARTESIAN_POINT('',(-1.487353802216,9.451695662646,
    -94.06097675901));
#6133 = CARTESIAN_POINT('',(-0.711604536903,9.546089267212,
    -94.08044523803));
#6134 = CARTESIAN_POINT('',(6.956617356484E-02,9.567754841923,
    -94.09991369908));
#6135 = CARTESIAN_POINT('',(0.848335732904,9.516569069232,
    -94.11938475199));
#6136 = CARTESIAN_POINT('',(1.616817197511,9.393404745938,
    -94.13885874719));
#6137 = CARTESIAN_POINT('',(3.031062120288,9.02954658147,-94.1755557124)
  );
#6138 = CARTESIAN_POINT('',(3.68107853714,8.803919995209,-94.19278782787
    ));
#6139 = CARTESIAN_POINT('',(4.311663239611,8.524866988561,
    -94.21001840251));
#6140 = CARTESIAN_POINT('',(4.917711905063,8.194397138561,
    -94.22724712052));
#6141 = CARTESIAN_POINT('',(5.494429250595,7.815052438375,
    -94.24447582295));
#6142 = CARTESIAN_POINT('',(6.037316328967,7.389868655755,
    -94.26170636441));
#6143 = CARTESIAN_POINT('',(6.542198646741,6.922404716879,
    -94.27893846008));
#6144 = CARTESIAN_POINT('',(7.405635481612,5.979786625765,
    -94.31106180566));
#6145 = CARTESIAN_POINT('',(7.774855483661,5.514141815614,
    -94.32595775288));
#6146 = CARTESIAN_POINT('',(8.110506428948,5.02255684777,-94.3408531336)
  );
#6147 = CARTESIAN_POINT('',(8.410485175609,4.507876303419,
    -94.35574775173));
#6148 = CARTESIAN_POINT('',(8.672991419432,3.973111152534,
    -94.37064240752));
#6149 = CARTESIAN_POINT('',(8.896514592121,3.421427625909,
    -94.38553787413));
#6150 = CARTESIAN_POINT('',(9.07985036016,2.856151988976,-94.40043388938
    ));
#6151 = CARTESIAN_POINT('',(9.291269274872,2.001301265001,-94.422563275)
  );
#6152 = CARTESIAN_POINT('',(9.350711765421,1.71941545963,-94.42979835113
    ));
#6153 = CARTESIAN_POINT('',(9.40037696827,1.435527479486,-94.43703338975
    ));
#6154 = CARTESIAN_POINT('',(9.440187074343,1.150033374739,
    -94.44426838254));
#6155 = CARTESIAN_POINT('',(9.470083693156,0.863331567555,
    -94.45150331427));
#6156 = CARTESIAN_POINT('',(9.490027852812,0.57582285209,-94.45873816278
    ));
#6157 = CARTESIAN_POINT('',(9.5,0.287910394496,-94.46597289902));
#6158 = CARTESIAN_POINT('',(9.5,-2.670832053298E-07,-94.47320748699));
#6159 = ORIENTED_EDGE('',*,*,#6160,.F.);
#6160 = EDGE_CURVE('',#5992,#6077,#6161,.T.);
#6161 = LINE('',#6162,#6163);
#6162 = CARTESIAN_POINT('',(9.5,0.,-74.75));
#6163 = VECTOR('',#6164,1.);
#6164 = DIRECTION('',(5.141040633873E-17,0.,-1.));
#6165 = CYLINDRICAL_SURFACE('',#6166,9.5);
#6166 = AXIS2_PLACEMENT_3D('',#6167,#6168,#6169);
#6167 = CARTESIAN_POINT('',(3.061616997868E-15,0.,-74.75));
#6168 = DIRECTION('',(1.224646799147E-16,0.,-1.));
#6169 = DIRECTION('',(1.,0.,1.224646799147E-16));
#6170 = ADVANCED_FACE('',(#6171),#6206,.F.);
#6171 = FACE_BOUND('',#6172,.F.);
#6172 = EDGE_LOOP('',(#6173,#6199,#6200,#6201));
#6173 = ORIENTED_EDGE('',*,*,#6174,.F.);
#6174 = EDGE_CURVE('',#5705,#6175,#6177,.T.);
#6175 = VERTEX_POINT('',#6176);
#6176 = CARTESIAN_POINT('',(10.250018878588,1.335444154423E-07,
    -93.40625559388));
#6177 = B_SPLINE_CURVE_WITH_KNOTS('',11,(#6178,#6179,#6180,#6181,#6182,
    #6183,#6184,#6185,#6186,#6187,#6188,#6189,#6190,#6191,#6192,#6193,
    #6194,#6195,#6196,#6197,#6198),.UNSPECIFIED.,.F.,.F.,(12,9,12),(0.,
    3.229876839926,6.459753679852),.UNSPECIFIED.);
#6178 = CARTESIAN_POINT('',(10.250017426395,1.232705653109E-07,
    -91.90625516357));
#6179 = CARTESIAN_POINT('',(10.250020906822,-2.927398582998,
    -91.97443800263));
#6180 = CARTESIAN_POINT('',(9.330340214103,-5.854765369419,
    -92.04261798455));
#6181 = CARTESIAN_POINT('',(7.491030909243,-8.461246412687,
    -92.11080095795));
#6182 = CARTESIAN_POINT('',(4.858040934874,-10.42542858152,
    -92.17898381004));
#6183 = CARTESIAN_POINT('',(1.683674290026,-11.48332679862,
    -92.2471629564));
#6184 = CARTESIAN_POINT('',(-1.68365737854,-11.4833529326,
    -92.31534715693));
#6185 = CARTESIAN_POINT('',(-4.85807170577,-10.42548882731,
    -92.38352790396));
#6186 = CARTESIAN_POINT('',(-7.491009944568,-8.461169587406,
    -92.45170996007));
#6187 = CARTESIAN_POINT('',(-9.33034876856,-5.854793861944,
    -92.51989171313));
#6188 = CARTESIAN_POINT('',(-11.16968709854,-1.441219457342E-07,
    -92.65625537872));
#6189 = CARTESIAN_POINT('',(-9.330349100676,5.854793678036,
    -92.79261904431));
#6190 = CARTESIAN_POINT('',(-7.491011283781,8.461169438867,
    -92.8608007974));
#6191 = CARTESIAN_POINT('',(-4.858066166758,10.425489592536,
    -92.9289828534));
#6192 = CARTESIAN_POINT('',(-1.683669604676,11.483347443409,
    -92.9971636007));
#6193 = CARTESIAN_POINT('',(1.683688122344,11.483338432024,
    -93.0653478008));
#6194 = CARTESIAN_POINT('',(4.858032153795,10.425415510379,
    -93.13352694762));
#6195 = CARTESIAN_POINT('',(7.491029412095,8.461254801611,
    -93.20170979937));
#6196 = CARTESIAN_POINT('',(9.330347153376,5.854763438481,
    -93.26989277293));
#6197 = CARTESIAN_POINT('',(10.25001539521,2.927398839811,-93.3380727548
    ));
#6198 = CARTESIAN_POINT('',(10.250018878588,1.335446402798E-07,
    -93.40625559388));
#6199 = ORIENTED_EDGE('',*,*,#5732,.T.);
#6200 = ORIENTED_EDGE('',*,*,#5606,.T.);
#6201 = ORIENTED_EDGE('',*,*,#6202,.F.);
#6202 = EDGE_CURVE('',#6175,#5607,#6203,.T.);
#6203 = B_SPLINE_CURVE_WITH_KNOTS('',1,(#6204,#6205),.UNSPECIFIED.,.F.,
  .F.,(2,2),(0.,0.9375),.PIECEWISE_BEZIER_KNOTS.);
#6204 = CARTESIAN_POINT('',(10.250018878588,1.335446428437E-07,
    -93.40625559388));
#6205 = CARTESIAN_POINT('',(9.438130550883,-3.001312045699E-07,
    -92.93748742801));
#6206 = B_SPLINE_SURFACE_WITH_KNOTS('',1,9,(
    (#6207,#6208,#6209,#6210,#6211,#6212,#6213,#6214,#6215,#6216,#6217
      ,#6218,#6219,#6220,#6221,#6222,#6223,#6224,#6225,#6226,#6227,#6228
      ,#6229,#6230,#6231,#6232,#6233,#6234,#6235,#6236,#6237)
    ,(#6238,#6239,#6240,#6241,#6242,#6243,#6244,#6245,#6246,#6247,#6248
      ,#6249,#6250,#6251,#6252,#6253,#6254,#6255,#6256,#6257,#6258,#6259
      ,#6260,#6261,#6262,#6263,#6264,#6265,#6266,#6267,#6268
  )),.UNSPECIFIED.,.F.,.F.,.F.,(2,2),(10,7,7,7,10),(0.,0.9375),(0.,
    1.614938419963,3.229876839926,4.844815259889,6.459753679852),
  .UNSPECIFIED.);
#6207 = CARTESIAN_POINT('',(10.250017426395,1.232705644227E-07,
    -91.90625516357));
#6208 = CARTESIAN_POINT('',(10.250019553322,-1.788965752782,
    -91.94792245411));
#6209 = CARTESIAN_POINT('',(9.898753419673,-3.577919437227,
    -91.98958865338));
#6210 = CARTESIAN_POINT('',(9.196232009577,-5.288079581596,
    -92.03125519068));
#6211 = CARTESIAN_POINT('',(8.163080015485,-6.840575296445,
    -92.07292206065));
#6212 = CARTESIAN_POINT('',(6.840569549132,-8.163081236662,
    -92.11458872249));
#6213 = CARTESIAN_POINT('',(5.288073236904,-9.196228705073,
    -92.15625540159));
#6214 = CARTESIAN_POINT('',(3.577931152908,-9.898753279365,
    -92.19792205124));
#6215 = CARTESIAN_POINT('',(5.495046384619E-07,-10.60127974544,
    -92.28125537012));
#6216 = CARTESIAN_POINT('',(-3.577930853317,-9.898757460634,
    -92.36458871517));
#6217 = CARTESIAN_POINT('',(-5.288073654568,-9.196232967679,
    -92.40625539425));
#6218 = CARTESIAN_POINT('',(-6.840570890641,-8.163080274743,
    -92.44792206605));
#6219 = CARTESIAN_POINT('',(-8.163079154084,-6.840569348378,
    -92.4895887062));
#6220 = CARTESIAN_POINT('',(-9.196230306872,-5.288071791559,
    -92.53125535965));
#6221 = CARTESIAN_POINT('',(-9.898755418518,-3.57792963418,
    -92.57292202753));
#6222 = CARTESIAN_POINT('',(-10.60128051316,-1.28000520768E-07,
    -92.65625537872));
#6223 = CARTESIAN_POINT('',(-9.898755621478,3.57792941803,
    -92.73958872992));
#6224 = CARTESIAN_POINT('',(-9.196231930176,5.288070188661,
    -92.78125539918));
#6225 = CARTESIAN_POINT('',(-8.163075815113,6.840572871676,
    -92.82292204767));
#6226 = CARTESIAN_POINT('',(-6.84057450707,8.163076324537,
    -92.86458869496));
#6227 = CARTESIAN_POINT('',(-5.288072504528,9.196234152464,
    -92.90625536181));
#6228 = CARTESIAN_POINT('',(-3.577931099853,9.898757351338,
    -92.94792204228));
#6229 = CARTESIAN_POINT('',(2.8735008216E-07,10.601279803048,
    -93.03125538733));
#6230 = CARTESIAN_POINT('',(3.577930906372,9.898753329157,
    -93.11458870621));
#6231 = CARTESIAN_POINT('',(5.288072931499,9.196228742839,
    -93.15625535586));
#6232 = CARTESIAN_POINT('',(6.840569505034,8.163081115363,
    -93.19792203495));
#6233 = CARTESIAN_POINT('',(8.163079211982,6.840575825581,
    -93.23958869681));
#6234 = CARTESIAN_POINT('',(9.196233277568,5.288080734119,
    -93.28125556674));
#6235 = CARTESIAN_POINT('',(9.898753775882,3.57791885844,-93.32292210408
    ));
#6236 = CARTESIAN_POINT('',(10.250016749857,1.788966009597,
    -93.36458830334));
#6237 = CARTESIAN_POINT('',(10.250018878588,1.335446428437E-07,
    -93.40625559388));
#6238 = CARTESIAN_POINT('',(9.43812829188,-2.770459044399E-07,
    -91.43748839506));
#6239 = CARTESIAN_POINT('',(9.438131518662,-1.647264108731,
    -91.47915365968));
#6240 = CARTESIAN_POINT('',(9.1146876995,-3.294516773052,-91.52082137676
    ));
#6241 = CARTESIAN_POINT('',(8.467811461577,-4.86922428685,
    -91.56248833408));
#6242 = CARTESIAN_POINT('',(7.516491553823,-6.298741065633,
    -91.60415454395));
#6243 = CARTESIAN_POINT('',(6.298740811875,-7.516495706316,
    -91.6458212214));
#6244 = CARTESIAN_POINT('',(4.869213067162,-8.467808945945,
    -91.68748786016));
#6245 = CARTESIAN_POINT('',(3.294528315994,-9.11468780077,
    -91.72915456506));
#6246 = CARTESIAN_POINT('',(-7.312750343573E-07,-9.761568064834,
    -91.81248793087));
#6247 = CARTESIAN_POINT('',(-3.29452898644,-9.114691360528,
    -91.89582123788));
#6248 = CARTESIAN_POINT('',(-4.869213232915,-8.467812825849,
    -91.93748787665));
#6249 = CARTESIAN_POINT('',(-6.298738956135,-7.516495231313,
    -91.97915453177));
#6250 = CARTESIAN_POINT('',(-7.516494125006,-6.298738051174,
    -92.02082125802));
#6251 = CARTESIAN_POINT('',(-8.46781074515,-4.869210929419,
    -92.0624879544));
#6252 = CARTESIAN_POINT('',(-9.114689803139,-3.294526523618,
    -92.10415461834));
#6253 = CARTESIAN_POINT('',(-9.761568780401,3.059566233329E-07,
    -92.18748791154));
#6254 = CARTESIAN_POINT('',(-9.114689777936,3.294527130582,
    -92.27082120473));
#6255 = CARTESIAN_POINT('',(-8.467811997022,4.869210190241,
    -92.31248786556));
#6256 = CARTESIAN_POINT('',(-7.516490257709,6.298742052062,
    -92.35415457307));
#6257 = CARTESIAN_POINT('',(-6.29874182542,7.51649199596,-92.39582128329
    ));
#6258 = CARTESIAN_POINT('',(-4.869211337105,8.467814294756,
    -92.43748794954));
#6259 = CARTESIAN_POINT('',(-3.294528426743,9.114691531431,
    -92.47915458519));
#6260 = CARTESIAN_POINT('',(-1.289336848211E-07,9.761568154439,
    -92.5624878922));
#6261 = CARTESIAN_POINT('',(3.294528875691,9.114687537303,
    -92.64582125801));
#6262 = CARTESIAN_POINT('',(4.869213468346,8.467808500819,
    -92.68748796292));
#6263 = CARTESIAN_POINT('',(6.298741521094,7.516494865826,
    -92.72915460165));
#6264 = CARTESIAN_POINT('',(7.516490955721,6.298741110922,
    -92.77082127916));
#6265 = CARTESIAN_POINT('',(8.467813937905,4.869225203428,
    -92.81248748896));
#6266 = CARTESIAN_POINT('',(9.114688594537,3.294514929501,
    -92.85415444633));
#6267 = CARTESIAN_POINT('',(9.43812732811,1.647263531553,-92.89582216339
    ));
#6268 = CARTESIAN_POINT('',(9.438130550883,-3.001312045699E-07,
    -92.93748742801));
#6269 = ADVANCED_FACE('',(#6270),#6315,.F.);
#6270 = FACE_BOUND('',#6271,.F.);
#6271 = EDGE_LOOP('',(#6272,#6273,#6274,#6310));
#6272 = ORIENTED_EDGE('',*,*,#5991,.F.);
#6273 = ORIENTED_EDGE('',*,*,#5841,.T.);
#6274 = ORIENTED_EDGE('',*,*,#6275,.T.);
#6275 = EDGE_CURVE('',#5806,#6276,#6278,.T.);
#6276 = VERTEX_POINT('',#6277);
#6277 = CARTESIAN_POINT('',(10.250014683333,1.335431000258E-07,
    -93.59375559383));
#6278 = B_SPLINE_CURVE_WITH_KNOTS('',9,(#6279,#6280,#6281,#6282,#6283,
    #6284,#6285,#6286,#6287,#6288,#6289,#6290,#6291,#6292,#6293,#6294,
    #6295,#6296,#6297,#6298,#6299,#6300,#6301,#6302,#6303,#6304,#6305,
    #6306,#6307,#6308,#6309),.UNSPECIFIED.,.F.,.F.,(10,7,7,7,10),(0.,
    1.614938419963,3.229876839926,4.844815259889,6.459753679852),
  .UNSPECIFIED.);
#6279 = CARTESIAN_POINT('',(10.250013553851,1.232696087428E-07,
    -92.09375516353));
#6280 = CARTESIAN_POINT('',(10.250015212906,-1.788965048732,
    -92.13542245406));
#6281 = CARTESIAN_POINT('',(9.898749573555,-3.577917937261,
    -92.17708865333));
#6282 = CARTESIAN_POINT('',(9.196228546006,-5.288077602957,
    -92.21875519064));
#6283 = CARTESIAN_POINT('',(8.16307673265,-6.840572640389,
    -92.26042206061));
#6284 = CARTESIAN_POINT('',(6.840566874863,-8.163077991556,
    -92.30208872244));
#6285 = CARTESIAN_POINT('',(5.28807114745,-9.196225075367,
    -92.34375540154));
#6286 = CARTESIAN_POINT('',(3.577929744976,-9.898749379278,
    -92.38542205119));
#6287 = CARTESIAN_POINT('',(5.49883846863E-07,-10.6012755797,
    -92.46875537007));
#6288 = CARTESIAN_POINT('',(-3.577929445059,-9.89875356279,
    -92.55208871512));
#6289 = CARTESIAN_POINT('',(-5.28807021114,-9.196230773316,
    -92.59375539559));
#6290 = CARTESIAN_POINT('',(-6.84057168628,-8.163073354837,
    -92.63542206244));
#6291 = CARTESIAN_POINT('',(-8.16307244281,-6.840570357929,
    -92.67708870973));
#6292 = CARTESIAN_POINT('',(-9.196228062259,-5.288068279481,
    -92.71875535822));
#6293 = CARTESIAN_POINT('',(-9.89875153545,-3.577928229623,
    -92.76042202748));
#6294 = CARTESIAN_POINT('',(-10.60127634102,-1.290676979957E-07,
    -92.84375537868));
#6295 = CARTESIAN_POINT('',(-9.898751713228,3.577928006394,
    -92.92708872987));
#6296 = CARTESIAN_POINT('',(-9.196228296465,5.28806810023,
    -92.96875539914));
#6297 = CARTESIAN_POINT('',(-8.163072603989,6.840570176298,
    -93.01042204763));
#6298 = CARTESIAN_POINT('',(-6.840571824436,8.163073120895,
    -93.05208869492));
#6299 = CARTESIAN_POINT('',(-5.28807042567,9.196230546726,
    -93.09375536177));
#6300 = CARTESIAN_POINT('',(-3.577929691922,9.898753457861,
    -93.13542204224));
#6301 = CARTESIAN_POINT('',(2.869624648883E-07,10.60127562451,
    -93.21875538728));
#6302 = CARTESIAN_POINT('',(3.577929498114,9.898749437926,
    -93.30208870617));
#6303 = CARTESIAN_POINT('',(5.288070858713,9.196225134182,
    -93.34375535582));
#6304 = CARTESIAN_POINT('',(6.840566795115,8.163077935298,-93.3854220349
    ));
#6305 = CARTESIAN_POINT('',(8.163076069621,6.840573097388,
    -93.42708869677));
#6306 = CARTESIAN_POINT('',(9.196229502777,5.288078550563,-93.4687555667
    ));
#6307 = CARTESIAN_POINT('',(9.898749830685,3.577917542207,
    -93.51042210403));
#6308 = CARTESIAN_POINT('',(10.250013022476,1.788965305544,
    -93.5520883033));
#6309 = CARTESIAN_POINT('',(10.250014683333,1.335433283397E-07,
    -93.59375559383));
#6310 = ORIENTED_EDGE('',*,*,#6311,.F.);
#6311 = EDGE_CURVE('',#5992,#6276,#6312,.T.);
#6312 = B_SPLINE_CURVE_WITH_KNOTS('',1,(#6313,#6314),.UNSPECIFIED.,.F.,
  .F.,(2,2),(0.,0.9375),.PIECEWISE_BEZIER_KNOTS.);
#6313 = CARTESIAN_POINT('',(9.438105379348,-3.001390960352E-07,
    -94.06248742773));
#6314 = CARTESIAN_POINT('',(10.250014683333,1.335433283397E-07,
    -93.59375559383));
#6315 = B_SPLINE_SURFACE_WITH_KNOTS('',1,9,(
    (#6316,#6317,#6318,#6319,#6320,#6321,#6322,#6323,#6324,#6325,#6326
      ,#6327,#6328,#6329,#6330,#6331,#6332,#6333,#6334,#6335,#6336,#6337
      ,#6338,#6339,#6340,#6341,#6342,#6343,#6344,#6345,#6346)
    ,(#6347,#6348,#6349,#6350,#6351,#6352,#6353,#6354,#6355,#6356,#6357
      ,#6358,#6359,#6360,#6361,#6362,#6363,#6364,#6365,#6366,#6367,#6368
      ,#6369,#6370,#6371,#6372,#6373,#6374,#6375,#6376,#6377
  )),.UNSPECIFIED.,.F.,.F.,.F.,(2,2),(10,7,7,7,10),(0.,0.9375),(0.,
    1.614938419963,3.229876839926,4.844815259889,6.459753679852),
  .UNSPECIFIED.);
#6316 = CARTESIAN_POINT('',(9.438105056616,-2.770516491779E-07,
    -92.56248839482));
#6317 = CARTESIAN_POINT('',(9.438105476162,-1.647259884426,
    -92.60415365938));
#6318 = CARTESIAN_POINT('',(9.114664622791,-3.294507773258,
    -92.6458213765));
#6319 = CARTESIAN_POINT('',(8.467790680147,-4.869212415011,
    -92.68748833385));
#6320 = CARTESIAN_POINT('',(7.516471856823,-6.298725129297,
    -92.72915454367));
#6321 = CARTESIAN_POINT('',(6.298724766257,-7.51647623568,
    -92.77082122115));
#6322 = CARTESIAN_POINT('',(4.86920053044,-8.467787167708,-92.8124878599
    ));
#6323 = CARTESIAN_POINT('',(3.294519868401,-9.114664400251,
    -92.8541545648));
#6324 = CARTESIAN_POINT('',(-7.289996916437E-07,-9.761543070408,
    -92.93748793062));
#6325 = CARTESIAN_POINT('',(-3.294520536894,-9.114667973462,
    -93.02082123762));
#6326 = CARTESIAN_POINT('',(-4.869199386348,-8.467792389436,
    -93.06248787327));
#6327 = CARTESIAN_POINT('',(-6.298726208254,-7.516472406778,
    -93.10415453953));
#6328 = CARTESIAN_POINT('',(-7.51647137908,-6.298725413582,
    -93.14582124974));
#6329 = CARTESIAN_POINT('',(-8.467790463467,-4.869197127188,
    -93.18748795726));
#6330 = CARTESIAN_POINT('',(-9.11466650473,-3.294518096274,
    -93.22915461808));
#6331 = CARTESIAN_POINT('',(-9.76154374757,2.995539113304E-07,
    -93.31248791128));
#6332 = CARTESIAN_POINT('',(-9.114666328435,3.294518660766,
    -93.39582120447));
#6333 = CARTESIAN_POINT('',(-8.467790194752,4.869197659657,
    -93.4374878653));
#6334 = CARTESIAN_POINT('',(-7.516470990962,6.298725879796,
    -93.47915457281));
#6335 = CARTESIAN_POINT('',(-6.298725729618,7.516472774107,
    -93.52082128303));
#6336 = CARTESIAN_POINT('',(-4.86919886396,8.467792660327,
    -93.56248794928));
#6337 = CARTESIAN_POINT('',(-3.294519979154,9.114668170572,
    -93.60415458493));
#6338 = CARTESIAN_POINT('',(-1.312597822777E-07,9.761543083209,
    -93.68748789194));
#6339 = CARTESIAN_POINT('',(3.29452042614,9.114664189917,-93.77082125775
    ));
#6340 = CARTESIAN_POINT('',(4.869201031624,8.467786848879,
    -93.81248796266));
#6341 = CARTESIAN_POINT('',(6.298725261584,7.516475785434,-93.8541546014
    ));
#6342 = CARTESIAN_POINT('',(7.516472101546,6.298724741765,
    -93.89582127889));
#6343 = CARTESIAN_POINT('',(8.467791289162,4.869212102087,-93.9374874887
    ));
#6344 = CARTESIAN_POINT('',(9.114664923354,3.294507032101,
    -93.97915444606));
#6345 = CARTESIAN_POINT('',(9.438104963827,1.647259307234,
    -94.02082216317));
#6346 = CARTESIAN_POINT('',(9.438105379348,-3.001390960352E-07,
    -94.06248742773));
#6347 = CARTESIAN_POINT('',(10.250013553851,1.232696087428E-07,
    -92.09375516353));
#6348 = CARTESIAN_POINT('',(10.250015212906,-1.788965048732,
    -92.13542245406));
#6349 = CARTESIAN_POINT('',(9.898749573555,-3.577917937261,
    -92.17708865333));
#6350 = CARTESIAN_POINT('',(9.196228546006,-5.288077602957,
    -92.21875519064));
#6351 = CARTESIAN_POINT('',(8.16307673265,-6.840572640389,
    -92.26042206061));
#6352 = CARTESIAN_POINT('',(6.840566874863,-8.163077991556,
    -92.30208872244));
#6353 = CARTESIAN_POINT('',(5.28807114745,-9.196225075367,
    -92.34375540154));
#6354 = CARTESIAN_POINT('',(3.577929744976,-9.898749379278,
    -92.38542205119));
#6355 = CARTESIAN_POINT('',(5.49883846863E-07,-10.6012755797,
    -92.46875537007));
#6356 = CARTESIAN_POINT('',(-3.577929445059,-9.89875356279,
    -92.55208871512));
#6357 = CARTESIAN_POINT('',(-5.28807021114,-9.196230773316,
    -92.59375539559));
#6358 = CARTESIAN_POINT('',(-6.84057168628,-8.163073354837,
    -92.63542206244));
#6359 = CARTESIAN_POINT('',(-8.16307244281,-6.840570357929,
    -92.67708870973));
#6360 = CARTESIAN_POINT('',(-9.196228062259,-5.288068279481,
    -92.71875535822));
#6361 = CARTESIAN_POINT('',(-9.89875153545,-3.577928229623,
    -92.76042202748));
#6362 = CARTESIAN_POINT('',(-10.60127634102,-1.290676979957E-07,
    -92.84375537868));
#6363 = CARTESIAN_POINT('',(-9.898751713228,3.577928006394,
    -92.92708872987));
#6364 = CARTESIAN_POINT('',(-9.196228296465,5.28806810023,
    -92.96875539914));
#6365 = CARTESIAN_POINT('',(-8.163072603989,6.840570176298,
    -93.01042204763));
#6366 = CARTESIAN_POINT('',(-6.840571824436,8.163073120895,
    -93.05208869492));
#6367 = CARTESIAN_POINT('',(-5.28807042567,9.196230546726,
    -93.09375536177));
#6368 = CARTESIAN_POINT('',(-3.577929691922,9.898753457861,
    -93.13542204224));
#6369 = CARTESIAN_POINT('',(2.869624648883E-07,10.60127562451,
    -93.21875538728));
#6370 = CARTESIAN_POINT('',(3.577929498114,9.898749437926,
    -93.30208870617));
#6371 = CARTESIAN_POINT('',(5.288070858713,9.196225134182,
    -93.34375535582));
#6372 = CARTESIAN_POINT('',(6.840566795115,8.163077935298,-93.3854220349
    ));
#6373 = CARTESIAN_POINT('',(8.163076069621,6.840573097388,
    -93.42708869677));
#6374 = CARTESIAN_POINT('',(9.196229502777,5.288078550563,-93.4687555667
    ));
#6375 = CARTESIAN_POINT('',(9.898749830685,3.577917542207,
    -93.51042210403));
#6376 = CARTESIAN_POINT('',(10.250013022476,1.788965305544,
    -93.5520883033));
#6377 = CARTESIAN_POINT('',(10.250014683333,1.335433283397E-07,
    -93.59375559383));
#6378 = ADVANCED_FACE('',(#6379),#6389,.F.);
#6379 = FACE_BOUND('',#6380,.F.);
#6380 = EDGE_LOOP('',(#6381,#6382,#6383,#6384));
#6381 = ORIENTED_EDGE('',*,*,#6275,.F.);
#6382 = ORIENTED_EDGE('',*,*,#5915,.T.);
#6383 = ORIENTED_EDGE('',*,*,#6174,.T.);
#6384 = ORIENTED_EDGE('',*,*,#6385,.F.);
#6385 = EDGE_CURVE('',#6276,#6175,#6386,.T.);
#6386 = B_SPLINE_CURVE_WITH_KNOTS('',1,(#6387,#6388),.UNSPECIFIED.,.F.,
  .F.,(2,2),(0.,0.1875),.PIECEWISE_BEZIER_KNOTS.);
#6387 = CARTESIAN_POINT('',(10.250014683333,1.335433239994E-07,
    -93.59375559383));
#6388 = CARTESIAN_POINT('',(10.250018878588,1.335446402798E-07,
    -93.40625559388));
#6389 = B_SPLINE_SURFACE_WITH_KNOTS('',1,11,(
    (#6390,#6391,#6392,#6393,#6394,#6395,#6396,#6397,#6398,#6399,#6400
      ,#6401,#6402,#6403,#6404,#6405,#6406,#6407,#6408,#6409,#6410)
    ,(#6411,#6412,#6413,#6414,#6415,#6416,#6417,#6418,#6419,#6420,#6421
      ,#6422,#6423,#6424,#6425,#6426,#6427,#6428,#6429,#6430,#6431
  )),.UNSPECIFIED.,.F.,.F.,.F.,(2,2),(12,9,12),(0.,0.1875),(0.,
    3.229876839926,6.459753679852),.UNSPECIFIED.);
#6390 = CARTESIAN_POINT('',(10.250013553851,1.232696078546E-07,
    -92.09375516353));
#6391 = CARTESIAN_POINT('',(10.250016268668,-2.927397430914,
    -92.16193800258));
#6392 = CARTESIAN_POINT('',(9.330337329478,-5.854762824736,
    -92.23011798452));
#6393 = CARTESIAN_POINT('',(7.491027818311,-8.461243994149,
    -92.29830095792));
#6394 = CARTESIAN_POINT('',(4.858038076415,-10.42542301239,
    -92.36648380995));
#6395 = CARTESIAN_POINT('',(1.683675196275,-11.48332356767,
    -92.43466295641));
#6396 = CARTESIAN_POINT('',(-1.683658042483,-11.48334780779,
    -92.50284715685));
#6397 = CARTESIAN_POINT('',(-4.85806914935,-10.42548482304,
    -92.57102790393));
#6398 = CARTESIAN_POINT('',(-7.491007121739,-8.461166261835,
    -92.63920996002));
#6399 = CARTESIAN_POINT('',(-9.330345117201,-5.854791563325,
    -92.70739171309));
#6400 = CARTESIAN_POINT('',(-11.16968270271,-1.431888666348E-07,
    -92.84375537868));
#6401 = CARTESIAN_POINT('',(-9.33034540811,5.854791368338,
    -92.98011904427));
#6402 = CARTESIAN_POINT('',(-7.491008210457,8.461166104599,
    -93.04830079736));
#6403 = CARTESIAN_POINT('',(-4.858064899278,10.425485391166,
    -93.11648285336));
#6404 = CARTESIAN_POINT('',(-1.683667615624,11.483343529055,
    -93.18466360066));
#6405 = CARTESIAN_POINT('',(1.683685890799,11.48333262523,
    -93.25284780075));
#6406 = CARTESIAN_POINT('',(4.858031188648,10.425412873011,
    -93.32102694758));
#6407 = CARTESIAN_POINT('',(7.491026606759,8.461250560566,
    -93.38920979934));
#6408 = CARTESIAN_POINT('',(9.330342694083,5.854761374845,
    -93.45739277287));
#6409 = CARTESIAN_POINT('',(10.250011965568,2.927397687725,
    -93.52557275477));
#6410 = CARTESIAN_POINT('',(10.250014683333,1.335433239994E-07,
    -93.59375559383));
#6411 = CARTESIAN_POINT('',(10.250017426395,1.232705653109E-07,
    -91.90625516357));
#6412 = CARTESIAN_POINT('',(10.250020906822,-2.927398582998,
    -91.97443800263));
#6413 = CARTESIAN_POINT('',(9.330340214103,-5.854765369419,
    -92.04261798455));
#6414 = CARTESIAN_POINT('',(7.491030909243,-8.461246412687,
    -92.11080095795));
#6415 = CARTESIAN_POINT('',(4.858040934874,-10.42542858152,
    -92.17898381004));
#6416 = CARTESIAN_POINT('',(1.683674290026,-11.48332679862,
    -92.2471629564));
#6417 = CARTESIAN_POINT('',(-1.68365737854,-11.4833529326,
    -92.31534715693));
#6418 = CARTESIAN_POINT('',(-4.85807170577,-10.42548882731,
    -92.38352790396));
#6419 = CARTESIAN_POINT('',(-7.491009944568,-8.461169587406,
    -92.45170996007));
#6420 = CARTESIAN_POINT('',(-9.33034876856,-5.854793861944,
    -92.51989171313));
#6421 = CARTESIAN_POINT('',(-11.16968709854,-1.441219457342E-07,
    -92.65625537872));
#6422 = CARTESIAN_POINT('',(-9.330349100676,5.854793678036,
    -92.79261904431));
#6423 = CARTESIAN_POINT('',(-7.491011283781,8.461169438867,
    -92.8608007974));
#6424 = CARTESIAN_POINT('',(-4.858066166758,10.425489592536,
    -92.9289828534));
#6425 = CARTESIAN_POINT('',(-1.683669604676,11.483347443409,
    -92.9971636007));
#6426 = CARTESIAN_POINT('',(1.683688122344,11.483338432024,
    -93.0653478008));
#6427 = CARTESIAN_POINT('',(4.858032153795,10.425415510379,
    -93.13352694762));
#6428 = CARTESIAN_POINT('',(7.491029412095,8.461254801611,
    -93.20170979937));
#6429 = CARTESIAN_POINT('',(9.330347153376,5.854763438481,
    -93.26989277293));
#6430 = CARTESIAN_POINT('',(10.25001539521,2.927398839811,-93.3380727548
    ));
#6431 = CARTESIAN_POINT('',(10.250018878588,1.335446402798E-07,
    -93.40625559388));
#6432 = ADVANCED_FACE('',(#6433),#6451,.T.);
#6433 = FACE_BOUND('',#6434,.T.);
#6434 = EDGE_LOOP('',(#6435,#6444,#6449,#6450));
#6435 = ORIENTED_EDGE('',*,*,#6436,.T.);
#6436 = EDGE_CURVE('',#6437,#6437,#6439,.T.);
#6437 = VERTEX_POINT('',#6438);
#6438 = CARTESIAN_POINT('',(17.,0.,-138.75));
#6439 = CIRCLE('',#6440,17.);
#6440 = AXIS2_PLACEMENT_3D('',#6441,#6442,#6443);
#6441 = CARTESIAN_POINT('',(2.064935651241E-14,0.,-138.75));
#6442 = DIRECTION('',(-2.324646799147E-16,0.,1.));
#6443 = DIRECTION('',(1.,0.,2.324646799147E-16));
#6444 = ORIENTED_EDGE('',*,*,#6445,.T.);
#6445 = EDGE_CURVE('',#6437,#5968,#6446,.T.);
#6446 = B_SPLINE_CURVE_WITH_KNOTS('',1,(#6447,#6448),.UNSPECIFIED.,.F.,
  .F.,(2,2),(-2.692582403567,0.),.PIECEWISE_BEZIER_KNOTS.);
#6447 = CARTESIAN_POINT('',(17.,0.,-138.75));
#6448 = CARTESIAN_POINT('',(18.,0.,-136.25));
#6449 = ORIENTED_EDGE('',*,*,#5974,.F.);
#6450 = ORIENTED_EDGE('',*,*,#6445,.F.);
#6451 = CONICAL_SURFACE('',#6452,18.,0.380506377112);
#6452 = AXIS2_PLACEMENT_3D('',#6453,#6454,#6455);
#6453 = CARTESIAN_POINT('',(2.007319481262E-14,0.,-136.25));
#6454 = DIRECTION('',(-2.324646799147E-16,0.,1.));
#6455 = DIRECTION('',(1.,0.,2.324646799147E-16));
#6456 = ADVANCED_FACE('',(#6457),#6634,.F.);
#6457 = FACE_BOUND('',#6458,.T.);
#6458 = EDGE_LOOP('',(#6459,#6536,#6537,#6628));
#6459 = ORIENTED_EDGE('',*,*,#6460,.F.);
#6460 = EDGE_CURVE('',#5992,#6461,#6463,.T.);
#6461 = VERTEX_POINT('',#6462);
#6462 = CARTESIAN_POINT('',(9.5,-1.43811355915E-07,-95.52675375957));
#6463 = B_SPLINE_CURVE_WITH_KNOTS('',8,(#6464,#6465,#6466,#6467,#6468,
    #6469,#6470,#6471,#6472,#6473,#6474,#6475,#6476,#6477,#6478,#6479,
    #6480,#6481,#6482,#6483,#6484,#6485,#6486,#6487,#6488,#6489,#6490,
    #6491,#6492,#6493,#6494,#6495,#6496,#6497,#6498,#6499,#6500,#6501,
    #6502,#6503,#6504,#6505,#6506,#6507,#6508,#6509,#6510,#6511,#6512,
    #6513,#6514,#6515,#6516,#6517,#6518,#6519,#6520,#6521,#6522,#6523,
    #6524,#6525,#6526,#6527,#6528,#6529,#6530,#6531,#6532,#6533,#6534,
    #6535),.UNSPECIFIED.,.F.,.F.,(9,7,7,7,7,7,7,7,7,7,9),(0.,
    4.785292912025E-02,0.213313227814,0.317786837236,0.442075626419,
    0.572180432582,0.685725741319,0.789959627447,0.881698515751,
    0.95843875478,1.),.UNSPECIFIED.);
#6464 = CARTESIAN_POINT('',(9.5,-2.670782404124E-07,-94.02675439831));
#6465 = CARTESIAN_POINT('',(9.5,-0.356960374312,-94.03572450574));
#6466 = CARTESIAN_POINT('',(9.484671213709,-0.713925498454,
    -94.04469477738));
#6467 = CARTESIAN_POINT('',(9.45401290042,-1.07012033286,-94.05366499408
    ));
#6468 = CARTESIAN_POINT('',(9.408072204264,-1.42477648506,
    -94.06263515285));
#6469 = CARTESIAN_POINT('',(9.346941679202,-1.777132268972,
    -94.0716053461));
#6470 = CARTESIAN_POINT('',(9.270758448821,-2.126432743977,
    -94.08057565711));
#6471 = CARTESIAN_POINT('',(9.179705000924,-2.471930000833,
    -94.08954607163));
#6472 = CARTESIAN_POINT('',(8.708557313333,-3.991793763724,
    -94.12953298445));
#6473 = CARTESIAN_POINT('',(8.167339063436,-5.118747210891,
    -94.16061058319));
#6474 = CARTESIAN_POINT('',(7.459752328297,-6.159264313273,
    -94.19165109804));
#6475 = CARTESIAN_POINT('',(6.603195214147,-7.0860474795,-94.22267233197
    ));
#6476 = CARTESIAN_POINT('',(5.618364694766,-7.875177456543,
    -94.25369282693));
#6477 = CARTESIAN_POINT('',(4.530579067281,-8.507694049045,
    -94.28473146679));
#6478 = CARTESIAN_POINT('',(3.368293106365,-8.968165470601,
    -94.31580809738));
#6479 = CARTESIAN_POINT('',(1.407778023866,-9.427380920756,
    -94.36640879386));
#6480 = CARTESIAN_POINT('',(0.632092736011,-9.534028807976,
    -94.38599925094));
#6481 = CARTESIAN_POINT('',(-0.152370315271,-9.567613816679,
    -94.40558663735));
#6482 = CARTESIAN_POINT('',(-0.937562895957,-9.527429815219,
    -94.4251713963));
#6483 = CARTESIAN_POINT('',(-1.715526774233,-9.4137887377,
    -94.44475615917));
#6484 = CARTESIAN_POINT('',(-2.478395654708,-9.227935938762,
    -94.46434352359));
#6485 = CARTESIAN_POINT('',(-3.218413436891,-8.972132677289,
    -94.48393389378));
#6486 = CARTESIAN_POINT('',(-4.772171522044,-8.266556912239,
    -94.52681672759));
#6487 = CARTESIAN_POINT('',(-5.574111798562,-7.788817496699,
    -94.55012972373));
#6488 = CARTESIAN_POINT('',(-6.320658572738,-7.222415765568,
    -94.57343467907));
#6489 = CARTESIAN_POINT('',(-7.000598244437,-6.575113084283,
    -94.596733811));
#6490 = CARTESIAN_POINT('',(-7.604051284699,-5.855972593712,
    -94.62003293191));
#6491 = CARTESIAN_POINT('',(-8.122591215642,-5.075422439875,
    -94.64333803049));
#6492 = CARTESIAN_POINT('',(-8.54917423781,-4.245138610858,
    -94.66665121104));
#6493 = CARTESIAN_POINT('',(-9.224063872116,-2.471549300397,
    -94.71433891015));
#6494 = CARTESIAN_POINT('',(-9.463576810799,-1.523504307485,
    -94.73874611434));
#6495 = CARTESIAN_POINT('',(-9.59127487789,-0.549865976926,
    -94.76314312566));
#6496 = CARTESIAN_POINT('',(-9.604455743328,0.433943736256,
    -94.7875329044));
#6497 = CARTESIAN_POINT('',(-9.502609638069,1.412556331266,
    -94.81192294675));
#6498 = CARTESIAN_POINT('',(-9.287630166256,2.370711989171,
    -94.83631971436));
#6499 = CARTESIAN_POINT('',(-8.963599371643,3.293295228943,
    -94.86072672497));
#6500 = CARTESIAN_POINT('',(-8.16665926039,4.92677101671,-94.90640035423
    ));
#6501 = CARTESIAN_POINT('',(-7.71754480952,5.650488486957,
    -94.92769438628));
#6502 = CARTESIAN_POINT('',(-7.195333592637,6.326907569475,
    -94.94898358922));
#6503 = CARTESIAN_POINT('',(-6.606004120848,6.947543347226,
    -94.97026895328));
#6504 = CARTESIAN_POINT('',(-5.956473513329,7.504865551387,
    -94.99155429633));
#6505 = CARTESIAN_POINT('',(-5.254611053931,7.99234514711,
    -95.01284354054));
#6506 = CARTESIAN_POINT('',(-4.509191346945,8.404438548658,
    -95.03413763158));
#6507 = CARTESIAN_POINT('',(-3.015135319353,9.042318000915,
    -95.07496157839));
#6508 = CARTESIAN_POINT('',(-2.271269148339,9.280826530963,
    -95.09450675037));
#6509 = CARTESIAN_POINT('',(-1.506228925899,9.449214081086,
    -95.11404865598));
#6510 = CARTESIAN_POINT('',(-0.727765508562,9.545407809811,
    -95.1335877424));
#6511 = CARTESIAN_POINT('',(5.628324781532E-02,9.568343869743,
    -95.15312684367));
#6512 = CARTESIAN_POINT('',(0.838008813706,9.517885573984,
    -95.17266875847));
#6513 = CARTESIAN_POINT('',(1.60943569944,9.394906727432,-95.19221388788
    ));
#6514 = CARTESIAN_POINT('',(3.025372317899,9.031357746128,
    -95.22895015139));
#6515 = CARTESIAN_POINT('',(3.674314722254,8.806573254904,
    -95.24615042084));
#6516 = CARTESIAN_POINT('',(4.303934156563,8.528549201569,
    -95.26334940856));
#6517 = CARTESIAN_POINT('',(4.909153403759,8.199280100093,
    -95.28054672325));
#6518 = CARTESIAN_POINT('',(5.485201494989,7.821289257962,
    -95.29774404261));
#6519 = CARTESIAN_POINT('',(6.027601177271,7.397590551631,
    -95.31494303363));
#6520 = CARTESIAN_POINT('',(6.532196690636,6.931717527747,
    -95.33214328331));
#6521 = CARTESIAN_POINT('',(7.382545730491,6.006305786631,-95.3637256175
    ));
#6522 = CARTESIAN_POINT('',(7.740877392862,5.558079544485,
    -95.37811220394));
#6523 = CARTESIAN_POINT('',(8.068011781189,5.085522873431,
    -95.39249811109));
#6524 = CARTESIAN_POINT('',(8.362040802562,4.591187231279,
    -95.40688322186));
#6525 = CARTESIAN_POINT('',(8.621318771896,4.07777147639,-95.42126833044
    ));
#6526 = CARTESIAN_POINT('',(8.844451827188,3.548112740158,
    -95.43565425194));
#6527 = CARTESIAN_POINT('',(9.030311319983,3.005190459525,
    -95.45004090149));
#6528 = CARTESIAN_POINT('',(9.25809547988,2.152622513781,-95.47221725987
    ));
#6529 = CARTESIAN_POINT('',(9.32694916469,1.850114475704,-95.48000826566
    ));
#6530 = CARTESIAN_POINT('',(9.384501653743,1.545108929368,
    -95.48779927021));
#6531 = CARTESIAN_POINT('',(9.430648411933,1.238099004648,
    -95.49559024951));
#6532 = CARTESIAN_POINT('',(9.46531096747,0.929581374017,-95.50338121006
    ));
#6533 = CARTESIAN_POINT('',(9.488436928545,0.620056139337,
    -95.51117215348));
#6534 = CARTESIAN_POINT('',(9.5,0.31002671864,-95.51896304119));
#6535 = CARTESIAN_POINT('',(9.5,-2.670780041569E-07,-95.52675375905));
#6536 = ORIENTED_EDGE('',*,*,#6160,.T.);
#6537 = ORIENTED_EDGE('',*,*,#6538,.T.);
#6538 = EDGE_CURVE('',#6077,#6539,#6541,.T.);
#6539 = VERTEX_POINT('',#6540);
#6540 = CARTESIAN_POINT('',(9.5,-1.540882192532E-07,-95.97320535812));
#6541 = B_SPLINE_CURVE_WITH_KNOTS('',8,(#6542,#6543,#6544,#6545,#6546,
    #6547,#6548,#6549,#6550,#6551,#6552,#6553,#6554,#6555,#6556,#6557,
    #6558,#6559,#6560,#6561,#6562,#6563,#6564,#6565,#6566,#6567,#6568,
    #6569,#6570,#6571,#6572,#6573,#6574,#6575,#6576,#6577,#6578,#6579,
    #6580,#6581,#6582,#6583,#6584,#6585,#6586,#6587,#6588,#6589,#6590,
    #6591,#6592,#6593,#6594,#6595,#6596,#6597,#6598,#6599,#6600,#6601,
    #6602,#6603,#6604,#6605,#6606,#6607,#6608,#6609,#6610,#6611,#6612,
    #6613,#6614,#6615,#6616,#6617,#6618,#6619,#6620,#6621,#6622,#6623,
    #6624,#6625,#6626,#6627),.UNSPECIFIED.,.F.,.F.,(9,7,7,7,7,7,7,7,7,7,
    7,7,9),(0.,1.990636771028E-02,5.27783495003E-02,0.121830973381,
    0.215285110825,0.321258381108,0.427182440758,0.552738820904,
    0.685688860531,0.789471645774,0.882370367235,0.96127332869,1.),
  .UNSPECIFIED.);
#6542 = CARTESIAN_POINT('',(9.5,-2.876299305399E-07,-94.47320748751));
#6543 = CARTESIAN_POINT('',(9.5,-0.148508329162,-94.47693918084));
#6544 = CARTESIAN_POINT('',(9.497346809084,-0.297016421921,
    -94.48067093008));
#6545 = CARTESIAN_POINT('',(9.49204042917,-0.445469181394,-94.4844027287
    ));
#6546 = CARTESIAN_POINT('',(9.484082243511,-0.593811304941,
    -94.48813457024));
#6547 = CARTESIAN_POINT('',(9.473475016694,-0.741987571798,
    -94.4918664483));
#6548 = CARTESIAN_POINT('',(9.46022289464,-0.889942843073,
    -94.49559835657));
#6549 = CARTESIAN_POINT('',(9.444331404602,-1.037622061747,
    -94.49933028878));
#6550 = CARTESIAN_POINT('',(9.395218302128,-1.428290737837,
    -94.50922491968));
#6551 = CARTESIAN_POINT('',(9.357450553675,-1.670709584935,
    -94.51538765958));
#6552 = CARTESIAN_POINT('',(9.312535467492,-1.911978569588,
    -94.5215504326));
#6553 = CARTESIAN_POINT('',(9.260514327127,-2.151851802625,
    -94.52771321766));
#6554 = CARTESIAN_POINT('',(9.201438441999,-2.390085730096,
    -94.53387599841));
#6555 = CARTESIAN_POINT('',(9.135369147393,-2.626439133262,
    -94.54003876328));
#6556 = CARTESIAN_POINT('',(9.062377804466,-2.860673128604,
    -94.54620150543));
#6557 = CARTESIAN_POINT('',(8.814846469045,-3.579646443371,
    -94.56530995296));
#6558 = CARTESIAN_POINT('',(8.616949871209,-4.056378415559,
    -94.57825637746));
#6559 = CARTESIAN_POINT('',(8.38961631004,-4.520518596079,
    -94.59120235986));
#6560 = CARTESIAN_POINT('',(8.133795328417,-4.969950578094,
    -94.6041478615));
#6561 = CARTESIAN_POINT('',(7.850606143366,-5.402659886399,
    -94.6170933743));
#6562 = CARTESIAN_POINT('',(7.541330597491,-5.816731447856,
    -94.63003937355));
#6563 = CARTESIAN_POINT('',(7.207418627273,-6.210354682108,
    -94.64298579057));
#6564 = CARTESIAN_POINT('',(6.367469737088,-7.084590258023,
    -94.67345192003));
#6565 = CARTESIAN_POINT('',(5.842167896479,-7.546931254496,
    -94.69097592648));
#6566 = CARTESIAN_POINT('',(5.278684110139,-7.964553591838,
    -94.70849853612));
#6567 = CARTESIAN_POINT('',(4.681505684398,-8.333829921042,
    -94.72601929684));
#6568 = CARTESIAN_POINT('',(4.055450794236,-8.651701515445,
    -94.74354003831));
#6569 = CARTESIAN_POINT('',(3.405638328955,-8.915644983302,
    -94.76106260468));
#6570 = CARTESIAN_POINT('',(2.73750063749,-9.123715331746,-94.7785865747
    ));
#6571 = CARTESIAN_POINT('',(1.284996178656,-9.445836728039,
    -94.81597439863));
#6572 = CARTESIAN_POINT('',(0.496618881044,-9.54365413544,
    -94.83584821687));
#6573 = CARTESIAN_POINT('',(-0.299779486635,-9.566146722036,
    -94.85571851789));
#6574 = CARTESIAN_POINT('',(-1.095784250085,-9.512696699774,
    -94.87558583296));
#6575 = CARTESIAN_POINT('',(-1.883093790937,-9.383761957851,
    -94.89545318765));
#6576 = CARTESIAN_POINT('',(-2.653519811824,-9.180784113561,
    -94.9153235808));
#6577 = CARTESIAN_POINT('',(-3.399008497861,-8.906277987719,
    -94.93519748154));
#6578 = CARTESIAN_POINT('',(-4.824095948942,-8.222077832331,
    -94.97492317381));
#6579 = CARTESIAN_POINT('',(-5.504193700086,-7.812221685713,
    -94.99478803967));
#6580 = CARTESIAN_POINT('',(-6.144110138206,-7.338233750942,
    -95.01464961352));
#6581 = CARTESIAN_POINT('',(-6.736855850207,-6.804819015736,
    -95.03450828806));
#6582 = CARTESIAN_POINT('',(-7.276193301642,-6.217457226466,
    -95.05436692604));
#6583 = CARTESIAN_POINT('',(-7.75658041587,-5.582330600539,
    -95.07422841891));
#6584 = CARTESIAN_POINT('',(-8.173242289829,-4.906380968385,
    -95.09409322289));
#6585 = CARTESIAN_POINT('',(-8.936263198467,-3.357170509876,
    -95.13749025448));
#6586 = CARTESIAN_POINT('',(-9.25570924585,-2.469688423357,
    -95.16104421631));
#6587 = CARTESIAN_POINT('',(-9.473971438846,-1.548217495321,
    -95.18458978342));
#6588 = CARTESIAN_POINT('',(-9.587215136576,-0.606291413152,
    -95.20812911188));
#6589 = CARTESIAN_POINT('',(-9.593532925961,0.342396684594,
    -95.23166885262));
#6590 = CARTESIAN_POINT('',(-9.493092375214,1.284022111167,
    -95.25521438111));
#6591 = CARTESIAN_POINT('',(-9.287991645809,2.204677061607,
    -95.27876853494));
#6592 = CARTESIAN_POINT('',(-8.660622535155,4.02832256451,
    -95.32723237426));
#6593 = CARTESIAN_POINT('',(-8.225792525347,4.928488367229,
    -95.35217759407));
#6594 = CARTESIAN_POINT('',(-7.68424504262,5.774029156113,
    -95.37711130826));
#6595 = CARTESIAN_POINT('',(-7.044389145174,6.55049394696,
    -95.40203707417));
#6596 = CARTESIAN_POINT('',(-6.316401171905,7.245005957835,
    -95.42696287449));
#6597 = CARTESIAN_POINT('',(-5.512385494739,7.846481103395,
    -95.45189638688));
#6598 = CARTESIAN_POINT('',(-4.646145107865,8.345483676868,
    -95.47684142107));
#6599 = CARTESIAN_POINT('',(-3.022195042908,9.039679188294,
    -95.52122312867));
#6600 = CARTESIAN_POINT('',(-2.28169877569,9.277791619141,
    -95.54068589133));
#6601 = CARTESIAN_POINT('',(-1.520144146715,9.44639801179,
    -95.56014578272));
#6602 = CARTESIAN_POINT('',(-0.745181283401,9.543443064651,-95.579603106
    ));
#6603 = CARTESIAN_POINT('',(3.545228406499E-02,9.56786373272,
    -95.59906041328));
#6604 = CARTESIAN_POINT('',(0.813947935474,9.519509244756,
    -95.61852030262));
#6605 = CARTESIAN_POINT('',(1.582429419522,9.399222280629,
    -95.63798313733));
#6606 = CARTESIAN_POINT('',(3.004803971323,9.038886673954,
    -95.67485616298));
#6607 = CARTESIAN_POINT('',(3.662576996901,8.812641309086,
    -95.69227566387));
#6608 = CARTESIAN_POINT('',(4.300634990534,8.53174285863,-95.70969354429
    ));
#6609 = CARTESIAN_POINT('',(4.913700013595,8.198255829145,
    -95.72710946817));
#6610 = CARTESIAN_POINT('',(5.496816180387,7.814800706247,-95.7445253751
    ));
#6611 = CARTESIAN_POINT('',(6.045336202555,7.384512727827,
    -95.76194322073));
#6612 = CARTESIAN_POINT('',(6.554951320297,6.911073262209,
    -95.77936270378));
#6613 = CARTESIAN_POINT('',(7.418249644565,5.963729339495,
    -95.81157138734));
#6614 = CARTESIAN_POINT('',(7.783965348302,5.500523291556,
    -95.82636540621));
#6615 = CARTESIAN_POINT('',(8.116520706357,5.011798195081,
    -95.84115887907));
#6616 = CARTESIAN_POINT('',(8.413860586418,4.500344108813,-95.8559516156
    ));
#6617 = CARTESIAN_POINT('',(8.674224714067,3.969112711857,
    -95.87074438836));
#6618 = CARTESIAN_POINT('',(8.896135078804,3.421206640981,
    -95.88553794346));
#6619 = CARTESIAN_POINT('',(9.078411781132,2.859884055912,
    -95.90033202634));
#6620 = CARTESIAN_POINT('',(9.289817452565,2.008173683805,
    -95.92238473632));
#6621 = CARTESIAN_POINT('',(9.349672022532,1.725348089052,-95.9296450147
    ));
#6622 = CARTESIAN_POINT('',(9.399682441653,1.440499408351,
    -95.93690525568));
#6623 = CARTESIAN_POINT('',(9.439769811528,1.154027807351,
    -95.94416545055));
#6624 = CARTESIAN_POINT('',(9.46987492431,0.86633585739,-95.95142558382)
  );
#6625 = CARTESIAN_POINT('',(9.489958262711,0.577828535487,
    -95.95868563323));
#6626 = CARTESIAN_POINT('',(9.5,0.28891322435,-95.96594556976));
#6627 = CARTESIAN_POINT('',(9.5,-2.876299252108E-07,-95.97320535761));
#6628 = ORIENTED_EDGE('',*,*,#6629,.F.);
#6629 = EDGE_CURVE('',#6461,#6539,#6630,.T.);
#6630 = LINE('',#6631,#6632);
#6631 = CARTESIAN_POINT('',(9.5,0.,-74.75));
#6632 = VECTOR('',#6633,1.);
#6633 = DIRECTION('',(5.141040633873E-17,0.,-1.));
#6634 = CYLINDRICAL_SURFACE('',#6635,9.5);
#6635 = AXIS2_PLACEMENT_3D('',#6636,#6637,#6638);
#6636 = CARTESIAN_POINT('',(3.061616997868E-15,0.,-74.75));
#6637 = DIRECTION('',(1.224646799147E-16,0.,-1.));
#6638 = DIRECTION('',(1.,0.,1.224646799147E-16));
#6639 = ADVANCED_FACE('',(#6640),#6675,.F.);
#6640 = FACE_BOUND('',#6641,.F.);
#6641 = EDGE_LOOP('',(#6642,#6668,#6669,#6670));
#6642 = ORIENTED_EDGE('',*,*,#6643,.F.);
#6643 = EDGE_CURVE('',#6175,#6644,#6646,.T.);
#6644 = VERTEX_POINT('',#6645);
#6645 = CARTESIAN_POINT('',(10.250020330783,1.438165620776E-07,
    -94.9062560242));
#6646 = B_SPLINE_CURVE_WITH_KNOTS('',11,(#6647,#6648,#6649,#6650,#6651,
    #6652,#6653,#6654,#6655,#6656,#6657,#6658,#6659,#6660,#6661,#6662,
    #6663,#6664,#6665,#6666,#6667),.UNSPECIFIED.,.F.,.F.,(12,9,12),(0.,
    3.229876839926,6.459753679852),.UNSPECIFIED.);
#6647 = CARTESIAN_POINT('',(10.250018878588,1.335444022033E-07,
    -93.40625559388));
#6648 = CARTESIAN_POINT('',(10.250022361969,-2.927398987474,
    -93.47443843296));
#6649 = CARTESIAN_POINT('',(9.330341541872,-5.854766189568,
    -93.54261841487));
#6650 = CARTESIAN_POINT('',(7.49103197905,-8.461247603909,
    -93.61080138828));
#6651 = CARTESIAN_POINT('',(4.858041633571,-10.4254300538,
    -93.67898424035));
#6652 = CARTESIAN_POINT('',(1.683674540093,-11.48332842375,
    -93.74716338673));
#6653 = CARTESIAN_POINT('',(-1.683657605556,-11.48335456132,
    -93.81534758724));
#6654 = CARTESIAN_POINT('',(-4.85807238362,-10.4254903092,
    -93.88352833429));
#6655 = CARTESIAN_POINT('',(-7.491010997396,-8.46117079368,
    -93.95171039038));
#6656 = CARTESIAN_POINT('',(-9.330350084598,-5.854794700792,
    -94.01989214345));
#6657 = CARTESIAN_POINT('',(-11.16968868104,-1.553162909016E-07,
    -94.15625580904));
#6658 = CARTESIAN_POINT('',(-9.33035042845,5.854794498181,
    -94.29261947463));
#6659 = CARTESIAN_POINT('',(-7.491012353569,8.461170630126,
    -94.36080122772));
#6660 = CARTESIAN_POINT('',(-4.858066865508,10.425491064693,
    -94.42898328372));
#6661 = CARTESIAN_POINT('',(-1.683669854706,11.48334906875,
    -94.49716403101));
#6662 = CARTESIAN_POINT('',(1.68368834939,11.483340060528,
    -94.56534823113));
#6663 = CARTESIAN_POINT('',(4.858032831595,10.425416992404,
    -94.63352737794));
#6664 = CARTESIAN_POINT('',(7.491030464944,8.461256007845,
    -94.70171022969));
#6665 = CARTESIAN_POINT('',(9.330348469407,5.854764277332,
    -94.76989320326));
#6666 = CARTESIAN_POINT('',(10.25001684449,2.927399264835,
    -94.83807318512));
#6667 = CARTESIAN_POINT('',(10.250020330783,1.438165622147E-07,
    -94.9062560242));
#6668 = ORIENTED_EDGE('',*,*,#6202,.T.);
#6669 = ORIENTED_EDGE('',*,*,#6076,.T.);
#6670 = ORIENTED_EDGE('',*,*,#6671,.F.);
#6671 = EDGE_CURVE('',#6644,#6077,#6672,.T.);
#6672 = B_SPLINE_CURVE_WITH_KNOTS('',1,(#6673,#6674),.UNSPECIFIED.,.F.,
  .F.,(2,2),(0.,0.9375),.PIECEWISE_BEZIER_KNOTS.);
#6673 = CARTESIAN_POINT('',(10.250020330783,1.438165603266E-07,
    -94.9062560242));
#6674 = CARTESIAN_POINT('',(9.43813280989,-3.232188033057E-07,
    -94.43748646096));
#6675 = B_SPLINE_SURFACE_WITH_KNOTS('',1,9,(
    (#6676,#6677,#6678,#6679,#6680,#6681,#6682,#6683,#6684,#6685,#6686
      ,#6687,#6688,#6689,#6690,#6691,#6692,#6693,#6694,#6695,#6696,#6697
      ,#6698,#6699,#6700,#6701,#6702,#6703,#6704,#6705,#6706)
    ,(#6707,#6708,#6709,#6710,#6711,#6712,#6713,#6714,#6715,#6716,#6717
      ,#6718,#6719,#6720,#6721,#6722,#6723,#6724,#6725,#6726,#6727,#6728
      ,#6729,#6730,#6731,#6732,#6733,#6734,#6735,#6736,#6737
  )),.UNSPECIFIED.,.F.,.F.,.F.,(2,2),(10,7,7,7,10),(0.,0.9375),(0.,
    1.614938419963,3.229876839926,4.844815259889,6.459753679852),
  .UNSPECIFIED.);
#6676 = CARTESIAN_POINT('',(10.250018878588,1.33544405756E-07,
    -93.40625559388));
#6677 = CARTESIAN_POINT('',(10.250021007321,-1.788965995967,
    -93.44792288443));
#6678 = CARTESIAN_POINT('',(9.898754825698,-3.577919934223,
    -93.48958908369));
#6679 = CARTESIAN_POINT('',(9.196233317782,-5.288080321576,-93.531255621
    ));
#6680 = CARTESIAN_POINT('',(8.163081178875,-6.840576257428,
    -93.57292249097));
#6681 = CARTESIAN_POINT('',(6.840570526467,-8.163082386337,
    -93.61458915281));
#6682 = CARTESIAN_POINT('',(5.288073995324,-9.196230002678,
    -93.6562558319));
#6683 = CARTESIAN_POINT('',(3.577931669743,-9.898754678215,
    -93.69792248156));
#6684 = CARTESIAN_POINT('',(5.601311407888E-07,-10.60128124741,
    -93.78125580043));
#6685 = CARTESIAN_POINT('',(-3.57793135031,-9.898758866657,
    -93.86458914548));
#6686 = CARTESIAN_POINT('',(-5.288074394556,-9.196234275884,
    -93.90625582456));
#6687 = CARTESIAN_POINT('',(-6.84057185162,-8.163081438127,
    -93.94792249637));
#6688 = CARTESIAN_POINT('',(-8.163080303757,-6.840570325718,
    -93.98958913652));
#6689 = CARTESIAN_POINT('',(-9.196231604477,-5.28807254998,
    -94.03125578997));
#6690 = CARTESIAN_POINT('',(-9.89875681737,-3.577930151016,
    -94.07292245785));
#6691 = CARTESIAN_POINT('',(-10.60128201513,-1.38625486657E-07,
    -94.15625580904));
#6692 = CARTESIAN_POINT('',(-9.898757027501,3.577929915023,
    -94.23958916023));
#6693 = CARTESIAN_POINT('',(-9.19623323838,5.288070928648,-94.2812558295
    ));
#6694 = CARTESIAN_POINT('',(-8.163076978499,6.840573832652,
    -94.32292247799));
#6695 = CARTESIAN_POINT('',(-6.840575484412,8.16307747421,
    -94.36458912528));
#6696 = CARTESIAN_POINT('',(-5.288073262949,9.196235450069,
    -94.40625579213));
#6697 = CARTESIAN_POINT('',(-3.577931616688,9.898758750189,
    -94.4479224726));
#6698 = CARTESIAN_POINT('',(2.767266490806E-07,10.601281305018,
    -94.53125581765));
#6699 = CARTESIAN_POINT('',(3.577931403365,9.898754735179,
    -94.61458913653));
#6700 = CARTESIAN_POINT('',(5.288073671486,9.196230051043,
    -94.65625578618));
#6701 = CARTESIAN_POINT('',(6.840570466006,8.163082278752,
    -94.69792246526));
#6702 = CARTESIAN_POINT('',(8.163080361661,6.840576802923,
    -94.73958912713));
#6703 = CARTESIAN_POINT('',(9.196234575174,5.288081492534,
    -94.78125599706));
#6704 = CARTESIAN_POINT('',(9.898755174735,3.577919375279,-94.8229225344
    ));
#6705 = CARTESIAN_POINT('',(10.250018200271,1.788966273328,
    -94.86458873365));
#6706 = CARTESIAN_POINT('',(10.250020330783,1.438165603266E-07,
    -94.9062560242));
#6707 = CARTESIAN_POINT('',(9.438130550883,-3.001314423656E-07,
    -92.93748742801));
#6708 = CARTESIAN_POINT('',(9.438133773658,-1.647264526091,
    -92.97915269262));
#6709 = CARTESIAN_POINT('',(9.114689873048,-3.294517583899,
    -93.0208204097));
#6710 = CARTESIAN_POINT('',(8.46781347644,-4.869225472998,
    -93.06248736702));
#6711 = CARTESIAN_POINT('',(7.516493337499,-6.298742591633,
    -93.10415357689));
#6712 = CARTESIAN_POINT('',(6.298742301085,-7.516497520799,
    -93.14582025434));
#6713 = CARTESIAN_POINT('',(4.869214211895,-8.467810984629,
    -93.1874868931));
#6714 = CARTESIAN_POINT('',(3.294529082244,-9.114689990433,
    -93.22915359801));
#6715 = CARTESIAN_POINT('',(-7.551505599304E-07,-9.761570401269,
    -93.31248696382));
#6716 = CARTESIAN_POINT('',(-3.294529797281,-9.114693534074,
    -93.39582027082));
#6717 = CARTESIAN_POINT('',(-4.869214419077,-8.467814840712,
    -93.43748690959));
#6718 = CARTESIAN_POINT('',(-6.298740482129,-7.516497014979,
    -93.47915356472));
#6719 = CARTESIAN_POINT('',(-7.516495939488,-6.298739540392,
    -93.52082029096));
#6720 = CARTESIAN_POINT('',(-8.467812783834,-4.869212074154,
    -93.56248698734));
#6721 = CARTESIAN_POINT('',(-9.114691992802,-3.294527289869,
    -93.60415365129));
#6722 = CARTESIAN_POINT('',(-9.761571116836,3.298344990383E-07,
    -93.68748694448));
#6723 = CARTESIAN_POINT('',(-9.114691951482,3.294527941424,
    -93.77082023767));
#6724 = CARTESIAN_POINT('',(-8.467814011884,4.869211376402,
    -93.8124868985));
#6725 = CARTESIAN_POINT('',(-7.516492041377,6.298743578052,
    -93.85415360601));
#6726 = CARTESIAN_POINT('',(-6.298743314641,7.516493810441,
    -93.89582031623));
#6727 = CARTESIAN_POINT('',(-4.86921248184,8.467816333441,
    -93.93748698248));
#6728 = CARTESIAN_POINT('',(-3.294529192993,9.114693721095,
    -93.97915361814));
#6729 = CARTESIAN_POINT('',(-1.050535572314E-07,9.761570490874,
    -94.06248692514));
#6730 = CARTESIAN_POINT('',(3.294529686532,9.114689710848,
    -94.14582029095));
#6731 = CARTESIAN_POINT('',(4.869214654505,8.467810515681,
    -94.18748699586));
#6732 = CARTESIAN_POINT('',(6.298743047078,7.516496649498,
    -94.22915363459));
#6733 = CARTESIAN_POINT('',(7.516492770209,6.298742600145,
    -94.27082031211));
#6734 = CARTESIAN_POINT('',(8.467815976592,4.869226348153,-94.3124865219
    ));
#6735 = CARTESIAN_POINT('',(9.114690784202,3.294515695756,
    -94.35415347927));
#6736 = CARTESIAN_POINT('',(9.438129591161,1.64726390274,-94.39582119633
    ));
#6737 = CARTESIAN_POINT('',(9.43813280989,-3.232188033057E-07,
    -94.43748646096));
#6738 = ADVANCED_FACE('',(#6739),#6784,.F.);
#6739 = FACE_BOUND('',#6740,.F.);
#6740 = EDGE_LOOP('',(#6741,#6742,#6743,#6779));
#6741 = ORIENTED_EDGE('',*,*,#6460,.F.);
#6742 = ORIENTED_EDGE('',*,*,#6311,.T.);
#6743 = ORIENTED_EDGE('',*,*,#6744,.T.);
#6744 = EDGE_CURVE('',#6276,#6745,#6747,.T.);
#6745 = VERTEX_POINT('',#6746);
#6746 = CARTESIAN_POINT('',(10.250015812815,1.438152468727E-07,
    -95.09375602414));
#6747 = B_SPLINE_CURVE_WITH_KNOTS('',9,(#6748,#6749,#6750,#6751,#6752,
    #6753,#6754,#6755,#6756,#6757,#6758,#6759,#6760,#6761,#6762,#6763,
    #6764,#6765,#6766,#6767,#6768,#6769,#6770,#6771,#6772,#6773,#6774,
    #6775,#6776,#6777,#6778),.UNSPECIFIED.,.F.,.F.,(10,7,7,7,10),(0.,
    1.614938419963,3.229876839926,4.844815259889,6.459753679852),
  .UNSPECIFIED.);
#6748 = CARTESIAN_POINT('',(10.250014683333,1.335430876992E-07,
    -93.59375559383));
#6749 = CARTESIAN_POINT('',(10.25001634419,-1.788965235592,
    -93.63542288437));
#6750 = CARTESIAN_POINT('',(9.898750667924,-3.577918321608,
    -93.67708908365));
#6751 = CARTESIAN_POINT('',(9.196229564675,-5.288078176447,
    -93.71875562095));
#6752 = CARTESIAN_POINT('',(8.163077639031,-6.840573386,-93.76042249092)
  );
#6753 = CARTESIAN_POINT('',(6.840567636829,-8.163078884223,
    -93.80208915275));
#6754 = CARTESIAN_POINT('',(5.288071739379,-9.196226083435,
    -93.84375583185));
#6755 = CARTESIAN_POINT('',(3.577930149162,-9.898750466474,
    -93.8854224815));
#6756 = CARTESIAN_POINT('',(5.605097454059E-07,-10.6012767479,
    -93.96875580038));
#6757 = CARTESIAN_POINT('',(-3.577929829404,-9.898754657158,
    -94.05208914543));
#6758 = CARTESIAN_POINT('',(-5.288070784638,-9.196231791985,
    -94.0937558259));
#6759 = CARTESIAN_POINT('',(-6.840572431888,-8.163074261213,
    -94.13542249275));
#6760 = CARTESIAN_POINT('',(-8.163073335476,-6.840571119899,
    -94.17708914004));
#6761 = CARTESIAN_POINT('',(-9.196229070327,-5.288068871411,
    -94.21875578853));
#6762 = CARTESIAN_POINT('',(-9.898752622647,-3.57792863381,
    -94.2604224578));
#6763 = CARTESIAN_POINT('',(-10.60127750922,-1.396925573798E-07,
    -94.34375580899));
#6764 = CARTESIAN_POINT('',(-9.898752807596,3.577928390739,
    -94.42708916018));
#6765 = CARTESIAN_POINT('',(-9.196229315133,5.288068673726,
    -94.46875582945));
#6766 = CARTESIAN_POINT('',(-8.163073510365,6.840570921905,
    -94.51042247794));
#6767 = CARTESIAN_POINT('',(-6.840572586409,8.163074013559,
    -94.55208912523));
#6768 = CARTESIAN_POINT('',(-5.2880710176,9.196231554795,-94.59375579208
    ));
#6769 = CARTESIAN_POINT('',(-3.577930096108,9.898754545058,
    -94.63542247255));
#6770 = CARTESIAN_POINT('',(2.76338961605E-07,10.601276792706,
    -94.71875581759));
#6771 = CARTESIAN_POINT('',(3.577929882459,9.898750532294,
    -94.80208913648));
#6772 = CARTESIAN_POINT('',(5.288071432209,9.19622615285,-94.84375578613
    ));
#6773 = CARTESIAN_POINT('',(6.840567540718,8.163078841679,
    -94.88542246521));
#6774 = CARTESIAN_POINT('',(8.16307696229,6.840573859358,-94.92708912708
    ));
#6775 = CARTESIAN_POINT('',(9.196230510846,5.288079142488,
    -94.96875599701));
#6776 = CARTESIAN_POINT('',(9.898750917883,3.577917946396,
    -95.01042253434));
#6777 = CARTESIAN_POINT('',(10.250014150176,1.78896551295,
    -95.05208873361));
#6778 = CARTESIAN_POINT('',(10.250015812815,1.438152467107E-07,
    -95.09375602414));
#6779 = ORIENTED_EDGE('',*,*,#6780,.F.);
#6780 = EDGE_CURVE('',#6461,#6745,#6781,.T.);
#6781 = B_SPLINE_CURVE_WITH_KNOTS('',1,(#6782,#6783),.UNSPECIFIED.,.F.,
  .F.,(2,2),(0.,0.9375),.PIECEWISE_BEZIER_KNOTS.);
#6782 = CARTESIAN_POINT('',(9.438105702083,-3.232266938828E-07,
    -95.56248646063));
#6783 = CARTESIAN_POINT('',(10.250015812815,1.438152467107E-07,
    -95.09375602414));
#6784 = B_SPLINE_SURFACE_WITH_KNOTS('',1,9,(
    (#6785,#6786,#6787,#6788,#6789,#6790,#6791,#6792,#6793,#6794,#6795
      ,#6796,#6797,#6798,#6799,#6800,#6801,#6802,#6803,#6804,#6805,#6806
      ,#6807,#6808,#6809,#6810,#6811,#6812,#6813,#6814,#6815)
    ,(#6816,#6817,#6818,#6819,#6820,#6821,#6822,#6823,#6824,#6825,#6826
      ,#6827,#6828,#6829,#6830,#6831,#6832,#6833,#6834,#6835,#6836,#6837
      ,#6838,#6839,#6840,#6841,#6842,#6843,#6844,#6845,#6846
  )),.UNSPECIFIED.,.F.,.F.,.F.,(2,2),(10,7,7,7,10),(0.,0.9375),(0.,
    1.614938419963,3.229876839926,4.844815259889,6.459753679852),
  .UNSPECIFIED.);
#6785 = CARTESIAN_POINT('',(9.438105379349,-3.001393356072E-07,
    -94.06248742773));
#6786 = CARTESIAN_POINT('',(9.438105794871,-1.647259963841,
    -94.10415269228));
#6787 = CARTESIAN_POINT('',(9.114664926407,-3.294507908212,
    -94.1458204094));
#6788 = CARTESIAN_POINT('',(8.467790957791,-4.869212602225,
    -94.18748736675));
#6789 = CARTESIAN_POINT('',(7.516472098441,-6.29872536307,
    -94.22915357657));
#6790 = CARTESIAN_POINT('',(6.298724963254,-7.516476508114,
    -94.27082025405));
#6791 = CARTESIAN_POINT('',(4.869200676228,-8.467787469175,
    -94.3124868928));
#6792 = CARTESIAN_POINT('',(3.29451995876,-9.114664719986,-94.3541535977
    ));
#6793 = CARTESIAN_POINT('',(-7.528783036448E-07,-9.761543404203,
    -94.43748696352));
#6794 = CARTESIAN_POINT('',(-3.294520671846,-9.114668277078,
    -94.52082027052));
#6795 = CARTESIAN_POINT('',(-4.869199573565,-8.467792667081,
    -94.56248690617));
#6796 = CARTESIAN_POINT('',(-6.298726442026,-7.516472648395,
    -94.60415357243));
#6797 = CARTESIAN_POINT('',(-7.516471651513,-6.29872561058,
    -94.64582028264));
#6798 = CARTESIAN_POINT('',(-8.467790764933,-4.869197272976,
    -94.68748699016));
#6799 = CARTESIAN_POINT('',(-9.114666824465,-3.294518186633,
    -94.72915365098));
#6800 = CARTESIAN_POINT('',(-9.761544081365,3.234328346205E-07,
    -94.81248694418));
#6801 = CARTESIAN_POINT('',(-9.114666632051,3.294518795718,
    -94.89582023737));
#6802 = CARTESIAN_POINT('',(-8.467790472397,4.869197846874,
    -94.9374868982));
#6803 = CARTESIAN_POINT('',(-7.516471232579,6.298726113567,
    -94.97915360571));
#6804 = CARTESIAN_POINT('',(-6.298725926616,7.516473046541,
    -95.02082031593));
#6805 = CARTESIAN_POINT('',(-4.869199009748,8.467792961793,
    -95.06248698218));
#6806 = CARTESIAN_POINT('',(-3.294520069514,9.114668490307,
    -95.10415361783));
#6807 = CARTESIAN_POINT('',(-1.07380438917E-07,9.761543417004,
    -95.18748692484));
#6808 = CARTESIAN_POINT('',(3.294520561092,9.114664493533,
    -95.27082029065));
#6809 = CARTESIAN_POINT('',(4.869201218841,8.467787126522,
    -95.31248699556));
#6810 = CARTESIAN_POINT('',(6.298725495354,7.516476027054,-95.3541536343
    ));
#6811 = CARTESIAN_POINT('',(7.51647237398,6.29872493876,-95.39582031179)
  );
#6812 = CARTESIAN_POINT('',(8.46779159063,4.869212247876,-95.43748652159
    ));
#6813 = CARTESIAN_POINT('',(9.11466524309,3.294507122461,-95.47915347896
    ));
#6814 = CARTESIAN_POINT('',(9.438105290591,1.647259340475,
    -95.52082119607));
#6815 = CARTESIAN_POINT('',(9.438105702083,-3.232266938828E-07,
    -95.56248646063));
#6816 = CARTESIAN_POINT('',(10.250014683333,1.335430876992E-07,
    -93.59375559383));
#6817 = CARTESIAN_POINT('',(10.25001634419,-1.788965235592,
    -93.63542288437));
#6818 = CARTESIAN_POINT('',(9.898750667924,-3.577918321608,
    -93.67708908365));
#6819 = CARTESIAN_POINT('',(9.196229564675,-5.288078176447,
    -93.71875562095));
#6820 = CARTESIAN_POINT('',(8.163077639031,-6.840573386,-93.76042249092)
  );
#6821 = CARTESIAN_POINT('',(6.840567636829,-8.163078884223,
    -93.80208915275));
#6822 = CARTESIAN_POINT('',(5.288071739379,-9.196226083435,
    -93.84375583185));
#6823 = CARTESIAN_POINT('',(3.577930149162,-9.898750466474,
    -93.8854224815));
#6824 = CARTESIAN_POINT('',(5.605097454059E-07,-10.6012767479,
    -93.96875580038));
#6825 = CARTESIAN_POINT('',(-3.577929829404,-9.898754657158,
    -94.05208914543));
#6826 = CARTESIAN_POINT('',(-5.288070784638,-9.196231791985,
    -94.0937558259));
#6827 = CARTESIAN_POINT('',(-6.840572431888,-8.163074261213,
    -94.13542249275));
#6828 = CARTESIAN_POINT('',(-8.163073335476,-6.840571119899,
    -94.17708914004));
#6829 = CARTESIAN_POINT('',(-9.196229070327,-5.288068871411,
    -94.21875578853));
#6830 = CARTESIAN_POINT('',(-9.898752622647,-3.57792863381,
    -94.2604224578));
#6831 = CARTESIAN_POINT('',(-10.60127750922,-1.396925573798E-07,
    -94.34375580899));
#6832 = CARTESIAN_POINT('',(-9.898752807596,3.577928390739,
    -94.42708916018));
#6833 = CARTESIAN_POINT('',(-9.196229315133,5.288068673726,
    -94.46875582945));
#6834 = CARTESIAN_POINT('',(-8.163073510365,6.840570921905,
    -94.51042247794));
#6835 = CARTESIAN_POINT('',(-6.840572586409,8.163074013559,
    -94.55208912523));
#6836 = CARTESIAN_POINT('',(-5.2880710176,9.196231554795,-94.59375579208
    ));
#6837 = CARTESIAN_POINT('',(-3.577930096108,9.898754545058,
    -94.63542247255));
#6838 = CARTESIAN_POINT('',(2.76338961605E-07,10.601276792706,
    -94.71875581759));
#6839 = CARTESIAN_POINT('',(3.577929882459,9.898750532294,
    -94.80208913648));
#6840 = CARTESIAN_POINT('',(5.288071432209,9.19622615285,-94.84375578613
    ));
#6841 = CARTESIAN_POINT('',(6.840567540718,8.163078841679,
    -94.88542246521));
#6842 = CARTESIAN_POINT('',(8.16307696229,6.840573859358,-94.92708912708
    ));
#6843 = CARTESIAN_POINT('',(9.196230510846,5.288079142488,
    -94.96875599701));
#6844 = CARTESIAN_POINT('',(9.898750917883,3.577917946396,
    -95.01042253434));
#6845 = CARTESIAN_POINT('',(10.250014150176,1.78896551295,
    -95.05208873361));
#6846 = CARTESIAN_POINT('',(10.250015812815,1.438152467107E-07,
    -95.09375602414));
#6847 = ADVANCED_FACE('',(#6848),#6858,.F.);
#6848 = FACE_BOUND('',#6849,.F.);
#6849 = EDGE_LOOP('',(#6850,#6851,#6852,#6853));
#6850 = ORIENTED_EDGE('',*,*,#6744,.F.);
#6851 = ORIENTED_EDGE('',*,*,#6385,.T.);
#6852 = ORIENTED_EDGE('',*,*,#6643,.T.);
#6853 = ORIENTED_EDGE('',*,*,#6854,.F.);
#6854 = EDGE_CURVE('',#6745,#6644,#6855,.T.);
#6855 = B_SPLINE_CURVE_WITH_KNOTS('',1,(#6856,#6857),.UNSPECIFIED.,.F.,
  .F.,(2,2),(0.,0.1875),.PIECEWISE_BEZIER_KNOTS.);
#6856 = CARTESIAN_POINT('',(10.250015812815,1.438152423816E-07,
    -95.09375602414));
#6857 = CARTESIAN_POINT('',(10.250020330783,1.438165622147E-07,
    -94.9062560242));
#6858 = B_SPLINE_SURFACE_WITH_KNOTS('',1,11,(
    (#6859,#6860,#6861,#6862,#6863,#6864,#6865,#6866,#6867,#6868,#6869
      ,#6870,#6871,#6872,#6873,#6874,#6875,#6876,#6877,#6878,#6879)
    ,(#6880,#6881,#6882,#6883,#6884,#6885,#6886,#6887,#6888,#6889,#6890
      ,#6891,#6892,#6893,#6894,#6895,#6896,#6897,#6898,#6899,#6900
  )),.UNSPECIFIED.,.F.,.F.,.F.,(2,2),(12,9,12),(0.,0.1875),(0.,
    3.229876839926,6.459753679852),.UNSPECIFIED.);
#6859 = CARTESIAN_POINT('',(10.250014683333,1.335430894756E-07,
    -93.59375559383));
#6860 = CARTESIAN_POINT('',(10.250017401099,-2.927397743223,
    -93.66193843289));
#6861 = CARTESIAN_POINT('',(9.330338363489,-5.854763460551,
    -93.73011841483));
#6862 = CARTESIAN_POINT('',(7.491028652266,-8.461244918986,
    -93.79830138824));
#6863 = CARTESIAN_POINT('',(4.858038622168,-10.42542415641,
    -93.86648424025));
#6864 = CARTESIAN_POINT('',(1.683675393328,-11.48332483128,
    -93.93466338674));
#6865 = CARTESIAN_POINT('',(-1.683658216493,-11.48334907494,
    -94.00284758714));
#6866 = CARTESIAN_POINT('',(-4.858069674243,-10.4254859767,
    -94.07102833425));
#6867 = CARTESIAN_POINT('',(-7.49100793872,-8.461167201714,
    -94.13921039033));
#6868 = CARTESIAN_POINT('',(-9.33034613948,-5.85479221784,-94.2073921434
    ));
#6869 = CARTESIAN_POINT('',(-11.16968393354,-1.543826877993E-07,
    -94.34375580899));
#6870 = CARTESIAN_POINT('',(-9.330346442125,5.85479200415,
    -94.48011947458));
#6871 = CARTESIAN_POINT('',(-7.491009044396,8.461167029466,
    -94.54830122766));
#6872 = CARTESIAN_POINT('',(-4.858065445073,10.425486535089,
    -94.61648328368));
#6873 = CARTESIAN_POINT('',(-1.683667812647,11.483344792839,
    -94.68466403095));
#6874 = CARTESIAN_POINT('',(1.68368606483,11.483333892209,
    -94.75284823109));
#6875 = CARTESIAN_POINT('',(4.858031713504,10.425414026785,
    -94.82102737787));
#6876 = CARTESIAN_POINT('',(7.491027423755,8.461251500408,
    -94.88921022966));
#6877 = CARTESIAN_POINT('',(9.330343716356,5.854762029364,
    -94.95739320318));
#6878 = CARTESIAN_POINT('',(10.250013092133,2.927398020581,
    -95.02557318508));
#6879 = CARTESIAN_POINT('',(10.250015812815,1.438152423816E-07,
    -95.09375602414));
#6880 = CARTESIAN_POINT('',(10.250018878588,1.335444022033E-07,
    -93.40625559388));
#6881 = CARTESIAN_POINT('',(10.250022361969,-2.927398987474,
    -93.47443843296));
#6882 = CARTESIAN_POINT('',(9.330341541872,-5.854766189568,
    -93.54261841487));
#6883 = CARTESIAN_POINT('',(7.49103197905,-8.461247603909,
    -93.61080138828));
#6884 = CARTESIAN_POINT('',(4.858041633571,-10.4254300538,
    -93.67898424035));
#6885 = CARTESIAN_POINT('',(1.683674540093,-11.48332842375,
    -93.74716338673));
#6886 = CARTESIAN_POINT('',(-1.683657605556,-11.48335456132,
    -93.81534758724));
#6887 = CARTESIAN_POINT('',(-4.85807238362,-10.4254903092,
    -93.88352833429));
#6888 = CARTESIAN_POINT('',(-7.491010997396,-8.46117079368,
    -93.95171039038));
#6889 = CARTESIAN_POINT('',(-9.330350084598,-5.854794700792,
    -94.01989214345));
#6890 = CARTESIAN_POINT('',(-11.16968868104,-1.553162909016E-07,
    -94.15625580904));
#6891 = CARTESIAN_POINT('',(-9.33035042845,5.854794498181,
    -94.29261947463));
#6892 = CARTESIAN_POINT('',(-7.491012353569,8.461170630126,
    -94.36080122772));
#6893 = CARTESIAN_POINT('',(-4.858066865508,10.425491064693,
    -94.42898328372));
#6894 = CARTESIAN_POINT('',(-1.683669854706,11.48334906875,
    -94.49716403101));
#6895 = CARTESIAN_POINT('',(1.68368834939,11.483340060528,
    -94.56534823113));
#6896 = CARTESIAN_POINT('',(4.858032831595,10.425416992404,
    -94.63352737794));
#6897 = CARTESIAN_POINT('',(7.491030464944,8.461256007845,
    -94.70171022969));
#6898 = CARTESIAN_POINT('',(9.330348469407,5.854764277332,
    -94.76989320326));
#6899 = CARTESIAN_POINT('',(10.25001684449,2.927399264835,
    -94.83807318512));
#6900 = CARTESIAN_POINT('',(10.250020330783,1.438165622147E-07,
    -94.9062560242));
#6901 = ADVANCED_FACE('',(#6902),#6920,.T.);
#6902 = FACE_BOUND('',#6903,.T.);
#6903 = EDGE_LOOP('',(#6904,#6913,#6918,#6919));
#6904 = ORIENTED_EDGE('',*,*,#6905,.T.);
#6905 = EDGE_CURVE('',#6906,#6906,#6908,.T.);
#6906 = VERTEX_POINT('',#6907);
#6907 = CARTESIAN_POINT('',(17.,0.,-142.75));
#6908 = CIRCLE('',#6909,17.);
#6909 = AXIS2_PLACEMENT_3D('',#6910,#6911,#6912);
#6910 = CARTESIAN_POINT('',(2.157921523207E-14,0.,-142.75));
#6911 = DIRECTION('',(-2.324646799147E-16,0.,1.));
#6912 = DIRECTION('',(1.,0.,2.324646799147E-16));
#6913 = ORIENTED_EDGE('',*,*,#6914,.T.);
#6914 = EDGE_CURVE('',#6906,#6437,#6915,.T.);
#6915 = B_SPLINE_CURVE_WITH_KNOTS('',1,(#6916,#6917),.UNSPECIFIED.,.F.,
  .F.,(2,2),(-45.5,-41.5),.PIECEWISE_BEZIER_KNOTS.);
#6916 = CARTESIAN_POINT('',(17.,0.,-142.75));
#6917 = CARTESIAN_POINT('',(17.,0.,-138.75));
#6918 = ORIENTED_EDGE('',*,*,#6436,.F.);
#6919 = ORIENTED_EDGE('',*,*,#6914,.F.);
#6920 = CYLINDRICAL_SURFACE('',#6921,17.);
#6921 = AXIS2_PLACEMENT_3D('',#6922,#6923,#6924);
#6922 = CARTESIAN_POINT('',(1.101707229595E-14,0.,-97.25));
#6923 = DIRECTION('',(-2.324646799147E-16,0.,1.));
#6924 = DIRECTION('',(1.,0.,2.324646799147E-16));
#6925 = ADVANCED_FACE('',(#6926),#7096,.F.);
#6926 = FACE_BOUND('',#6927,.T.);
#6927 = EDGE_LOOP('',(#6928,#6998,#6999,#7090));
#6928 = ORIENTED_EDGE('',*,*,#6929,.F.);
#6929 = EDGE_CURVE('',#6461,#6930,#6932,.T.);
#6930 = VERTEX_POINT('',#6931);
#6931 = CARTESIAN_POINT('',(9.5,-1.540835890446E-07,-97.02675312083));
#6932 = B_SPLINE_CURVE_WITH_KNOTS('',8,(#6933,#6934,#6935,#6936,#6937,
    #6938,#6939,#6940,#6941,#6942,#6943,#6944,#6945,#6946,#6947,#6948,
    #6949,#6950,#6951,#6952,#6953,#6954,#6955,#6956,#6957,#6958,#6959,
    #6960,#6961,#6962,#6963,#6964,#6965,#6966,#6967,#6968,#6969,#6970,
    #6971,#6972,#6973,#6974,#6975,#6976,#6977,#6978,#6979,#6980,#6981,
    #6982,#6983,#6984,#6985,#6986,#6987,#6988,#6989,#6990,#6991,#6992,
    #6993,#6994,#6995,#6996,#6997),.UNSPECIFIED.,.F.,.F.,(9,7,7,7,7,7,7,
    7,7,9),(0.,4.787987041494E-02,0.213282133867,0.318708607478,
    0.42325004686,0.551640352924,0.685565698972,0.782339756873,
    0.880211889282,1.),.UNSPECIFIED.);
#6933 = CARTESIAN_POINT('',(9.5,-2.876227149784E-07,-95.52675375957));
#6934 = CARTESIAN_POINT('',(9.5,-0.357152619434,-95.535728697));
#6935 = CARTESIAN_POINT('',(9.48465470002,-0.714309982902,
    -95.54470379904));
#6936 = CARTESIAN_POINT('',(9.453963356785,-1.070695808868,
    -95.55367884598));
#6937 = CARTESIAN_POINT('',(9.407973217228,-1.425540461763,
    -95.5626538348));
#6938 = CARTESIAN_POINT('',(9.346777035292,-1.778081030959,
    -95.57162885815));
#6939 = CARTESIAN_POINT('',(9.270512228811,-2.127561369842,
    -95.58060399952));
#6940 = CARTESIAN_POINT('',(9.179361676466,-2.473232382584,
    -95.58957924461));
#6941 = CARTESIAN_POINT('',(8.70804821557,-3.992761120332,
    -95.62955934868));
#6942 = CARTESIAN_POINT('',(8.166917427738,-5.119221008978,
    -95.66062519445));
#6943 = CARTESIAN_POINT('',(7.459554565672,-6.159296427999,
    -95.69165403257));
#6944 = CARTESIAN_POINT('',(6.603338295843,-7.085720882401,
    -95.72266361527));
#6945 = CARTESIAN_POINT('',(5.618942929381,-7.874602679132,
    -95.75367246011));
#6946 = CARTESIAN_POINT('',(4.531656412696,-8.507000561832,
    -95.78469942526));
#6947 = CARTESIAN_POINT('',(3.369900085021,-8.967498043177,
    -95.81576430295));
#6948 = CARTESIAN_POINT('',(1.403039830895,-9.42867586586,-95.8665314961
    ));
#6949 = CARTESIAN_POINT('',(0.620161962328,-9.535822478399,
    -95.88630037063));
#6950 = CARTESIAN_POINT('',(-0.17159610508,-9.568552696833,
    -95.90606602232));
#6951 = CARTESIAN_POINT('',(-0.963962042321,-9.526151233772,
    -95.92582893758));
#6952 = CARTESIAN_POINT('',(-1.748759657124,-9.408957713837,
    -95.94559185322));
#6953 = CARTESIAN_POINT('',(-2.517910570257,-9.218277386627,
    -95.96535747541));
#6954 = CARTESIAN_POINT('',(-3.26345354572,-8.956468052356,
    -95.98512625706));
#6955 = CARTESIAN_POINT('',(-4.685781195936,-8.300696560049,
    -96.0244849769));
#6956 = CARTESIAN_POINT('',(-5.363538075428,-7.907655957648,
    -96.04408740734));
#6957 = CARTESIAN_POINT('',(-6.003248876074,-7.451517116933,
    -96.06368662269));
#6958 = CARTESIAN_POINT('',(-6.598119472897,-6.936679913074,
    -96.08328305073));
#6959 = CARTESIAN_POINT('',(-7.142054433659,-6.36829350377,
    -96.10287948341));
#6960 = CARTESIAN_POINT('',(-7.62960631386,-5.752188253171,
    -96.12247872061));
#6961 = CARTESIAN_POINT('',(-8.056041073349,-5.094929762995,
    -96.14208119495));
#6962 = CARTESIAN_POINT('',(-8.861512662074,-3.555390048956,
    -96.18574453441));
#6963 = CARTESIAN_POINT('',(-9.208029174737,-2.655055036518,
    -96.2098285499));
#6964 = CARTESIAN_POINT('',(-9.449484232229,-1.716923429649,
    -96.23390323102));
#6965 = CARTESIAN_POINT('',(-9.58150209965,-0.755386089543,
    -96.25797100598));
#6966 = CARTESIAN_POINT('',(-9.601789820933,0.214959920947,
    -96.28203885076));
#6967 = CARTESIAN_POINT('',(-9.510324976684,1.17933810571,
    -96.30611335976));
#6968 = CARTESIAN_POINT('',(-9.309173167248,2.122850904109,
    -96.33019724246));
#6969 = CARTESIAN_POINT('',(-8.684981025171,3.977322253964,
    -96.37936850541));
#6970 = CARTESIAN_POINT('',(-8.252246020497,4.886617032929,
    -96.40449391648));
#6971 = CARTESIAN_POINT('',(-7.710916826697,5.741091001629,
    -96.4296075546));
#6972 = CARTESIAN_POINT('',(-7.069516167029,6.525935430217,
    -96.4547134964));
#6973 = CARTESIAN_POINT('',(-6.338384777514,7.227948708863,
    -96.4798194173));
#6974 = CARTESIAN_POINT('',(-5.529856538864,7.835769003883,
    -96.50493328592));
#6975 = CARTESIAN_POINT('',(-4.658012646667,8.339718397741,
    -96.53005889746));
#6976 = CARTESIAN_POINT('',(-3.076090132694,9.017137075731,
    -96.57330374032));
#6977 = CARTESIAN_POINT('',(-2.38767254303,9.243739706193,
    -96.59144816552));
#6978 = CARTESIAN_POINT('',(-1.680476089903,9.410137705537,
    -96.60959062088));
#6979 = CARTESIAN_POINT('',(-0.960669529883,9.514597161965,
    -96.62773070831));
#6980 = CARTESIAN_POINT('',(-0.234509805253,9.55613397603,-96.6458707921
    ));
#6981 = CARTESIAN_POINT('',(0.491675717747,9.534461639142,
    -96.66401321076));
#6982 = CARTESIAN_POINT('',(1.211496206938,9.45004594248,-96.68215753767
    ));
#6983 = CARTESIAN_POINT('',(2.633512977137,9.156833163333,
    -96.71864407824));
#6984 = CARTESIAN_POINT('',(3.335756284435,8.946565541389,
    -96.73699472202));
#6985 = CARTESIAN_POINT('',(4.01851708428,8.674795250327,-96.75534358692
    ));
#6986 = CARTESIAN_POINT('',(4.675535791265,8.343705692523,-96.7736901606
    ));
#6987 = CARTESIAN_POINT('',(5.300927014194,7.956175335812,
    -96.79203677104));
#6988 = CARTESIAN_POINT('',(5.889163113201,7.515721123359,
    -96.81038572168));
#6989 = CARTESIAN_POINT('',(6.435113890466,7.026542130463,
    -96.82873644395));
#6990 = CARTESIAN_POINT('',(7.544915702304,5.841460163726,
    -96.86953706161));
#6991 = CARTESIAN_POINT('',(8.08590969835,5.123251986814,-96.89200327913
    ));
#6992 = CARTESIAN_POINT('',(8.548250850758,4.348251222351,
    -96.91446268959));
#6993 = CARTESIAN_POINT('',(8.925236908762,3.526650836451,
    -96.93691711941));
#6994 = CARTESIAN_POINT('',(9.211670694136,2.669270307276,
    -96.95937167219));
#6995 = CARTESIAN_POINT('',(9.40395024005,1.787559654076,-96.98183236607
    ));
#6996 = CARTESIAN_POINT('',(9.5,0.893539224279,-97.00429922369));
#6997 = CARTESIAN_POINT('',(9.5,-2.87622713202E-07,-97.02675312031));
#6998 = ORIENTED_EDGE('',*,*,#6629,.T.);
#6999 = ORIENTED_EDGE('',*,*,#7000,.T.);
#7000 = EDGE_CURVE('',#6539,#7001,#7003,.T.);
#7001 = VERTEX_POINT('',#7002);
#7002 = CARTESIAN_POINT('',(9.5,-1.643605488549E-07,-97.47320322874));
#7003 = B_SPLINE_CURVE_WITH_KNOTS('',8,(#7004,#7005,#7006,#7007,#7008,
    #7009,#7010,#7011,#7012,#7013,#7014,#7015,#7016,#7017,#7018,#7019,
    #7020,#7021,#7022,#7023,#7024,#7025,#7026,#7027,#7028,#7029,#7030,
    #7031,#7032,#7033,#7034,#7035,#7036,#7037,#7038,#7039,#7040,#7041,
    #7042,#7043,#7044,#7045,#7046,#7047,#7048,#7049,#7050,#7051,#7052,
    #7053,#7054,#7055,#7056,#7057,#7058,#7059,#7060,#7061,#7062,#7063,
    #7064,#7065,#7066,#7067,#7068,#7069,#7070,#7071,#7072,#7073,#7074,
    #7075,#7076,#7077,#7078,#7079,#7080,#7081,#7082,#7083,#7084,#7085,
    #7086,#7087,#7088,#7089),.UNSPECIFIED.,.F.,.F.,(9,7,7,7,7,7,7,7,7,7,
    7,7,9),(0.,2.109583529832E-02,5.379236414084E-02,0.122313701755,
    0.214660138775,0.32183588169,0.412758442126,0.549546747166,
    0.686302372501,0.78410553953,0.882677867412,0.961008332805,1.),
  .UNSPECIFIED.);
#7004 = CARTESIAN_POINT('',(9.5,-3.081764994306E-07,-95.97320535812));
#7005 = CARTESIAN_POINT('',(9.5,-0.15738008169,-95.97715997953));
#7006 = CARTESIAN_POINT('',(9.497020344477,-0.314759894788,
    -95.9811146631));
#7007 = CARTESIAN_POINT('',(9.49106103271,-0.472073851579,
    -95.98506940178));
#7008 = CARTESIAN_POINT('',(9.482123807882,-0.629256149532,
    -95.98902418826));
#7009 = CARTESIAN_POINT('',(9.470212157078,-0.786241079476,
    -95.9929790149));
#7010 = CARTESIAN_POINT('',(9.455331311288,-0.942963025601,
    -95.9969338738));
#7011 = CARTESIAN_POINT('',(9.4374882454,-1.099356465455,-96.00088875676
    ));
#7012 = CARTESIAN_POINT('',(9.384458986337,-1.497140294953,
    -96.01097337009));
#7013 = CARTESIAN_POINT('',(9.345131199176,-1.737979515989,
    -96.01710313693));
#7014 = CARTESIAN_POINT('',(9.298740888895,-1.977629656585,
    -96.02323293227));
#7015 = CARTESIAN_POINT('',(9.245330428358,-2.215849078912,
    -96.02936273678));
#7016 = CARTESIAN_POINT('',(9.184951991125,-2.452398483776,
    -96.03549253535));
#7017 = CARTESIAN_POINT('',(9.117667551454,-2.687040910623,
    -96.04162231706));
#7018 = CARTESIAN_POINT('',(9.043548884299,-2.919541737535,
    -96.04775207522));
#7019 = CARTESIAN_POINT('',(8.793197466115,-3.631940242214,
    -96.06672774117));
#7020 = CARTESIAN_POINT('',(8.594049659722,-4.103817839561,
    -96.07957433822));
#7021 = CARTESIAN_POINT('',(8.365990755871,-4.563129651507,
    -96.09242051003));
#7022 = CARTESIAN_POINT('',(8.109960035042,-5.007813266744,
    -96.10526622221));
#7023 = CARTESIAN_POINT('',(7.827060834118,-5.435905884048,
    -96.11811194897));
#7024 = CARTESIAN_POINT('',(7.518553837883,-5.845541862229,
    -96.13095814704));
#7025 = CARTESIAN_POINT('',(7.185862276363,-6.234957620416,
    -96.14380474911));
#7026 = CARTESIAN_POINT('',(6.351786077029,-7.097847229824,
    -96.17396317668));
#7027 = CARTESIAN_POINT('',(5.831837755214,-7.553603090224,
    -96.19127906718));
#7028 = CARTESIAN_POINT('',(5.274693776216,-7.965633677683,
    -96.20859364344));
#7029 = CARTESIAN_POINT('',(4.684687565415,-8.330445719493,
    -96.22590647799));
#7030 = CARTESIAN_POINT('',(4.066468169958,-8.645088282043,
    -96.24321929452));
#7031 = CARTESIAN_POINT('',(3.424972179614,-8.907121739748,
    -96.26053383006));
#7032 = CARTESIAN_POINT('',(2.765435658446,-9.114657893305,
    -96.27784968547));
#7033 = CARTESIAN_POINT('',(1.313546138314,-9.442663285904,
    -96.31525474053));
#7034 = CARTESIAN_POINT('',(0.516430083649,-9.543898759644,
    -96.33535407733));
#7035 = CARTESIAN_POINT('',(-0.289095638766,-9.568099509754,
    -96.35544968742));
#7036 = CARTESIAN_POINT('',(-1.094326217784,-9.514608478075,
    -96.37554215602));
#7037 = CARTESIAN_POINT('',(-1.890674816614,-9.383893277079,
    -96.39563466527));
#7038 = CARTESIAN_POINT('',(-2.669672676425,-9.177447965674,
    -96.41573036942));
#7039 = CARTESIAN_POINT('',(-3.422991487597,-8.897888646671,
    -96.43582978899));
#7040 = CARTESIAN_POINT('',(-4.752944229263,-8.253461108409,
    -96.4729679557));
#7041 = CARTESIAN_POINT('',(-5.339336455334,-7.907819727104,
    -96.4900166127));
#7042 = CARTESIAN_POINT('',(-5.896781042149,-7.514662979928,
    -96.50706399101));
#7043 = CARTESIAN_POINT('',(-6.42081487152,-7.076870455078,
    -96.52410972062));
#7044 = CARTESIAN_POINT('',(-6.907365033962,-6.597764323433,
    -96.54115544178));
#7045 = CARTESIAN_POINT('',(-7.352730027677,-6.081076108035,
    -96.55820280532));
#7046 = CARTESIAN_POINT('',(-7.753611005943,-5.530968616587,
    -96.57525146497));
#7047 = CARTESIAN_POINT('',(-8.639139065184,-4.081254657938,
    -96.61794128368));
#7048 = CARTESIAN_POINT('',(-9.064660126629,-3.14429876941,
    -96.64360872244));
#7049 = CARTESIAN_POINT('',(-9.373298282109,-2.157605712383,
    -96.66926287279));
#7050 = CARTESIAN_POINT('',(-9.558889994998,-1.138321522248,
    -96.69490802572));
#7051 = CARTESIAN_POINT('',(-9.617857076903,-0.103958215808,
    -96.72055369703));
#7052 = CARTESIAN_POINT('',(-9.54956511247,0.927621673886,
    -96.74620777727));
#7053 = CARTESIAN_POINT('',(-9.355978656981,1.938304075373,
    -96.77187533822));
#7054 = CARTESIAN_POINT('',(-8.730938662356,3.88092394641,
    -96.82315762148));
#7055 = CARTESIAN_POINT('',(-8.298972529034,4.814649966055,
    -96.84881900233));
#7056 = CARTESIAN_POINT('',(-7.753087573102,5.692320532939,
    -96.87446702152));
#7057 = CARTESIAN_POINT('',(-7.102243173245,6.49808562185,
    -96.90010610188));
#7058 = CARTESIAN_POINT('',(-6.357361948315,7.217813311663,
    -96.92574522009));
#7059 = CARTESIAN_POINT('',(-5.531551607788,7.839370824794,
    -96.95139299743));
#7060 = CARTESIAN_POINT('',(-4.639805527602,8.352428510189,
    -96.97705417158));
#7061 = CARTESIAN_POINT('',(-3.028130367299,9.033979469588,
    -97.02102768478));
#7062 = CARTESIAN_POINT('',(-2.331009130389,9.259245003183,
    -97.03936756726));
#7063 = CARTESIAN_POINT('',(-1.615047649828,9.422887743164,
    -97.05770567731));
#7064 = CARTESIAN_POINT('',(-0.886627676136,9.523155910976,
    -97.07604146776));
#7065 = CARTESIAN_POINT('',(-0.152217183183,9.559080611398,
    -97.09437725336));
#7066 = CARTESIAN_POINT('',(0.581648163296,9.530420076191,
    -97.11271538549));
#7067 = CARTESIAN_POINT('',(1.308372926794,9.437717874367,
    -97.13105536392));
#7068 = CARTESIAN_POINT('',(2.739832214789,9.126011416212,
    -97.16787060504));
#7069 = CARTESIAN_POINT('',(3.44470198859,8.905942680958,-97.1863546854)
  );
#7070 = CARTESIAN_POINT('',(4.129065989906,8.623705205249,
    -97.20483660984));
#7071 = CARTESIAN_POINT('',(4.786553901476,8.281608197637,
    -97.22331591539));
#7072 = CARTESIAN_POINT('',(5.411189766678,7.882671096196,
    -97.24179518641));
#7073 = CARTESIAN_POINT('',(5.997374088937,7.430564718573,
    -97.26027703047));
#7074 = CARTESIAN_POINT('',(6.539925894827,6.929656219175,
    -97.27876103699));
#7075 = CARTESIAN_POINT('',(7.426947393516,5.95247242033,-97.31192559095
    ));
#7076 = CARTESIAN_POINT('',(7.789331776303,5.49213274195,-97.32661201902
    ));
#7077 = CARTESIAN_POINT('',(8.119004718369,5.006688782801,
    -97.34129792194));
#7078 = CARTESIAN_POINT('',(8.413958812446,4.49887219833,-97.35598311597
    ));
#7079 = CARTESIAN_POINT('',(8.672473125856,3.971571568496,
    -97.37066834562));
#7080 = CARTESIAN_POINT('',(8.893101136901,3.427822199987,
    -97.38535432943));
#7081 = CARTESIAN_POINT('',(9.074685916656,2.870810497158,
    -97.40004082046));
#7082 = CARTESIAN_POINT('',(9.286946858663,2.021690286151,
    -97.42203557299));
#7083 = CARTESIAN_POINT('',(9.347616144848,1.737017269908,
    -97.42934546589));
#7084 = CARTESIAN_POINT('',(9.398309126199,1.45027954227,-97.43665528495
    ));
#7085 = CARTESIAN_POINT('',(9.438944731676,1.161885430369,
    -97.44396502109));
#7086 = CARTESIAN_POINT('',(9.46946211512,0.87224582211,-97.45127469489)
  );
#7087 = CARTESIAN_POINT('',(9.489820662641,0.581774089122,
    -97.45858432016));
#7088 = CARTESIAN_POINT('',(9.5,0.290886009713,-97.46589386756));
#7089 = CARTESIAN_POINT('',(9.5,-3.081764390345E-07,-97.47320322822));
#7090 = ORIENTED_EDGE('',*,*,#7091,.F.);
#7091 = EDGE_CURVE('',#6930,#7001,#7092,.T.);
#7092 = LINE('',#7093,#7094);
#7093 = CARTESIAN_POINT('',(9.5,0.,-74.75));
#7094 = VECTOR('',#7095,1.);
#7095 = DIRECTION('',(5.141040633873E-17,0.,-1.));
#7096 = CYLINDRICAL_SURFACE('',#7097,9.5);
#7097 = AXIS2_PLACEMENT_3D('',#7098,#7099,#7100);
#7098 = CARTESIAN_POINT('',(3.061616997868E-15,0.,-74.75));
#7099 = DIRECTION('',(1.224646799147E-16,0.,-1.));
#7100 = DIRECTION('',(1.,0.,1.224646799147E-16));
#7101 = ADVANCED_FACE('',(#7102),#7137,.F.);
#7102 = FACE_BOUND('',#7103,.F.);
#7103 = EDGE_LOOP('',(#7104,#7130,#7131,#7132));
#7104 = ORIENTED_EDGE('',*,*,#7105,.F.);
#7105 = EDGE_CURVE('',#6644,#7106,#7108,.T.);
#7106 = VERTEX_POINT('',#7107);
#7107 = CARTESIAN_POINT('',(10.250021782975,1.540887897389E-07,
    -96.40625645452));
#7108 = B_SPLINE_CURVE_WITH_KNOTS('',11,(#7109,#7110,#7111,#7112,#7113,
    #7114,#7115,#7116,#7117,#7118,#7119,#7120,#7121,#7122,#7123,#7124,
    #7125,#7126,#7127,#7128,#7129),.UNSPECIFIED.,.F.,.F.,(12,9,12),(0.,
    3.229876839926,6.459753679852),.UNSPECIFIED.);
#7109 = CARTESIAN_POINT('',(10.250020330783,1.438165604384E-07,
    -94.9062560242));
#7110 = CARTESIAN_POINT('',(10.250023817094,-2.92739939195,
    -94.97443886328));
#7111 = CARTESIAN_POINT('',(9.330342869637,-5.854767009708,
    -95.04261884518));
#7112 = CARTESIAN_POINT('',(7.49103304885,-8.461248795119,-95.1108018186
    ));
#7113 = CARTESIAN_POINT('',(4.858042332262,-10.42543152609,
    -95.17898467067));
#7114 = CARTESIAN_POINT('',(1.683674790154,-11.48333004884,
    -95.24716381704));
#7115 = CARTESIAN_POINT('',(-1.683657832567,-11.48335619005,
    -95.31534801755));
#7116 = CARTESIAN_POINT('',(-4.858073061469,-10.42549179107,
    -95.38352876461));
#7117 = CARTESIAN_POINT('',(-7.491012050217,-8.46117199995,
    -95.4517108207));
#7118 = CARTESIAN_POINT('',(-9.330351400627,-5.854795539634,
    -95.51989257377));
#7119 = CARTESIAN_POINT('',(-11.16969026353,-1.665102777703E-07,
    -95.65625623936));
#7120 = CARTESIAN_POINT('',(-9.330351756214,5.854795318322,
    -95.79261990495));
#7121 = CARTESIAN_POINT('',(-7.491013423348,8.461171821382,
    -95.86080165803));
#7122 = CARTESIAN_POINT('',(-4.858067564254,10.425492536826,
    -95.92898371405));
#7123 = CARTESIAN_POINT('',(-1.683670104731,11.483350694104,
    -95.99716446131));
#7124 = CARTESIAN_POINT('',(1.683688576432,11.483341688994,
    -96.06534866147));
#7125 = CARTESIAN_POINT('',(4.858033509392,10.425418474434,
    -96.13352780823));
#7126 = CARTESIAN_POINT('',(7.491031517786,8.461257214067,
    -96.20171066001));
#7127 = CARTESIAN_POINT('',(9.330349785433,5.854765116175,
    -96.26989363358));
#7128 = CARTESIAN_POINT('',(10.250018293751,2.927399689854,
    -96.33807361543));
#7129 = CARTESIAN_POINT('',(10.250021782975,1.540888430185E-07,
    -96.40625645452));
#7130 = ORIENTED_EDGE('',*,*,#6671,.T.);
#7131 = ORIENTED_EDGE('',*,*,#6538,.T.);
#7132 = ORIENTED_EDGE('',*,*,#7133,.F.);
#7133 = EDGE_CURVE('',#7106,#6539,#7134,.T.);
#7134 = B_SPLINE_CURVE_WITH_KNOTS('',1,(#7135,#7136),.UNSPECIFIED.,.F.,
  .F.,(2,2),(0.,0.9375),.PIECEWISE_BEZIER_KNOTS.);
#7135 = CARTESIAN_POINT('',(10.250021782975,1.540888455712E-07,
    -96.40625645452));
#7136 = CARTESIAN_POINT('',(9.438135068897,-3.463060110069E-07,
    -95.93748549391));
#7137 = B_SPLINE_SURFACE_WITH_KNOTS('',1,9,(
    (#7138,#7139,#7140,#7141,#7142,#7143,#7144,#7145,#7146,#7147,#7148
      ,#7149,#7150,#7151,#7152,#7153,#7154,#7155,#7156,#7157,#7158,#7159
      ,#7160,#7161,#7162,#7163,#7164,#7165,#7166,#7167,#7168)
    ,(#7169,#7170,#7171,#7172,#7173,#7174,#7175,#7176,#7177,#7178,#7179
      ,#7180,#7181,#7182,#7183,#7184,#7185,#7186,#7187,#7188,#7189,#7190
      ,#7191,#7192,#7193,#7194,#7195,#7196,#7197,#7198,#7199
  )),.UNSPECIFIED.,.F.,.F.,.F.,(2,2),(10,7,7,7,10),(0.,0.9375),(0.,
    1.614938419963,3.229876839926,4.844815259889,6.459753679852),
  .UNSPECIFIED.);
#7138 = CARTESIAN_POINT('',(10.250020330783,1.438165559975E-07,
    -94.9062560242));
#7139 = CARTESIAN_POINT('',(10.250022461306,-1.788966239152,
    -94.94792331475));
#7140 = CARTESIAN_POINT('',(9.89875623171,-3.577920431214,
    -94.98958951401));
#7141 = CARTESIAN_POINT('',(9.196234625978,-5.28808106155,
    -95.03125605131));
#7142 = CARTESIAN_POINT('',(8.163082342257,-6.840577218405,
    -95.07292292129));
#7143 = CARTESIAN_POINT('',(6.840571503795,-8.163083536004,
    -95.11458958312));
#7144 = CARTESIAN_POINT('',(5.288074753738,-9.196231300274,
    -95.15625626222));
#7145 = CARTESIAN_POINT('',(3.577932186574,-9.898756077057,
    -95.19792291187));
#7146 = CARTESIAN_POINT('',(5.707569043156E-07,-10.60128274937,
    -95.28125623075));
#7147 = CARTESIAN_POINT('',(-3.5779318473,-9.898760272671,-95.3645895758
    ));
#7148 = CARTESIAN_POINT('',(-5.288075134539,-9.196235584079,
    -95.40625625488));
#7149 = CARTESIAN_POINT('',(-6.840572812593,-8.163082601503,
    -95.44792292669));
#7150 = CARTESIAN_POINT('',(-8.163081453423,-6.84057130305,
    -95.48958956684));
#7151 = CARTESIAN_POINT('',(-9.196232902073,-5.288073308396,
    -95.53125622029));
#7152 = CARTESIAN_POINT('',(-9.898758216211,-3.577930667847,
    -95.57292288816));
#7153 = CARTESIAN_POINT('',(-10.60128351709,-1.492499087198E-07,
    -95.65625623936));
#7154 = CARTESIAN_POINT('',(-9.898758433514,3.577930412014,
    -95.73958959055));
#7155 = CARTESIAN_POINT('',(-9.196234546575,5.288071668631,
    -95.78125625982));
#7156 = CARTESIAN_POINT('',(-8.163078141875,6.840574793624,
    -95.82292290831));
#7157 = CARTESIAN_POINT('',(-6.840576461747,8.163078623874,
    -95.8645895556));
#7158 = CARTESIAN_POINT('',(-5.288074021365,9.196236747666,
    -95.90625622245));
#7159 = CARTESIAN_POINT('',(-3.577932133519,9.898760149031,
    -95.94792290291));
#7160 = CARTESIAN_POINT('',(2.661039992026E-07,10.601282806977,
    -96.03125624796));
#7161 = CARTESIAN_POINT('',(3.577931900356,9.898756141192,
    -96.11458956684));
#7162 = CARTESIAN_POINT('',(5.288074411468,9.196231359238,-96.1562562165
    ));
#7163 = CARTESIAN_POINT('',(6.840571426972,8.163083442131,
    -96.19792289558));
#7164 = CARTESIAN_POINT('',(8.163081511332,6.84057778026,-96.23958955745
    ));
#7165 = CARTESIAN_POINT('',(9.196235872769,5.28808225094,-96.28125642738
    ));
#7166 = CARTESIAN_POINT('',(9.898756573576,3.577919892111,
    -96.32292296472));
#7167 = CARTESIAN_POINT('',(10.250019650671,1.788966537057,
    -96.36458916396));
#7168 = CARTESIAN_POINT('',(10.250021782975,1.540888455712E-07,
    -96.40625645452));
#7169 = CARTESIAN_POINT('',(9.43813280989,-3.232188072744E-07,
    -94.43748646096));
#7170 = CARTESIAN_POINT('',(9.438136028636,-1.647264943451,
    -94.47915172558));
#7171 = CARTESIAN_POINT('',(9.114692046579,-3.294518394739,
    -94.52081944266));
#7172 = CARTESIAN_POINT('',(8.46781549129,-4.869226659138,
    -94.56248639997));
#7173 = CARTESIAN_POINT('',(7.516495121165,-6.298744117624,
    -94.60415260984));
#7174 = CARTESIAN_POINT('',(6.298743790286,-7.516499335273,
    -94.64581928729));
#7175 = CARTESIAN_POINT('',(4.869215356621,-8.467813023303,
    -94.68748592606));
#7176 = CARTESIAN_POINT('',(3.29452984849,-9.114692180083,
    -94.72915263096));
#7177 = CARTESIAN_POINT('',(-7.790266148908E-07,-9.76157273769,
    -94.81248599677));
#7178 = CARTESIAN_POINT('',(-3.294530608118,-9.114695707607,
    -94.89581930378));
#7179 = CARTESIAN_POINT('',(-4.869215605233,-8.467816855564,
    -94.93748594255));
#7180 = CARTESIAN_POINT('',(-6.298742008114,-7.516498798634,
    -94.97915259767));
#7181 = CARTESIAN_POINT('',(-7.516497753961,-6.298741029601,
    -95.02081932392));
#7182 = CARTESIAN_POINT('',(-8.467814822506,-4.869213218881,
    -95.06248602029));
#7183 = CARTESIAN_POINT('',(-9.114694182453,-3.294528056115,
    -95.10415268424));
#7184 = CARTESIAN_POINT('',(-9.761573453257,3.537129315834E-07,
    -95.18748597743));
#7185 = CARTESIAN_POINT('',(-9.114694125014,3.294528752262,
    -95.27081927063));
#7186 = CARTESIAN_POINT('',(-8.467816026735,4.869212562557,
    -95.31248593146));
#7187 = CARTESIAN_POINT('',(-7.516493825034,6.298745104034,
    -95.35415263896));
#7188 = CARTESIAN_POINT('',(-6.298744803854,7.516495624911,
    -95.39581934918));
#7189 = CARTESIAN_POINT('',(-4.869213626568,8.467818372114,
    -95.43748601544));
#7190 = CARTESIAN_POINT('',(-3.294529959238,9.114695910746,
    -95.47915265109));
#7191 = CARTESIAN_POINT('',(-8.117270294578E-08,9.761572827295,
    -95.56248595809));
#7192 = CARTESIAN_POINT('',(3.29453049737,9.11469188438,-95.64581932391)
  );
#7193 = CARTESIAN_POINT('',(4.869215840658,8.467812530532,
    -95.68748602882));
#7194 = CARTESIAN_POINT('',(6.298744573053,7.516498433156,
    -95.72915266755));
#7195 = CARTESIAN_POINT('',(7.51649458469,6.298744089364,-95.77081934506
    ));
#7196 = CARTESIAN_POINT('',(8.467818015266,4.869227492867,
    -95.81248555486));
#7197 = CARTESIAN_POINT('',(9.114692973852,3.294516462003,
    -95.85415251223));
#7198 = CARTESIAN_POINT('',(9.438131854195,1.647264273926,
    -95.89582022928));
#7199 = CARTESIAN_POINT('',(9.438135068897,-3.463060110069E-07,
    -95.93748549391));
#7200 = ADVANCED_FACE('',(#7201),#7246,.F.);
#7201 = FACE_BOUND('',#7202,.F.);
#7202 = EDGE_LOOP('',(#7203,#7204,#7205,#7241));
#7203 = ORIENTED_EDGE('',*,*,#6929,.F.);
#7204 = ORIENTED_EDGE('',*,*,#6780,.T.);
#7205 = ORIENTED_EDGE('',*,*,#7206,.T.);
#7206 = EDGE_CURVE('',#6745,#7207,#7209,.T.);
#7207 = VERTEX_POINT('',#7208);
#7208 = CARTESIAN_POINT('',(10.250016942295,1.540874543627E-07,
    -96.59375645445));
#7209 = B_SPLINE_CURVE_WITH_KNOTS('',9,(#7210,#7211,#7212,#7213,#7214,
    #7215,#7216,#7217,#7218,#7219,#7220,#7221,#7222,#7223,#7224,#7225,
    #7226,#7227,#7228,#7229,#7230,#7231,#7232,#7233,#7234,#7235,#7236,
    #7237,#7238,#7239,#7240),.UNSPECIFIED.,.F.,.F.,(10,7,7,7,10),(0.,
    1.614938419963,3.229876839926,4.844815259889,6.459753679852),
  .UNSPECIFIED.);
#7210 = CARTESIAN_POINT('',(10.250015812815,1.438152406052E-07,
    -95.09375602414));
#7211 = CARTESIAN_POINT('',(10.250017475463,-1.788965422453,
    -95.13542331468));
#7212 = CARTESIAN_POINT('',(9.898751762284,-3.577918705952,
    -95.17708951395));
#7213 = CARTESIAN_POINT('',(9.196230583335,-5.288078749934,
    -95.21875605126));
#7214 = CARTESIAN_POINT('',(8.163078545406,-6.840574131607,
    -95.26042292123));
#7215 = CARTESIAN_POINT('',(6.840568398789,-8.163079776883,
    -95.30208958307));
#7216 = CARTESIAN_POINT('',(5.288072331304,-9.196227091497,
    -95.34375626216));
#7217 = CARTESIAN_POINT('',(3.577930553346,-9.898751553663,
    -95.38542291181));
#7218 = CARTESIAN_POINT('',(5.711352605994E-07,-10.60127791609,
    -95.46875623069));
#7219 = CARTESIAN_POINT('',(-3.577930213747,-9.898755751519,
    -95.55208957574));
#7220 = CARTESIAN_POINT('',(-5.288071358131,-9.196232810646,
    -95.59375625621));
#7221 = CARTESIAN_POINT('',(-6.840573177492,-8.163075167582,
    -95.63542292306));
#7222 = CARTESIAN_POINT('',(-8.163074228135,-6.840571881863,
    -95.67708957035));
#7223 = CARTESIAN_POINT('',(-9.196230078388,-5.288069463336,
    -95.71875621884));
#7224 = CARTESIAN_POINT('',(-9.898753709835,-3.577929037993,
    -95.7604228881));
#7225 = CARTESIAN_POINT('',(-10.60127867741,-1.503167688297E-07,
    -95.8437562393));
#7226 = CARTESIAN_POINT('',(-9.898753901956,3.577928775082,
    -95.92708959049));
#7227 = CARTESIAN_POINT('',(-9.196230333793,5.28806924722,
    -95.96875625976));
#7228 = CARTESIAN_POINT('',(-8.163074416736,6.840571667507,
    -96.01042290825));
#7229 = CARTESIAN_POINT('',(-6.840573348374,8.163074906218,
    -96.05208955554));
#7230 = CARTESIAN_POINT('',(-5.288071609526,9.196232562856,
    -96.09375622239));
#7231 = CARTESIAN_POINT('',(-3.577930500291,9.898755632247,
    -96.13542290286));
#7232 = CARTESIAN_POINT('',(2.657158983802E-07,10.601277960894,
    -96.2187562479));
#7233 = CARTESIAN_POINT('',(3.577930266801,9.898751626654,
    -96.30208956679));
#7234 = CARTESIAN_POINT('',(5.288072005701,9.196227171511,
    -96.34375621644));
#7235 = CARTESIAN_POINT('',(6.840568286317,8.16307974805,-96.38542289552
    ));
#7236 = CARTESIAN_POINT('',(8.163077854953,6.840574621327,
    -96.42708955739));
#7237 = CARTESIAN_POINT('',(9.196231518908,5.288079734406,
    -96.46875642732));
#7238 = CARTESIAN_POINT('',(9.898752005071,3.577918350581,
    -96.51042296465));
#7239 = CARTESIAN_POINT('',(10.250015277865,1.788965720355,
    -96.55208916391));
#7240 = CARTESIAN_POINT('',(10.250016942295,1.540875097509E-07,
    -96.59375645445));
#7241 = ORIENTED_EDGE('',*,*,#7242,.F.);
#7242 = EDGE_CURVE('',#6930,#7207,#7243,.T.);
#7243 = B_SPLINE_CURVE_WITH_KNOTS('',1,(#7244,#7245),.UNSPECIFIED.,.F.,
  .F.,(2,2),(0.,0.9375),.PIECEWISE_BEZIER_KNOTS.);
#7244 = CARTESIAN_POINT('',(9.438106024819,-3.463140232644E-07,
    -97.06248549354));
#7245 = CARTESIAN_POINT('',(10.250016942295,1.540875097509E-07,
    -96.59375645445));
#7246 = B_SPLINE_SURFACE_WITH_KNOTS('',1,9,(
    (#7247,#7248,#7249,#7250,#7251,#7252,#7253,#7254,#7255,#7256,#7257
      ,#7258,#7259,#7260,#7261,#7262,#7263,#7264,#7265,#7266,#7267,#7268
      ,#7269,#7270,#7271,#7272,#7273,#7274,#7275,#7276,#7277)
    ,(#7278,#7279,#7280,#7281,#7282,#7283,#7284,#7285,#7286,#7287,#7288
      ,#7289,#7290,#7291,#7292,#7293,#7294,#7295,#7296,#7297,#7298,#7299
      ,#7300,#7301,#7302,#7303,#7304,#7305,#7306,#7307,#7308
  )),.UNSPECIFIED.,.F.,.F.,.F.,(2,2),(10,7,7,7,10),(0.,0.9375),(0.,
    1.614938419963,3.229876839926,4.844815259889,6.459753679852),
  .UNSPECIFIED.);
#7247 = CARTESIAN_POINT('',(9.438105702083,-3.232266969633E-07,
    -95.56248646063));
#7248 = CARTESIAN_POINT('',(9.438106113578,-1.647260043257,
    -95.60415172519));
#7249 = CARTESIAN_POINT('',(9.114665230023,-3.294508043165,
    -95.64581944231));
#7250 = CARTESIAN_POINT('',(8.467791235434,-4.869212789438,
    -95.68748639966));
#7251 = CARTESIAN_POINT('',(7.516472340061,-6.298725596842,
    -95.72915260948));
#7252 = CARTESIAN_POINT('',(6.298725160249,-7.516476780548,
    -95.77081928695));
#7253 = CARTESIAN_POINT('',(4.869200822016,-8.467787770641,
    -95.8124859257));
#7254 = CARTESIAN_POINT('',(3.29452004912,-9.11466503972,-95.85415263061
    ));
#7255 = CARTESIAN_POINT('',(-7.767564844209E-07,-9.761543737998,
    -95.93748599642));
#7256 = CARTESIAN_POINT('',(-3.294520806798,-9.114668580695,
    -96.02081930343));
#7257 = CARTESIAN_POINT('',(-4.869199760781,-8.467792944726,
    -96.06248593908));
#7258 = CARTESIAN_POINT('',(-6.298726675797,-7.516472890012,
    -96.10415260533));
#7259 = CARTESIAN_POINT('',(-7.516471923946,-6.298725807577,
    -96.14581931555));
#7260 = CARTESIAN_POINT('',(-8.4677910664,-4.869197418764,
    -96.18748602306));
#7261 = CARTESIAN_POINT('',(-9.114667144199,-3.294518276993,
    -96.22915268389));
#7262 = CARTESIAN_POINT('',(-9.761544415161,3.473113373699E-07,
    -96.31248597708));
#7263 = CARTESIAN_POINT('',(-9.114666935668,3.29451893067,
    -96.39581927027));
#7264 = CARTESIAN_POINT('',(-8.467790750042,4.869198034089,
    -96.43748593111));
#7265 = CARTESIAN_POINT('',(-7.516471474196,6.298726347338,
    -96.47915263861));
#7266 = CARTESIAN_POINT('',(-6.298726123615,7.516473318973,
    -96.52081934884));
#7267 = CARTESIAN_POINT('',(-4.869199155536,8.46779326326,
    -96.56248601509));
#7268 = CARTESIAN_POINT('',(-3.294520159873,9.114668810041,
    -96.60415265074));
#7269 = CARTESIAN_POINT('',(-8.350143801423E-08,9.761543750799,
    -96.68748595774));
#7270 = CARTESIAN_POINT('',(3.294520696044,9.114664797149,
    -96.77081932356));
#7271 = CARTESIAN_POINT('',(4.869201406056,8.467787404167,
    -96.81248602847));
#7272 = CARTESIAN_POINT('',(6.298725729125,7.516476268671,
    -96.85415266721));
#7273 = CARTESIAN_POINT('',(7.516472646413,6.298725135759,-96.8958193447
    ));
#7274 = CARTESIAN_POINT('',(8.467791892097,4.869212393663,-96.9374855545
    ));
#7275 = CARTESIAN_POINT('',(9.114665562824,3.294507212821,
    -96.97915251186));
#7276 = CARTESIAN_POINT('',(9.438105617354,1.647259373715,
    -97.02082022898));
#7277 = CARTESIAN_POINT('',(9.438106024819,-3.463140232644E-07,
    -97.06248549354));
#7278 = CARTESIAN_POINT('',(10.250015812815,1.438152406052E-07,
    -95.09375602414));
#7279 = CARTESIAN_POINT('',(10.250017475463,-1.788965422453,
    -95.13542331468));
#7280 = CARTESIAN_POINT('',(9.898751762284,-3.577918705952,
    -95.17708951395));
#7281 = CARTESIAN_POINT('',(9.196230583335,-5.288078749934,
    -95.21875605126));
#7282 = CARTESIAN_POINT('',(8.163078545406,-6.840574131607,
    -95.26042292123));
#7283 = CARTESIAN_POINT('',(6.840568398789,-8.163079776883,
    -95.30208958307));
#7284 = CARTESIAN_POINT('',(5.288072331304,-9.196227091497,
    -95.34375626216));
#7285 = CARTESIAN_POINT('',(3.577930553346,-9.898751553663,
    -95.38542291181));
#7286 = CARTESIAN_POINT('',(5.711352605994E-07,-10.60127791609,
    -95.46875623069));
#7287 = CARTESIAN_POINT('',(-3.577930213747,-9.898755751519,
    -95.55208957574));
#7288 = CARTESIAN_POINT('',(-5.288071358131,-9.196232810646,
    -95.59375625621));
#7289 = CARTESIAN_POINT('',(-6.840573177492,-8.163075167582,
    -95.63542292306));
#7290 = CARTESIAN_POINT('',(-8.163074228135,-6.840571881863,
    -95.67708957035));
#7291 = CARTESIAN_POINT('',(-9.196230078388,-5.288069463336,
    -95.71875621884));
#7292 = CARTESIAN_POINT('',(-9.898753709835,-3.577929037993,
    -95.7604228881));
#7293 = CARTESIAN_POINT('',(-10.60127867741,-1.503167688297E-07,
    -95.8437562393));
#7294 = CARTESIAN_POINT('',(-9.898753901956,3.577928775082,
    -95.92708959049));
#7295 = CARTESIAN_POINT('',(-9.196230333793,5.28806924722,
    -95.96875625976));
#7296 = CARTESIAN_POINT('',(-8.163074416736,6.840571667507,
    -96.01042290825));
#7297 = CARTESIAN_POINT('',(-6.840573348374,8.163074906218,
    -96.05208955554));
#7298 = CARTESIAN_POINT('',(-5.288071609526,9.196232562856,
    -96.09375622239));
#7299 = CARTESIAN_POINT('',(-3.577930500291,9.898755632247,
    -96.13542290286));
#7300 = CARTESIAN_POINT('',(2.657158983802E-07,10.601277960894,
    -96.2187562479));
#7301 = CARTESIAN_POINT('',(3.577930266801,9.898751626654,
    -96.30208956679));
#7302 = CARTESIAN_POINT('',(5.288072005701,9.196227171511,
    -96.34375621644));
#7303 = CARTESIAN_POINT('',(6.840568286317,8.16307974805,-96.38542289552
    ));
#7304 = CARTESIAN_POINT('',(8.163077854953,6.840574621327,
    -96.42708955739));
#7305 = CARTESIAN_POINT('',(9.196231518908,5.288079734406,
    -96.46875642732));
#7306 = CARTESIAN_POINT('',(9.898752005071,3.577918350581,
    -96.51042296465));
#7307 = CARTESIAN_POINT('',(10.250015277865,1.788965720355,
    -96.55208916391));
#7308 = CARTESIAN_POINT('',(10.250016942295,1.540875097509E-07,
    -96.59375645445));
#7309 = ADVANCED_FACE('',(#7310),#7320,.F.);
#7310 = FACE_BOUND('',#7311,.F.);
#7311 = EDGE_LOOP('',(#7312,#7313,#7314,#7315));
#7312 = ORIENTED_EDGE('',*,*,#7206,.F.);
#7313 = ORIENTED_EDGE('',*,*,#6854,.T.);
#7314 = ORIENTED_EDGE('',*,*,#7105,.T.);
#7315 = ORIENTED_EDGE('',*,*,#7316,.F.);
#7316 = EDGE_CURVE('',#7207,#7106,#7317,.T.);
#7317 = B_SPLINE_CURVE_WITH_KNOTS('',1,(#7318,#7319),.UNSPECIFIED.,.F.,
  .F.,(2,2),(0.,0.1875),.PIECEWISE_BEZIER_KNOTS.);
#7318 = CARTESIAN_POINT('',(10.250016942295,1.540875089745E-07,
    -96.59375645445));
#7319 = CARTESIAN_POINT('',(10.250021782975,1.540888430185E-07,
    -96.40625645452));
#7320 = B_SPLINE_SURFACE_WITH_KNOTS('',1,11,(
    (#7321,#7322,#7323,#7324,#7325,#7326,#7327,#7328,#7329,#7330,#7331
      ,#7332,#7333,#7334,#7335,#7336,#7337,#7338,#7339,#7340,#7341)
    ,(#7342,#7343,#7344,#7345,#7346,#7347,#7348,#7349,#7350,#7351,#7352
      ,#7353,#7354,#7355,#7356,#7357,#7358,#7359,#7360,#7361,#7362
  )),.UNSPECIFIED.,.F.,.F.,.F.,(2,2),(12,9,12),(0.,0.1875),(0.,
    3.229876839926,6.459753679852),.UNSPECIFIED.);
#7321 = CARTESIAN_POINT('',(10.250015812815,1.43815244158E-07,
    -95.09375602414));
#7322 = CARTESIAN_POINT('',(10.250018533512,-2.927398055533,
    -95.16193886321));
#7323 = CARTESIAN_POINT('',(9.330339397497,-5.854764096356,
    -95.23011884513));
#7324 = CARTESIAN_POINT('',(7.491029486215,-8.461245843817,
    -95.29830181854));
#7325 = CARTESIAN_POINT('',(4.858039167914,-10.42542530044,
    -95.36648467057));
#7326 = CARTESIAN_POINT('',(1.683675590378,-11.48332609487,
    -95.43466381703));
#7327 = CARTESIAN_POINT('',(-1.6836583905,-11.48335034209,
    -95.50284801747));
#7328 = CARTESIAN_POINT('',(-4.858070199136,-10.42548713035,
    -95.57102876455));
#7329 = CARTESIAN_POINT('',(-7.491008755694,-8.461168141589,
    -95.63921082064));
#7330 = CARTESIAN_POINT('',(-9.330347161753,-5.854792872349,
    -95.70739257371));
#7331 = CARTESIAN_POINT('',(-11.16968516436,-1.655764595433E-07,
    -95.8437562393));
#7332 = CARTESIAN_POINT('',(-9.330347476132,5.854792639957,
    -95.98011990489));
#7333 = CARTESIAN_POINT('',(-7.491009878329,8.461167954327,
    -96.04830165797));
#7334 = CARTESIAN_POINT('',(-4.858065990865,10.425487678999,
    -96.11648371399));
#7335 = CARTESIAN_POINT('',(-1.683668009664,11.483346056622,
    -96.18466446125));
#7336 = CARTESIAN_POINT('',(1.683686238855,11.48333515917,-96.2528486614
    ));
#7337 = CARTESIAN_POINT('',(4.858032238361,10.425415180551,
    -96.32102780818));
#7338 = CARTESIAN_POINT('',(7.491028240745,8.461252440249,
    -96.38921065996));
#7339 = CARTESIAN_POINT('',(9.330344738626,5.854762683873,-96.4573936335
    ));
#7340 = CARTESIAN_POINT('',(10.250014218681,2.927398353434,
    -96.52557361539));
#7341 = CARTESIAN_POINT('',(10.250016942295,1.540875089745E-07,
    -96.59375645445));
#7342 = CARTESIAN_POINT('',(10.250020330783,1.438165604384E-07,
    -94.9062560242));
#7343 = CARTESIAN_POINT('',(10.250023817094,-2.92739939195,
    -94.97443886328));
#7344 = CARTESIAN_POINT('',(9.330342869637,-5.854767009708,
    -95.04261884518));
#7345 = CARTESIAN_POINT('',(7.49103304885,-8.461248795119,-95.1108018186
    ));
#7346 = CARTESIAN_POINT('',(4.858042332262,-10.42543152609,
    -95.17898467067));
#7347 = CARTESIAN_POINT('',(1.683674790154,-11.48333004884,
    -95.24716381704));
#7348 = CARTESIAN_POINT('',(-1.683657832567,-11.48335619005,
    -95.31534801755));
#7349 = CARTESIAN_POINT('',(-4.858073061469,-10.42549179107,
    -95.38352876461));
#7350 = CARTESIAN_POINT('',(-7.491012050217,-8.46117199995,
    -95.4517108207));
#7351 = CARTESIAN_POINT('',(-9.330351400627,-5.854795539634,
    -95.51989257377));
#7352 = CARTESIAN_POINT('',(-11.16969026353,-1.665102777703E-07,
    -95.65625623936));
#7353 = CARTESIAN_POINT('',(-9.330351756214,5.854795318322,
    -95.79261990495));
#7354 = CARTESIAN_POINT('',(-7.491013423348,8.461171821382,
    -95.86080165803));
#7355 = CARTESIAN_POINT('',(-4.858067564254,10.425492536826,
    -95.92898371405));
#7356 = CARTESIAN_POINT('',(-1.683670104731,11.483350694104,
    -95.99716446131));
#7357 = CARTESIAN_POINT('',(1.683688576432,11.483341688994,
    -96.06534866147));
#7358 = CARTESIAN_POINT('',(4.858033509392,10.425418474434,
    -96.13352780823));
#7359 = CARTESIAN_POINT('',(7.491031517786,8.461257214067,
    -96.20171066001));
#7360 = CARTESIAN_POINT('',(9.330349785433,5.854765116175,
    -96.26989363358));
#7361 = CARTESIAN_POINT('',(10.250018293751,2.927399689854,
    -96.33807361543));
#7362 = CARTESIAN_POINT('',(10.250021782975,1.540888430185E-07,
    -96.40625645452));
#7363 = ADVANCED_FACE('',(#7364),#7382,.T.);
#7364 = FACE_BOUND('',#7365,.T.);
#7365 = EDGE_LOOP('',(#7366,#7375,#7380,#7381));
#7366 = ORIENTED_EDGE('',*,*,#7367,.T.);
#7367 = EDGE_CURVE('',#7368,#7368,#7370,.T.);
#7368 = VERTEX_POINT('',#7369);
#7369 = CARTESIAN_POINT('',(14.5,0.,-144.75));
#7370 = CIRCLE('',#7371,14.5);
#7371 = AXIS2_PLACEMENT_3D('',#7372,#7373,#7374);
#7372 = CARTESIAN_POINT('',(2.20441445919E-14,0.,-144.75));
#7373 = DIRECTION('',(-2.324646799147E-16,0.,1.));
#7374 = DIRECTION('',(1.,0.,2.324646799147E-16));
#7375 = ORIENTED_EDGE('',*,*,#7376,.T.);
#7376 = EDGE_CURVE('',#7368,#6906,#7377,.T.);
#7377 = B_SPLINE_CURVE_WITH_KNOTS('',1,(#7378,#7379),.UNSPECIFIED.,.F.,
  .F.,(2,2),(-3.201562118716,0.),.PIECEWISE_BEZIER_KNOTS.);
#7378 = CARTESIAN_POINT('',(14.5,0.,-144.75));
#7379 = CARTESIAN_POINT('',(17.,0.,-142.75));
#7380 = ORIENTED_EDGE('',*,*,#6905,.F.);
#7381 = ORIENTED_EDGE('',*,*,#7376,.F.);
#7382 = CONICAL_SURFACE('',#7383,17.,0.896055384571);
#7383 = AXIS2_PLACEMENT_3D('',#7384,#7385,#7386);
#7384 = CARTESIAN_POINT('',(2.157921523207E-14,0.,-142.75));
#7385 = DIRECTION('',(-2.324646799147E-16,0.,1.));
#7386 = DIRECTION('',(1.,0.,2.324646799147E-16));
#7387 = ADVANCED_FACE('',(#7388),#7630,.F.);
#7388 = FACE_BOUND('',#7389,.T.);
#7389 = EDGE_LOOP('',(#7390,#7467,#7468,#7538,#7546,#7614,#7622,#7629));
#7390 = ORIENTED_EDGE('',*,*,#7391,.F.);
#7391 = EDGE_CURVE('',#6930,#7392,#7394,.T.);
#7392 = VERTEX_POINT('',#7393);
#7393 = CARTESIAN_POINT('',(9.5,-1.643561316594E-07,-98.52675248209));
#7394 = B_SPLINE_CURVE_WITH_KNOTS('',8,(#7395,#7396,#7397,#7398,#7399,
    #7400,#7401,#7402,#7403,#7404,#7405,#7406,#7407,#7408,#7409,#7410,
    #7411,#7412,#7413,#7414,#7415,#7416,#7417,#7418,#7419,#7420,#7421,
    #7422,#7423,#7424,#7425,#7426,#7427,#7428,#7429,#7430,#7431,#7432,
    #7433,#7434,#7435,#7436,#7437,#7438,#7439,#7440,#7441,#7442,#7443,
    #7444,#7445,#7446,#7447,#7448,#7449,#7450,#7451,#7452,#7453,#7454,
    #7455,#7456,#7457,#7458,#7459,#7460,#7461,#7462,#7463,#7464,#7465,
    #7466),.UNSPECIFIED.,.F.,.F.,(9,7,7,7,7,7,7,7,7,7,9),(0.,
    4.790324321289E-02,0.213226919554,0.316536255121,0.42398941729,
    0.57155723865,0.68645728403,0.783443925197,0.880366243878,
    0.95810222142,1.),.UNSPECIFIED.);
#7395 = CARTESIAN_POINT('',(9.5,-3.08167237506E-07,-97.02675312083));
#7396 = CARTESIAN_POINT('',(9.5,-0.357330536936,-97.03573252822));
#7397 = CARTESIAN_POINT('',(9.484639409272,-0.714665811008,
    -97.04471210059));
#7398 = CARTESIAN_POINT('',(9.453917482163,-1.071228391559,
    -97.05369161771));
#7399 = CARTESIAN_POINT('',(9.407881560904,-1.426247491384,
    -97.06267107653));
#7400 = CARTESIAN_POINT('',(9.346624584812,-1.778959065438,
    -97.07165056993));
#7401 = CARTESIAN_POINT('',(9.270284244457,-2.128605849899,
    -97.08063018158));
#7402 = CARTESIAN_POINT('',(9.179043780811,-2.474437649748,
    -97.08960989716));
#7403 = CARTESIAN_POINT('',(8.70762006817,-3.993517504576,
    -97.12958004726));
#7404 = CARTESIAN_POINT('',(8.166655011316,-5.119393246217,
    -97.16063132717));
#7405 = CARTESIAN_POINT('',(7.459622466707,-6.158957262781,
    -97.19164569461));
#7406 = CARTESIAN_POINT('',(6.603875627403,-7.084980663566,
    -97.22264083854));
#7407 = CARTESIAN_POINT('',(5.620059540083,-7.873604822029,
    -97.25363524562));
#7408 = CARTESIAN_POINT('',(4.53342361909,-8.505910657929,
    -97.28464774229));
#7409 = CARTESIAN_POINT('',(3.372347015714,-8.966499192786,
    -97.31569805454));
#7410 = CARTESIAN_POINT('',(1.421566992603,-9.424596515246,
    -97.36605415473));
#7411 = CARTESIAN_POINT('',(0.654791413555,-9.53126997248,
    -97.38542574345));
#7412 = CARTESIAN_POINT('',(-0.120695815397,-9.56653084659,
    -97.40479444289));
#7413 = CARTESIAN_POINT('',(-0.897116331652,-9.529677908667,
    -97.42416064433));
#7414 = CARTESIAN_POINT('',(-1.666773781004,-9.420984272265,
    -97.44352685456));
#7415 = CARTESIAN_POINT('',(-2.422056205327,-9.241618014111,
    -97.46289554556));
#7416 = CARTESIAN_POINT('',(-3.15545291609,-8.993719405243,
    -97.48226706468));
#7417 = CARTESIAN_POINT('',(-4.592019862981,-8.354987819883,
    -97.52177515136));
#7418 = CARTESIAN_POINT('',(-5.293279199337,-7.9586061794,
    -97.54192448087));
#7419 = CARTESIAN_POINT('',(-5.955025469091,-7.4951118514,
    -97.56207010331));
#7420 = CARTESIAN_POINT('',(-6.569833421417,-6.969218648568,
    -97.58221256962));
#7421 = CARTESIAN_POINT('',(-7.131052768059,-6.386479138336,
    -97.6023550396));
#7422 = CARTESIAN_POINT('',(-7.632748604715,-5.753204732751,
    -97.62250068226));
#7423 = CARTESIAN_POINT('',(-8.069777581274,-5.076529867561,
    -97.64265005344));
#7424 = CARTESIAN_POINT('',(-8.94375613958,-3.386874912126,
    -97.69045452096));
#7425 = CARTESIAN_POINT('',(-9.320634551787,-2.340979023014,
    -97.71815074009));
#7426 = CARTESIAN_POINT('',(-9.556763255793,-1.248556688821,
    -97.74582712394));
#7427 = CARTESIAN_POINT('',(-9.646436853991,-0.131792285088,
    -97.77349114343));
#7428 = CARTESIAN_POINT('',(-9.587306035332,0.987005107197,
    -97.80115576619));
#7429 = CARTESIAN_POINT('',(-9.38110980855,2.085470568627,
    -97.82883166502));
#7430 = CARTESIAN_POINT('',(-9.032945278521,3.141272228029,
    -97.85652767586));
#7431 = CARTESIAN_POINT('',(-8.181289584698,4.904191668253,
    -97.90572807807));
#7432 = CARTESIAN_POINT('',(-7.728718339467,5.637851333417,-97.927276305
    ));
#7433 = CARTESIAN_POINT('',(-7.201163044407,6.323246096752,
    -97.94881938834));
#7434 = CARTESIAN_POINT('',(-6.604806562298,6.951572746864,
    -97.9703584269));
#7435 = CARTESIAN_POINT('',(-5.946812416565,7.515025680278,
    -97.99189744222));
#7436 = CARTESIAN_POINT('',(-5.235342471518,8.006849845505,
    -98.01344056773));
#7437 = CARTESIAN_POINT('',(-4.479503709348,8.421320507422,
    -98.03498885588));
#7438 = CARTESIAN_POINT('',(-3.023034350034,9.035189922201,
    -98.07470762383));
#7439 = CARTESIAN_POINT('',(-2.331755648383,9.258218353229,
    -98.09289211794));
#7440 = CARTESIAN_POINT('',(-1.621974434465,9.420663247077,
    -98.11107462115));
#7441 = CARTESIAN_POINT('',(-0.899911015317,9.520816678962,
    -98.12925473498));
#7442 = CARTESIAN_POINT('',(-0.171869894821,9.557727645391,
    -98.14743485088));
#7443 = CARTESIAN_POINT('',(0.555777889915,9.531149052673,-98.1656173308
    ));
#7444 = CARTESIAN_POINT('',(1.276602186434,9.441593098524,
    -98.18380174029));
#7445 = CARTESIAN_POINT('',(2.691150385005,9.139497204732,-98.2201504708
    ));
#7446 = CARTESIAN_POINT('',(3.385220914286,8.926968617128,
    -98.23832306136));
#7447 = CARTESIAN_POINT('',(4.059823838299,8.654248578582,
    -98.25649395948));
#7448 = CARTESIAN_POINT('',(4.708892716806,8.323491360877,
    -98.27466267287));
#7449 = CARTESIAN_POINT('',(5.326724146419,7.937518421424,
    -98.29283141726));
#7450 = CARTESIAN_POINT('',(5.907961977278,7.499765041772,
    -98.31100238657));
#7451 = CARTESIAN_POINT('',(6.447634917944,7.014321396161,
    -98.32917503925));
#7452 = CARTESIAN_POINT('',(7.337146629228,6.062385550523,
    -98.36191522897));
#7453 = CARTESIAN_POINT('',(7.703528794654,5.611044650127,
    -98.37648835114));
#7454 = CARTESIAN_POINT('',(8.038079635139,5.134502941218,
    -98.39106075233));
#7455 = CARTESIAN_POINT('',(8.338797254416,4.635398968264,
    -98.40563230259));
#7456 = CARTESIAN_POINT('',(8.603955094643,4.116527915005,
    -98.42020384431));
#7457 = CARTESIAN_POINT('',(8.832090568347,3.580831668665,
    -98.43477624494));
#7458 = CARTESIAN_POINT('',(9.022019477253,3.031403261269,
    -98.44934941556));
#7459 = CARTESIAN_POINT('',(9.254184288216,2.169734676856,
    -98.47177517939));
#7460 = CARTESIAN_POINT('',(9.324146900157,1.864904138497,
    -98.47962915709));
#7461 = CARTESIAN_POINT('',(9.382629193814,1.557515320466,
    -98.48748313407));
#7462 = CARTESIAN_POINT('',(9.429523216026,1.248073265674,
    -98.49533708527));
#7463 = CARTESIAN_POINT('',(9.464747933567,0.93708669308,-98.50319101777
    ));
#7464 = CARTESIAN_POINT('',(9.488249246245,0.625067878311,
    -98.51104493391));
#7465 = CARTESIAN_POINT('',(9.5,0.312532534285,-98.51889879442));
#7466 = CARTESIAN_POINT('',(9.5,-3.081671806626E-07,-98.52675248157));
#7467 = ORIENTED_EDGE('',*,*,#7091,.T.);
#7468 = ORIENTED_EDGE('',*,*,#7469,.T.);
#7469 = EDGE_CURVE('',#7001,#7470,#7472,.T.);
#7470 = VERTEX_POINT('',#7471);
#7471 = CARTESIAN_POINT('',(2.458781254878,9.176295262286,
    -98.66070227552));
#7472 = B_SPLINE_CURVE_WITH_KNOTS('',8,(#7473,#7474,#7475,#7476,#7477,
    #7478,#7479,#7480,#7481,#7482,#7483,#7484,#7485,#7486,#7487,#7488,
    #7489,#7490,#7491,#7492,#7493,#7494,#7495,#7496,#7497,#7498,#7499,
    #7500,#7501,#7502,#7503,#7504,#7505,#7506,#7507,#7508,#7509,#7510,
    #7511,#7512,#7513,#7514,#7515,#7516,#7517,#7518,#7519,#7520,#7521,
    #7522,#7523,#7524,#7525,#7526,#7527,#7528,#7529,#7530,#7531,#7532,
    #7533,#7534,#7535,#7536,#7537),.UNSPECIFIED.,.F.,.F.,(9,7,7,7,7,7,7,
    7,7,9),(0.,4.200576536605E-02,0.129721846672,0.252156826348,
    0.375548006972,0.504915924247,0.634919458285,0.795011621702,
    0.959342695716,1.),.UNSPECIFIED.);
#7473 = CARTESIAN_POINT('',(9.5,-3.287207395175E-07,-97.47320322874));
#7474 = CARTESIAN_POINT('',(9.5,-0.248087547908,-97.47943739354));
#7475 = CARTESIAN_POINT('',(9.492595772577,-0.496175602913,
    -97.48567154913));
#7476 = CARTESIAN_POINT('',(9.477787373203,-0.744005468041,
    -97.49190572447));
#7477 = CARTESIAN_POINT('',(9.455585579817,-0.99131924197,
    -97.49813993887));
#7478 = CARTESIAN_POINT('',(9.426011892821,-1.237860147762,
    -97.50437420194));
#7479 = CARTESIAN_POINT('',(9.389098535084,-1.483372532856,
    -97.5106085136));
#7480 = CARTESIAN_POINT('',(9.34488845194,-1.727601869069,
    -97.51684286411));
#7481 = CARTESIAN_POINT('',(9.185991301103,-2.477083963997,
    -97.53609579213));
#7482 = CARTESIAN_POINT('',(9.046956347118,-2.977208456534,
    -97.54911528774));
#7483 = CARTESIAN_POINT('',(8.876820580961,-3.468323839455,
    -97.56213448848));
#7484 = CARTESIAN_POINT('',(8.676280319393,-3.948176111135,
    -97.57515322582));
#7485 = CARTESIAN_POINT('',(8.446216737228,-4.41459367673,
    -97.58817189832));
#7486 = CARTESIAN_POINT('',(8.187688326016,-4.865485635323,
    -97.60119094872));
#7487 = CARTESIAN_POINT('',(7.901937138362,-5.298846336559,
    -97.61421031508));
#7488 = CARTESIAN_POINT('',(7.155574486296,-6.290519682979,
    -97.64540026446));
#7489 = CARTESIAN_POINT('',(6.670379733384,-6.830580990057,
    -97.66357575655));
#7490 = CARTESIAN_POINT('',(6.138778575826,-7.327617379622,
    -97.68174941327));
#7491 = CARTESIAN_POINT('',(5.565282531192,-7.7770319541,-97.69992081643
    ));
#7492 = CARTESIAN_POINT('',(4.954855588763,-8.174838564452,
    -97.71809226996));
#7493 = CARTESIAN_POINT('',(4.312872396911,-8.517624976998,
    -97.73626604323));
#7494 = CARTESIAN_POINT('',(3.645139667031,-8.802604309295,
    -97.7544416359));
#7495 = CARTESIAN_POINT('',(2.265455301408,-9.254663555884,
    -97.79092640967));
#7496 = CARTESIAN_POINT('',(1.552870601674,-9.420912902744,
    -97.80924401989));
#7497 = CARTESIAN_POINT('',(0.826672603399,-9.524338384314,
    -97.82755967041));
#7498 = CARTESIAN_POINT('',(9.334294686597E-02,-9.563729496915,
    -97.84587289164));
#7499 = CARTESIAN_POINT('',(-0.640615888711,-9.538659284143,
    -97.86418609954));
#7500 = CARTESIAN_POINT('',(-1.368694325854,-9.449427660877,
    -97.88250171927));
#7501 = CARTESIAN_POINT('',(-2.084388277374,-9.297118401704,
    -97.90081930209));
#7502 = CARTESIAN_POINT('',(-3.511785085024,-8.860087153546,
    -97.93833301752));
#7503 = CARTESIAN_POINT('',(-4.222010844296,-8.569187511905,
    -97.95753887885));
#7504 = CARTESIAN_POINT('',(-4.904345930283,-8.213311474694,
    -97.97674239623));
#7505 = CARTESIAN_POINT('',(-5.551898344506,-7.795673327842,
    -97.99594293621));
#7506 = CARTESIAN_POINT('',(-6.158309816315,-7.32026733452,
    -98.01514346731));
#7507 = CARTESIAN_POINT('',(-6.717726692195,-6.791796303363,
    -98.03434696435));
#7508 = CARTESIAN_POINT('',(-7.224857918406,-6.215722427775,
    -98.05355280507));
#7509 = CARTESIAN_POINT('',(-8.127594565713,-4.978125504627,
    -98.09204784898));
#7510 = CARTESIAN_POINT('',(-8.522904859129,-4.315833090083,
    -98.11134803422));
#7511 = CARTESIAN_POINT('',(-8.856289505505,-3.617976490264,
    -98.13064567342));
#7512 = CARTESIAN_POINT('',(-9.124115272149,-2.891364967846,
    -98.14994017819));
#7513 = CARTESIAN_POINT('',(-9.323661801909,-2.14311626213,
    -98.16923468841));
#7514 = CARTESIAN_POINT('',(-9.453053503341,-1.380615811334,
    -98.18853234474));
#7515 = CARTESIAN_POINT('',(-9.511338714493,-0.611522645645,
    -98.2078325582));
#7516 = CARTESIAN_POINT('',(-9.483172138207,1.101559003189,
    -98.25088765597));
#7517 = CARTESIAN_POINT('',(-9.360084780302,2.045807981109,
    -98.27466409706));
#7518 = CARTESIAN_POINT('',(-9.129453295849,2.973657615992,
    -98.29843178143));
#7519 = CARTESIAN_POINT('',(-8.794155341474,3.870927086561,
    -98.32219314915));
#7520 = CARTESIAN_POINT('',(-8.358914196841,4.724204558374,
    -98.34595441913));
#7521 = CARTESIAN_POINT('',(-7.830430672254,5.520948458844,
    -98.36972188987));
#7522 = CARTESIAN_POINT('',(-7.217218392096,6.249459261697,
    -98.39349815688));
#7523 = CARTESIAN_POINT('',(-5.825675154956,7.566601555734,
    -98.44164785836));
#7524 = CARTESIAN_POINT('',(-5.042388573068,8.151977883521,
    -98.46605545433));
#7525 = CARTESIAN_POINT('',(-4.192511297796,8.643948804038,
    -98.49045296047));
#7526 = CARTESIAN_POINT('',(-3.289244511561,9.034093791742,
    -98.51484345312));
#7527 = CARTESIAN_POINT('',(-2.346582419299,9.316037384968,
    -98.5392341081));
#7528 = CARTESIAN_POINT('',(-1.379342362066,9.485664962411,
    -98.5636313534));
#7529 = CARTESIAN_POINT('',(-0.403049261575,9.540938112227,
    -98.5880389379));
#7530 = CARTESIAN_POINT('',(0.805468642969,9.468836948206,
    -98.61846267672));
#7531 = CARTESIAN_POINT('',(1.044753235336,9.44761222507,-98.62449691769
    ));
#7532 = CARTESIAN_POINT('',(1.283391083221,9.41947732373,-98.63053117228
    ));
#7533 = CARTESIAN_POINT('',(1.521149286055,9.384455614613,-98.6365654343
    ));
#7534 = CARTESIAN_POINT('',(1.757796472904,9.34257980662,-98.64259968784
    ));
#7535 = CARTESIAN_POINT('',(1.993102802467,9.293891947134,
    -98.64863390723));
#7536 = CARTESIAN_POINT('',(2.226839963077,9.238443422011,
    -98.65466805706));
#7537 = CARTESIAN_POINT('',(2.458781172698,9.176294955586,
    -98.66070209219));
#7538 = ORIENTED_EDGE('',*,*,#7539,.T.);
#7539 = EDGE_CURVE('',#7470,#7540,#7542,.T.);
#7540 = VERTEX_POINT('',#7541);
#7541 = CARTESIAN_POINT('',(2.458781254869,9.176295262289,
    -99.71425219616));
#7542 = LINE('',#7543,#7544);
#7543 = CARTESIAN_POINT('',(2.458781255083,9.176295262232,-74.75));
#7544 = VECTOR('',#7545,1.);
#7545 = DIRECTION('',(1.224646799147E-16,0.,-1.));
#7546 = ORIENTED_EDGE('',*,*,#7547,.F.);
#7547 = EDGE_CURVE('',#7392,#7540,#7548,.T.);
#7548 = B_SPLINE_CURVE_WITH_KNOTS('',8,(#7549,#7550,#7551,#7552,#7553,
    #7554,#7555,#7556,#7557,#7558,#7559,#7560,#7561,#7562,#7563,#7564,
    #7565,#7566,#7567,#7568,#7569,#7570,#7571,#7572,#7573,#7574,#7575,
    #7576,#7577,#7578,#7579,#7580,#7581,#7582,#7583,#7584,#7585,#7586,
    #7587,#7588,#7589,#7590,#7591,#7592,#7593,#7594,#7595,#7596,#7597,
    #7598,#7599,#7600,#7601,#7602,#7603,#7604,#7605,#7606,#7607,#7608,
    #7609,#7610,#7611,#7612,#7613),.UNSPECIFIED.,.F.,.F.,(9,7,7,7,7,7,7,
    7,7,9),(0.,4.134236569556E-02,0.20656547791,0.37381128503,
    0.497374539634,0.634302028224,0.744468814874,0.875786452791,
    0.958619057732,1.),.UNSPECIFIED.);
#7549 = CARTESIAN_POINT('',(9.5,-3.287119092477E-07,-98.52675248209));
#7550 = CARTESIAN_POINT('',(9.5,-0.24416675117,-98.53288824896));
#7551 = CARTESIAN_POINT('',(9.492827961562,-0.488333932535,
    -98.53902410521));
#7552 = CARTESIAN_POINT('',(9.478483933894,-0.732254983115,
    -98.54516000688));
#7553 = CARTESIAN_POINT('',(9.456978028806,-0.975684046638,
    -98.55129592043));
#7554 = CARTESIAN_POINT('',(9.428330420707,-1.218376300245,
    -98.5574318227));
#7555 = CARTESIAN_POINT('',(9.392571346605,-1.460087954495,
    -98.56356770098));
#7556 = CARTESIAN_POINT('',(9.34974110611,-1.700576253364,
    -98.56970355291));
#7557 = CARTESIAN_POINT('',(9.100662353707,-2.894846223692,
    -98.6003610006));
#7558 = CARTESIAN_POINT('',(8.789146387474,-3.82743446892,
    -98.62490103509));
#7559 = CARTESIAN_POINT('',(8.368486239453,-4.720801058132,
    -98.64943047782));
#7560 = CARTESIAN_POINT('',(7.844837468136,-5.560268601977,
    -98.67395328407));
#7561 = CARTESIAN_POINT('',(7.226206066503,-6.33241430666,
    -98.69847595909));
#7562 = CARTESIAN_POINT('',(6.522605429209,-7.025238043677,-98.723005821
    ));
#7563 = CARTESIAN_POINT('',(5.745845187751,-7.62807027542,
    -98.74754606698));
#7564 = CARTESIAN_POINT('',(4.064953141073,-8.643020660687,
    -98.79688937698));
#7565 = CARTESIAN_POINT('',(3.158048139056,-9.053516941923,
    -98.82173097089));
#7566 = CARTESIAN_POINT('',(2.204622181373,-9.354613792936,
    -98.84656144175));
#7567 = CARTESIAN_POINT('',(1.220193688602,-9.540670830932,
    -98.87138444707));
#7568 = CARTESIAN_POINT('',(0.22062598249,-9.608354839599,
    -98.89620755738));
#7569 = CARTESIAN_POINT('',(-0.777889307523,-9.556899375574,
    -98.92103824278));
#7570 = CARTESIAN_POINT('',(-1.758913687465,-9.387857758351,
    -98.94588000404));
#7571 = CARTESIAN_POINT('',(-3.40528532256,-8.898684565133,
    -98.98904047647));
#7572 = CARTESIAN_POINT('',(-4.08674161254,-8.629374064132,
    -99.00738341138));
#7573 = CARTESIAN_POINT('',(-4.74355949737,-8.30049694651,
    -99.02572435643));
#7574 = CARTESIAN_POINT('',(-5.369695887378,-7.914759271158,
    -99.04406285473));
#7575 = CARTESIAN_POINT('',(-5.959539128597,-7.475526681748,
    -99.06240135297));
#7576 = CARTESIAN_POINT('',(-6.507887855391,-6.986769522384,
    -99.08074229773));
#7577 = CARTESIAN_POINT('',(-7.009994138749,-6.45310279884,
    -99.09908523301));
#7578 = CARTESIAN_POINT('',(-7.962199739667,-5.244745532328,
    -99.13774601996));
#7579 = CARTESIAN_POINT('',(-8.401116048685,-4.560645893933,
    -99.1580755673));
#7580 = CARTESIAN_POINT('',(-8.772537893466,-3.834925894216,
    -99.17840130059));
#7581 = CARTESIAN_POINT('',(-9.072009340459,-3.075435487569,
    -99.19872393171));
#7582 = CARTESIAN_POINT('',(-9.296135306716,-2.290402750074,
    -99.21904654505));
#7583 = CARTESIAN_POINT('',(-9.442607368688,-1.488424192714,
    -99.23937229375));
#7584 = CARTESIAN_POINT('',(-9.510189018775,-0.678440918964,
    -99.25970182975));
#7585 = CARTESIAN_POINT('',(-9.490192860395,0.78075108246,
    -99.29637436489));
#7586 = CARTESIAN_POINT('',(-9.430353436834,1.430732460807,
    -99.31272720165));
#7587 = CARTESIAN_POINT('',(-9.319629915869,2.075315674411,
    -99.32907890822));
#7588 = CARTESIAN_POINT('',(-9.158629540849,2.709855047771,
    -99.34542923258));
#7589 = CARTESIAN_POINT('',(-8.948441066122,3.329840638065,
    -99.36177956631));
#7590 = CARTESIAN_POINT('',(-8.69060497729,3.930896189107,
    -99.37813129598));
#7591 = CARTESIAN_POINT('',(-8.387139609318,4.508793577596,
    -99.39448415638));
#7592 = CARTESIAN_POINT('',(-7.627579243444,5.715900581811,
    -99.43032412337));
#7593 = CARTESIAN_POINT('',(-7.15316483839,6.333980324899,-99.4498196549
    ));
#7594 = CARTESIAN_POINT('',(-6.621704261818,6.90671483608,
    -99.46931215191));
#7595 = CARTESIAN_POINT('',(-6.038347442029,7.428032256272,
    -99.4888019612));
#7596 = CARTESIAN_POINT('',(-5.408884388902,7.892632395787,
    -99.5082917156));
#7597 = CARTESIAN_POINT('',(-4.739686017163,8.295929673543,
    -99.52778409013));
#7598 = CARTESIAN_POINT('',(-4.037747916588,8.634122678025,
    -99.54727952781));
#7599 = CARTESIAN_POINT('',(-2.852277709112,9.07490101927,
    -99.57906267597));
#7600 = CARTESIAN_POINT('',(-2.38368534542,9.218415326406,
    -99.59135691319));
#7601 = CARTESIAN_POINT('',(-1.906921187342,9.334246468755,
    -99.60365091012));
#7602 = CARTESIAN_POINT('',(-1.423898515464,9.421863572959,
    -99.6159446168));
#7603 = CARTESIAN_POINT('',(-0.936555770263,9.480894932375,
    -99.62823836337));
#7604 = CARTESIAN_POINT('',(-0.446854661032,9.511122838749,
    -99.64053244972));
#7605 = CARTESIAN_POINT('',(4.32201134401E-02,9.512489074342,
    -99.65282675573));
#7606 = CARTESIAN_POINT('',(0.775670733229,9.471433746904,
    -99.67126193205));
#7607 = CARTESIAN_POINT('',(1.019280682596,9.450582208364,
    -99.67740348377));
#7608 = CARTESIAN_POINT('',(1.262242119636,9.422570357616,
    -99.68354501051));
#7609 = CARTESIAN_POINT('',(1.50430940752,9.3874221281,-99.68968650555)
  );
#7610 = CARTESIAN_POINT('',(1.745238533469,9.345171477954,
    -99.69582797203));
#7611 = CARTESIAN_POINT('',(1.984787108757,9.295862390015,
    -99.70196942296));
#7612 = CARTESIAN_POINT('',(2.222714368706,9.239548871818,-99.7081108812
    ));
#7613 = CARTESIAN_POINT('',(2.458781172691,9.176294955596,
    -99.71425237946));
#7614 = ORIENTED_EDGE('',*,*,#7615,.T.);
#7615 = EDGE_CURVE('',#7392,#7616,#7618,.T.);
#7616 = VERTEX_POINT('',#7617);
#7617 = CARTESIAN_POINT('',(9.5,0.,-99.75));
#7618 = LINE('',#7619,#7620);
#7619 = CARTESIAN_POINT('',(9.5,0.,-74.75));
#7620 = VECTOR('',#7621,1.);
#7621 = DIRECTION('',(5.141040633873E-17,0.,-1.));
#7622 = ORIENTED_EDGE('',*,*,#7623,.F.);
#7623 = EDGE_CURVE('',#7616,#7616,#7624,.T.);
#7624 = CIRCLE('',#7625,9.5);
#7625 = AXIS2_PLACEMENT_3D('',#7626,#7627,#7628);
#7626 = CARTESIAN_POINT('',(6.123233995737E-15,0.,-99.75));
#7627 = DIRECTION('',(-1.224646799147E-16,0.,1.));
#7628 = DIRECTION('',(1.,0.,1.224646799147E-16));
#7629 = ORIENTED_EDGE('',*,*,#7615,.F.);
#7630 = CYLINDRICAL_SURFACE('',#7631,9.5);
#7631 = AXIS2_PLACEMENT_3D('',#7632,#7633,#7634);
#7632 = CARTESIAN_POINT('',(3.061616997868E-15,0.,-74.75));
#7633 = DIRECTION('',(1.224646799147E-16,0.,-1.));
#7634 = DIRECTION('',(1.,0.,1.224646799147E-16));
#7635 = ADVANCED_FACE('',(#7636),#7671,.F.);
#7636 = FACE_BOUND('',#7637,.F.);
#7637 = EDGE_LOOP('',(#7638,#7664,#7665,#7666));
#7638 = ORIENTED_EDGE('',*,*,#7639,.F.);
#7639 = EDGE_CURVE('',#7106,#7640,#7642,.T.);
#7640 = VERTEX_POINT('',#7641);
#7641 = CARTESIAN_POINT('',(10.250023235166,1.643632714462E-07,
    -97.90625688484));
#7642 = B_SPLINE_CURVE_WITH_KNOTS('',11,(#7643,#7644,#7645,#7646,#7647,
    #7648,#7649,#7650,#7651,#7652,#7653,#7654,#7655,#7656,#7657,#7658,
    #7659,#7660,#7661,#7662,#7663),.UNSPECIFIED.,.F.,.F.,(12,9,12),(0.,
    3.229876839926,6.459753679852),.UNSPECIFIED.);
#7643 = CARTESIAN_POINT('',(10.250021782975,1.540887879514E-07,
    -96.40625645452));
#7644 = CARTESIAN_POINT('',(10.250025272193,-2.927399796421,
    -96.4744392936));
#7645 = CARTESIAN_POINT('',(9.330344197397,-5.854767829835,
    -96.54261927549));
#7646 = CARTESIAN_POINT('',(7.491034118642,-8.461249986319,
    -96.6108022489));
#7647 = CARTESIAN_POINT('',(4.858043030945,-10.42543299838,
    -96.67898510102));
#7648 = CARTESIAN_POINT('',(1.683675040217,-11.48333167391,
    -96.74716424731));
#7649 = CARTESIAN_POINT('',(-1.683658059574,-11.48335781877,
    -96.81534844791));
#7650 = CARTESIAN_POINT('',(-4.85807373931,-10.42549327293,
    -96.8835291949));
#7651 = CARTESIAN_POINT('',(-7.491013103026,-8.461173206214,
    -96.95171125103));
#7652 = CARTESIAN_POINT('',(-9.330352716645,-5.854796378468,
    -97.01989300408));
#7653 = CARTESIAN_POINT('',(-11.16969184601,-1.777059790949E-07,
    -97.15625666968));
#7654 = CARTESIAN_POINT('',(-9.330353083967,5.854796138454,
    -97.29262033526));
#7655 = CARTESIAN_POINT('',(-7.491014493118,8.461173012626,
    -97.36080208835));
#7656 = CARTESIAN_POINT('',(-4.858068262996,10.425494008947,
    -97.42898414436));
#7657 = CARTESIAN_POINT('',(-1.683670354753,11.483352319444,
    -97.49716489163));
#7658 = CARTESIAN_POINT('',(1.68368880347,11.483343317443,
    -97.56534909179));
#7659 = CARTESIAN_POINT('',(4.85803418718,10.425419956453,
    -97.63352823855));
#7660 = CARTESIAN_POINT('',(7.491032570617,8.461258420284,
    -97.70171109033));
#7661 = CARTESIAN_POINT('',(9.330351101453,5.854765955005,-97.7698940639
    ));
#7662 = CARTESIAN_POINT('',(10.250019742986,2.927400114872,
    -97.83807404574));
#7663 = CARTESIAN_POINT('',(10.250023235165,1.643629037765E-07,
    -97.90625688484));
#7664 = ORIENTED_EDGE('',*,*,#7133,.T.);
#7665 = ORIENTED_EDGE('',*,*,#7000,.T.);
#7666 = ORIENTED_EDGE('',*,*,#7667,.F.);
#7667 = EDGE_CURVE('',#7640,#7001,#7668,.T.);
#7668 = B_SPLINE_CURVE_WITH_KNOTS('',1,(#7669,#7670),.UNSPECIFIED.,.F.,
  .F.,(2,2),(0.,0.9375),.PIECEWISE_BEZIER_KNOTS.);
#7669 = CARTESIAN_POINT('',(10.250023235165,1.643629072286E-07,
    -97.90625688484));
#7670 = CARTESIAN_POINT('',(9.438137327904,-3.693911632271E-07,
    -97.43748452687));
#7671 = B_SPLINE_SURFACE_WITH_KNOTS('',1,9,(
    (#7672,#7673,#7674,#7675,#7676,#7677,#7678,#7679,#7680,#7681,#7682
      ,#7683,#7684,#7685,#7686,#7687,#7688,#7689,#7690,#7691,#7692,#7693
      ,#7694,#7695,#7696,#7697,#7698,#7699,#7700,#7701,#7702)
    ,(#7703,#7704,#7705,#7706,#7707,#7708,#7709,#7710,#7711,#7712,#7713
      ,#7714,#7715,#7716,#7717,#7718,#7719,#7720,#7721,#7722,#7723,#7724
      ,#7725,#7726,#7727,#7728,#7729,#7730,#7731,#7732,#7733
  )),.UNSPECIFIED.,.F.,.F.,.F.,(2,2),(10,7,7,7,10),(0.,0.9375),(0.,
    1.614938419963,3.229876839926,4.844815259889,6.459753679852),
  .UNSPECIFIED.);
#7672 = CARTESIAN_POINT('',(10.250021782975,1.540887835105E-07,
    -96.40625645452));
#7673 = CARTESIAN_POINT('',(10.250023915275,-1.788966482334,
    -96.44792374507));
#7674 = CARTESIAN_POINT('',(9.898757637708,-3.577920928199,
    -96.48958994433));
#7675 = CARTESIAN_POINT('',(9.196235934162,-5.288081801516,
    -96.53125648163));
#7676 = CARTESIAN_POINT('',(8.16308350563,-6.840578179372,
    -96.57292335161));
#7677 = CARTESIAN_POINT('',(6.840572481115,-8.16308468566,
    -96.61459001344));
#7678 = CARTESIAN_POINT('',(5.288075512146,-9.196232597858,
    -96.65625669254));
#7679 = CARTESIAN_POINT('',(3.577932703401,-9.898757475885,
    -96.69792334219));
#7680 = CARTESIAN_POINT('',(5.813838519891E-07,-10.60128425131,
    -96.78125666107));
#7681 = CARTESIAN_POINT('',(-3.577932344285,-9.898761678672,
    -96.86459000612));
#7682 = CARTESIAN_POINT('',(-5.288075874515,-9.196236892263,
    -96.9062566852));
#7683 = CARTESIAN_POINT('',(-6.840573773556,-8.16308376487,-96.947923357
    ));
#7684 = CARTESIAN_POINT('',(-8.163082603078,-6.840572280374,
    -96.98958999716));
#7685 = CARTESIAN_POINT('',(-9.196234199657,-5.288074066805,
    -97.0312566506));
#7686 = CARTESIAN_POINT('',(-9.89875961504,-3.577931184675,
    -97.07292331848));
#7687 = CARTESIAN_POINT('',(-10.60128501904,-1.598752341918E-07,
    -97.15625666967));
#7688 = CARTESIAN_POINT('',(-9.898759839515,3.577930909,-97.23959002087)
  );
#7689 = CARTESIAN_POINT('',(-9.196235854759,5.288072408606,
    -97.28125669013));
#7690 = CARTESIAN_POINT('',(-8.163079305243,6.840575754585,
    -97.32292333862));
#7691 = CARTESIAN_POINT('',(-6.840577439074,8.163079773528,
    -97.36458998591));
#7692 = CARTESIAN_POINT('',(-5.288074779775,9.19623804525,
    -97.40625665276));
#7693 = CARTESIAN_POINT('',(-3.577932650346,9.89876154786,
    -97.44792333323));
#7694 = CARTESIAN_POINT('',(2.55480012711E-07,10.601284308922,
    -97.53125667828));
#7695 = CARTESIAN_POINT('',(3.577932397341,9.898757547193,
    -97.61458999716));
#7696 = CARTESIAN_POINT('',(5.288075151441,9.196232667422,
    -97.65625664681));
#7697 = CARTESIAN_POINT('',(6.840572387929,8.163084605499,-97.6979233259
    ));
#7698 = CARTESIAN_POINT('',(8.163082660992,6.840578757592,
    -97.73958998776));
#7699 = CARTESIAN_POINT('',(9.196237170354,5.288083009339,-97.7812568577
    ));
#7700 = CARTESIAN_POINT('',(9.898757972401,3.577920408938,
    -97.82292339503));
#7701 = CARTESIAN_POINT('',(10.250021101056,1.788966800785,
    -97.86458959428));
#7702 = CARTESIAN_POINT('',(10.250023235165,1.643629072286E-07,
    -97.90625688484));
#7703 = CARTESIAN_POINT('',(9.438135068897,-3.46306071819E-07,
    -95.93748549391));
#7704 = CARTESIAN_POINT('',(9.438138283593,-1.647265360809,
    -95.97915075855));
#7705 = CARTESIAN_POINT('',(9.11469422009,-3.294519205569,
    -96.02081847562));
#7706 = CARTESIAN_POINT('',(8.467817506126,-4.869227845266,
    -96.06248543294));
#7707 = CARTESIAN_POINT('',(7.516496904818,-6.298745643603,
    -96.10415164281));
#7708 = CARTESIAN_POINT('',(6.298745279478,-7.516501149733,
    -96.14581832026));
#7709 = CARTESIAN_POINT('',(4.869216501339,-8.46781506196,
    -96.18748495902));
#7710 = CARTESIAN_POINT('',(3.294530614731,-9.114694369716,
    -96.22915166392));
#7711 = CARTESIAN_POINT('',(-8.029011405866E-07,-9.761575074094,
    -96.31248502974));
#7712 = CARTESIAN_POINT('',(-3.294531418948,-9.114697881124,
    -96.39581833674));
#7713 = CARTESIAN_POINT('',(-4.869216791378,-8.4678188704,
    -96.43748497551));
#7714 = CARTESIAN_POINT('',(-6.298743534087,-7.516500582278,
    -96.47915163064));
#7715 = CARTESIAN_POINT('',(-7.516499568419,-6.298742518799,
    -96.52081835688));
#7716 = CARTESIAN_POINT('',(-8.467816861162,-4.869214363601,
    -96.56248505326));
#7717 = CARTESIAN_POINT('',(-9.114696372086,-3.294528822357,
    -96.6041517172));
#7718 = CARTESIAN_POINT('',(-9.76157578966,3.775897662107E-07,
    -96.6874850104));
#7719 = CARTESIAN_POINT('',(-9.11469629853,3.294529563093,
    -96.77081830359));
#7720 = CARTESIAN_POINT('',(-8.467818041571,4.869213748701,
    -96.81248496442));
#7721 = CARTESIAN_POINT('',(-7.516495608678,6.298746630005,
    -96.85415167193));
#7722 = CARTESIAN_POINT('',(-6.298746293056,7.516497439367,
    -96.89581838215));
#7723 = CARTESIAN_POINT('',(-4.869214771289,8.467820410771,
    -96.9374850484));
#7724 = CARTESIAN_POINT('',(-3.294530725478,9.114698100379,
    -96.97915168405));
#7725 = CARTESIAN_POINT('',(-5.729349622578E-08,9.761575163699,
    -97.06248499106));
#7726 = CARTESIAN_POINT('',(3.2945313082,9.114694057896,-97.14581835687)
  );
#7727 = CARTESIAN_POINT('',(4.8692170268,8.467814545369,-97.18748506178)
  );
#7728 = CARTESIAN_POINT('',(6.298746099016,7.516500216802,
    -97.22915170052));
#7729 = CARTESIAN_POINT('',(7.516496399156,6.298745578572,
    -97.27081837803));
#7730 = CARTESIAN_POINT('',(8.467820053923,4.869228637571,
    -97.31248458783));
#7731 = CARTESIAN_POINT('',(9.114695163481,3.294517228243,
    -97.35415154519));
#7732 = CARTESIAN_POINT('',(9.438134117208,1.647264645111,
    -97.39581926225));
#7733 = CARTESIAN_POINT('',(9.438137327904,-3.693911632271E-07,
    -97.43748452687));
#7734 = ADVANCED_FACE('',(#7735),#7780,.F.);
#7735 = FACE_BOUND('',#7736,.F.);
#7736 = EDGE_LOOP('',(#7737,#7738,#7739,#7775));
#7737 = ORIENTED_EDGE('',*,*,#7391,.F.);
#7738 = ORIENTED_EDGE('',*,*,#7242,.T.);
#7739 = ORIENTED_EDGE('',*,*,#7740,.T.);
#7740 = EDGE_CURVE('',#7207,#7741,#7743,.T.);
#7741 = VERTEX_POINT('',#7742);
#7742 = CARTESIAN_POINT('',(10.250018071774,1.643614491938E-07,
    -98.09375688477));
#7743 = B_SPLINE_CURVE_WITH_KNOTS('',9,(#7744,#7745,#7746,#7747,#7748,
    #7749,#7750,#7751,#7752,#7753,#7754,#7755,#7756,#7757,#7758,#7759,
    #7760,#7761,#7762,#7763,#7764,#7765,#7766,#7767,#7768,#7769,#7770,
    #7771,#7772,#7773,#7774),.UNSPECIFIED.,.F.,.F.,(10,7,7,7,10),(0.,
    1.614938419963,3.229876839926,4.844815259889,6.459753679852),
  .UNSPECIFIED.);
#7744 = CARTESIAN_POINT('',(10.250016942295,1.540874503547E-07,
    -96.59375645445));
#7745 = CARTESIAN_POINT('',(10.250018606723,-1.788965609311,
    -96.63542374499));
#7746 = CARTESIAN_POINT('',(9.898752856633,-3.57791909029,
    -96.67708994426));
#7747 = CARTESIAN_POINT('',(9.196231601988,-5.288079323413,
    -96.71875648157));
#7748 = CARTESIAN_POINT('',(8.163079451773,-6.840574877208,
    -96.76042335154));
#7749 = CARTESIAN_POINT('',(6.840569160743,-8.163080669534,
    -96.80209001337));
#7750 = CARTESIAN_POINT('',(5.288072923224,-9.19622809955,
    -96.84375669247));
#7751 = CARTESIAN_POINT('',(3.577930957526,-9.898752640841,
    -96.88542334212));
#7752 = CARTESIAN_POINT('',(5.817616726859E-07,-10.60127908426,
    -96.968756661));
#7753 = CARTESIAN_POINT('',(-3.577930598085,-9.89875684587,
    -97.05209000605));
#7754 = CARTESIAN_POINT('',(-5.288071931618,-9.196233829298,
    -97.09375668652));
#7755 = CARTESIAN_POINT('',(-6.840573923089,-8.163076073944,
    -97.13542335337));
#7756 = CARTESIAN_POINT('',(-8.163075120786,-6.840572643821,
    -97.17709000065));
#7757 = CARTESIAN_POINT('',(-9.19623108644,-5.288070055257,
    -97.21875664915));
#7758 = CARTESIAN_POINT('',(-9.898754797014,-3.577929442174,
    -97.26042331841));
#7759 = CARTESIAN_POINT('',(-10.60127984558,-1.609419138253E-07,
    -97.34375666961));
#7760 = CARTESIAN_POINT('',(-9.898754996307,3.577929159421,
    -97.4270900208));
#7761 = CARTESIAN_POINT('',(-9.196231352445,5.288069820706,
    -97.46875669007));
#7762 = CARTESIAN_POINT('',(-8.163075323098,6.840572413103,
    -97.51042333856));
#7763 = CARTESIAN_POINT('',(-6.840574110333,8.163075798867,
    -97.55208998585));
#7764 = CARTESIAN_POINT('',(-5.288072201448,9.196233570909,
    -97.5937566527));
#7765 = CARTESIAN_POINT('',(-3.577930904471,9.898756719426,
    -97.63542333316));
#7766 = CARTESIAN_POINT('',(2.550918399724E-07,10.601279129071,
    -97.71875667821));
#7767 = CARTESIAN_POINT('',(3.57793065114,9.898752721004,-97.80208999709
    ));
#7768 = CARTESIAN_POINT('',(5.288072579187,9.196228190163,
    -97.84375664675));
#7769 = CARTESIAN_POINT('',(6.840569031909,8.163080654413,
    -97.88542332583));
#7770 = CARTESIAN_POINT('',(8.163078747608,6.840575383289,-97.9270899877
    ));
#7771 = CARTESIAN_POINT('',(9.19623252696,5.288080326318,-97.96875685763
    ));
#7772 = CARTESIAN_POINT('',(9.898753092247,3.577918754761,
    -98.01042339496));
#7773 = CARTESIAN_POINT('',(10.25001640554,1.788965927759,
    -98.05208959422));
#7774 = CARTESIAN_POINT('',(10.250018071774,1.643610837983E-07,
    -98.09375688477));
#7775 = ORIENTED_EDGE('',*,*,#7776,.F.);
#7776 = EDGE_CURVE('',#7392,#7741,#7777,.T.);
#7777 = B_SPLINE_CURVE_WITH_KNOTS('',1,(#7778,#7779),.UNSPECIFIED.,.F.,
  .F.,(2,2),(0.,0.9375),.PIECEWISE_BEZIER_KNOTS.);
#7778 = CARTESIAN_POINT('',(9.438106347556,-3.694020967034E-07,
    -98.56248452645));
#7779 = CARTESIAN_POINT('',(10.250018071774,1.643610837983E-07,
    -98.09375688477));
#7780 = B_SPLINE_SURFACE_WITH_KNOTS('',1,9,(
    (#7781,#7782,#7783,#7784,#7785,#7786,#7787,#7788,#7789,#7790,#7791
      ,#7792,#7793,#7794,#7795,#7796,#7797,#7798,#7799,#7800,#7801,#7802
      ,#7803,#7804,#7805,#7806,#7807,#7808,#7809,#7810,#7811)
    ,(#7812,#7813,#7814,#7815,#7816,#7817,#7818,#7819,#7820,#7821,#7822
      ,#7823,#7824,#7825,#7826,#7827,#7828,#7829,#7830,#7831,#7832,#7833
      ,#7834,#7835,#7836,#7837,#7838,#7839,#7840,#7841,#7842
  )),.UNSPECIFIED.,.F.,.F.,.F.,(2,2),(10,7,7,7,10),(0.,0.9375),(0.,
    1.614938419963,3.229876839926,4.844815259889,6.459753679852),
  .UNSPECIFIED.);
#7781 = CARTESIAN_POINT('',(9.438106024819,-3.463140831883E-07,
    -97.06248549354));
#7782 = CARTESIAN_POINT('',(9.438106432283,-1.647260122673,
    -97.1041507581));
#7783 = CARTESIAN_POINT('',(9.114665533637,-3.294508178117,
    -97.14581847522));
#7784 = CARTESIAN_POINT('',(8.467791513078,-4.86921297665,
    -97.18748543257));
#7785 = CARTESIAN_POINT('',(7.516472581678,-6.298725830614,
    -97.22915164239));
#7786 = CARTESIAN_POINT('',(6.298725357245,-7.516477052979,
    -97.27081831987));
#7787 = CARTESIAN_POINT('',(4.869200967803,-8.467788072107,
    -97.31248495862));
#7788 = CARTESIAN_POINT('',(3.294520139479,-9.114665359453,
    -97.35415166352));
#7789 = CARTESIAN_POINT('',(-8.006346837961E-07,-9.761544071793,
    -97.43748502934));
#7790 = CARTESIAN_POINT('',(-3.29452094175,-9.11466888431,
    -97.52081833634));
#7791 = CARTESIAN_POINT('',(-4.869199947996,-8.467793222369,
    -97.56248497199));
#7792 = CARTESIAN_POINT('',(-6.298726909568,-7.516473131629,
    -97.60415163825));
#7793 = CARTESIAN_POINT('',(-7.516472196379,-6.298726004574,
    -97.64581834847));
#7794 = CARTESIAN_POINT('',(-8.467791367865,-4.869197564552,
    -97.68748505598));
#7795 = CARTESIAN_POINT('',(-9.114667463932,-3.294518367352,
    -97.72915171681));
#7796 = CARTESIAN_POINT('',(-9.761544748955,3.711899000497E-07,
    -97.81248501));
#7797 = CARTESIAN_POINT('',(-9.114667239283,3.294519065622,
    -97.89581830319));
#7798 = CARTESIAN_POINT('',(-8.467791027685,4.869198221304,
    -97.93748496402));
#7799 = CARTESIAN_POINT('',(-7.516471715812,6.298726581109,
    -97.97915167153));
#7800 = CARTESIAN_POINT('',(-6.298726320611,7.516473591405,
    -98.02081838175));
#7801 = CARTESIAN_POINT('',(-4.869199301324,8.467793564725,-98.062485048
    ));
#7802 = CARTESIAN_POINT('',(-3.294520250232,9.114669129774,
    -98.10415168366));
#7803 = CARTESIAN_POINT('',(-5.962273196788E-08,9.761544084593,
    -98.18748499066));
#7804 = CARTESIAN_POINT('',(3.294520830996,9.114665100764,
    -98.27081835647));
#7805 = CARTESIAN_POINT('',(4.86920159327,8.46778768181,-98.31248506138)
  );
#7806 = CARTESIAN_POINT('',(6.298725962895,7.516476510288,
    -98.35415170013));
#7807 = CARTESIAN_POINT('',(7.516472918846,6.298725332757,
    -98.39581837761));
#7808 = CARTESIAN_POINT('',(8.467792193564,4.869212539448,
    -98.43748458742));
#7809 = CARTESIAN_POINT('',(9.114665882557,3.294507303179,
    -98.47915154478));
#7810 = CARTESIAN_POINT('',(9.438105944115,1.647259406956,-98.5208192619
    ));
#7811 = CARTESIAN_POINT('',(9.438106347556,-3.694020967034E-07,
    -98.56248452645));
#7812 = CARTESIAN_POINT('',(10.250016942295,1.540874503547E-07,
    -96.59375645445));
#7813 = CARTESIAN_POINT('',(10.250018606723,-1.788965609311,
    -96.63542374499));
#7814 = CARTESIAN_POINT('',(9.898752856633,-3.57791909029,
    -96.67708994426));
#7815 = CARTESIAN_POINT('',(9.196231601988,-5.288079323413,
    -96.71875648157));
#7816 = CARTESIAN_POINT('',(8.163079451773,-6.840574877208,
    -96.76042335154));
#7817 = CARTESIAN_POINT('',(6.840569160743,-8.163080669534,
    -96.80209001337));
#7818 = CARTESIAN_POINT('',(5.288072923224,-9.19622809955,
    -96.84375669247));
#7819 = CARTESIAN_POINT('',(3.577930957526,-9.898752640841,
    -96.88542334212));
#7820 = CARTESIAN_POINT('',(5.817616726859E-07,-10.60127908426,
    -96.968756661));
#7821 = CARTESIAN_POINT('',(-3.577930598085,-9.89875684587,
    -97.05209000605));
#7822 = CARTESIAN_POINT('',(-5.288071931618,-9.196233829298,
    -97.09375668652));
#7823 = CARTESIAN_POINT('',(-6.840573923089,-8.163076073944,
    -97.13542335337));
#7824 = CARTESIAN_POINT('',(-8.163075120786,-6.840572643821,
    -97.17709000065));
#7825 = CARTESIAN_POINT('',(-9.19623108644,-5.288070055257,
    -97.21875664915));
#7826 = CARTESIAN_POINT('',(-9.898754797014,-3.577929442174,
    -97.26042331841));
#7827 = CARTESIAN_POINT('',(-10.60127984558,-1.609419138253E-07,
    -97.34375666961));
#7828 = CARTESIAN_POINT('',(-9.898754996307,3.577929159421,
    -97.4270900208));
#7829 = CARTESIAN_POINT('',(-9.196231352445,5.288069820706,
    -97.46875669007));
#7830 = CARTESIAN_POINT('',(-8.163075323098,6.840572413103,
    -97.51042333856));
#7831 = CARTESIAN_POINT('',(-6.840574110333,8.163075798867,
    -97.55208998585));
#7832 = CARTESIAN_POINT('',(-5.288072201448,9.196233570909,
    -97.5937566527));
#7833 = CARTESIAN_POINT('',(-3.577930904471,9.898756719426,
    -97.63542333316));
#7834 = CARTESIAN_POINT('',(2.550918399724E-07,10.601279129071,
    -97.71875667821));
#7835 = CARTESIAN_POINT('',(3.57793065114,9.898752721004,-97.80208999709
    ));
#7836 = CARTESIAN_POINT('',(5.288072579187,9.196228190163,
    -97.84375664675));
#7837 = CARTESIAN_POINT('',(6.840569031909,8.163080654413,
    -97.88542332583));
#7838 = CARTESIAN_POINT('',(8.163078747608,6.840575383289,-97.9270899877
    ));
#7839 = CARTESIAN_POINT('',(9.19623252696,5.288080326318,-97.96875685763
    ));
#7840 = CARTESIAN_POINT('',(9.898753092247,3.577918754761,
    -98.01042339496));
#7841 = CARTESIAN_POINT('',(10.25001640554,1.788965927759,
    -98.05208959422));
#7842 = CARTESIAN_POINT('',(10.250018071774,1.643610837983E-07,
    -98.09375688477));
#7843 = ADVANCED_FACE('',(#7844),#7854,.F.);
#7844 = FACE_BOUND('',#7845,.F.);
#7845 = EDGE_LOOP('',(#7846,#7847,#7848,#7849));
#7846 = ORIENTED_EDGE('',*,*,#7740,.F.);
#7847 = ORIENTED_EDGE('',*,*,#7316,.T.);
#7848 = ORIENTED_EDGE('',*,*,#7639,.T.);
#7849 = ORIENTED_EDGE('',*,*,#7850,.F.);
#7850 = EDGE_CURVE('',#7741,#7640,#7851,.T.);
#7851 = B_SPLINE_CURVE_WITH_KNOTS('',1,(#7852,#7853),.UNSPECIFIED.,.F.,
  .F.,(2,2),(0.,0.1875),.PIECEWISE_BEZIER_KNOTS.);
#7852 = CARTESIAN_POINT('',(10.250018071774,1.643610812344E-07,
    -98.09375688477));
#7853 = CARTESIAN_POINT('',(10.250023235165,1.643629037765E-07,
    -97.90625688484));
#7854 = B_SPLINE_SURFACE_WITH_KNOTS('',1,11,(
    (#7855,#7856,#7857,#7858,#7859,#7860,#7861,#7862,#7863,#7864,#7865
      ,#7866,#7867,#7868,#7869,#7870,#7871,#7872,#7873,#7874,#7875)
    ,(#7876,#7877,#7878,#7879,#7880,#7881,#7882,#7883,#7884,#7885,#7886
      ,#7887,#7888,#7889,#7890,#7891,#7892,#7893,#7894,#7895,#7896
  )),.UNSPECIFIED.,.F.,.F.,.F.,(2,2),(12,9,12),(0.,0.1875),(0.,
    3.229876839926,6.459753679852),.UNSPECIFIED.);
#7855 = CARTESIAN_POINT('',(10.250016942295,1.54087446802E-07,
    -96.59375645445));
#7856 = CARTESIAN_POINT('',(10.250019665905,-2.927398367838,
    -96.66193929352));
#7857 = CARTESIAN_POINT('',(9.330340431502,-5.854764732155,
    -96.73011927544));
#7858 = CARTESIAN_POINT('',(7.491030320158,-8.461246768632,
    -96.79830224884));
#7859 = CARTESIAN_POINT('',(4.858039713654,-10.42542644447,
    -96.86648510091));
#7860 = CARTESIAN_POINT('',(1.68367578743,-11.48332735843,-96.9346642473
    ));
#7861 = CARTESIAN_POINT('',(-1.683658564505,-11.48335160926,
    -97.00284844781));
#7862 = CARTESIAN_POINT('',(-4.858070724022,-10.42548828398,
    -97.07102919484));
#7863 = CARTESIAN_POINT('',(-7.49100957266,-8.461169081462,
    -97.13921125096));
#7864 = CARTESIAN_POINT('',(-9.330348184016,-5.854793526852,
    -97.20739300401));
#7865 = CARTESIAN_POINT('',(-11.16968639517,-1.767722836925E-07,
    -97.34375666961));
#7866 = CARTESIAN_POINT('',(-9.330348510131,5.854793275759,
    -97.4801203352));
#7867 = CARTESIAN_POINT('',(-7.491010712255,8.461168879178,
    -97.54830208829));
#7868 = CARTESIAN_POINT('',(-4.858066536649,10.4254888229,
    -97.61648414429));
#7869 = CARTESIAN_POINT('',(-1.683668206686,11.483347320395,
    -97.68466489157));
#7870 = CARTESIAN_POINT('',(1.683686412888,11.483336426115,
    -97.7528490917));
#7871 = CARTESIAN_POINT('',(4.858032763203,10.425416334311,
    -97.82102823849));
#7872 = CARTESIAN_POINT('',(7.491029057729,8.461253380085,
    -97.88921109027));
#7873 = CARTESIAN_POINT('',(9.33034576089,5.854763338373,-97.95739406381
    ));
#7874 = CARTESIAN_POINT('',(10.25001534521,2.927398686285,
    -98.02557404569));
#7875 = CARTESIAN_POINT('',(10.250018071774,1.643610812344E-07,
    -98.09375688477));
#7876 = CARTESIAN_POINT('',(10.250021782975,1.540887879514E-07,
    -96.40625645452));
#7877 = CARTESIAN_POINT('',(10.250025272193,-2.927399796421,
    -96.4744392936));
#7878 = CARTESIAN_POINT('',(9.330344197397,-5.854767829835,
    -96.54261927549));
#7879 = CARTESIAN_POINT('',(7.491034118642,-8.461249986319,
    -96.6108022489));
#7880 = CARTESIAN_POINT('',(4.858043030945,-10.42543299838,
    -96.67898510102));
#7881 = CARTESIAN_POINT('',(1.683675040217,-11.48333167391,
    -96.74716424731));
#7882 = CARTESIAN_POINT('',(-1.683658059574,-11.48335781877,
    -96.81534844791));
#7883 = CARTESIAN_POINT('',(-4.85807373931,-10.42549327293,
    -96.8835291949));
#7884 = CARTESIAN_POINT('',(-7.491013103026,-8.461173206214,
    -96.95171125103));
#7885 = CARTESIAN_POINT('',(-9.330352716645,-5.854796378468,
    -97.01989300408));
#7886 = CARTESIAN_POINT('',(-11.16969184601,-1.777059790949E-07,
    -97.15625666968));
#7887 = CARTESIAN_POINT('',(-9.330353083967,5.854796138454,
    -97.29262033526));
#7888 = CARTESIAN_POINT('',(-7.491014493118,8.461173012626,
    -97.36080208835));
#7889 = CARTESIAN_POINT('',(-4.858068262996,10.425494008947,
    -97.42898414436));
#7890 = CARTESIAN_POINT('',(-1.683670354753,11.483352319444,
    -97.49716489163));
#7891 = CARTESIAN_POINT('',(1.68368880347,11.483343317443,
    -97.56534909179));
#7892 = CARTESIAN_POINT('',(4.85803418718,10.425419956453,
    -97.63352823855));
#7893 = CARTESIAN_POINT('',(7.491032570617,8.461258420284,
    -97.70171109033));
#7894 = CARTESIAN_POINT('',(9.330351101453,5.854765955005,-97.7698940639
    ));
#7895 = CARTESIAN_POINT('',(10.250019742986,2.927400114872,
    -97.83807404574));
#7896 = CARTESIAN_POINT('',(10.250023235165,1.643629037765E-07,
    -97.90625688484));
#7897 = ADVANCED_FACE('',(#7898),#7901,.F.);
#7898 = FACE_BOUND('',#7899,.T.);
#7899 = EDGE_LOOP('',(#7900));
#7900 = ORIENTED_EDGE('',*,*,#7367,.F.);
#7901 = PLANE('',#7902);
#7902 = AXIS2_PLACEMENT_3D('',#7903,#7904,#7905);
#7903 = CARTESIAN_POINT('',(-8.5,0.,-144.75));
#7904 = DIRECTION('',(-2.324646799147E-16,0.,1.));
#7905 = DIRECTION('',(1.,0.,2.324646799147E-16));
#7906 = ADVANCED_FACE('',(#7907),#7910,.T.);
#7907 = FACE_BOUND('',#7908,.T.);
#7908 = EDGE_LOOP('',(#7909));
#7909 = ORIENTED_EDGE('',*,*,#7623,.T.);
#7910 = PLANE('',#7911);
#7911 = AXIS2_PLACEMENT_3D('',#7912,#7913,#7914);
#7912 = CARTESIAN_POINT('',(6.123233995737E-15,0.,-99.75));
#7913 = DIRECTION('',(-1.224646799147E-16,0.,1.));
#7914 = DIRECTION('',(1.,0.,1.224646799147E-16));
#7915 = ADVANCED_FACE('',(#7916),#7950,.F.);
#7916 = FACE_BOUND('',#7917,.F.);
#7917 = EDGE_LOOP('',(#7918,#7919,#7920,#7944));
#7918 = ORIENTED_EDGE('',*,*,#7547,.F.);
#7919 = ORIENTED_EDGE('',*,*,#7776,.T.);
#7920 = ORIENTED_EDGE('',*,*,#7921,.T.);
#7921 = EDGE_CURVE('',#7741,#7922,#7924,.T.);
#7922 = VERTEX_POINT('',#7923);
#7923 = CARTESIAN_POINT('',(2.652899857279,9.900757707568,-99.2812570774
    ));
#7924 = B_SPLINE_CURVE_WITH_KNOTS('',10,(#7925,#7926,#7927,#7928,#7929,
    #7930,#7931,#7932,#7933,#7934,#7935,#7936,#7937,#7938,#7939,#7940,
    #7941,#7942,#7943),.UNSPECIFIED.,.F.,.F.,(11,8,11),(0.,
    2.556985831608,5.113971663216),.UNSPECIFIED.);
#7925 = CARTESIAN_POINT('',(10.250018071774,1.64361436461E-07,
    -98.09375688477));
#7926 = CARTESIAN_POINT('',(10.250019116849,-2.549274918904,
    -98.15313226735));
#7927 = CARTESIAN_POINT('',(9.545553105775,-5.098544526573,
    -98.21250686728));
#7928 = CARTESIAN_POINT('',(8.136558545179,-7.428837754604,
    -98.27188150324));
#7929 = CARTESIAN_POINT('',(6.101003319264,-9.321032934578,
    -98.33125765239));
#7930 = CARTESIAN_POINT('',(3.594308451212,-10.58852146535,
    -98.39063168452));
#7931 = CARTESIAN_POINT('',(0.834070710651,-11.10892735921,
    -98.45000701714));
#7932 = CARTESIAN_POINT('',(-1.93281555346,-10.84691916844,
    -98.50938196095));
#7933 = CARTESIAN_POINT('',(-4.469185887218,-9.855911081168,
    -98.56875698778));
#7934 = CARTESIAN_POINT('',(-8.690783599975,-6.668673023689,
    -98.68750698108));
#7935 = CARTESIAN_POINT('',(-10.67678939048,-1.766004904851,
    -98.80625697438));
#7936 = CARTESIAN_POINT('',(-10.9775685428,0.940432621087,
    -98.86563200121));
#7937 = CARTESIAN_POINT('',(-10.5145282129,3.680850856445,
    -98.92500694503));
#7938 = CARTESIAN_POINT('',(-9.297448935541,6.212349292296,
    -98.98438227764));
#7939 = CARTESIAN_POINT('',(-7.424371419601,8.305572651547,
    -99.04375630978));
#7940 = CARTESIAN_POINT('',(-5.069811000408,9.782039464065,
    -99.10313245892));
#7941 = CARTESIAN_POINT('',(-2.454244537945,10.539897084005,
    -99.16250709488));
#7942 = CARTESIAN_POINT('',(0.190488945257,10.560557639753,
    -99.22188169481));
#7943 = CARTESIAN_POINT('',(2.652899857279,9.900757707568,-99.2812570774
    ));
#7944 = ORIENTED_EDGE('',*,*,#7945,.F.);
#7945 = EDGE_CURVE('',#7540,#7922,#7946,.T.);
#7946 = LINE('',#7947,#7948);
#7947 = CARTESIAN_POINT('',(2.442762076641,9.116510713635,
    -99.74998409353));
#7948 = VECTOR('',#7949,1.);
#7949 = DIRECTION('',(0.224146966014,0.836530126862,0.499975483879));
#7950 = B_SPLINE_SURFACE_WITH_KNOTS('',1,10,(
    (#7951,#7952,#7953,#7954,#7955,#7956,#7957,#7958,#7959,#7960,#7961
      ,#7962,#7963,#7964,#7965,#7966,#7967,#7968,#7969)
    ,(#7970,#7971,#7972,#7973,#7974,#7975,#7976,#7977,#7978,#7979,#7980
      ,#7981,#7982,#7983,#7984,#7985,#7986,#7987,#7988
  )),.UNSPECIFIED.,.F.,.F.,.F.,(2,2),(11,8,11),(0.,0.9375),(0.,
    2.556985831608,5.113971663216),.UNSPECIFIED.);
#7951 = CARTESIAN_POINT('',(9.438106347557,-3.694017429723E-07,
    -98.56248452645));
#7952 = CARTESIAN_POINT('',(9.438106542624,-2.34734860441,
    -98.62185866663));
#7953 = CARTESIAN_POINT('',(8.789441484463,-4.694673812508,
    -98.68123456574));
#7954 = CARTESIAN_POINT('',(7.492061241338,-6.84041375595,
    -98.74061038391));
#7955 = CARTESIAN_POINT('',(5.617723733515,-8.582687000547,
    -98.79998280126));
#7956 = CARTESIAN_POINT('',(3.309617096639,-9.749809222676,
    -98.85935997651));
#7957 = CARTESIAN_POINT('',(0.767990988267,-10.22897606753,
    -98.91873422893));
#7958 = CARTESIAN_POINT('',(-1.779713480996,-9.987726644176,
    -98.97810935525));
#7959 = CARTESIAN_POINT('',(-4.115178230312,-9.075216870185,
    -99.03748429492));
#7960 = CARTESIAN_POINT('',(-8.00238025162,-6.140441829479,
    -99.15623430999));
#7961 = CARTESIAN_POINT('',(-9.831072974381,-1.626117182341,
    -99.27498432506));
#7962 = CARTESIAN_POINT('',(-10.10802669387,0.865943511026,
    -99.33435926473));
#7963 = CARTESIAN_POINT('',(-9.681661665317,3.389276569904,
    -99.39373439105));
#7964 = CARTESIAN_POINT('',(-8.560999530049,5.720282541099,
    -99.45310864347));
#7965 = CARTESIAN_POINT('',(-6.836264694421,7.647666514751,
    -99.51248581872));
#7966 = CARTESIAN_POINT('',(-4.668243672108,9.007206000495,
    -99.57185823607));
#7967 = CARTESIAN_POINT('',(-2.259830859252,9.705019834532,
    -99.63123405424));
#7968 = CARTESIAN_POINT('',(0.175397743331,9.724048956404,
    -99.69060995335));
#7969 = CARTESIAN_POINT('',(2.442762076641,9.116510713635,
    -99.74998409353));
#7970 = CARTESIAN_POINT('',(10.250018071774,1.64361436461E-07,
    -98.09375688477));
#7971 = CARTESIAN_POINT('',(10.250019116849,-2.549274918904,
    -98.15313226735));
#7972 = CARTESIAN_POINT('',(9.545553105775,-5.098544526573,
    -98.21250686728));
#7973 = CARTESIAN_POINT('',(8.136558545179,-7.428837754604,
    -98.27188150324));
#7974 = CARTESIAN_POINT('',(6.101003319264,-9.321032934578,
    -98.33125765239));
#7975 = CARTESIAN_POINT('',(3.594308451212,-10.58852146535,
    -98.39063168452));
#7976 = CARTESIAN_POINT('',(0.834070710651,-11.10892735921,
    -98.45000701714));
#7977 = CARTESIAN_POINT('',(-1.93281555346,-10.84691916844,
    -98.50938196095));
#7978 = CARTESIAN_POINT('',(-4.469185887218,-9.855911081168,
    -98.56875698778));
#7979 = CARTESIAN_POINT('',(-8.690783599975,-6.668673023689,
    -98.68750698108));
#7980 = CARTESIAN_POINT('',(-10.67678939048,-1.766004904851,
    -98.80625697438));
#7981 = CARTESIAN_POINT('',(-10.9775685428,0.940432621087,
    -98.86563200121));
#7982 = CARTESIAN_POINT('',(-10.5145282129,3.680850856445,
    -98.92500694503));
#7983 = CARTESIAN_POINT('',(-9.297448935541,6.212349292296,
    -98.98438227764));
#7984 = CARTESIAN_POINT('',(-7.424371419601,8.305572651547,
    -99.04375630978));
#7985 = CARTESIAN_POINT('',(-5.069811000408,9.782039464065,
    -99.10313245892));
#7986 = CARTESIAN_POINT('',(-2.454244537945,10.539897084005,
    -99.16250709488));
#7987 = CARTESIAN_POINT('',(0.190488945257,10.560557639753,
    -99.22188169481));
#7988 = CARTESIAN_POINT('',(2.652899857279,9.900757707568,-99.2812570774
    ));
#7989 = ADVANCED_FACE('',(#7990),#8007,.F.);
#7990 = FACE_BOUND('',#7991,.F.);
#7991 = EDGE_LOOP('',(#7992,#7993,#7994,#8001));
#7992 = ORIENTED_EDGE('',*,*,#7539,.T.);
#7993 = ORIENTED_EDGE('',*,*,#7945,.T.);
#7994 = ORIENTED_EDGE('',*,*,#7995,.T.);
#7995 = EDGE_CURVE('',#7922,#7996,#7998,.T.);
#7996 = VERTEX_POINT('',#7997);
#7997 = CARTESIAN_POINT('',(2.65290123105,9.90076283456,-99.09375707747)
  );
#7998 = B_SPLINE_CURVE_WITH_KNOTS('',1,(#7999,#8000),.UNSPECIFIED.,.F.,
  .F.,(2,2),(0.,0.1875),.PIECEWISE_BEZIER_KNOTS.);
#7999 = CARTESIAN_POINT('',(2.652899857279,9.900757707568,-99.2812570774
    ));
#8000 = CARTESIAN_POINT('',(2.65290123105,9.90076283456,-99.09375707747)
  );
#8001 = ORIENTED_EDGE('',*,*,#8002,.T.);
#8002 = EDGE_CURVE('',#7996,#7470,#8003,.T.);
#8003 = LINE('',#8004,#8005);
#8004 = CARTESIAN_POINT('',(2.65290123105,9.90076283456,-99.09375707747)
  );
#8005 = VECTOR('',#8006,1.);
#8006 = DIRECTION('',(-0.224139639232,-0.836502782902,0.500024515721));
#8007 = PLANE('',#8008);
#8008 = AXIS2_PLACEMENT_3D('',#8009,#8010,#8011);
#8009 = CARTESIAN_POINT('',(2.359962870506,8.807499034156,
    -99.18747503705));
#8010 = DIRECTION('',(0.965926001202,-0.258818392317,-8.878422388338E-12
    ));
#8011 = DIRECTION('',(-0.258818392317,-0.965926001202,
    -3.169611157111E-17));
#8012 = ADVANCED_FACE('',(#8013),#8040,.F.);
#8013 = FACE_BOUND('',#8014,.F.);
#8014 = EDGE_LOOP('',(#8015,#8037,#8038,#8039));
#8015 = ORIENTED_EDGE('',*,*,#8016,.F.);
#8016 = EDGE_CURVE('',#7640,#7996,#8017,.T.);
#8017 = B_SPLINE_CURVE_WITH_KNOTS('',10,(#8018,#8019,#8020,#8021,#8022,
    #8023,#8024,#8025,#8026,#8027,#8028,#8029,#8030,#8031,#8032,#8033,
    #8034,#8035,#8036),.UNSPECIFIED.,.F.,.F.,(11,8,11),(0.,
    2.556985831608,5.113971663216),.UNSPECIFIED.);
#8018 = CARTESIAN_POINT('',(10.250023235166,1.643632607795E-07,
    -97.90625688484));
#8019 = CARTESIAN_POINT('',(10.250024567157,-2.549276221029,
    -97.96563226743));
#8020 = CARTESIAN_POINT('',(9.545557891263,-5.098547210224,
    -98.02500686735));
#8021 = CARTESIAN_POINT('',(8.136562328864,-7.428841338528,
    -98.0843815033));
#8022 = CARTESIAN_POINT('',(6.101007094435,-9.321037788971,
    -98.14375765248));
#8023 = CARTESIAN_POINT('',(3.594309764036,-10.5885270488,
    -98.20313168458));
#8024 = CARTESIAN_POINT('',(0.834071364794,-11.10893285222,
    -98.26250701722));
#8025 = CARTESIAN_POINT('',(-1.932816577169,-10.84692474713,
    -98.32188196102));
#8026 = CARTESIAN_POINT('',(-4.469188173751,-9.855916119029,
    -98.38125698786));
#8027 = CARTESIAN_POINT('',(-8.690788039671,-6.668676429314,
    -98.50000698115));
#8028 = CARTESIAN_POINT('',(-10.67679483971,-1.766005804252,
    -98.61875697445));
#8029 = CARTESIAN_POINT('',(-10.97757410374,0.940433126737,
    -98.67813200129));
#8030 = CARTESIAN_POINT('',(-10.51453381785,3.680852563349,
    -98.7375069451));
#8031 = CARTESIAN_POINT('',(-9.297453380128,6.212352925286,
    -98.79688227771));
#8032 = CARTESIAN_POINT('',(-7.424375292518,8.305576233656,
    -98.85625630984));
#8033 = CARTESIAN_POINT('',(-5.069813696906,9.78204487475,-98.915632459)
  );
#8034 = CARTESIAN_POINT('',(-2.454245691666,10.539902534427,
    -98.97500709496));
#8035 = CARTESIAN_POINT('',(0.190488987011,10.56056282662,
    -99.03438169488));
#8036 = CARTESIAN_POINT('',(2.65290123105,9.90076283456,-99.09375707747)
  );
#8037 = ORIENTED_EDGE('',*,*,#7667,.T.);
#8038 = ORIENTED_EDGE('',*,*,#7469,.T.);
#8039 = ORIENTED_EDGE('',*,*,#8002,.F.);
#8040 = B_SPLINE_SURFACE_WITH_KNOTS('',1,10,(
    (#8041,#8042,#8043,#8044,#8045,#8046,#8047,#8048,#8049,#8050,#8051
      ,#8052,#8053,#8054,#8055,#8056,#8057,#8058,#8059)
    ,(#8060,#8061,#8062,#8063,#8064,#8065,#8066,#8067,#8068,#8069,#8070
      ,#8071,#8072,#8073,#8074,#8075,#8076,#8077,#8078
  )),.UNSPECIFIED.,.F.,.F.,.F.,(2,2),(11,8,11),(0.,0.9375),(0.,
    2.556985831608,5.113971663216),.UNSPECIFIED.);
#8041 = CARTESIAN_POINT('',(10.250023235166,1.643632607795E-07,
    -97.90625688484));
#8042 = CARTESIAN_POINT('',(10.250024567157,-2.549276221029,
    -97.96563226743));
#8043 = CARTESIAN_POINT('',(9.545557891263,-5.098547210224,
    -98.02500686735));
#8044 = CARTESIAN_POINT('',(8.136562328864,-7.428841338527,
    -98.0843815033));
#8045 = CARTESIAN_POINT('',(6.101007094435,-9.321037788972,
    -98.14375765248));
#8046 = CARTESIAN_POINT('',(3.594309764036,-10.5885270488,
    -98.20313168458));
#8047 = CARTESIAN_POINT('',(0.834071364794,-11.10893285222,
    -98.26250701722));
#8048 = CARTESIAN_POINT('',(-1.932816577169,-10.84692474713,
    -98.32188196102));
#8049 = CARTESIAN_POINT('',(-4.469188173751,-9.855916119029,
    -98.38125698786));
#8050 = CARTESIAN_POINT('',(-8.690788039671,-6.668676429314,
    -98.50000698115));
#8051 = CARTESIAN_POINT('',(-10.67679483971,-1.766005804252,
    -98.61875697445));
#8052 = CARTESIAN_POINT('',(-10.97757410374,0.940433126737,
    -98.67813200129));
#8053 = CARTESIAN_POINT('',(-10.51453381785,3.680852563349,
    -98.7375069451));
#8054 = CARTESIAN_POINT('',(-9.297453380128,6.212352925286,
    -98.79688227771));
#8055 = CARTESIAN_POINT('',(-7.424375292518,8.305576233656,
    -98.85625630984));
#8056 = CARTESIAN_POINT('',(-5.069813696906,9.78204487475,-98.915632459)
  );
#8057 = CARTESIAN_POINT('',(-2.454245691666,10.539902534427,
    -98.97500709496));
#8058 = CARTESIAN_POINT('',(0.190488987011,10.56056282662,
    -99.03438169488));
#8059 = CARTESIAN_POINT('',(2.65290123105,9.90076283456,-99.09375707747)
  );
#8060 = CARTESIAN_POINT('',(9.438137327904,-3.693908059432E-07,
    -97.43748452687));
#8061 = CARTESIAN_POINT('',(9.438139244473,-2.347356417162,
    -97.4968586671));
#8062 = CARTESIAN_POINT('',(8.789470197387,-4.694689914413,
    -97.55623456617));
#8063 = CARTESIAN_POINT('',(7.492083943453,-6.840435259493,
    -97.61561038428));
#8064 = CARTESIAN_POINT('',(5.617746384542,-8.58271612691,-97.6749828018
    ));
#8065 = CARTESIAN_POINT('',(3.309624973586,-9.749842723419,
    -97.7343599769));
#8066 = CARTESIAN_POINT('',(0.76799491312,-10.22900902558,
    -97.79373422938));
#8067 = CARTESIAN_POINT('',(-1.77971962325,-9.987760116321,
    -97.85310935569));
#8068 = CARTESIAN_POINT('',(-4.115191949509,-9.075247097352,
    -97.91248429536));
#8069 = CARTESIAN_POINT('',(-8.0024068898,-6.14046226323,-98.03123431043
    ));
#8070 = CARTESIAN_POINT('',(-9.831105669726,-1.626122578745,
    -98.1499843255));
#8071 = CARTESIAN_POINT('',(-10.10806005952,0.865946544924,
    -98.20935926517));
#8072 = CARTESIAN_POINT('',(-9.681695295027,3.389286811326,
    -98.26873439149));
#8073 = CARTESIAN_POINT('',(-8.561026197566,5.720304339039,
    -98.32810864394));
#8074 = CARTESIAN_POINT('',(-6.836287931927,7.64768800741,
    -98.38748581908));
#8075 = CARTESIAN_POINT('',(-4.66825985109,9.007238464604,
    -98.44685823656));
#8076 = CARTESIAN_POINT('',(-2.259837781576,9.705052537065,
    -98.5062340547));
#8077 = CARTESIAN_POINT('',(0.175397993852,9.724080077607,
    -98.56560995375));
#8078 = CARTESIAN_POINT('',(2.44277031927,9.116541475589,-98.62498409398
    ));
#8079 = ADVANCED_FACE('',(#8080),#8086,.F.);
#8080 = FACE_BOUND('',#8081,.F.);
#8081 = EDGE_LOOP('',(#8082,#8083,#8084,#8085));
#8082 = ORIENTED_EDGE('',*,*,#7921,.F.);
#8083 = ORIENTED_EDGE('',*,*,#7850,.T.);
#8084 = ORIENTED_EDGE('',*,*,#8016,.T.);
#8085 = ORIENTED_EDGE('',*,*,#7995,.F.);
#8086 = B_SPLINE_SURFACE_WITH_KNOTS('',1,10,(
    (#8087,#8088,#8089,#8090,#8091,#8092,#8093,#8094,#8095,#8096,#8097
      ,#8098,#8099,#8100,#8101,#8102,#8103,#8104,#8105)
    ,(#8106,#8107,#8108,#8109,#8110,#8111,#8112,#8113,#8114,#8115,#8116
      ,#8117,#8118,#8119,#8120,#8121,#8122,#8123,#8124
  )),.UNSPECIFIED.,.F.,.F.,.F.,(2,2),(11,8,11),(0.,0.1875),(0.,
    2.556985831608,5.113971663216),.UNSPECIFIED.);
#8087 = CARTESIAN_POINT('',(10.250018071774,1.643614417901E-07,
    -98.09375688477));
#8088 = CARTESIAN_POINT('',(10.250019116849,-2.549274918904,
    -98.15313226735));
#8089 = CARTESIAN_POINT('',(9.545553105775,-5.098544526573,
    -98.21250686728));
#8090 = CARTESIAN_POINT('',(8.136558545179,-7.428837754604,
    -98.27188150324));
#8091 = CARTESIAN_POINT('',(6.101003319263,-9.321032934577,
    -98.33125765239));
#8092 = CARTESIAN_POINT('',(3.594308451213,-10.58852146535,
    -98.39063168452));
#8093 = CARTESIAN_POINT('',(0.834070710651,-11.10892735921,
    -98.45000701714));
#8094 = CARTESIAN_POINT('',(-1.93281555346,-10.84691916844,
    -98.50938196095));
#8095 = CARTESIAN_POINT('',(-4.469185887218,-9.855911081168,
    -98.56875698778));
#8096 = CARTESIAN_POINT('',(-8.690783599975,-6.668673023689,
    -98.68750698108));
#8097 = CARTESIAN_POINT('',(-10.67678939048,-1.766004904851,
    -98.80625697438));
#8098 = CARTESIAN_POINT('',(-10.9775685428,0.940432621087,
    -98.86563200121));
#8099 = CARTESIAN_POINT('',(-10.5145282129,3.680850856445,
    -98.92500694503));
#8100 = CARTESIAN_POINT('',(-9.297448935541,6.212349292295,
    -98.98438227764));
#8101 = CARTESIAN_POINT('',(-7.424371419601,8.305572651547,
    -99.04375630978));
#8102 = CARTESIAN_POINT('',(-5.069811000408,9.782039464065,
    -99.10313245892));
#8103 = CARTESIAN_POINT('',(-2.454244537945,10.539897084005,
    -99.16250709488));
#8104 = CARTESIAN_POINT('',(0.190488945257,10.560557639753,
    -99.22188169481));
#8105 = CARTESIAN_POINT('',(2.652899857279,9.900757707568,-99.2812570774
    ));
#8106 = CARTESIAN_POINT('',(10.250023235166,1.643632607795E-07,
    -97.90625688484));
#8107 = CARTESIAN_POINT('',(10.250024567157,-2.549276221029,
    -97.96563226743));
#8108 = CARTESIAN_POINT('',(9.545557891263,-5.098547210224,
    -98.02500686735));
#8109 = CARTESIAN_POINT('',(8.136562328864,-7.428841338528,
    -98.0843815033));
#8110 = CARTESIAN_POINT('',(6.101007094435,-9.321037788971,
    -98.14375765248));
#8111 = CARTESIAN_POINT('',(3.594309764036,-10.5885270488,
    -98.20313168458));
#8112 = CARTESIAN_POINT('',(0.834071364794,-11.10893285222,
    -98.26250701722));
#8113 = CARTESIAN_POINT('',(-1.932816577169,-10.84692474713,
    -98.32188196102));
#8114 = CARTESIAN_POINT('',(-4.469188173751,-9.855916119029,
    -98.38125698786));
#8115 = CARTESIAN_POINT('',(-8.690788039671,-6.668676429314,
    -98.50000698115));
#8116 = CARTESIAN_POINT('',(-10.67679483971,-1.766005804252,
    -98.61875697445));
#8117 = CARTESIAN_POINT('',(-10.97757410374,0.940433126737,
    -98.67813200129));
#8118 = CARTESIAN_POINT('',(-10.51453381785,3.680852563349,
    -98.7375069451));
#8119 = CARTESIAN_POINT('',(-9.297453380128,6.212352925286,
    -98.79688227771));
#8120 = CARTESIAN_POINT('',(-7.424375292518,8.305576233656,
    -98.85625630984));
#8121 = CARTESIAN_POINT('',(-5.069813696906,9.78204487475,-98.915632459)
  );
#8122 = CARTESIAN_POINT('',(-2.454245691666,10.539902534427,
    -98.97500709496));
#8123 = CARTESIAN_POINT('',(0.190488987011,10.56056282662,
    -99.03438169488));
#8124 = CARTESIAN_POINT('',(2.65290123105,9.90076283456,-99.09375707747)
  );
#8125 = ( GEOMETRIC_REPRESENTATION_CONTEXT(3) 
GLOBAL_UNCERTAINTY_ASSIGNED_CONTEXT((#8129)) 
GLOBAL_UNIT_ASSIGNED_CONTEXT((#8126,#8127,#8128)) REPRESENTATION_CONTEXT
('Context #1','3D Context with UNIT and UNCERTAINTY') );
#8126 = ( LENGTH_UNIT() NAMED_UNIT(*) SI_UNIT(.MILLI.,.METRE.) );
#8127 = ( NAMED_UNIT(*) PLANE_ANGLE_UNIT() SI_UNIT($,.RADIAN.) );
#8128 = ( NAMED_UNIT(*) SI_UNIT($,.STERADIAN.) SOLID_ANGLE_UNIT() );
#8129 = UNCERTAINTY_MEASURE_WITH_UNIT(LENGTH_MEASURE(2.E-06),#8126,
  'distance_accuracy_value','confusion accuracy');
#8130 = PRODUCT_RELATED_PRODUCT_CATEGORY('part',$,(#7));
#8131 = MECHANICAL_DESIGN_GEOMETRIC_PRESENTATION_REPRESENTATION('',(
    #8132),#8125);
#8132 = STYLED_ITEM('color',(#8133),#15);
#8133 = PRESENTATION_STYLE_ASSIGNMENT((#8134,#8142));
#8134 = SURFACE_STYLE_USAGE(.BOTH.,#8135);
#8135 = SURFACE_SIDE_STYLE('',(#8136,#8140));
#8136 = SURFACE_STYLE_FILL_AREA(#8137);
#8137 = FILL_AREA_STYLE('',(#8138));
#8138 = FILL_AREA_STYLE_COLOUR('',#8139);
#8139 = COLOUR_RGB('',0.447058818107,0.474509808674,0.501960817233);
#8140 = SURFACE_STYLE_RENDERING_WITH_PROPERTIES(.NORMAL_SHADING.,#8139,(
    #8141));
#8141 = SURFACE_STYLE_TRANSPARENT(0.699999988079);
#8142 = CURVE_STYLE('',#8143,POSITIVE_LENGTH_MEASURE(0.1),#8144);
#8143 = DRAUGHTING_PRE_DEFINED_CURVE_FONT('continuous');
#8144 = COLOUR_RGB('',9.803921802644E-02,9.803921802644E-02,
  9.803921802644E-02);
ENDSEC;
END-ISO-10303-21;
