ISO-10303-21;
HEADER;
FILE_DESCRIPTION(('FreeCAD Model'),'2;1');
FILE_NAME('Open CASCADE Shape Model','2025-04-23T17:02:18',('Author'),(
    ''),'Open CASCADE STEP processor 7.8','FreeCAD','Unknown');
FILE_SCHEMA(('AUTOMOTIVE_DESIGN { 1 0 10303 214 1 1 1 1 }'));
ENDSEC;
DATA;
#1 = APPLICATION_PROTOCOL_DEFINITION('international standard',
  'automotive_design',2000,#2);
#2 = APPLICATION_CONTEXT(
  'core data for automotive mechanical design processes');
#3 = SHAPE_DEFINITION_REPRESENTATION(#4,#10);
#4 = PRODUCT_DEFINITION_SHAPE('','',#5);
#5 = PRODUCT_DEFINITION('design','',#6,#9);
#6 = PRODUCT_DEFINITION_FORMATION('','',#7);
#7 = PRODUCT('Shift adapter','Shift adapter','',(#8));
#8 = PRODUCT_CONTEXT('',#2,'mechanical');
#9 = PRODUCT_DEFINITION_CONTEXT('part definition',#2,'design');
#10 = ADVANCED_BREP_SHAPE_REPRESENTATION('',(#11,#15),#10009);
#11 = AXIS2_PLACEMENT_3D('',#12,#13,#14);
#12 = CARTESIAN_POINT('',(0.,0.,0.));
#13 = DIRECTION('',(0.,0.,1.));
#14 = DIRECTION('',(1.,0.,-0.));
#15 = MANIFOLD_SOLID_BREP('',#16);
#16 = CLOSED_SHELL('',(#17,#182,#351,#444,#615,#805,#962,#1046,#1115,
    #1124,#1141,#1298,#1481,#1638,#1655,#1819,#2002,#2159,#2176,#2326,
    #2502,#2659,#2676,#2833,#3023,#3180,#3197,#3354,#3537,#3687,#3704,
    #3861,#4051,#4208,#4225,#4375,#4565,#4722,#4739,#4896,#5086,#5243,
    #5260,#5417,#5607,#5771,#5788,#5945,#6135,#6292,#6309,#6466,#6656,
    #6813,#6830,#6987,#7177,#7334,#7351,#7508,#7691,#7855,#7872,#8029,
    #8184,#8303,#8399,#8450,#8462,#8482,#8502,#8527,#8809,#8836,#8856,
    #8881,#8906,#8931,#8990,#9313,#9372,#9431,#9490,#9512,#9529,#9546,
    #9563,#9580,#9592,#9624,#9647,#9657,#9675,#9693,#9703,#9725,#9742,
    #9759,#9776,#9793,#9805,#9827,#9844,#9861,#9878,#9895,#9907,#9929,
    #9946,#9963,#9980,#9997));
#17 = ADVANCED_FACE('',(#18),#177,.T.);
#18 = FACE_BOUND('',#19,.T.);
#19 = EDGE_LOOP('',(#20,#85,#93,#170));
#20 = ORIENTED_EDGE('',*,*,#21,.T.);
#21 = EDGE_CURVE('',#22,#24,#26,.T.);
#22 = VERTEX_POINT('',#23);
#23 = CARTESIAN_POINT('',(0.920719581206,-9.957523560243,-1.));
#24 = VERTEX_POINT('',#25);
#25 = CARTESIAN_POINT('',(10.,-9.707055894545E-14,-2.147010700464));
#26 = B_SPLINE_CURVE_WITH_KNOTS('',8,(#27,#28,#29,#30,#31,#32,#33,#34,
    #35,#36,#37,#38,#39,#40,#41,#42,#43,#44,#45,#46,#47,#48,#49,#50,#51,
    #52,#53,#54,#55,#56,#57,#58,#59,#60,#61,#62,#63,#64,#65,#66,#67,#68,
    #69,#70,#71,#72,#73,#74,#75,#76,#77,#78,#79,#80,#81,#82,#83,#84),
  .UNSPECIFIED.,.F.,.F.,(9,7,7,7,7,7,7,7,9),(0.,0.108449237466,
    0.226995343883,0.407286593946,0.58763572762,0.724095792989,
    0.846895699694,0.946898293285,1.),.UNSPECIFIED.);
#27 = CARTESIAN_POINT('',(0.926263151855,-9.957009419174,-0.999867090368
    ));
#28 = CARTESIAN_POINT('',(0.277779592702,-10.01733540656,-1.01541518127)
  );
#29 = CARTESIAN_POINT('',(-0.375275702593,-10.02940061053,
    -1.030965143717));
#30 = CARTESIAN_POINT('',(-1.028591216271,-9.992783653212,
    -1.046514195888));
#31 = CARTESIAN_POINT('',(-1.677929313202,-9.907557623312,
    -1.062062175649));
#32 = CARTESIAN_POINT('',(-2.319119585587,-9.774221676231,
    -1.077610207987));
#33 = CARTESIAN_POINT('',(-2.948059829115,-9.593677693659,
    -1.093159393006));
#34 = CARTESIAN_POINT('',(-3.560724650599,-9.367252002804,
    -1.108709514516));
#35 = CARTESIAN_POINT('',(-4.8007978536,-8.801089091841,-1.141253601488)
  );
#36 = CARTESIAN_POINT('',(-5.424473097878,-8.452671308554,
    -1.158252489428));
#37 = CARTESIAN_POINT('',(-6.019017330647,-8.053840996465,
    -1.175250101684));
#38 = CARTESIAN_POINT('',(-6.579704958866,-7.607493450279,
    -1.192246088594));
#39 = CARTESIAN_POINT('',(-7.102205526172,-7.116993819316,
    -1.209242084673));
#40 = CARTESIAN_POINT('',(-7.582564875436,-6.586142309169,
    -1.226239719527));
#41 = CARTESIAN_POINT('',(-8.017236853409,-6.019197833958,
    -1.243238637198));
#42 = CARTESIAN_POINT('',(-8.99010654264,-4.511128251319,-1.286082776138
    ));
#43 = CARTESIAN_POINT('',(-9.465018050333,-3.527810186425,
    -1.311955259252));
#44 = CARTESIAN_POINT('',(-9.816170390905,-2.488379510103,
    -1.337813608439));
#45 = CARTESIAN_POINT('',(-10.03650817153,-1.411168471933,
    -1.363663131579));
#46 = CARTESIAN_POINT('',(-10.12176038488,-0.314963742028,-1.38951281923
    ));
#47 = CARTESIAN_POINT('',(-10.07085169864,0.780998482947,-1.41537132178)
  );
#48 = CARTESIAN_POINT('',(-9.885508774525,1.85715079112,-1.441243906497)
  );
#49 = CARTESIAN_POINT('',(-9.258822782477,3.930298505109,-1.492948655885
    ));
#50 = CARTESIAN_POINT('',(-8.816805766667,4.929226045549,-1.51882955152)
  );
#51 = CARTESIAN_POINT('',(-8.251814860427,5.870131779227,-1.544696434744
    ));
#52 = CARTESIAN_POINT('',(-7.573262512107,6.735752742839,-1.570554032923
    ));
#53 = CARTESIAN_POINT('',(-6.792712600078,7.510655860996,-1.59641166221)
  );
#54 = CARTESIAN_POINT('',(-5.924143754422,8.181555743329,-1.622278267355
    ));
#55 = CARTESIAN_POINT('',(-4.983603059889,8.737090253523,-1.648158921753
    ));
#56 = CARTESIAN_POINT('',(-3.239079270831,9.49631221659,-1.693579497436)
  );
#57 = CARTESIAN_POINT('',(-2.456794472821,9.753058419512,-1.713149785893
    ));
#58 = CARTESIAN_POINT('',(-1.651659921341,9.935957407041,-1.732717106283
    ));
#59 = CARTESIAN_POINT('',(-0.831850846719,10.04276363077,-1.752281800088
    ));
#60 = CARTESIAN_POINT('',(-5.641357431717E-03,10.072298540907,
    -1.771846475141));
#61 = CARTESIAN_POINT('',(0.818613486224,10.024363382772,-1.791413789413
    ));
#62 = CARTESIAN_POINT('',(1.632480644779,9.899827615595,-1.810984150696)
  );
#63 = CARTESIAN_POINT('',(3.142875878971,9.521879307506,-1.848153924676)
  );
#64 = CARTESIAN_POINT('',(3.843342032076,9.282529017856,-1.865763019044)
  );
#65 = CARTESIAN_POINT('',(4.522706349176,8.984344323353,-1.883370407262)
  );
#66 = CARTESIAN_POINT('',(5.175225879642,8.629562514993,-1.900975733438)
  );
#67 = CARTESIAN_POINT('',(5.795511595626,8.221031645415,-1.918581047225)
  );
#68 = CARTESIAN_POINT('',(6.378513082428,7.762164256261,-1.936188414899)
  );
#69 = CARTESIAN_POINT('',(6.919552054216,7.256972765027,-1.953797513468)
  );
#70 = CARTESIAN_POINT('',(7.817389915998,6.264908945858,-1.985740475138)
  );
#71 = CARTESIAN_POINT('',(8.189850112016,5.791931786703,-2.000079128786)
  );
#72 = CARTESIAN_POINT('',(8.529506556422,5.293754190073,-2.014417310334)
  );
#73 = CARTESIAN_POINT('',(8.83439012384,4.77304922018,-2.028754847609));
#74 = CARTESIAN_POINT('',(9.102805328219,4.232641100995,-2.043092395233)
  );
#75 = CARTESIAN_POINT('',(9.333319260592,3.675495921891,-2.057430591697)
  );
#76 = CARTESIAN_POINT('',(9.52477542659,3.104725797198,-2.071769232904)
  );
#77 = CARTESIAN_POINT('',(9.75680978047,2.21503020723,-2.093719578214));
#78 = CARTESIAN_POINT('',(9.826041301732,1.90351866118,-2.101332715043)
  );
#79 = CARTESIAN_POINT('',(9.883901674756,1.589553233845,-2.108945789937)
  );
#80 = CARTESIAN_POINT('',(9.930290540709,1.273618732142,-2.116558802526)
  );
#81 = CARTESIAN_POINT('',(9.965132568176,0.956203277035,-2.124171791872)
  );
#82 = CARTESIAN_POINT('',(9.988377466646,0.637798202981,-2.131784793513)
  );
#83 = CARTESIAN_POINT('',(10.,0.318897957376,-2.139397796504));
#84 = CARTESIAN_POINT('',(10.,-1.95399252334E-13,-2.147010700464));
#85 = ORIENTED_EDGE('',*,*,#86,.T.);
#86 = EDGE_CURVE('',#24,#87,#89,.T.);
#87 = VERTEX_POINT('',#88);
#88 = CARTESIAN_POINT('',(10.,-7.183923588766E-14,-2.352988890168));
#89 = LINE('',#90,#91);
#90 = CARTESIAN_POINT('',(10.,0.,0.));
#91 = VECTOR('',#92,1.);
#92 = DIRECTION('',(0.,-2.22044604925E-16,-1.));
#93 = ORIENTED_EDGE('',*,*,#94,.F.);
#94 = EDGE_CURVE('',#95,#87,#97,.T.);
#95 = VERTEX_POINT('',#96);
#96 = CARTESIAN_POINT('',(8.163125803053,-5.776103974439,-1.));
#97 = B_SPLINE_CURVE_WITH_KNOTS('',8,(#98,#99,#100,#101,#102,#103,#104,
    #105,#106,#107,#108,#109,#110,#111,#112,#113,#114,#115,#116,#117,
    #118,#119,#120,#121,#122,#123,#124,#125,#126,#127,#128,#129,#130,
    #131,#132,#133,#134,#135,#136,#137,#138,#139,#140,#141,#142,#143,
    #144,#145,#146,#147,#148,#149,#150,#151,#152,#153,#154,#155,#156,
    #157,#158,#159,#160,#161,#162,#163,#164,#165,#166,#167,#168,#169),
  .UNSPECIFIED.,.F.,.F.,(9,7,7,7,7,7,7,7,7,7,9),(0.,2.697195706643E-02,
    0.12815185435,0.24343370843,0.364776722025,0.462793736329,
    0.614531340999,0.767066759105,0.868935326622,0.954179813034,1.),
  .UNSPECIFIED.);
#98 = CARTESIAN_POINT('',(8.166340234128,-5.771558470679,-0.999867090368
    ));
#99 = CARTESIAN_POINT('',(8.056066530105,-5.927587832634,-1.004428460374
    ));
#100 = CARTESIAN_POINT('',(7.942385657612,-6.081209440917,
    -1.008989827014));
#101 = CARTESIAN_POINT('',(7.825359125138,-6.232336277075,
    -1.013551188235));
#102 = CARTESIAN_POINT('',(7.705050945607,-6.380883396751,
    -1.018112542276));
#103 = CARTESIAN_POINT('',(7.581527636368,-6.526767929686,
    -1.022673887664));
#104 = CARTESIAN_POINT('',(7.4548582192,-6.669909079718,-1.027235223212)
  );
#105 = CARTESIAN_POINT('',(7.325114220313,-6.810228124784,
    -1.031796548026));
#106 = CARTESIAN_POINT('',(6.69440506593,-7.463153132006,-1.053468715831
    ));
#107 = CARTESIAN_POINT('',(6.154122179321,-7.937962537064,
    -1.070582523975));
#108 = CARTESIAN_POINT('',(5.575531419109,-8.367874060403,-1.08769483202
    ));
#109 = CARTESIAN_POINT('',(4.963029234705,-8.749329659077,
    -1.104805361916));
#110 = CARTESIAN_POINT('',(4.321330880107,-9.079315301574,
    -1.121915910638));
#111 = CARTESIAN_POINT('',(3.655442850745,-9.355330385258,
    -1.139028261202));
#112 = CARTESIAN_POINT('',(2.970674993395,-9.575427088551,
    -1.156142105528));
#113 = CARTESIAN_POINT('',(1.477428186133,-9.923915392891,
    -1.192748682251));
#114 = CARTESIAN_POINT('',(0.664598702009,-10.03534549327,
    -1.212250524695));
#115 = CARTESIAN_POINT('',(-0.157363285157,-10.07056340178,
    -1.231749362285));
#116 = CARTESIAN_POINT('',(-0.980101027077,-10.02883674028,
    -1.251245628197));
#117 = CARTESIAN_POINT('',(-1.79535037333,-9.910485721907,
    -1.270741902917));
#118 = CARTESIAN_POINT('',(-2.594941602057,-9.716796223426,-1.2902407282
    ));
#119 = CARTESIAN_POINT('',(-3.370817963455,-9.450104611165,
    -1.309742488129));
#120 = CARTESIAN_POINT('',(-4.898518752217,-8.760329589804,
    -1.349758895128));
#121 = CARTESIAN_POINT('',(-5.647482158608,-8.329514223386,
    -1.370287230974));
#122 = CARTESIAN_POINT('',(-6.352673885902,-7.825690941277,
    -1.390811408951));
#123 = CARTESIAN_POINT('',(-7.005893982374,-7.254197691967,
    -1.411332219113));
#124 = CARTESIAN_POINT('',(-7.599782260194,-6.621269791389,
    -1.431853010465));
#125 = CARTESIAN_POINT('',(-8.127850956468,-5.934045906163,
    -1.452377223382));
#126 = CARTESIAN_POINT('',(-8.584479911887,-5.200535092966,
    -1.47290560632));
#127 = CARTESIAN_POINT('',(-9.272844767784,-3.807420195568,
    -1.510002309057));
#128 = CARTESIAN_POINT('',(-9.531081696526,-3.160423829219,
    -1.526580975592));
#129 = CARTESIAN_POINT('',(-9.737611511175,-2.493630396366,
    -1.543158497548));
#130 = CARTESIAN_POINT('',(-9.890716015112,-1.81188388804,
    -1.559734545863));
#131 = CARTESIAN_POINT('',(-9.989222538489,-1.120135582107,
    -1.576310567302));
#132 = CARTESIAN_POINT('',(-10.03247245016,-0.423430854864,
    -1.592888035077));
#133 = CARTESIAN_POINT('',(-10.0203552618,0.273091892728,-1.609466673521
    ));
#134 = CARTESIAN_POINT('',(-9.849769501804,2.034061599624,
    -1.651703507929));
#135 = CARTESIAN_POINT('',(-9.614608779236,3.092181830501,
    -1.677387798668));
#136 = CARTESIAN_POINT('',(-9.249482862211,4.118124838486,
    -1.703058605634));
#137 = CARTESIAN_POINT('',(-8.760072264033,5.093533007475,
    -1.728720666706));
#138 = CARTESIAN_POINT('',(-8.154466662666,6.001379736176,
    -1.754383120887));
#139 = CARTESIAN_POINT('',(-7.443461734038,6.826211879894,
    -1.780054283223));
#140 = CARTESIAN_POINT('',(-6.640201476477,7.554011517783,
    -1.805738867695));
#141 = CARTESIAN_POINT('',(-4.878515385057,8.795887374989,
    -1.857195873217));
#142 = CARTESIAN_POINT('',(-3.9176560629,9.309975726332,-1.883015849923)
  );
#143 = CARTESIAN_POINT('',(-2.895860340444,9.703234213642,-1.90882199372
    ));
#144 = CARTESIAN_POINT('',(-1.831040644549,9.967897554262,
    -1.934618929429));
#145 = CARTESIAN_POINT('',(-0.741676322124,10.098944423258,
    -1.960415423067));
#146 = CARTESIAN_POINT('',(0.353174970685,10.094500725708,-1.98622118424
    ));
#147 = CARTESIAN_POINT('',(1.434010304103,9.955458872444,-2.012040777015
    ));
#148 = CARTESIAN_POINT('',(3.17982371224,9.508388509806,-2.055063920367)
  );
#149 = CARTESIAN_POINT('',(3.864251439178,9.271686415887,-2.072294573406
    ));
#150 = CARTESIAN_POINT('',(4.528292524121,8.978734111217,-2.089523932691
    ));
#151 = CARTESIAN_POINT('',(5.16657324073,8.631640285489,-2.106751608906)
  );
#152 = CARTESIAN_POINT('',(5.774044538869,8.23307409428,-2.123979301563)
  );
#153 = CARTESIAN_POINT('',(6.345968508274,7.786224492101,-2.141208693138
    ));
#154 = CARTESIAN_POINT('',(6.877947819291,7.294831370936,-2.158439358047
    ));
#155 = CARTESIAN_POINT('',(7.774402813464,6.318488898471,-2.190082661851
    ));
#156 = CARTESIAN_POINT('',(8.152148987714,5.84546290724,-2.204499858315)
  );
#157 = CARTESIAN_POINT('',(8.496901188479,5.34673491606,-2.218916356568)
  );
#158 = CARTESIAN_POINT('',(8.806639678565,4.825009219886,-2.233332032865
    ));
#159 = CARTESIAN_POINT('',(9.079623464086,4.283146255801,-2.247747686377
    ));
#160 = CARTESIAN_POINT('',(9.314378927012,3.724152917325,-2.262164141725
    ));
#161 = CARTESIAN_POINT('',(9.509714084693,3.151186950397,-2.276581326631
    ));
#162 = CARTESIAN_POINT('',(9.748097156801,2.253875506707,-2.298746139409
    ));
#163 = CARTESIAN_POINT('',(9.819799623166,1.937081689575,-2.306495052723
    ));
#164 = CARTESIAN_POINT('',(9.879731350329,1.617701085392,-2.314243983436
    ));
#165 = CARTESIAN_POINT('',(9.927784650889,1.296244532733,-2.321992917948
    ));
#166 = CARTESIAN_POINT('',(9.963878690175,0.973226491236,-2.329741876382
    ));
#167 = CARTESIAN_POINT('',(9.987959501266,0.649164929886,-2.337490878674
    ));
#168 = CARTESIAN_POINT('',(10.,0.324581215299,-2.34523991066));
#169 = CARTESIAN_POINT('',(10.,-1.403321903126E-13,-2.352988890168));
#170 = ORIENTED_EDGE('',*,*,#171,.T.);
#171 = EDGE_CURVE('',#95,#22,#172,.T.);
#172 = CIRCLE('',#173,10.);
#173 = AXIS2_PLACEMENT_3D('',#174,#175,#176);
#174 = CARTESIAN_POINT('',(0.,-2.22044604925E-16,-1.));
#175 = DIRECTION('',(0.,-2.22044604925E-16,-1.));
#176 = DIRECTION('',(1.,0.,0.));
#177 = CYLINDRICAL_SURFACE('',#178,10.);
#178 = AXIS2_PLACEMENT_3D('',#179,#180,#181);
#179 = CARTESIAN_POINT('',(0.,0.,0.));
#180 = DIRECTION('',(0.,-2.22044604925E-16,-1.));
#181 = DIRECTION('',(1.,0.,0.));
#182 = ADVANCED_FACE('',(#183),#288,.T.);
#183 = FACE_BOUND('',#184,.T.);
#184 = EDGE_LOOP('',(#185,#192,#193,#206));
#185 = ORIENTED_EDGE('',*,*,#186,.F.);
#186 = EDGE_CURVE('',#24,#187,#189,.T.);
#187 = VERTEX_POINT('',#188);
#188 = CARTESIAN_POINT('',(9.266,-3.0159105E-08,-1.723232234044));
#189 = B_SPLINE_CURVE_WITH_KNOTS('',1,(#190,#191),.UNSPECIFIED.,.F.,.F.,
  (2,2),(0.,0.9375),.PIECEWISE_BEZIER_KNOTS.);
#190 = CARTESIAN_POINT('',(10.016002904409,1.31487917E-09,
    -2.156250055081));
#191 = CARTESIAN_POINT('',(9.204105701927,-6.540450676E-08,
    -1.687497260315));
#192 = ORIENTED_EDGE('',*,*,#21,.F.);
#193 = ORIENTED_EDGE('',*,*,#194,.F.);
#194 = EDGE_CURVE('',#195,#22,#197,.T.);
#195 = VERTEX_POINT('',#196);
#196 = CARTESIAN_POINT('',(0.853040642941,-9.226650398337,
    -0.576224899662));
#197 = B_SPLINE_CURVE_WITH_KNOTS('',4,(#198,#199,#200,#201,#202,#203,
    #204,#205),.UNSPECIFIED.,.F.,.F.,(5,3,5),(0.,0.643731713941,1.),
  .UNSPECIFIED.);
#198 = CARTESIAN_POINT('',(0.853029966401,-9.22653218254,-0.576156370107
    ));
#199 = CARTESIAN_POINT('',(0.863922210982,-9.344172880717,
    -0.644366766698));
#200 = CARTESIAN_POINT('',(0.874814989155,-9.461813529516,
    -0.712577163284));
#201 = CARTESIAN_POINT('',(0.885708300921,-9.579454128934,
    -0.780787559864));
#202 = CARTESIAN_POINT('',(0.902631259853,-9.762201921976,
    -0.886748467332));
#203 = CARTESIAN_POINT('',(0.908660536866,-9.827309149859,
    -0.924498978223));
#204 = CARTESIAN_POINT('',(0.914689977317,-9.892416362614,
    -0.962249489112));
#205 = CARTESIAN_POINT('',(0.920719581206,-9.957523560243,-1.));
#206 = ORIENTED_EDGE('',*,*,#207,.T.);
#207 = EDGE_CURVE('',#195,#187,#208,.T.);
#208 = B_SPLINE_CURVE_WITH_KNOTS('',8,(#209,#210,#211,#212,#213,#214,
    #215,#216,#217,#218,#219,#220,#221,#222,#223,#224,#225,#226,#227,
    #228,#229,#230,#231,#232,#233,#234,#235,#236,#237,#238,#239,#240,
    #241,#242,#243,#244,#245,#246,#247,#248,#249,#250,#251,#252,#253,
    #254,#255,#256,#257,#258,#259,#260,#261,#262,#263,#264,#265,#266,
    #267,#268,#269,#270,#271,#272,#273,#274,#275,#276,#277,#278,#279,
    #280,#281,#282,#283,#284,#285,#286,#287),.UNSPECIFIED.,.F.,.F.,(9,7,
    7,7,7,7,7,7,7,7,7,9),(0.,2.058377818783E-02,0.122047388477,
    0.214918709592,0.317869873598,0.408294480017,0.547217925334,
    0.685680069829,0.789866959897,0.817315230878,0.977051292615,1.),
  .UNSPECIFIED.);
#209 = CARTESIAN_POINT('',(9.266,-3.015905925E-08,-0.22323476608));
#210 = CARTESIAN_POINT('',(9.265999999513,-0.149761768048,
    -0.227092940229));
#211 = CARTESIAN_POINT('',(9.263233684831,-0.299523553412,-0.23095118282
    ));
#212 = CARTESIAN_POINT('',(9.257701057233,-0.449225687358,
    -0.234809485774));
#213 = CARTESIAN_POINT('',(9.249403657994,-0.598808559935,
    -0.238667841058));
#214 = CARTESIAN_POINT('',(9.238344568381,-0.74821265013,-0.242526240691
    ));
#215 = CARTESIAN_POINT('',(9.224528409655,-0.897378525874,
    -0.246384676736));
#216 = CARTESIAN_POINT('',(9.207961343073,-1.046246844035,
    -0.250243141306));
#217 = CARTESIAN_POINT('',(9.093464947321,-1.926816064536,
    -0.273121256509));
#218 = CARTESIAN_POINT('',(8.931596780286,-2.650410788538,-0.29214663227
    ));
#219 = CARTESIAN_POINT('',(8.703947560065,-3.358144353947,-0.31116943353
    ));
#220 = CARTESIAN_POINT('',(8.41241979286,-4.043063425269,-0.330188974869
    ));
#221 = CARTESIAN_POINT('',(8.059723372598,-4.698584460048,
    -0.349208337494));
#222 = CARTESIAN_POINT('',(7.649306126001,-5.318478575133,
    -0.368230634041));
#223 = CARTESIAN_POINT('',(7.185409029902,-5.896916319192,
    -0.387255406433));
#224 = CARTESIAN_POINT('',(6.204454898606,-6.915205913504,
    -0.423684249003));
#225 = CARTESIAN_POINT('',(5.695015157842,-7.362865225706,
    -0.441096817162));
#226 = CARTESIAN_POINT('',(5.148838141296,-7.767438056654,
    -0.458508037667));
#227 = CARTESIAN_POINT('',(4.570218860168,-8.125455538665,
    -0.475917473298));
#228 = CARTESIAN_POINT('',(3.963767215573,-8.433989455317,
    -0.493326894537));
#229 = CARTESIAN_POINT('',(3.334379584439,-8.690621095193,
    -0.510738085897));
#230 = CARTESIAN_POINT('',(2.687250849825,-8.893481671859,
    -0.528150637278));
#231 = CARTESIAN_POINT('',(1.29704279023,-9.205297476437,-0.564858308432
    ));
#232 = CARTESIAN_POINT('',(0.550797740761,-9.30175459176,-0.584162302162
    ));
#233 = CARTESIAN_POINT('',(-0.203216525558,-9.328965486519,
    -0.60346371172));
#234 = CARTESIAN_POINT('',(-0.957492042138,-9.286323986016,
    -0.622761958454));
#235 = CARTESIAN_POINT('',(-1.704599375647,-9.174161265953,
    -0.642060207282));
#236 = CARTESIAN_POINT('',(-2.437197828655,-8.993669070204,
    -0.661361648775));
#237 = CARTESIAN_POINT('',(-3.148061092222,-8.746972790757,
    -0.680665730936));
#238 = CARTESIAN_POINT('',(-4.429186455615,-8.165408769302,
    -0.716914796818));
#239 = CARTESIAN_POINT('',(-5.006293113973,-7.844803444741,
    -0.733868263302));
#240 = CARTESIAN_POINT('',(-5.556664502428,-7.477671522173,
    -0.750820482167));
#241 = CARTESIAN_POINT('',(-6.075950246182,-7.0666631926,-0.767771107959
    ));
#242 = CARTESIAN_POINT('',(-6.560160879903,-6.614860623303,
    -0.784721746033));
#243 = CARTESIAN_POINT('',(-7.005651036844,-6.125746109713,
    -0.801673997395));
#244 = CARTESIAN_POINT('',(-7.409148363939,-5.603223507825,
    -0.818627510089));
#245 = CARTESIAN_POINT('',(-8.318884290209,-4.20435140242,
    -0.861619904549));
#246 = CARTESIAN_POINT('',(-8.764838326855,-3.287490777038,
    -0.887686835711));
#247 = CARTESIAN_POINT('',(-9.094497733332,-2.317544816362,
    -0.913739106522));
#248 = CARTESIAN_POINT('',(-9.301145481534,-1.311876959039,
    -0.939782271419));
#249 = CARTESIAN_POINT('',(-9.380714023199,-0.288285145014,
    -0.965825593119));
#250 = CARTESIAN_POINT('',(-9.332189420413,0.735001843869,-0.9918779942)
  );
#251 = CARTESIAN_POINT('',(-9.157224191547,1.73943989191,-1.017945000192
    ));
#252 = CARTESIAN_POINT('',(-8.567814248203,3.669630968606,
    -1.069942169193));
#253 = CARTESIAN_POINT('',(-8.153601539715,4.597484891016,
    -1.095922273351));
#254 = CARTESIAN_POINT('',(-7.624738647783,5.470768591795,
    -1.121888143228));
#255 = CARTESIAN_POINT('',(-6.990109108335,6.273333043935,
    -1.147844615133));
#256 = CARTESIAN_POINT('',(-6.260611622865,6.990757569593,
    -1.173801112003));
#257 = CARTESIAN_POINT('',(-5.449408326104,7.610652724285,
    -1.199766705593));
#258 = CARTESIAN_POINT('',(-4.571597008399,8.122446235886,
    -1.225746577579));
#259 = CARTESIAN_POINT('',(-2.948519776299,8.817006422295,
    -1.271232112759));
#260 = CARTESIAN_POINT('',(-2.223517494252,9.05016549192,-1.290768456331
    ));
#261 = CARTESIAN_POINT('',(-1.477821465559,9.215012663712,
    -1.310301870899));
#262 = CARTESIAN_POINT('',(-0.718979262385,9.30952203641,-1.329832669975
    ));
#263 = CARTESIAN_POINT('',(4.537576697355E-02,9.332649983607,
    -1.349363453946));
#264 = CARTESIAN_POINT('',(0.807540552408,9.284255693649,-1.36889686377)
  );
#265 = CARTESIAN_POINT('',(1.559745959739,9.165182140899,-1.388433265609
    ));
#266 = CARTESIAN_POINT('',(2.487665828928,8.928054496244,-1.413108778074
    ));
#267 = CARTESIAN_POINT('',(2.67993608264,8.873843166771,-1.418254055143)
  );
#268 = CARTESIAN_POINT('',(2.870851362092,8.814900977461,-1.423399323988
    ));
#269 = CARTESIAN_POINT('',(3.060275852847,8.751267668348,-1.42854458302)
  );
#270 = CARTESIAN_POINT('',(3.248075366889,8.682987578877,-1.433689831382
    ));
#271 = CARTESIAN_POINT('',(3.434117342619,8.610109647902,-1.438835068947
    ));
#272 = CARTESIAN_POINT('',(3.618270844855,8.532687413688,-1.443980296321
    ));
#273 = CARTESIAN_POINT('',(4.860351019294,7.974110548619,-1.479068273126
    ));
#274 = CARTESIAN_POINT('',(5.853765561801,7.344695920151,-1.509061410421
    ));
#275 = CARTESIAN_POINT('',(6.751911673406,6.574390052677,-1.539023785481
    ));
#276 = CARTESIAN_POINT('',(7.53263746405,5.680945500632,-1.568970401722)
  );
#277 = CARTESIAN_POINT('',(8.177066260556,4.684709179559,-1.598918614351
    ));
#278 = CARTESIAN_POINT('',(8.670824068623,3.609423460538,-1.628882603301
    ));
#279 = CARTESIAN_POINT('',(9.002931325455,2.481265904017,-1.658876891495
    ));
#280 = CARTESIAN_POINT('',(9.193874942879,1.165889348097,-1.693121073873
    ));
#281 = CARTESIAN_POINT('',(9.214458306481,1.000158763232,-1.697422773822
    ));
#282 = CARTESIAN_POINT('',(9.231626968099,0.834016027505,-1.70172444689)
  );
#283 = CARTESIAN_POINT('',(9.245371415623,0.667543250013,-1.706026089867
    ));
#284 = CARTESIAN_POINT('',(9.255684513442,0.500822714015,-1.710327697709
    ));
#285 = CARTESIAN_POINT('',(9.262561502441,0.333936876931,-1.714629263539
    ));
#286 = CARTESIAN_POINT('',(9.266,0.166968370344,-1.718930778648));
#287 = CARTESIAN_POINT('',(9.266,-1.78E-15,-1.72323223249));
#288 = B_SPLINE_SURFACE_WITH_KNOTS('',1,9,(
    (#289,#290,#291,#292,#293,#294,#295,#296,#297,#298,#299,#300,#301
      ,#302,#303,#304,#305,#306,#307,#308,#309,#310,#311,#312,#313,#314
      ,#315,#316,#317,#318,#319)
    ,(#320,#321,#322,#323,#324,#325,#326,#327,#328,#329,#330,#331,#332
      ,#333,#334,#335,#336,#337,#338,#339,#340,#341,#342,#343,#344,#345
      ,#346,#347,#348,#349,#350
    )),.UNSPECIFIED.,.F.,.F.,.F.,(2,2),(10,7,7,7,10),(0.,0.9375),(0.,
    1.614938419963,3.229876839926,4.844815259889,6.459753679852),
  .UNSPECIFIED.);
#289 = CARTESIAN_POINT('',(10.016001452205,6.5742167E-10,-0.656250027539
    ));
#290 = CARTESIAN_POINT('',(10.016003557753,-1.748122172699,
    -0.697916734135));
#291 = CARTESIAN_POINT('',(9.672757086234,-3.496232383227,
    -0.739583370893));
#292 = CARTESIAN_POINT('',(8.986274721578,-5.167350273654,
    -0.781250029264));
#293 = CARTESIAN_POINT('',(7.976709558601,-6.684398920627,
    -0.822916708965));
#294 = CARTESIAN_POINT('',(6.6843947321,-7.976711661515,-0.864583375304)
  );
#295 = CARTESIAN_POINT('',(5.167342431006,-8.986271532197,
    -0.906250042775));
#296 = CARTESIAN_POINT('',(3.496244101474,-9.672756981714,
    -0.947916708351));
#297 = CARTESIAN_POINT('',(1.7313867519E-07,-10.35924418602,
    -1.031250040759));
#298 = CARTESIAN_POINT('',(-3.496244095207,-9.672760980412,
    -1.114583374842));
#299 = CARTESIAN_POINT('',(-5.167341437349,-8.986277090447,
    -1.156250042392));
#300 = CARTESIAN_POINT('',(-6.684398630866,-7.9767072074,-1.197916709071
    ));
#301 = CARTESIAN_POINT('',(-7.976706258818,-6.684397422877,
    -1.239583374497));
#302 = CARTESIAN_POINT('',(-8.986274565001,-5.167339381845,
    -1.281250040001));
#303 = CARTESIAN_POINT('',(-9.672759093705,-3.496242506304,
    -1.322916706833));
#304 = CARTESIAN_POINT('',(-10.35924493409,3.78729697E-09,-1.40625004131
    ));
#305 = CARTESIAN_POINT('',(-9.672759207709,3.496242536264,
    -1.489583375787));
#306 = CARTESIAN_POINT('',(-8.986274696794,5.16733944585,-1.531250042619
    ));
#307 = CARTESIAN_POINT('',(-7.976706247007,6.684397450744,
    -1.572916708123));
#308 = CARTESIAN_POINT('',(-6.684398547105,7.976707125656,
    -1.614583373549));
#309 = CARTESIAN_POINT('',(-5.167341418701,8.986276968446,
    -1.656250040228));
#310 = CARTESIAN_POINT('',(-3.496244095634,9.672760960072,
    -1.697916707778));
#311 = CARTESIAN_POINT('',(1.7456025151E-07,10.359244243626,
    -1.781250041861));
#312 = CARTESIAN_POINT('',(3.496244101048,9.672756942548,-1.864583374269
    ));
#313 = CARTESIAN_POINT('',(5.167342354244,8.986271438487,-1.906250039849
    ));
#314 = CARTESIAN_POINT('',(6.684394890959,7.976711370141,-1.947916707301
    ));
#315 = CARTESIAN_POINT('',(7.976708925169,6.684399246806,-1.98958337368)
  );
#316 = CARTESIAN_POINT('',(8.986276121053,5.16735119754,-2.031250053333)
  );
#317 = CARTESIAN_POINT('',(9.672757531403,3.496231558326,-2.072916711738
    ));
#318 = CARTESIAN_POINT('',(10.016000798748,1.748122174671,
    -2.114583348482));
#319 = CARTESIAN_POINT('',(10.016002904409,1.31487917E-09,
    -2.156250055081));
#320 = CARTESIAN_POINT('',(9.204103442939,-3.270229954E-08,
    -0.187498630155));
#321 = CARTESIAN_POINT('',(9.204106712353,-1.606418612744,
    -0.229163310799));
#322 = CARTESIAN_POINT('',(8.888682923533,-3.212826266782,
    -0.270831465389));
#323 = CARTESIAN_POINT('',(8.25784640054,-4.748490071175,-0.312498543779
    ));
#324 = CARTESIAN_POINT('',(7.33011427397,-6.142558474777,-0.354164563367
    ));
#325 = CARTESIAN_POINT('',(6.142560364357,-7.330118818436,
    -0.395831245325));
#326 = CARTESIAN_POINT('',(4.748478011934,-8.257843621388,
    -0.437497872458));
#327 = CARTESIAN_POINT('',(3.212838521067,-8.8886828044,-0.479164593286)
  );
#328 = CARTESIAN_POINT('',(-7.2811830939E-07,-9.519523326518,
    -0.562497972627));
#329 = CARTESIAN_POINT('',(-3.212838776077,-8.888686437767,
    -0.645831268667));
#330 = CARTESIAN_POINT('',(-4.74847612172,-8.257849096642,
    -0.687497891402));
#331 = CARTESIAN_POINT('',(-6.142560445794,-7.330115543997,
    -0.729164557485));
#332 = CARTESIAN_POINT('',(-7.330113952565,-6.142560292205,
    -0.770831285841));
#333 = CARTESIAN_POINT('',(-8.257846837778,-4.748474349295,
    -0.81249801036));
#334 = CARTESIAN_POINT('',(-8.888684779607,-3.212836652246,
    -0.854164668759));
#335 = CARTESIAN_POINT('',(-9.519524022438,5.821261436E-08,
    -0.937497945234));
#336 = CARTESIAN_POINT('',(-8.888684921629,3.212836796557,
    -1.020831221709));
#337 = CARTESIAN_POINT('',(-8.257846990593,4.748474539634,
    -1.062497880108));
#338 = CARTESIAN_POINT('',(-7.330113866671,6.142560416126,
    -1.104164604627));
#339 = CARTESIAN_POINT('',(-6.142560234925,7.330115484363,
    -1.145831332983));
#340 = CARTESIAN_POINT('',(-4.748476001938,8.257848959058,
    -1.187497999067));
#341 = CARTESIAN_POINT('',(-3.212838679032,8.888686441443,
    -1.229164621801));
#342 = CARTESIAN_POINT('',(-6.2126474677E-07,9.519523416123,
    -1.312497917841));
#343 = CARTESIAN_POINT('',(3.212838618112,8.88868270816,-1.395831297182)
  );
#344 = CARTESIAN_POINT('',(4.748477983301,8.257843423419,-1.437498018017
    ));
#345 = CARTESIAN_POINT('',(6.142560692046,7.330118297666,-1.47916464512)
  );
#346 = CARTESIAN_POINT('',(7.330113356153,6.142558901592,-1.52083132714)
  );
#347 = CARTESIAN_POINT('',(8.2578486297,4.74849141756,-1.562497346655));
#348 = CARTESIAN_POINT('',(8.888683651337,3.212824885893,-1.604164425097
    ));
#349 = CARTESIAN_POINT('',(9.204102438219,1.606418514637,-1.645832579665
    ));
#350 = CARTESIAN_POINT('',(9.204105701927,-6.540450676E-08,
    -1.687497260315));
#351 = ADVANCED_FACE('',(#352),#439,.T.);
#352 = FACE_BOUND('',#353,.F.);
#353 = EDGE_LOOP('',(#354,#403,#411,#418,#419,#430,#431,#432));
#354 = ORIENTED_EDGE('',*,*,#355,.F.);
#355 = EDGE_CURVE('',#356,#358,#360,.T.);
#356 = VERTEX_POINT('',#357);
#357 = CARTESIAN_POINT('',(9.872683834427,-2.615639602329E-09,
    -0.926493977534));
#358 = VERTEX_POINT('',#359);
#359 = CARTESIAN_POINT('',(-9.067827355226,1.90611200646,-0.57622490009)
  );
#360 = B_SPLINE_CURVE_WITH_KNOTS('',6,(#361,#362,#363,#364,#365,#366,
    #367,#368,#369,#370,#371,#372,#373,#374,#375,#376,#377,#378,#379,
    #380,#381,#382,#383,#384,#385,#386,#387,#388,#389,#390,#391,#392,
    #393,#394,#395,#396,#397,#398,#399,#400,#401,#402),.UNSPECIFIED.,.F.
  ,.F.,(7,5,5,5,5,5,5,5,7),(0.,0.135826443236,0.266803532635,
    0.395515376244,0.521986699165,0.645020998707,0.765895008897,
    0.883428717589,1.),.UNSPECIFIED.);
#361 = CARTESIAN_POINT('',(9.872683834318,3.745838749647E-15,
    -0.926493977471));
#362 = CARTESIAN_POINT('',(9.859359835979,0.636240860134,-0.91880136351)
  );
#363 = CARTESIAN_POINT('',(9.796811224667,1.271464257324,-0.911096121381
    ));
#364 = CARTESIAN_POINT('',(9.685035867854,1.90082960797,-0.903379066567)
  );
#365 = CARTESIAN_POINT('',(9.524682196696,2.519594253472,-0.895649840827
    ));
#366 = CARTESIAN_POINT('',(9.316952939748,3.123099364333,-0.887907806057
    ));
#367 = CARTESIAN_POINT('',(8.819536661024,4.269668531135,-0.872676538465
    ));
#368 = CARTESIAN_POINT('',(8.533015922189,4.81417803297,-0.865187399107)
  );
#369 = CARTESIAN_POINT('',(8.20582874219,5.336254151067,-0.857687024646)
  );
#370 = CARTESIAN_POINT('',(7.840141468681,5.832113005019,-0.850174891571
    ));
#371 = CARTESIAN_POINT('',(7.43855076848,6.298224481575,-0.842650468517)
  );
#372 = CARTESIAN_POINT('',(6.57729332678,7.157036051427,-0.827708799633)
  );
#373 = CARTESIAN_POINT('',(6.118710826323,7.550906609466,-0.820291257236
    ));
#374 = CARTESIAN_POINT('',(5.631359106413,7.90992655478,-0.812862532827)
  );
#375 = CARTESIAN_POINT('',(5.118519484088,8.231470549936,-0.805422208318
    ));
#376 = CARTESIAN_POINT('',(4.583767170881,8.513289896503,-0.797969821031
    ));
#377 = CARTESIAN_POINT('',(3.487896579964,8.989719842704,-0.783172224271
    ));
#378 = CARTESIAN_POINT('',(2.927349968468,9.18578459329,-0.775826746679)
  );
#379 = CARTESIAN_POINT('',(2.353094632798,9.340080288431,-0.768470299692
    ));
#380 = CARTESIAN_POINT('',(1.768995490318,9.451401105002,-0.761102467484
    ));
#381 = CARTESIAN_POINT('',(1.179048455866,9.518978657933,-0.753722762561
    ));
#382 = CARTESIAN_POINT('',(1.182102126844E-02,9.565524680253,
    -0.73914170424));
#383 = CARTESIAN_POINT('',(-0.56541691339,9.546853287579,-0.731940344556
    ));
#384 = CARTESIAN_POINT('',(-1.140505439728,9.486323559514,
    -0.724728309341));
#385 = CARTESIAN_POINT('',(-1.709667386334,9.384181269457,
    -0.717505190097));
#386 = CARTESIAN_POINT('',(-2.269157253282,9.241091090479,
    -0.710270522562));
#387 = CARTESIAN_POINT('',(-3.351808770447,8.878551727279,
    -0.695906472477));
#388 = CARTESIAN_POINT('',(-3.875479078292,8.660472933589,
    -0.688776900687));
#389 = CARTESIAN_POINT('',(-4.382777187718,8.405071337085,
    -0.681636727294));
#390 = CARTESIAN_POINT('',(-4.870385300288,8.113854477567,
    -0.674485588872));
#391 = CARTESIAN_POINT('',(-5.335155109878,7.788693513278,
    -0.667323079733));
#392 = CARTESIAN_POINT('',(-6.20101023122,7.084941063854,-0.653174654105
    ));
#393 = CARTESIAN_POINT('',(-6.603532731362,6.708048262353,
    -0.646188805039));
#394 = CARTESIAN_POINT('',(-6.9790075909,6.3033141129,-0.639192711738));
#395 = CARTESIAN_POINT('',(-7.325023980037,5.873138088863,-0.6321860426)
  );
#396 = CARTESIAN_POINT('',(-7.639433049267,5.42017839566,-0.625168430974
    ));
#397 = CARTESIAN_POINT('',(-8.199068397856,4.478477763413,-0.61116984687
    ));
#398 = CARTESIAN_POINT('',(-8.444860497478,3.990025908717,-0.60418853893
    ));
#399 = CARTESIAN_POINT('',(-8.655978505444,3.484918605188,
    -0.597196939145));
#400 = CARTESIAN_POINT('',(-8.831000099104,2.966209583314,
    -0.590194700572));
#401 = CARTESIAN_POINT('',(-8.968834624285,2.437103741216,
    -0.583181433002));
#402 = CARTESIAN_POINT('',(-9.068786278734,1.900976526788,
    -0.576157618963));
#403 = ORIENTED_EDGE('',*,*,#404,.T.);
#404 = EDGE_CURVE('',#356,#405,#407,.T.);
#405 = VERTEX_POINT('',#406);
#406 = CARTESIAN_POINT('',(8.267949192431,0.,0.));
#407 = LINE('',#408,#409);
#408 = CARTESIAN_POINT('',(10.,-2.22044604925E-16,-1.));
#409 = VECTOR('',#410,1.);
#410 = DIRECTION('',(-0.866025403784,1.110223024625E-16,0.5));
#411 = ORIENTED_EDGE('',*,*,#412,.F.);
#412 = EDGE_CURVE('',#405,#405,#413,.T.);
#413 = CIRCLE('',#414,8.267949192431);
#414 = AXIS2_PLACEMENT_3D('',#415,#416,#417);
#415 = CARTESIAN_POINT('',(0.,0.,0.));
#416 = DIRECTION('',(0.,-2.22044604925E-16,-1.));
#417 = DIRECTION('',(1.,0.,0.));
#418 = ORIENTED_EDGE('',*,*,#404,.F.);
#419 = ORIENTED_EDGE('',*,*,#420,.T.);
#420 = EDGE_CURVE('',#356,#95,#421,.T.);
#421 = B_SPLINE_CURVE_WITH_KNOTS('',7,(#422,#423,#424,#425,#426,#427,
    #428,#429),.UNSPECIFIED.,.F.,.F.,(8,8),(0.,1.),
  .PIECEWISE_BEZIER_KNOTS.);
#422 = CARTESIAN_POINT('',(9.872683834318,-8.881784197001E-16,
    -0.926493977471));
#423 = CARTESIAN_POINT('',(9.890985134761,-0.873914599556,
    -0.937060238342));
#424 = CARTESIAN_POINT('',(9.819001061386,-1.749993925304,
    -0.947606777875));
#425 = CARTESIAN_POINT('',(9.656625998337,-2.616605762878,
    -0.958128441351));
#426 = CARTESIAN_POINT('',(9.405746399711,-3.462730281337,
    -0.968627783974));
#427 = CARTESIAN_POINT('',(9.069704648722,-4.277879384544,
    -0.979106304569));
#428 = CARTESIAN_POINT('',(8.653288596721,-5.05208800994,-0.989565494213
    ));
#429 = CARTESIAN_POINT('',(8.163125803053,-5.776103974439,-1.));
#430 = ORIENTED_EDGE('',*,*,#171,.T.);
#431 = ORIENTED_EDGE('',*,*,#194,.F.);
#432 = ORIENTED_EDGE('',*,*,#433,.T.);
#433 = EDGE_CURVE('',#195,#358,#434,.T.);
#434 = CIRCLE('',#435,9.266);
#435 = AXIS2_PLACEMENT_3D('',#436,#437,#438);
#436 = CARTESIAN_POINT('',(0.,1.059930519331E-15,-0.576224902415));
#437 = DIRECTION('',(0.,0.,-1.));
#438 = DIRECTION('',(0.,1.,0.));
#439 = CONICAL_SURFACE('',#440,10.,1.047197551197);
#440 = AXIS2_PLACEMENT_3D('',#441,#442,#443);
#441 = CARTESIAN_POINT('',(0.,-2.22044604925E-16,-1.));
#442 = DIRECTION('',(0.,-2.22044604925E-16,-1.));
#443 = DIRECTION('',(1.,0.,0.));
#444 = ADVANCED_FACE('',(#445),#552,.T.);
#445 = FACE_BOUND('',#446,.T.);
#446 = EDGE_LOOP('',(#447,#540,#545,#546,#547));
#447 = ORIENTED_EDGE('',*,*,#448,.F.);
#448 = EDGE_CURVE('',#449,#451,#453,.T.);
#449 = VERTEX_POINT('',#450);
#450 = CARTESIAN_POINT('',(9.266,-1.5079499E-08,-1.276761660412));
#451 = VERTEX_POINT('',#452);
#452 = CARTESIAN_POINT('',(9.266,-3.0158975E-08,-2.776760618931));
#453 = B_SPLINE_CURVE_WITH_KNOTS('',8,(#454,#455,#456,#457,#458,#459,
    #460,#461,#462,#463,#464,#465,#466,#467,#468,#469,#470,#471,#472,
    #473,#474,#475,#476,#477,#478,#479,#480,#481,#482,#483,#484,#485,
    #486,#487,#488,#489,#490,#491,#492,#493,#494,#495,#496,#497,#498,
    #499,#500,#501,#502,#503,#504,#505,#506,#507,#508,#509,#510,#511,
    #512,#513,#514,#515,#516,#517,#518,#519,#520,#521,#522,#523,#524,
    #525,#526,#527,#528,#529,#530,#531,#532,#533,#534,#535,#536,#537,
    #538,#539),.UNSPECIFIED.,.F.,.F.,(9,7,7,7,7,7,7,7,7,7,7,7,9),(0.,
    4.786145710969E-02,0.120861066097,0.213600140786,0.319673680511,
    0.42732131139,0.502860753826,0.576620980386,0.685272782426,
    0.783102284467,0.881489686971,0.956794636533,1.),.UNSPECIFIED.);
#454 = CARTESIAN_POINT('',(9.266,-3.015899175E-08,-1.276761660412));
#455 = CARTESIAN_POINT('',(9.265999998866,-0.348285003795,
    -1.285734672687));
#456 = CARTESIAN_POINT('',(9.251038702685,-0.696574662393,
    -1.294707892098));
#457 = CARTESIAN_POINT('',(9.221115420207,-1.044112220632,
    -1.303681088359));
#458 = CARTESIAN_POINT('',(9.176276182538,-1.39014755906,-1.312654250937
    ));
#459 = CARTESIAN_POINT('',(9.11661135975,-1.733937028293,-1.321627465834
    ));
#460 = CARTESIAN_POINT('',(9.042254866265,-2.074743500841,
    -1.330600809722));
#461 = CARTESIAN_POINT('',(8.953384955042,-2.411836670566,
    -1.339574261413));
#462 = CARTESIAN_POINT('',(8.692886644799,-3.251871085255,-1.36223405998
    ));
#463 = CARTESIAN_POINT('',(8.502291770409,-3.748978072805,
    -1.375921620014));
#464 = CARTESIAN_POINT('',(8.279239183633,-4.233214012322,
    -1.389608814212));
#465 = CARTESIAN_POINT('',(8.024761691553,-4.702111518482,
    -1.403295466084));
#466 = CARTESIAN_POINT('',(7.740100961072,-5.153323145008,-1.41698207876
    ));
#467 = CARTESIAN_POINT('',(7.426697894596,-5.584618188449,
    -1.430669177762));
#468 = CARTESIAN_POINT('',(7.08620012239,-5.99388952148,-1.44435663702)
  );
#469 = CARTESIAN_POINT('',(6.25588230671,-6.868633314953,-1.475430198237
    ));
#470 = CARTESIAN_POINT('',(5.750446122839,-7.319519638465,-1.49282059309
    ));
#471 = CARTESIAN_POINT('',(5.208044100465,-7.727704427939,
    -1.510209377839));
#472 = CARTESIAN_POINT('',(4.632928749496,-8.089699712789,
    -1.527596250345));
#473 = CARTESIAN_POINT('',(4.029670083105,-8.402553072853,
    -1.544983144937));
#474 = CARTESIAN_POINT('',(3.403127205668,-8.663816918545,
    -1.562371983565));
#475 = CARTESIAN_POINT('',(2.758460454826,-8.871588528477,
    -1.579762434354));
#476 = CARTESIAN_POINT('',(1.349401421208,-9.199656874517,-1.61703694124
    ));
#477 = CARTESIAN_POINT('',(0.580706132256,-9.303177093348,
    -1.636930950612));
#478 = CARTESIAN_POINT('',(-0.196593780064,-9.333165704581,
    -1.656821625407));
#479 = CARTESIAN_POINT('',(-0.974272832184,-9.28893305334,
    -1.676709483981));
#480 = CARTESIAN_POINT('',(-1.744205405328,-9.170843938871,
    -1.696597336118));
#481 = CARTESIAN_POINT('',(-2.498367052968,-8.98022748715,-1.71648796304
    ));
#482 = CARTESIAN_POINT('',(-3.228854446767,-8.719464999203,
    -1.736381856366));
#483 = CARTESIAN_POINT('',(-4.637437297373,-8.060183668248,
    -1.77645143823));
#484 = CARTESIAN_POINT('',(-5.315080350361,-7.659450470317,
    -1.796640754173));
#485 = CARTESIAN_POINT('',(-5.952747756419,-7.193767080571,
    -1.816826337387));
#486 = CARTESIAN_POINT('',(-6.543246231439,-6.6679015378,-1.837008742134
    ));
#487 = CARTESIAN_POINT('',(-7.080160595867,-6.087431040221,
    -1.857191158465));
#488 = CARTESIAN_POINT('',(-7.557793579554,-5.458664386607,
    -1.877376782718));
#489 = CARTESIAN_POINT('',(-7.971242243493,-4.788703631702,
    -1.897566167309));
#490 = CARTESIAN_POINT('',(-8.559014131535,-3.592241431335,
    -1.93191109528));
#491 = CARTESIAN_POINT('',(-8.767959704406,-3.082390067234,
    -1.946074884813));
#492 = CARTESIAN_POINT('',(-8.942135210348,-2.55876782335,
    -1.960238163603));
#493 = CARTESIAN_POINT('',(-9.080503696522,-2.024152325857,
    -1.97440076572));
#494 = CARTESIAN_POINT('',(-9.182296935068,-1.481383772364,
    -1.988563344129));
#495 = CARTESIAN_POINT('',(-9.24700413553,-0.933359744967,
    -2.002726578341));
#496 = CARTESIAN_POINT('',(-9.274384365521,-0.383035308668,
    -2.016890351788));
#497 = CARTESIAN_POINT('',(-9.254853741672,0.703233369253,
    -2.044881868901));
#498 = CARTESIAN_POINT('',(-9.209675946564,1.23929858042,-2.058711904275
    ));
#499 = CARTESIAN_POINT('',(-9.129010383705,1.771960333125,
    -2.072541457417));
#500 = CARTESIAN_POINT('',(-9.013173095102,2.298477195426,
    -2.086370395234));
#501 = CARTESIAN_POINT('',(-8.862723863497,2.816167566545,
    -2.100199313869));
#502 = CARTESIAN_POINT('',(-8.678455439792,3.322409249207,
    -2.114028830848));
#503 = CARTESIAN_POINT('',(-8.461403209762,3.814644236418,
    -2.127858854628));
#504 = CARTESIAN_POINT('',(-7.846783620179,4.991179600517,
    -2.162058474854));
#505 = CARTESIAN_POINT('',(-7.41221853529,5.656525638042,-2.182436611291
    ));
#506 = CARTESIAN_POINT('',(-6.913359267504,6.278214787509,
    -2.202810926642));
#507 = CARTESIAN_POINT('',(-6.355451146465,6.849097117498,
    -2.223182080161));
#508 = CARTESIAN_POINT('',(-5.744506262188,7.362823175925,
    -2.243553214233));
#509 = CARTESIAN_POINT('',(-5.087305237364,7.813871725006,
    -2.263927551665));
#510 = CARTESIAN_POINT('',(-4.391369702074,8.197545916917,
    -2.284305712943));
#511 = CARTESIAN_POINT('',(-3.011362276128,8.791885660479,
    -2.323017937428));
#512 = CARTESIAN_POINT('',(-2.332640467336,9.016137175138,-2.34136378826
    ));
#513 = CARTESIAN_POINT('',(-1.635135933408,9.180365239507,
    -2.359707567336));
#514 = CARTESIAN_POINT('',(-0.925068162492,9.282818690441,
    -2.378048853267));
#515 = CARTESIAN_POINT('',(-0.208745951029,9.322510421422,
    -2.396390137395));
#516 = CARTESIAN_POINT('',(0.507451177891,9.299163102977,-2.414733885166
    ));
#517 = CARTESIAN_POINT('',(1.217080477905,9.213266054778,-2.433079646555
    ));
#518 = CARTESIAN_POINT('',(2.614156615813,8.918382044989,-2.469867382591
    ));
#519 = CARTESIAN_POINT('',(3.301796362295,8.708623613017,-2.488318122582
    ));
#520 = CARTESIAN_POINT('',(3.969906425943,8.438318932678,-2.506767036729
    ));
#521 = CARTESIAN_POINT('',(4.6122924782,8.109666771806,-2.525213593593)
  );
#522 = CARTESIAN_POINT('',(5.223137251342,7.725556364862,-2.543660177977
    ));
#523 = CARTESIAN_POINT('',(5.796983796126,7.289510517544,-2.562109154696
    ));
#524 = CARTESIAN_POINT('',(6.328775825658,6.805729158047,-2.580559947256
    ));
#525 = CARTESIAN_POINT('',(7.185307608119,5.876257543433,-2.613124696777
    ));
#526 = CARTESIAN_POINT('',(7.529455340616,5.448148121873,-2.627244362212
    ));
#527 = CARTESIAN_POINT('',(7.844364202254,4.997096768724,-2.641363409033
    ));
#528 = CARTESIAN_POINT('',(8.128266926576,4.525449628613,-2.655481730004
    ));
#529 = CARTESIAN_POINT('',(8.379633114891,4.035687635798,-2.669600049212
    ));
#530 = CARTESIAN_POINT('',(8.597160060105,3.530418472066,-2.6837191115)
  );
#531 = CARTESIAN_POINT('',(8.779784400913,3.012380139059,-2.697838841513
    ));
#532 = CARTESIAN_POINT('',(9.011014150638,2.181565721827,-2.720057877158
    ));
#533 = CARTESIAN_POINT('',(9.083568812251,1.875403406587,-2.728158387608
    ));
#534 = CARTESIAN_POINT('',(9.144229778587,1.566504665733,-2.736258892539
    ));
#535 = CARTESIAN_POINT('',(9.192877932859,1.255409281339,-2.744359360896
    ));
#536 = CARTESIAN_POINT('',(9.229423863972,0.942661208328,-2.752459798263
    ));
#537 = CARTESIAN_POINT('',(9.253807876388,0.628808431633,-2.760560203413
    ));
#538 = CARTESIAN_POINT('',(9.266,0.314402823369,-2.768660524855));
#539 = CARTESIAN_POINT('',(9.266,-1.78E-15,-2.776760617377));
#540 = ORIENTED_EDGE('',*,*,#541,.T.);
#541 = EDGE_CURVE('',#449,#356,#542,.T.);
#542 = B_SPLINE_CURVE_WITH_KNOTS('',1,(#543,#544),.UNSPECIFIED.,.F.,.F.,
  (2,2),(0.,0.9375),.PIECEWISE_BEZIER_KNOTS.);
#543 = CARTESIAN_POINT('',(9.204101506665,-3.270231292E-08,
    -1.312498630154));
#544 = CARTESIAN_POINT('',(10.016001129493,6.5741131E-10,-0.843750027539
    ));
#545 = ORIENTED_EDGE('',*,*,#420,.T.);
#546 = ORIENTED_EDGE('',*,*,#94,.T.);
#547 = ORIENTED_EDGE('',*,*,#548,.F.);
#548 = EDGE_CURVE('',#451,#87,#549,.T.);
#549 = B_SPLINE_CURVE_WITH_KNOTS('',1,(#550,#551),.UNSPECIFIED.,.F.,.F.,
  (2,2),(0.,0.9375),.PIECEWISE_BEZIER_KNOTS.);
#550 = CARTESIAN_POINT('',(9.204101829381,-6.540454673E-08,
    -2.812497260308));
#551 = CARTESIAN_POINT('',(10.016002258985,1.31487206E-09,-2.34375005508
    ));
#552 = B_SPLINE_SURFACE_WITH_KNOTS('',1,9,(
    (#553,#554,#555,#556,#557,#558,#559,#560,#561,#562,#563,#564,#565
      ,#566,#567,#568,#569,#570,#571,#572,#573,#574,#575,#576,#577,#578
      ,#579,#580,#581,#582,#583)
    ,(#584,#585,#586,#587,#588,#589,#590,#591,#592,#593,#594,#595,#596
      ,#597,#598,#599,#600,#601,#602,#603,#604,#605,#606,#607,#608,#609
      ,#610,#611,#612,#613,#614
    )),.UNSPECIFIED.,.F.,.F.,.F.,(2,2),(10,7,7,7,10),(0.,0.9375),(0.,
    1.614938419963,3.229876839926,4.844815259889,6.459753679852),
  .UNSPECIFIED.);
#553 = CARTESIAN_POINT('',(9.204101506665,-3.270230575E-08,
    -1.312498630154));
#554 = CARTESIAN_POINT('',(9.204101968836,-1.606418105826,
    -1.354163310792));
#555 = CARTESIAN_POINT('',(8.888680415895,-3.212824701745,
    -1.395831465379));
#556 = CARTESIAN_POINT('',(8.257844728388,-4.748489187527,
    -1.437498543792));
#557 = CARTESIAN_POINT('',(7.330111539488,-6.142556752851,
    -1.479164563346));
#558 = CARTESIAN_POINT('',(6.142558532999,-7.330116310246,
    -1.520831245331));
#559 = CARTESIAN_POINT('',(4.748476463532,-8.257840952423,
    -1.562497872451));
#560 = CARTESIAN_POINT('',(3.212837508223,-8.888679972954,
    -1.604164593282));
#561 = CARTESIAN_POINT('',(-7.2581357669E-07,-9.519520360977,
    -1.687497972624));
#562 = CARTESIAN_POINT('',(-3.212837761262,-8.888683619788,
    -1.770831268664));
#563 = CARTESIAN_POINT('',(-4.748474609696,-8.257846410172,
    -1.812497891398));
#564 = CARTESIAN_POINT('',(-6.142558450584,-7.330113177321,
    -1.854164557481));
#565 = CARTESIAN_POINT('',(-7.330111630751,-6.142558373509,
    -1.895831285837));
#566 = CARTESIAN_POINT('',(-8.25784431915,-4.748472894736,
    -1.937498010357));
#567 = CARTESIAN_POINT('',(-8.888682050273,-3.212835659658,
    -1.979164668756));
#568 = CARTESIAN_POINT('',(-9.519521018496,5.180270522E-08,
    -2.06249794523));
#569 = CARTESIAN_POINT('',(-8.888682041208,3.212835761484,
    -2.145831221705));
#570 = CARTESIAN_POINT('',(-8.257844297596,4.748472997373,
    -2.187497880104));
#571 = CARTESIAN_POINT('',(-7.330111562361,6.142558458183,
    -2.229164604623));
#572 = CARTESIAN_POINT('',(-6.142558353488,7.33011322492,-2.27083133298)
  );
#573 = CARTESIAN_POINT('',(-4.748474517139,8.257846433902,
    -2.312497999063));
#574 = CARTESIAN_POINT('',(-3.212837666189,8.888683649666,
    -2.354164621797));
#575 = CARTESIAN_POINT('',(-6.2357559163E-07,9.519520373778,
    -2.437497917837));
#576 = CARTESIAN_POINT('',(3.212837603297,8.888679929852,-2.520831297179
    ));
#577 = CARTESIAN_POINT('',(4.748476534887,8.257840880758,-2.56249801801)
  );
#578 = CARTESIAN_POINT('',(6.142558646784,7.330116179729,-2.604164645127
    ));
#579 = CARTESIAN_POINT('',(7.330111464489,6.142556746855,-2.64583132712)
  );
#580 = CARTESIAN_POINT('',(8.257845090227,4.748489304423,-2.687497346664
    ));
#581 = CARTESIAN_POINT('',(8.888680549222,3.212824423264,-2.729164425084
    ));
#582 = CARTESIAN_POINT('',(9.204101372916,1.606418007719,-2.770832579668
    ));
#583 = CARTESIAN_POINT('',(9.204101829381,-6.540454673E-08,
    -2.812497260308));
#584 = CARTESIAN_POINT('',(10.016001129493,6.5742167E-10,-0.843750027539
    ));
#585 = CARTESIAN_POINT('',(10.016002767167,-1.748122088213,
    -0.885416734134));
#586 = CARTESIAN_POINT('',(9.672756668294,-3.496232122388,
    -0.927083370891));
#587 = CARTESIAN_POINT('',(8.986274442886,-5.16735012638,-0.968750029266
    ));
#588 = CARTESIAN_POINT('',(7.976709102854,-6.684398633638,
    -1.010416708962));
#589 = CARTESIAN_POINT('',(6.684394426874,-7.976711243484,
    -1.052083375305));
#590 = CARTESIAN_POINT('',(5.167342172938,-8.986271087369,
    -1.093750042774));
#591 = CARTESIAN_POINT('',(3.496243932667,-9.672756509806,-1.13541670835
    ));
#592 = CARTESIAN_POINT('',(1.7352279547E-07,-10.35924369176,
    -1.218750040759));
#593 = CARTESIAN_POINT('',(-3.496243926072,-9.672760510749,
    -1.302083374842));
#594 = CARTESIAN_POINT('',(-5.167341185345,-8.986276642702,
    -1.343750042392));
#595 = CARTESIAN_POINT('',(-6.684398298331,-7.976706812954,
    -1.38541670907));
#596 = CARTESIAN_POINT('',(-7.976705871849,-6.684397103095,
    -1.427083374496));
#597 = CARTESIAN_POINT('',(-8.98627414523,-5.167339139418,-1.46875004));
#598 = CARTESIAN_POINT('',(-9.672758638816,-3.496242340872,
    -1.510416706833));
#599 = CARTESIAN_POINT('',(-10.35924443344,2.71902866E-09,
    -1.593750041309));
#600 = CARTESIAN_POINT('',(-9.672758727638,3.496242363751,
    -1.677083375786));
#601 = CARTESIAN_POINT('',(-8.986274247961,5.167339188807,
    -1.718750042619));
#602 = CARTESIAN_POINT('',(-7.976705862956,6.68439712442,-1.760416708122
    ));
#603 = CARTESIAN_POINT('',(-6.684398233532,7.976706749082,
    -1.802083373548));
#604 = CARTESIAN_POINT('',(-5.167341171234,8.986276547587,
    -1.843750040227));
#605 = CARTESIAN_POINT('',(-3.496243926826,9.672760494776,
    -1.885416707777));
#606 = CARTESIAN_POINT('',(1.7417518998E-07,10.359243736569,
    -1.96875004186));
#607 = CARTESIAN_POINT('',(3.496243931912,9.672756479497,-2.052083374268
    ));
#608 = CARTESIAN_POINT('',(5.167342112842,8.98627101471,-2.093750039848)
  );
#609 = CARTESIAN_POINT('',(6.684394550082,7.976711017152,-2.135416707302
    ));
#610 = CARTESIAN_POINT('',(7.976708609893,6.684398887683,-2.177083373676
    ));
#611 = CARTESIAN_POINT('',(8.98627553114,5.167350845351,-2.218750053335)
  );
#612 = CARTESIAN_POINT('',(9.672757014385,3.496231481222,-2.260416711736
    ));
#613 = CARTESIAN_POINT('',(10.016000621198,1.748122090185,
    -2.302083348483));
#614 = CARTESIAN_POINT('',(10.016002258985,1.31487206E-09,-2.34375005508
    ));
#615 = ADVANCED_FACE('',(#616),#800,.T.);
#616 = FACE_BOUND('',#617,.T.);
#617 = EDGE_LOOP('',(#618,#619,#703,#711));
#618 = ORIENTED_EDGE('',*,*,#86,.F.);
#619 = ORIENTED_EDGE('',*,*,#620,.T.);
#620 = EDGE_CURVE('',#24,#621,#623,.T.);
#621 = VERTEX_POINT('',#622);
#622 = CARTESIAN_POINT('',(10.,-1.481862680783E-13,-3.647009852843));
#623 = B_SPLINE_CURVE_WITH_KNOTS('',8,(#624,#625,#626,#627,#628,#629,
    #630,#631,#632,#633,#634,#635,#636,#637,#638,#639,#640,#641,#642,
    #643,#644,#645,#646,#647,#648,#649,#650,#651,#652,#653,#654,#655,
    #656,#657,#658,#659,#660,#661,#662,#663,#664,#665,#666,#667,#668,
    #669,#670,#671,#672,#673,#674,#675,#676,#677,#678,#679,#680,#681,
    #682,#683,#684,#685,#686,#687,#688,#689,#690,#691,#692,#693,#694,
    #695,#696,#697,#698,#699,#700,#701,#702),.UNSPECIFIED.,.F.,.F.,(9,7,
    7,7,7,7,7,7,7,7,7,9),(0.,4.992320968388E-02,0.122080052575,
    0.214636263272,0.318189751288,0.408846687691,0.546723054195,
    0.684643560883,0.789344544781,0.882128991413,0.958742924096,1.),
  .UNSPECIFIED.);
#624 = CARTESIAN_POINT('',(10.,-2.167155344068E-13,-2.147010700464));
#625 = CARTESIAN_POINT('',(10.,-0.392038726985,-2.156369658934));
#626 = CARTESIAN_POINT('',(9.982434926656,-0.78408398398,-2.165728954366
    ));
#627 = CARTESIAN_POINT('',(9.947303775909,-1.175208033881,
    -2.175088316123));
#628 = CARTESIAN_POINT('',(9.894665464955,-1.564492182521,
    -2.184447657377));
#629 = CARTESIAN_POINT('',(9.824635470256,-1.951026459393,
    -2.193807003608));
#630 = CARTESIAN_POINT('',(9.737384686516,-2.33390965005,-2.20316640487)
  );
#631 = CARTESIAN_POINT('',(9.633140506594,-2.712249680195,
    -2.212525831816));
#632 = CARTESIAN_POINT('',(9.337373680773,-3.624159049873,
    -2.235412471622));
#633 = CARTESIAN_POINT('',(9.127640085025,-4.151871991498,
    -2.248940759007));
#634 = CARTESIAN_POINT('',(8.883854909387,-4.66560544264,-2.262468512933
    ));
#635 = CARTESIAN_POINT('',(8.607124416532,-5.162801311939,
    -2.275995684328));
#636 = CARTESIAN_POINT('',(8.298768686247,-5.64102742273,-2.289522880184
    ));
#637 = CARTESIAN_POINT('',(7.960311957508,-6.097974092333,
    -2.303050686248));
#638 = CARTESIAN_POINT('',(7.59349018396,-6.531461018302,-2.316579011999
    ));
#639 = CARTESIAN_POINT('',(6.695896292085,-7.462791226871,
    -2.347458230528));
#640 = CARTESIAN_POINT('',(6.147946961188,-7.944332442585,
    -2.364813447069));
#641 = CARTESIAN_POINT('',(5.560608092041,-8.379685432735,
    -2.382167330799));
#642 = CARTESIAN_POINT('',(4.938468262199,-8.765142654033,
    -2.399519441497));
#643 = CARTESIAN_POINT('',(4.28645160258,-9.097572367602,-2.416871524722
    ));
#644 = CARTESIAN_POINT('',(3.609787916623,-9.374385367238,
    -2.434225345379));
#645 = CARTESIAN_POINT('',(2.914025660861,-9.593577774268,
    -2.451580505535));
#646 = CARTESIAN_POINT('',(1.411915842188,-9.933165121834,
    -2.488345674159));
#647 = CARTESIAN_POINT('',(0.601839999804,-10.0388194535,-2.507764789624
    ));
#648 = CARTESIAN_POINT('',(-0.216802250798,-10.06885153647,
    -2.527180829184));
#649 = CARTESIAN_POINT('',(-1.035755888458,-10.02258988755,
    -2.546594101831));
#650 = CARTESIAN_POINT('',(-1.846862696369,-9.900397602781,
    -2.566007379962));
#651 = CARTESIAN_POINT('',(-2.642062610321,-9.703587614031,
    -2.585423461457));
#652 = CARTESIAN_POINT('',(-3.413412369579,-9.434505371633,
    -2.604842679397));
#653 = CARTESIAN_POINT('',(-4.800764006821,-8.801107121025,
    -2.641251840057));
#654 = CARTESIAN_POINT('',(-5.424435881988,-8.452694411125,
    -2.658250599975));
#655 = CARTESIAN_POINT('',(-6.018977389559,-8.05386981837,-2.67524808426
    ));
#656 = CARTESIAN_POINT('',(-6.579663031157,-7.607528551446,
    -2.692243943262));
#657 = CARTESIAN_POINT('',(-7.102162430883,-7.117035661691,
    -2.709239811432));
#658 = CARTESIAN_POINT('',(-7.582521498875,-6.586191246198,
    -2.726237318319));
#659 = CARTESIAN_POINT('',(-8.017194134389,-6.019254099216,
    -2.743236107976));
#660 = CARTESIAN_POINT('',(-8.990069872535,-4.511200232707,
    -2.786080009928));
#661 = CARTESIAN_POINT('',(-9.464987293209,-3.527890241061,
    -2.811952383373));
#662 = CARTESIAN_POINT('',(-9.816147072715,-2.488467102783,
    -2.837810623206));
#663 = CARTESIAN_POINT('',(-10.03649374805,-1.411262770375,
    -2.863660037107));
#664 = CARTESIAN_POINT('',(-10.12175619683,-0.315063637294,
    -2.889509615598));
#665 = CARTESIAN_POINT('',(-10.07085891029,0.780894353849,
    -2.915368008822));
#666 = CARTESIAN_POINT('',(-9.885528331414,1.857044022087,
    -2.941240483889));
#667 = CARTESIAN_POINT('',(-9.258868580753,3.93018908101,-2.992944991336
    ));
#668 = CARTESIAN_POINT('',(-8.816865731916,4.929116637998,
    -3.018825753511));
#669 = CARTESIAN_POINT('',(-8.251889580822,5.870024475806,
    -3.044692503695));
#670 = CARTESIAN_POINT('',(-7.573352209663,6.735649779891,
    -3.070549969049));
#671 = CARTESIAN_POINT('',(-6.792817118891,7.510559561567,
    -3.096407465494));
#672 = CARTESIAN_POINT('',(-5.92426253841,8.181468438713,-3.122273937602
    ));
#673 = CARTESIAN_POINT('',(-4.983735142736,8.737014223051,
    -3.148154458534));
#674 = CARTESIAN_POINT('',(-3.236753275564,9.497338574556,
    -3.193639343734));
#675 = CARTESIAN_POINT('',(-2.45179144417,9.754711546126,-3.213274175019
    ));
#676 = CARTESIAN_POINT('',(-1.643854276903,9.937737783797,
    -3.232905986834));
#677 = CARTESIAN_POINT('',(-0.821199811795,10.044153651472,
    -3.252535129171));
#678 = CARTESIAN_POINT('',(7.814885474246E-03,10.072776561616,
    -3.272164251758));
#679 = CARTESIAN_POINT('',(0.834751837504,10.023416062747,
    -3.291796054791));
#680 = CARTESIAN_POINT('',(1.651095239359,9.896963978203,-3.31143095556)
  );
#681 = CARTESIAN_POINT('',(3.154718495709,9.517281082841,-3.34845402701)
  );
#682 = CARTESIAN_POINT('',(3.846448855475,9.280033071897,-3.365851777266
    ));
#683 = CARTESIAN_POINT('',(4.517529887409,8.985381310073,-3.383247914824
    ));
#684 = CARTESIAN_POINT('',(5.162424751822,8.635485636022,-3.40064210649)
  );
#685 = CARTESIAN_POINT('',(5.775933438462,8.233088511052,-3.418036285375
    ));
#686 = CARTESIAN_POINT('',(6.353178497285,7.781471940551,-3.435432399092
    ));
#687 = CARTESIAN_POINT('',(6.889636218079,7.284490431414,-3.452830144919
    ));
#688 = CARTESIAN_POINT('',(7.787118038015,6.302599379342,-3.484587709653
    ));
#689 = CARTESIAN_POINT('',(8.162525756826,5.830568522128,-3.498952126843
    ));
#690 = CARTESIAN_POINT('',(8.505132737609,5.333088915714,-3.513316069022
    ));
#691 = CARTESIAN_POINT('',(8.812946458969,4.812838726324,-3.527679363824
    ));
#692 = CARTESIAN_POINT('',(9.084249316564,4.272649600477,-3.542042672888
    ));
#693 = CARTESIAN_POINT('',(9.317587482636,3.715497211269,-3.556406640688
    ));
#694 = CARTESIAN_POINT('',(9.511784864357,3.144505534975,-3.570771060298
    ));
#695 = CARTESIAN_POINT('',(9.749018357537,2.249801611925,-3.592868618015
    ));
#696 = CARTESIAN_POINT('',(9.820459596278,1.933561331923,-3.600603205344
    ));
#697 = CARTESIAN_POINT('',(9.880172322634,1.61474840976,-3.608337727596)
  );
#698 = CARTESIAN_POINT('',(9.928049631654,1.293870927841,-3.616072183583
    ));
#699 = CARTESIAN_POINT('',(9.964011279941,0.971440548076,-3.623806615098
    ));
#700 = CARTESIAN_POINT('',(9.988003697569,0.647972400766,-3.631541060597
    ));
#701 = CARTESIAN_POINT('',(10.,0.323984973492,-3.639275508893));
#702 = CARTESIAN_POINT('',(10.,-2.966515921798E-13,-3.647009852843));
#703 = ORIENTED_EDGE('',*,*,#704,.T.);
#704 = EDGE_CURVE('',#621,#705,#707,.T.);
#705 = VERTEX_POINT('',#706);
#706 = CARTESIAN_POINT('',(10.,-1.01197606042E-13,-3.852989533093));
#707 = LINE('',#708,#709);
#708 = CARTESIAN_POINT('',(10.,0.,0.));
#709 = VECTOR('',#710,1.);
#710 = DIRECTION('',(0.,-2.22044604925E-16,-1.));
#711 = ORIENTED_EDGE('',*,*,#712,.F.);
#712 = EDGE_CURVE('',#87,#705,#713,.T.);
#713 = B_SPLINE_CURVE_WITH_KNOTS('',8,(#714,#715,#716,#717,#718,#719,
    #720,#721,#722,#723,#724,#725,#726,#727,#728,#729,#730,#731,#732,
    #733,#734,#735,#736,#737,#738,#739,#740,#741,#742,#743,#744,#745,
    #746,#747,#748,#749,#750,#751,#752,#753,#754,#755,#756,#757,#758,
    #759,#760,#761,#762,#763,#764,#765,#766,#767,#768,#769,#770,#771,
    #772,#773,#774,#775,#776,#777,#778,#779,#780,#781,#782,#783,#784,
    #785,#786,#787,#788,#789,#790,#791,#792,#793,#794,#795,#796,#797,
    #798,#799),.UNSPECIFIED.,.F.,.F.,(9,7,7,7,7,7,7,7,7,7,7,7,9),(0.,
    1.418631848312E-02,4.877223130401E-02,0.122240992276,0.21372919039,
    0.317757667129,0.426968810614,0.554544963143,0.684676383855,
    0.788666985673,0.882913861467,0.957835888498,1.),.UNSPECIFIED.);
#714 = CARTESIAN_POINT('',(10.,-1.68753899743E-13,-2.352988890168));
#715 = CARTESIAN_POINT('',(10.,-0.111404786826,-2.355648542894));
#716 = CARTESIAN_POINT('',(9.998581597291,-0.222809574788,
    -2.358308185384));
#717 = CARTESIAN_POINT('',(9.995744791516,-0.334193288237,
    -2.360967818231));
#718 = CARTESIAN_POINT('',(9.991489957951,-0.445534862835,
    -2.363627442045));
#719 = CARTESIAN_POINT('',(9.985817847508,-0.556813245548,
    -2.366287057446));
#720 = CARTESIAN_POINT('',(9.978729586731,-0.668007394649,
    -2.368946665072));
#721 = CARTESIAN_POINT('',(9.970226677797,-0.779096279721,
    -2.371606265575));
#722 = CARTESIAN_POINT('',(9.93613680424,-1.16058311113,-2.380749887732)
  );
#723 = CARTESIAN_POINT('',(9.903565290338,-1.430358210728,
    -2.387233892748));
#724 = CARTESIAN_POINT('',(9.862623849951,-1.699078438022,
    -2.393717885912));
#725 = CARTESIAN_POINT('',(9.813352894646,-1.966440692309,
    -2.400201876365));
#726 = CARTESIAN_POINT('',(9.755805854413,-2.232144514613,
    -2.406685871139));
#727 = CARTESIAN_POINT('',(9.690049177672,-2.495892087685,
    -2.413169875164));
#728 = CARTESIAN_POINT('',(9.616162331268,-2.757388236001,
    -2.419653891262));
#729 = CARTESIAN_POINT('',(9.360210478942,-3.56641688698,-2.439911550216
    ));
#730 = CARTESIAN_POINT('',(9.149899161224,-4.105061330506,
    -2.453686327687));
#731 = CARTESIAN_POINT('',(8.904197172748,-4.629417098594,
    -2.467460742008));
#732 = CARTESIAN_POINT('',(8.624257977189,-5.136777162605,
    -2.481234621232));
#733 = CARTESIAN_POINT('',(8.311465204953,-5.624568972264,
    -2.495008483362));
#734 = CARTESIAN_POINT('',(7.967421889585,-6.09035069871,-2.508782865548
    ));
#735 = CARTESIAN_POINT('',(7.593958912121,-6.531818871332,-2.52255763115
    ));
#736 = CARTESIAN_POINT('',(6.694064437484,-7.463623700556,
    -2.553483088705));
#737 = CARTESIAN_POINT('',(6.152439667718,-7.939535054569,
    -2.570637912628));
#738 = CARTESIAN_POINT('',(5.572327660943,-8.370327293419,
    -2.587791219497));
#739 = CARTESIAN_POINT('',(4.958157442382,-8.752417572832,
    -2.604942727768));
#740 = CARTESIAN_POINT('',(4.31467960496,-9.082772400392,-2.622094255438
    ));
#741 = CARTESIAN_POINT('',(3.646938364548,-9.358876605687,
    -2.639247606277));
#742 = CARTESIAN_POINT('',(2.96028381112,-9.578773261504,-2.656402468139
    ));
#743 = CARTESIAN_POINT('',(1.464635231408,-9.925836180645,
    -2.693057181707));
#744 = CARTESIAN_POINT('',(0.651361099504,-10.03625570607,
    -2.712566189751));
#745 = CARTESIAN_POINT('',(-0.170953056188,-10.07039482571,
    -2.732072184633));
#746 = CARTESIAN_POINT('',(-0.993940287326,-10.02753140379,
    -2.75157560495));
#747 = CARTESIAN_POINT('',(-1.80932782162,-9.907997258263,
    -2.771079033032));
#748 = CARTESIAN_POINT('',(-2.608938742563,-9.713091092842,
    -2.790585012565));
#749 = CARTESIAN_POINT('',(-3.38471070109,-9.445163510064,
    -2.810093933426));
#750 = CARTESIAN_POINT('',(-4.909884067526,-8.753774757414,
    -2.850071243384));
#751 = CARTESIAN_POINT('',(-5.656590036354,-8.322984421848,
    -2.87055324691));
#752 = CARTESIAN_POINT('',(-6.359633825539,-7.819571672627,
    -2.891031142221));
#753 = CARTESIAN_POINT('',(-7.010876819604,-7.248847036864,
    -2.91150570306));
#754 = CARTESIAN_POINT('',(-7.603013835521,-6.617010196534,
    -2.931980245935));
#755 = CARTESIAN_POINT('',(-8.129604905449,-5.931155437063,
    -2.952458176581));
#756 = CARTESIAN_POINT('',(-8.585070927762,-5.199239493852,
    -2.972940229304));
#757 = CARTESIAN_POINT('',(-9.408891694857,-3.532204175773,
    -3.01733217699));
#758 = CARTESIAN_POINT('',(-9.750218983264,-2.582597273261,
    -3.041266268891));
#759 = CARTESIAN_POINT('',(-9.981499232497,-1.596134573995,
    -3.06519129263));
#760 = CARTESIAN_POINT('',(-10.09853465722,-0.587775670115,
    -3.089109565923));
#761 = CARTESIAN_POINT('',(-10.09927429593,0.427352181079,
    -3.113027966848));
#762 = CARTESIAN_POINT('',(-9.984000522957,1.433985609422,
    -3.136952817695));
#763 = CARTESIAN_POINT('',(-9.755146527528,2.41677989628,-3.160886755275
    ));
#764 = CARTESIAN_POINT('',(-9.075083585824,4.322866722141,
    -3.209200621148));
#765 = CARTESIAN_POINT('',(-8.619012797291,5.245974612264,
    -3.233615347487));
#766 = CARTESIAN_POINT('',(-8.055849628147,6.113145342374,
    -3.258019963234));
#767 = CARTESIAN_POINT('',(-7.393975989375,6.910171023616,-3.28241773038
    ));
#768 = CARTESIAN_POINT('',(-6.643493322382,7.624385609322,
    -3.306815476091));
#769 = CARTESIAN_POINT('',(-5.816356197509,8.244854879684,
    -3.331220293095));
#770 = CARTESIAN_POINT('',(-4.926173726819,8.762256045545,
    -3.355635212288));
#771 = CARTESIAN_POINT('',(-3.240235788109,9.495670913689,
    -3.399527469173));
#772 = CARTESIAN_POINT('',(-2.460755193493,9.751642934509,
    -3.419029097394));
#773 = CARTESIAN_POINT('',(-1.658568032812,9.934292614672,
    -3.438527498559));
#774 = CARTESIAN_POINT('',(-0.84176263563,10.041394703998,
    -3.458023086185));
#775 = CARTESIAN_POINT('',(-1.852583743302E-02,10.071776116588,
    -3.477518679986));
#776 = CARTESIAN_POINT('',(0.802874609112,10.025230635182,-3.49701707012
    ));
#777 = CARTESIAN_POINT('',(1.614092966105,9.902605612046,-3.516518635345
    ));
#778 = CARTESIAN_POINT('',(3.125088650188,9.527937676758,-3.55368341471)
  );
#779 = CARTESIAN_POINT('',(3.828535312383,9.28901110742,-3.571356178579)
  );
#780 = CARTESIAN_POINT('',(4.510832214932,8.990785625422,-3.589027471405
    ));
#781 = CARTESIAN_POINT('',(5.166170218899,8.635513450437,-3.606696853691
    ));
#782 = CARTESIAN_POINT('',(5.789098431389,8.226066709079,-3.624366253781
    ));
#783 = CARTESIAN_POINT('',(6.374508656277,7.765890142546,-3.642037583663
    ));
#784 = CARTESIAN_POINT('',(6.91766955858,7.259037346567,-3.659710366114)
  );
#785 = CARTESIAN_POINT('',(7.809117785699,6.274061517969,-3.691425439017
    ));
#786 = CARTESIAN_POINT('',(8.174625561176,5.811248452573,-3.705472569635
    ));
#787 = CARTESIAN_POINT('',(8.50869373159,5.324199428952,-3.719519079218)
  );
#788 = CARTESIAN_POINT('',(8.809465516033,4.815423266341,-3.733564862685
    ));
#789 = CARTESIAN_POINT('',(9.075335729981,4.287569235835,-3.747610626481
    ));
#790 = CARTESIAN_POINT('',(9.304941018978,3.743418795334,-3.76165709872)
  );
#791 = CARTESIAN_POINT('',(9.497172085987,3.185889345339,-3.775704218686
    ));
#792 = CARTESIAN_POINT('',(9.737895152684,2.298485223549,-3.797655067487
    ));
#793 = CARTESIAN_POINT('',(9.812490131167,1.975637262532,-3.805559938022
    ));
#794 = CARTESIAN_POINT('',(9.874847165548,1.650043922693,-3.813464826526
    ));
#795 = CARTESIAN_POINT('',(9.924849647211,1.322247111735,-3.821369717645
    ));
#796 = CARTESIAN_POINT('',(9.962410050986,0.992792718568,-3.829274633797
    ));
#797 = CARTESIAN_POINT('',(9.987469944912,0.662230486971,-3.837179597548
    ));
#798 = CARTESIAN_POINT('',(10.,0.331113889269,-3.845084593986));
#799 = CARTESIAN_POINT('',(10.,-2.025046796916E-13,-3.852989533093));
#800 = CYLINDRICAL_SURFACE('',#801,10.);
#801 = AXIS2_PLACEMENT_3D('',#802,#803,#804);
#802 = CARTESIAN_POINT('',(0.,0.,0.));
#803 = DIRECTION('',(0.,-2.22044604925E-16,-1.));
#804 = DIRECTION('',(1.,0.,0.));
#805 = ADVANCED_FACE('',(#806),#899,.T.);
#806 = FACE_BOUND('',#807,.T.);
#807 = EDGE_LOOP('',(#808,#809,#810,#894));
#808 = ORIENTED_EDGE('',*,*,#620,.F.);
#809 = ORIENTED_EDGE('',*,*,#186,.T.);
#810 = ORIENTED_EDGE('',*,*,#811,.T.);
#811 = EDGE_CURVE('',#187,#812,#814,.T.);
#812 = VERTEX_POINT('',#813);
#813 = CARTESIAN_POINT('',(9.266,-4.5238701E-08,-3.223229702001));
#814 = B_SPLINE_CURVE_WITH_KNOTS('',8,(#815,#816,#817,#818,#819,#820,
    #821,#822,#823,#824,#825,#826,#827,#828,#829,#830,#831,#832,#833,
    #834,#835,#836,#837,#838,#839,#840,#841,#842,#843,#844,#845,#846,
    #847,#848,#849,#850,#851,#852,#853,#854,#855,#856,#857,#858,#859,
    #860,#861,#862,#863,#864,#865,#866,#867,#868,#869,#870,#871,#872,
    #873,#874,#875,#876,#877,#878,#879,#880,#881,#882,#883,#884,#885,
    #886,#887,#888,#889,#890,#891,#892,#893),.UNSPECIFIED.,.F.,.F.,(9,7,
    7,7,7,7,7,7,7,7,7,9),(0.,2.058186522564E-02,0.122036047222,
    0.214907769056,0.317853701784,0.427559034113,0.577113798477,
    0.685191069227,0.788881016193,0.883392014,0.960745182746,1.),
  .UNSPECIFIED.);
#815 = CARTESIAN_POINT('',(9.266,-6.031823219E-08,-1.723232234044));
#816 = CARTESIAN_POINT('',(9.265999999025,-0.149761668593,
    -1.727090404854));
#817 = CARTESIAN_POINT('',(9.263233688644,-0.299523324334,
    -1.730948644105));
#818 = CARTESIAN_POINT('',(9.257701070136,-0.449225328803,
    -1.734806943718));
#819 = CARTESIAN_POINT('',(9.24940368477,-0.598808072203,-1.738665295663
    ));
#820 = CARTESIAN_POINT('',(9.238344613802,-0.748212033677,
    -1.742523691956));
#821 = CARTESIAN_POINT('',(9.224528478479,-0.897377781307,
    -1.746382124661));
#822 = CARTESIAN_POINT('',(9.207961440036,-1.046245972119,
    -1.750240585891));
#823 = CARTESIAN_POINT('',(9.093465237859,-1.926814452124,
    -1.773118681531));
#824 = CARTESIAN_POINT('',(8.931597344451,-2.65040858325,-1.792144041049
    ));
#825 = CARTESIAN_POINT('',(8.703948507719,-3.358141596346,
    -1.811166826076));
#826 = CARTESIAN_POINT('',(8.412421227286,-4.043060173345,
    -1.830186351194));
#827 = CARTESIAN_POINT('',(8.059725387903,-4.698580787692,
    -1.849205697597));
#828 = CARTESIAN_POINT('',(7.649308804861,-5.318474570711,
    -1.868227977908));
#829 = CARTESIAN_POINT('',(7.185412441064,-5.896912083854,
    -1.887252734054));
#830 = CARTESIAN_POINT('',(6.204414222602,-6.915248773254,
    -1.923683238527));
#831 = CARTESIAN_POINT('',(5.694921721995,-7.362947839459,-1.94109748643
    ));
#832 = CARTESIAN_POINT('',(5.148685205575,-7.767551736811,-1.958510386)
  );
#833 = CARTESIAN_POINT('',(4.57000097704,-8.125590644651,-1.975921499812
    ));
#834 = CARTESIAN_POINT('',(3.963480337168,-8.434135607684,
    -1.993332599203));
#835 = CARTESIAN_POINT('',(3.334021154133,-8.690767371359,
    -2.010745469549));
#836 = CARTESIAN_POINT('',(2.686819899136,-8.893616825256,
    -2.028159700585));
#837 = CARTESIAN_POINT('',(1.296500790213,-9.205376343856,
    -2.064869845998));
#838 = CARTESIAN_POINT('',(0.55021892792,-9.301793165174,-2.084174637045
    ));
#839 = CARTESIAN_POINT('',(-0.203828628308,-9.328957538681,-2.1034768434
    ));
#840 = CARTESIAN_POINT('',(-0.958132940099,-9.286263681364,
    -2.122775886345));
#841 = CARTESIAN_POINT('',(-1.705263677914,-9.174043308071,
    -2.142074931464));
#842 = CARTESIAN_POINT('',(-2.437879321122,-8.993488830055,
    -2.161377169941));
#843 = CARTESIAN_POINT('',(-3.148752822201,-8.746726450936,-2.1806820496
    ));
#844 = CARTESIAN_POINT('',(-4.557656500753,-8.107017893012,
    -2.220548055095));
#845 = CARTESIAN_POINT('',(-5.252283120266,-7.705309247681,
    -2.241122554243));
#846 = CARTESIAN_POINT('',(-5.906007455078,-7.23574256892,
    -2.261693029036));
#847 = CARTESIAN_POINT('',(-6.51119210599,-6.703316331445,-2.28226016));
#848 = CARTESIAN_POINT('',(-7.060986994932,-6.113865959425,
    -2.302827306494));
#849 = CARTESIAN_POINT('',(-7.549360046525,-5.474069047955,
    -2.32339773805));
#850 = CARTESIAN_POINT('',(-7.97109289096,-4.791414200744,
    -2.343972188188));
#851 = CARTESIAN_POINT('',(-8.80061941953,-3.097107005861,-2.3925759912)
  );
#852 = CARTESIAN_POINT('',(-9.148574234667,-2.054244136619,
    -2.420649478752));
#853 = CARTESIAN_POINT('',(-9.354321278467,-0.968179006896,
    -2.448701339114));
#854 = CARTESIAN_POINT('',(-9.412659664468,0.138405368848,
    -2.476741300081));
#855 = CARTESIAN_POINT('',(-9.321810575121,1.242796205989,
    -2.504780632076));
#856 = CARTESIAN_POINT('',(-9.084220368458,2.322342150291,
    -2.532833000603));
#857 = CARTESIAN_POINT('',(-8.705753280697,3.354524256252,
    -2.560906721336));
#858 = CARTESIAN_POINT('',(-7.832289349538,5.013226746687,
    -2.609205290085));
#859 = CARTESIAN_POINT('',(-7.398245911876,5.673762393625,
    -2.629473805498));
#860 = CARTESIAN_POINT('',(-6.900720563677,6.290949857866,
    -2.649738489988));
#861 = CARTESIAN_POINT('',(-6.344878899775,6.857748208469,
    -2.669999924387));
#862 = CARTESIAN_POINT('',(-5.73666920777,7.367945481405,-2.690261353794
    ));
#863 = CARTESIAN_POINT('',(-5.082746157668,7.81609326288,-2.710526018026
    ));
#864 = CARTESIAN_POINT('',(-4.390530079109,8.197587730315,
    -2.730794499561));
#865 = CARTESIAN_POINT('',(-2.975529611318,8.80762346416,-2.770494765778
    ));
#866 = CARTESIAN_POINT('',(-2.254681570152,9.041937269427,
    -2.789939605506));
#867 = CARTESIAN_POINT('',(-1.513116614546,9.208648363358,
    -2.809381583434));
#868 = CARTESIAN_POINT('',(-0.758269226532,9.305733617753,
    -2.828821011817));
#869 = CARTESIAN_POINT('',(2.337864031175E-03,9.332133788411,
    -2.848260428249));
#870 = CARTESIAN_POINT('',(0.761109691084,9.287676276663,-2.867702409848
    ));
#871 = CARTESIAN_POINT('',(1.510382342204,9.173153918917,-2.887147319259
    ));
#872 = CARTESIAN_POINT('',(2.90969823265,8.824134003283,-2.924304284687)
  );
#873 = CARTESIAN_POINT('',(3.5629778611,8.601073847155,-2.942025896785)
  );
#874 = CARTESIAN_POINT('',(4.196459151277,8.322792589178,-2.959745749908
    ));
#875 = CARTESIAN_POINT('',(4.804717868792,7.991404072486,-2.97746347786)
  );
#876 = CARTESIAN_POINT('',(5.382666380458,7.609602408665,-2.995181187354
    ));
#877 = CARTESIAN_POINT('',(5.925539249833,7.180617472144,-3.012901001464
    ));
#878 = CARTESIAN_POINT('',(6.428925703485,6.708248579134,-3.030622590016
    ));
#879 = CARTESIAN_POINT('',(7.265276290893,5.778522119889,-3.06284218376)
  );
#880 = CARTESIAN_POINT('',(7.612689659492,5.333895935613,-3.077345147199
    ));
#881 = CARTESIAN_POINT('',(7.928910102858,4.865501493918,-3.091847624028
    ));
#882 = CARTESIAN_POINT('',(8.21206027216,4.375910055789,-3.106349442712)
  );
#883 = CARTESIAN_POINT('',(8.460528875926,3.867838069637,-3.120851302536
    ));
#884 = CARTESIAN_POINT('',(8.672959770065,3.344137935403,-3.135353875601
    ));
#885 = CARTESIAN_POINT('',(8.848265702645,2.807801910674,-3.149856921655
    ));
#886 = CARTESIAN_POINT('',(9.055394323267,1.984987631216,-3.171717564836
    ));
#887 = CARTESIAN_POINT('',(9.115363950151,1.705537880922,-3.179076710857
    ));
#888 = CARTESIAN_POINT('',(9.165474132696,1.424033489564,-3.186435774736
    ));
#889 = CARTESIAN_POINT('',(9.205643654676,1.140880712808,-3.193794744959
    ));
#890 = CARTESIAN_POINT('',(9.235811555868,0.856488400776,-3.20115363965)
  );
#891 = CARTESIAN_POINT('',(9.255937142883,0.571267918475,-3.208512468632
    ));
#892 = CARTESIAN_POINT('',(9.266,0.285633066209,-3.215871195497));
#893 = CARTESIAN_POINT('',(9.266,0.,-3.22322969967));
#894 = ORIENTED_EDGE('',*,*,#895,.F.);
#895 = EDGE_CURVE('',#621,#812,#896,.T.);
#896 = B_SPLINE_CURVE_WITH_KNOTS('',1,(#897,#898),.UNSPECIFIED.,.F.,.F.,
  (2,2),(0.,0.9375),.PIECEWISE_BEZIER_KNOTS.);
#897 = CARTESIAN_POINT('',(10.016004356614,1.97249446E-09,
    -3.656250082626));
#898 = CARTESIAN_POINT('',(9.204107960918,-9.810657448E-08,
    -3.187495890478));
#899 = B_SPLINE_SURFACE_WITH_KNOTS('',1,9,(
    (#900,#901,#902,#903,#904,#905,#906,#907,#908,#909,#910,#911,#912
      ,#913,#914,#915,#916,#917,#918,#919,#920,#921,#922,#923,#924,#925
      ,#926,#927,#928,#929,#930)
    ,(#931,#932,#933,#934,#935,#936,#937,#938,#939,#940,#941,#942,#943
      ,#944,#945,#946,#947,#948,#949,#950,#951,#952,#953,#954,#955,#956
      ,#957,#958,#959,#960,#961
    )),.UNSPECIFIED.,.F.,.F.,.F.,(2,2),(10,7,7,7,10),(0.,0.9375),(0.,
    1.614938419963,3.229876839926,4.844815259889,6.459753679852),
  .UNSPECIFIED.);
#900 = CARTESIAN_POINT('',(10.016002904409,1.31485489E-09,
    -2.156250055081));
#901 = CARTESIAN_POINT('',(10.016005010072,-1.7481224255,-2.19791676168)
  );
#902 = CARTESIAN_POINT('',(9.672758488901,-3.496232889508,
    -2.239583398436));
#903 = CARTESIAN_POINT('',(8.986276024823,-5.167351022261,
    -2.281250056806));
#904 = CARTESIAN_POINT('',(7.976710715576,-6.684399889268,
    -2.322916736508));
#905 = CARTESIAN_POINT('',(6.684395701777,-7.976712817608,
    -2.364583402847));
#906 = CARTESIAN_POINT('',(5.167343180799,-8.986272834764,
    -2.406250070318));
#907 = CARTESIAN_POINT('',(3.496244609024,-9.672758383922,
    -2.447916735894));
#908 = CARTESIAN_POINT('',(1.738202526E-07,-10.35924568799,
    -2.531250068302));
#909 = CARTESIAN_POINT('',(-3.496244601487,-9.67276238308,
    -2.614583402386));
#910 = CARTESIAN_POINT('',(-5.167342185964,-8.986278393692,
    -2.656250069935));
#911 = CARTESIAN_POINT('',(-6.684399599504,-7.976708364368,
    -2.697916736614));
#912 = CARTESIAN_POINT('',(-7.97670741491,-6.68439839256,-2.73958340204)
  );
#913 = CARTESIAN_POINT('',(-8.986275867568,-5.167340131639,
    -2.781250067544));
#914 = CARTESIAN_POINT('',(-9.672760495913,-3.496243013854,
    -2.822916734376));
#915 = CARTESIAN_POINT('',(-10.35924643606,3.10726378E-09,
    -2.906250068853));
#916 = CARTESIAN_POINT('',(-9.672760610376,3.496243042544,-2.98958340333
    ));
#917 = CARTESIAN_POINT('',(-8.986276000039,5.167340194465,
    -3.031250070163));
#918 = CARTESIAN_POINT('',(-7.976707403976,6.68439841938,-3.072916735666
    ));
#919 = CARTESIAN_POINT('',(-6.68439951679,7.976708281746,-3.114583401092
    ));
#920 = CARTESIAN_POINT('',(-5.167342168497,8.986278271013,
    -3.156250067771));
#921 = CARTESIAN_POINT('',(-3.496244603183,9.672762362281,
    -3.197916735321));
#922 = CARTESIAN_POINT('',(1.7388178049E-07,10.359245745597,
    -3.281250069404));
#923 = CARTESIAN_POINT('',(3.496244607328,9.672758345216,-3.364583401812
    ));
#924 = CARTESIAN_POINT('',(5.167343102858,8.986272741732,-3.406250067392
    ));
#925 = CARTESIAN_POINT('',(6.684395859589,7.976712527114,-3.447916734844
    ));
#926 = CARTESIAN_POINT('',(7.976710081269,6.684400216491,-3.489583401223
    ));
#927 = CARTESIAN_POINT('',(8.986277423618,5.167351947329,-3.531250080878
    ));
#928 = CARTESIAN_POINT('',(9.672758933611,3.496232065877,-3.572916739282
    ));
#929 = CARTESIAN_POINT('',(10.016002250838,1.748122428787,
    -3.614583376023));
#930 = CARTESIAN_POINT('',(10.016004356614,1.97249446E-09,
    -3.656250082626));
#931 = CARTESIAN_POINT('',(9.204105701927,-6.540452802E-08,
    -1.687497260315));
#932 = CARTESIAN_POINT('',(9.204108965637,-1.606419039716,
    -1.729161940964));
#933 = CARTESIAN_POINT('',(8.888685093692,-3.212827086902,-1.77083009555
    ));
#934 = CARTESIAN_POINT('',(8.257848410415,-4.748491265933,
    -1.812497173938));
#935 = CARTESIAN_POINT('',(7.330116051205,-6.142560008414,
    -1.854163193529));
#936 = CARTESIAN_POINT('',(6.14256184589,-7.330120639314,-1.895829875486
    ));
#937 = CARTESIAN_POINT('',(4.748479148025,-8.257845665006,-1.93749650262
    ));
#938 = CARTESIAN_POINT('',(3.212839278021,-8.88868499739,-1.979163223447
    ));
#939 = CARTESIAN_POINT('',(-7.6193886941E-07,-9.519525662921,
    -2.062496602789));
#940 = CARTESIAN_POINT('',(-3.212839596194,-8.888688607927,
    -2.145829898829));
#941 = CARTESIAN_POINT('',(-4.748477316493,-8.257851106518,
    -2.187496521563));
#942 = CARTESIAN_POINT('',(-6.142561979426,-7.330117321222,
    -2.229163187646));
#943 = CARTESIAN_POINT('',(-7.330115773441,-6.142561773745,
    -2.270829916002));
#944 = CARTESIAN_POINT('',(-8.257848881395,-4.748475485387,
    -2.312496640522));
#945 = CARTESIAN_POINT('',(-8.888686972597,-3.2128374092,-2.354163298921
    ));
#946 = CARTESIAN_POINT('',(-9.519526358842,9.203542208E-08,
    -2.437496575396));
#947 = CARTESIAN_POINT('',(-8.888687091789,3.212837616675,
    -2.520829851871));
#948 = CARTESIAN_POINT('',(-8.257849000468,4.748475734407,
    -2.562496510269));
#949 = CARTESIAN_POINT('',(-7.330115643898,6.142561949755,
    -2.604163234789));
#950 = CARTESIAN_POINT('',(-6.142561716468,7.330117305236,
    -2.645829963144));
#951 = CARTESIAN_POINT('',(-4.748477138032,8.257851002677,
    -2.687496629228));
#952 = CARTESIAN_POINT('',(-3.212839435986,8.888688634434,
    -2.729163251962));
#953 = CARTESIAN_POINT('',(-5.8743956534E-07,9.519525752527,
    -2.812496548003));
#954 = CARTESIAN_POINT('',(3.212839438229,8.888684878319,-2.895829927344
    ));
#955 = CARTESIAN_POINT('',(4.748479178072,8.257845433294,-2.937496648178
    ));
#956 = CARTESIAN_POINT('',(6.142562225666,7.330120074897,-2.979163275281
    ));
#957 = CARTESIAN_POINT('',(7.330115177039,6.142560383139,-3.020829957301
    ));
#958 = CARTESIAN_POINT('',(8.257850673318,4.748492553642,-3.062495976818
    ));
#959 = CARTESIAN_POINT('',(8.888685844327,3.212825642848,-3.104163055259
    ));
#960 = CARTESIAN_POINT('',(9.204104702914,1.606418876205,-3.145831209822
    ));
#961 = CARTESIAN_POINT('',(9.204107960918,-9.810657448E-08,
    -3.187495890478));
#962 = ADVANCED_FACE('',(#963),#1041,.T.);
#963 = FACE_BOUND('',#964,.F.);
#964 = EDGE_LOOP('',(#965,#1033,#1034,#1035));
#965 = ORIENTED_EDGE('',*,*,#966,.F.);
#966 = EDGE_CURVE('',#358,#449,#967,.T.);
#967 = B_SPLINE_CURVE_WITH_KNOTS('',8,(#968,#969,#970,#971,#972,#973,
    #974,#975,#976,#977,#978,#979,#980,#981,#982,#983,#984,#985,#986,
    #987,#988,#989,#990,#991,#992,#993,#994,#995,#996,#997,#998,#999,
    #1000,#1001,#1002,#1003,#1004,#1005,#1006,#1007,#1008,#1009,#1010,
    #1011,#1012,#1013,#1014,#1015,#1016,#1017,#1018,#1019,#1020,#1021,
    #1022,#1023,#1024,#1025,#1026,#1027,#1028,#1029,#1030,#1031,#1032),
  .UNSPECIFIED.,.F.,.F.,(9,7,7,7,7,7,7,7,7,9),(0.,7.619420378916E-02,
    0.200926887248,0.327515652925,0.501185500483,0.625101600414,
    0.751872858018,0.861078429031,0.950073451584,1.),.UNSPECIFIED.);
#968 = CARTESIAN_POINT('',(5.504389459877,-7.453888426452,
    8.890075786239E-05));
#969 = CARTESIAN_POINT('',(5.124746268215,-7.734239279954,
    -1.207009642722E-02));
#970 = CARTESIAN_POINT('',(4.728766384264,-7.992504990128,
    -2.422963069277E-02));
#971 = CARTESIAN_POINT('',(4.317974349747,-8.227554280702,
    -3.638890196893E-02));
#972 = CARTESIAN_POINT('',(3.893965771975,-8.438405022584,
    -4.854787254622E-02));
#973 = CARTESIAN_POINT('',(3.458400217732,-8.624211260351,
    -6.070688161742E-02));
#974 = CARTESIAN_POINT('',(3.012998229261,-8.784259172092,
    -7.286626155399E-02));
#975 = CARTESIAN_POINT('',(2.559542462331,-8.917971962622,
    -8.502595591702E-02));
#976 = CARTESIAN_POINT('',(1.347403596947,-9.200007558656,
    -0.117090164579));
#977 = CARTESIAN_POINT('',(0.577991093599,-9.303445520811,
    -0.137001964863));
#978 = CARTESIAN_POINT('',(-0.200023376801,-9.333217224381,
    -0.156910414489));
#979 = CARTESIAN_POINT('',(-0.978391908654,-9.288633571546,
    -0.176816036651));
#980 = CARTESIAN_POINT('',(-1.748967281669,-9.170063599464,
    -0.196721651785));
#981 = CARTESIAN_POINT('',(-2.503704217655,-8.978843882635,
    -0.216630052191));
#982 = CARTESIAN_POINT('',(-3.234679450927,-8.717366832239,
    -0.236541735205));
#983 = CARTESIAN_POINT('',(-4.644060384801,-8.056440569994,
    -0.276647915252));
#984 = CARTESIAN_POINT('',(-5.322009949319,-7.654767239294,
    -0.296856101475));
#985 = CARTESIAN_POINT('',(-5.959853339434,-7.188055335908,
    -0.31706053736));
#986 = CARTESIAN_POINT('',(-6.550381262168,-6.661092846112,
    -0.337261781569));
#987 = CARTESIAN_POINT('',(-7.087166256849,-6.079479077267,
    -0.357463037794));
#988 = CARTESIAN_POINT('',(-7.564502074235,-5.449546750743,
    -0.377667515948));
#989 = CARTESIAN_POINT('',(-7.977480568997,-4.778423926589,
    -0.397875772602));
#990 = CARTESIAN_POINT('',(-8.795209677968,-3.108078787387,
    -0.445791465873));
#991 = CARTESIAN_POINT('',(-9.140591351051,-2.077997302717,
    -0.473540398953));
#992 = CARTESIAN_POINT('',(-9.347172739693,-1.005458626705,
    -0.501269251591));
#993 = CARTESIAN_POINT('',(-9.409850973283,8.765352208602E-02,
    -0.528985697822));
#994 = CARTESIAN_POINT('',(-9.326820528029,1.179408351182,
    -0.556702779778));
#995 = CARTESIAN_POINT('',(-9.10029515758,2.247912615029,-0.584431129306
    ));
#996 = CARTESIAN_POINT('',(-8.735784497727,3.271381404681,-0.61217985147
    ));
#997 = CARTESIAN_POINT('',(-7.894635651491,4.911473706642,
    -0.659669029019));
#998 = CARTESIAN_POINT('',(-7.479612868133,5.561478227006,
    -0.679450179426));
#999 = CARTESIAN_POINT('',(-7.003590408102,6.171036310372,
    -0.699228118126));
#1000 = CARTESIAN_POINT('',(-6.471269872587,6.733534901749,
    -0.719003245668));
#1001 = CARTESIAN_POINT('',(-5.888078048992,7.243100467464,
    -0.738778380121));
#1002 = CARTESIAN_POINT('',(-5.26009929808,7.694543808543,
    -0.758556348526));
#1003 = CARTESIAN_POINT('',(-4.594127978498,8.083429607949,
    -0.778337555906));
#1004 = CARTESIAN_POINT('',(-3.185462614388,8.736597352471,
    -0.818342625712));
#1005 = CARTESIAN_POINT('',(-2.440867390147,8.99802750079,
    -0.838580029323));
#1006 = CARTESIAN_POINT('',(-1.672171391639,9.186713484043,
    -0.858813571003));
#1007 = CARTESIAN_POINT('',(-0.887713274763,9.300201656759,-0.8790437752
    ));
#1008 = CARTESIAN_POINT('',(-9.595079947641E-02,9.337165273923,
    -0.899273974806));
#1009 = CARTESIAN_POINT('',(0.694560022793,9.297307097557,
    -0.919507480142));
#1010 = CARTESIAN_POINT('',(1.475166926657,9.181458912558,
    -0.939744796385));
#1011 = CARTESIAN_POINT('',(2.89354085274,8.828573117975,-0.977402320822
    ));
#1012 = CARTESIAN_POINT('',(3.536441989541,8.610470455775,
    -0.994832986834));
#1013 = CARTESIAN_POINT('',(4.160314178613,8.338913251636,
    -1.012262284822));
#1014 = CARTESIAN_POINT('',(4.759991398841,8.015897301618,
    -1.029689797802));
#1015 = CARTESIAN_POINT('',(5.330620205772,7.643963402333,
    -1.047117316112));
#1016 = CARTESIAN_POINT('',(5.867646811717,7.226156951519,-1.06454662043
    ));
#1017 = CARTESIAN_POINT('',(6.366846359293,6.766058632891,
    -1.081977274183));
#1018 = CARTESIAN_POINT('',(7.197264534106,5.861909935108,-1.11360635386
    ));
#1019 = CARTESIAN_POINT('',(7.542566010551,5.430547594371,
    -1.127809416468));
#1020 = CARTESIAN_POINT('',(7.858231439324,4.976033856658,
    -1.142011844111));
#1021 = CARTESIAN_POINT('',(8.142467448481,4.500760941766,
    -1.156213527079));
#1022 = CARTESIAN_POINT('',(8.393723541534,4.007258338476,
    -1.170415211109));
#1023 = CARTESIAN_POINT('',(8.610682573255,3.498184504272,
    -1.184617662278));
#1024 = CARTESIAN_POINT('',(8.792272832324,2.976330521977,
    -1.198820800694));
#1025 = CARTESIAN_POINT('',(9.019287899735,2.146352889779,
    -1.220990180681));
#1026 = CARTESIAN_POINT('',(9.08949772909,1.844955694633,-1.22895765317)
  );
#1027 = CARTESIAN_POINT('',(9.148191951738,1.540954071907,
    -1.236925119101));
#1028 = CARTESIAN_POINT('',(9.195259077449,1.234861960569,
    -1.244892549781));
#1029 = CARTESIAN_POINT('',(9.230615410792,0.927197165393,-1.25285994937
    ));
#1030 = CARTESIAN_POINT('',(9.25420506903,0.618481227831,-1.260827315055
    ));
#1031 = CARTESIAN_POINT('',(9.266,0.309239296889,-1.268794597222));
#1032 = CARTESIAN_POINT('',(9.266,-1.78E-15,-1.276761659635));
#1033 = ORIENTED_EDGE('',*,*,#433,.F.);
#1034 = ORIENTED_EDGE('',*,*,#207,.T.);
#1035 = ORIENTED_EDGE('',*,*,#1036,.F.);
#1036 = EDGE_CURVE('',#449,#187,#1037,.T.);
#1037 = LINE('',#1038,#1039);
#1038 = CARTESIAN_POINT('',(9.266,0.,0.));
#1039 = VECTOR('',#1040,1.);
#1040 = DIRECTION('',(-7.E-17,0.,-1.));
#1041 = CYLINDRICAL_SURFACE('',#1042,9.266);
#1042 = AXIS2_PLACEMENT_3D('',#1043,#1044,#1045);
#1043 = CARTESIAN_POINT('',(0.,0.,0.));
#1044 = DIRECTION('',(-0.,-0.,-1.));
#1045 = DIRECTION('',(1.,0.,0.));
#1046 = ADVANCED_FACE('',(#1047),#1052,.T.);
#1047 = FACE_BOUND('',#1048,.T.);
#1048 = EDGE_LOOP('',(#1049,#1050,#1051));
#1049 = ORIENTED_EDGE('',*,*,#966,.F.);
#1050 = ORIENTED_EDGE('',*,*,#355,.F.);
#1051 = ORIENTED_EDGE('',*,*,#541,.F.);
#1052 = B_SPLINE_SURFACE_WITH_KNOTS('',1,9,(
    (#1053,#1054,#1055,#1056,#1057,#1058,#1059,#1060,#1061,#1062,#1063
      ,#1064,#1065,#1066,#1067,#1068,#1069,#1070,#1071,#1072,#1073,#1074
      ,#1075,#1076,#1077,#1078,#1079,#1080,#1081,#1082,#1083)
    ,(#1084,#1085,#1086,#1087,#1088,#1089,#1090,#1091,#1092,#1093,#1094
      ,#1095,#1096,#1097,#1098,#1099,#1100,#1101,#1102,#1103,#1104,#1105
      ,#1106,#1107,#1108,#1109,#1110,#1111,#1112,#1113,#1114
  )),.UNSPECIFIED.,.F.,.F.,.F.,(2,2),(10,7,7,7,10),(0.,0.9375),(0.,
    1.614938419963,3.229876839926,4.844815259889,6.459753679852),
  .UNSPECIFIED.);
#1053 = CARTESIAN_POINT('',(9.204101183952,-8.9E-16,0.1875));
#1054 = CARTESIAN_POINT('',(9.204101651827,-1.606418016799,
    0.145835319362));
#1055 = CARTESIAN_POINT('',(8.888680115656,-3.212824557514,
    0.104167164775));
#1056 = CARTESIAN_POINT('',(8.257844455723,-4.748488991699,
    6.250008636136E-02));
#1057 = CARTESIAN_POINT('',(7.330111304303,-6.142556511435,
    2.083406680727E-02));
#1058 = CARTESIAN_POINT('',(6.142558343674,-7.330116031412,
    -2.083261517719E-02));
#1059 = CARTESIAN_POINT('',(4.748476326381,-8.257840646014,
    -6.249924229749E-02));
#1060 = CARTESIAN_POINT('',(3.212837427156,-8.888679649883,
    -0.104165963128));
#1061 = CARTESIAN_POINT('',(-6.9199094389E-07,-9.519520027204,
    -0.18749934247));
#1062 = CARTESIAN_POINT('',(-3.212837617032,-8.888683319547,
    -0.27083263851));
#1063 = CARTESIAN_POINT('',(-4.748474413865,-8.257846137507,
    -0.312499261244));
#1064 = CARTESIAN_POINT('',(-6.142558209169,-7.330112942137,
    -0.354165927327));
#1065 = CARTESIAN_POINT('',(-7.330111351918,-6.142558184182,
    -0.395832655684));
#1066 = CARTESIAN_POINT('',(-8.257844012741,-4.748472757585,
    -0.437499380203));
#1067 = CARTESIAN_POINT('',(-8.888681727202,-3.212835578591,
    -0.479166038602));
#1068 = CARTESIAN_POINT('',(-9.519520684722,1.797966771E-08,
    -0.562499315077));
#1069 = CARTESIAN_POINT('',(-8.888681740968,3.212835617254,
    -0.645832591551));
#1070 = CARTESIAN_POINT('',(-8.257844024931,4.748472801541,
    -0.68749924995));
#1071 = CARTESIAN_POINT('',(-7.330111327177,6.142558216769,
    -0.72916597447));
#1072 = CARTESIAN_POINT('',(-6.142558164161,7.330112946087,
    -0.770832702826));
#1073 = CARTESIAN_POINT('',(-4.748474379988,8.257846127493,
    -0.812499368909));
#1074 = CARTESIAN_POINT('',(-3.212837585122,8.888683326595,
    -0.854165991643));
#1075 = CARTESIAN_POINT('',(-6.573988981E-07,9.519520040005,
    -0.937499287683));
#1076 = CARTESIAN_POINT('',(3.212837459067,8.888679629612,
    -1.020832667025));
#1077 = CARTESIAN_POINT('',(4.748476339056,8.257840608092,
    -1.062499387857));
#1078 = CARTESIAN_POINT('',(6.142558405371,7.330115944544,
    -1.104166014973));
#1079 = CARTESIAN_POINT('',(7.330111185654,6.142556557529,
    -1.145832696966));
#1080 = CARTESIAN_POINT('',(8.257844783818,4.748489167272,-1.18749871651
    ));
#1081 = CARTESIAN_POINT('',(8.888680226151,3.212824342197,
    -1.229165794931));
#1082 = CARTESIAN_POINT('',(9.204101044496,1.606417984097,
    -1.270833949514));
#1083 = CARTESIAN_POINT('',(9.204101506665,-3.270231292E-08,
    -1.312498630154));
#1084 = CARTESIAN_POINT('',(10.016,0.,0.65625));
#1085 = CARTESIAN_POINT('',(10.016001637559,-1.748121891735,
    0.614583293408));
#1086 = CARTESIAN_POINT('',(9.67275557728,-3.496231728754,0.572916656649
    ));
#1087 = CARTESIAN_POINT('',(8.986273429175,-5.167349544262,
    0.531249998273));
#1088 = CARTESIAN_POINT('',(7.976708202887,-6.684397880366,
    0.489583318578));
#1089 = CARTESIAN_POINT('',(6.684393672563,-7.976710344398,
    0.447916652235));
#1090 = CARTESIAN_POINT('',(5.167341589634,-8.986270074337,
    0.406249984766));
#1091 = CARTESIAN_POINT('',(3.496243537765,-9.67275541925,0.36458331919)
  );
#1092 = CARTESIAN_POINT('',(1.728416207E-07,-10.35924252356,
    0.281249986781));
#1093 = CARTESIAN_POINT('',(-3.49624353244,-9.672759419734,
    0.197916652698));
#1094 = CARTESIAN_POINT('',(-5.167340603219,-8.986275628991,
    0.156249985148));
#1095 = CARTESIAN_POINT('',(-6.684397545061,-7.976705912992,
    0.11458331847));
#1096 = CARTESIAN_POINT('',(-7.976704972764,-6.68439634878,
    7.291665304359E-02));
#1097 = CARTESIAN_POINT('',(-8.986273132197,-5.167338556113,
    3.124998754E-02));
#1098 = CARTESIAN_POINT('',(-9.67275754826,-3.49624194597,
    -1.041667929289E-02));
#1099 = CARTESIAN_POINT('',(-10.35924326524,3.39893994E-09,
    -9.37500137693E-02));
#1100 = CARTESIAN_POINT('',(-9.672757636623,3.496241970119,
    -0.177083348246));
#1101 = CARTESIAN_POINT('',(-8.986273234251,5.167338606682,
    -0.218750015079));
#1102 = CARTESIAN_POINT('',(-7.976704962993,6.684396371153,
    -0.260416680582));
#1103 = CARTESIAN_POINT('',(-6.684397479216,7.976705849998,
    -0.302083346009));
#1104 = CARTESIAN_POINT('',(-5.167340587929,8.986275534554,
    -0.343750012687));
#1105 = CARTESIAN_POINT('',(-3.496243531925,9.672759404219,
    -0.385416680237));
#1106 = CARTESIAN_POINT('',(1.7485396749E-07,10.359242568369,
    -0.46875001432));
#1107 = CARTESIAN_POINT('',(3.49624353828,9.672755388482,-0.552083346728
    ));
#1108 = CARTESIAN_POINT('',(5.167341530717,8.986270000999,
    -0.593750012308));
#1109 = CARTESIAN_POINT('',(6.684393796819,7.976710117187,
    -0.635416679762));
#1110 = CARTESIAN_POINT('',(7.976707710801,6.684398133366,
    -0.677083346136));
#1111 = CARTESIAN_POINT('',(8.986274518109,5.167350262052,
    -0.718750025794));
#1112 = CARTESIAN_POINT('',(9.672755923828,3.496231086318,
    -0.760416684196));
#1113 = CARTESIAN_POINT('',(10.01599949182,1.748121892393,
    -0.802083320944));
#1114 = CARTESIAN_POINT('',(10.016001129493,6.5741131E-10,
    -0.843750027539));
#1115 = ADVANCED_FACE('',(#1116),#1119,.F.);
#1116 = FACE_BOUND('',#1117,.T.);
#1117 = EDGE_LOOP('',(#1118));
#1118 = ORIENTED_EDGE('',*,*,#412,.F.);
#1119 = PLANE('',#1120);
#1120 = AXIS2_PLACEMENT_3D('',#1121,#1122,#1123);
#1121 = CARTESIAN_POINT('',(0.,0.,0.));
#1122 = DIRECTION('',(0.,-2.22044604925E-16,-1.));
#1123 = DIRECTION('',(1.,0.,0.));
#1124 = ADVANCED_FACE('',(#1125),#1136,.T.);
#1125 = FACE_BOUND('',#1126,.F.);
#1126 = EDGE_LOOP('',(#1127,#1128,#1129,#1130));
#1127 = ORIENTED_EDGE('',*,*,#448,.F.);
#1128 = ORIENTED_EDGE('',*,*,#1036,.T.);
#1129 = ORIENTED_EDGE('',*,*,#811,.T.);
#1130 = ORIENTED_EDGE('',*,*,#1131,.F.);
#1131 = EDGE_CURVE('',#451,#812,#1132,.T.);
#1132 = LINE('',#1133,#1134);
#1133 = CARTESIAN_POINT('',(9.266,0.,0.));
#1134 = VECTOR('',#1135,1.);
#1135 = DIRECTION('',(-7.E-17,0.,-1.));
#1136 = CYLINDRICAL_SURFACE('',#1137,9.266);
#1137 = AXIS2_PLACEMENT_3D('',#1138,#1139,#1140);
#1138 = CARTESIAN_POINT('',(0.,0.,0.));
#1139 = DIRECTION('',(-0.,-0.,-1.));
#1140 = DIRECTION('',(1.,0.,0.));
#1141 = ADVANCED_FACE('',(#1142),#1235,.T.);
#1142 = FACE_BOUND('',#1143,.T.);
#1143 = EDGE_LOOP('',(#1144,#1228,#1229,#1230));
#1144 = ORIENTED_EDGE('',*,*,#1145,.F.);
#1145 = EDGE_CURVE('',#451,#1146,#1148,.T.);
#1146 = VERTEX_POINT('',#1147);
#1147 = CARTESIAN_POINT('',(9.266,-4.5238461E-08,-4.276759577451));
#1148 = B_SPLINE_CURVE_WITH_KNOTS('',8,(#1149,#1150,#1151,#1152,#1153,
    #1154,#1155,#1156,#1157,#1158,#1159,#1160,#1161,#1162,#1163,#1164,
    #1165,#1166,#1167,#1168,#1169,#1170,#1171,#1172,#1173,#1174,#1175,
    #1176,#1177,#1178,#1179,#1180,#1181,#1182,#1183,#1184,#1185,#1186,
    #1187,#1188,#1189,#1190,#1191,#1192,#1193,#1194,#1195,#1196,#1197,
    #1198,#1199,#1200,#1201,#1202,#1203,#1204,#1205,#1206,#1207,#1208,
    #1209,#1210,#1211,#1212,#1213,#1214,#1215,#1216,#1217,#1218,#1219,
    #1220,#1221,#1222,#1223,#1224,#1225,#1226,#1227),.UNSPECIFIED.,.F.,
  .F.,(9,7,7,7,7,7,7,7,7,7,7,9),(0.,4.786338510881E-02,0.120867317157,
    0.213593335697,0.317749225534,0.426568007214,0.575779690491,
    0.685500409534,0.788457524148,0.882485511504,0.956440000994,1.),
  .UNSPECIFIED.);
#1149 = CARTESIAN_POINT('',(9.266,-6.031797284E-08,-2.776760618931));
#1150 = CARTESIAN_POINT('',(9.265999997733,-0.348275670922,
    -2.785733389983));
#1151 = CARTESIAN_POINT('',(9.251039504825,-0.696555965743,
    -2.794706368148));
#1152 = CARTESIAN_POINT('',(9.221117830147,-1.044084220937,
    -2.803679323171));
#1153 = CARTESIAN_POINT('',(9.176280999807,-1.390110377589,
    -2.812652244518));
#1154 = CARTESIAN_POINT('',(9.116619374142,-1.733890845961,
    -2.821625218181));
#1155 = CARTESIAN_POINT('',(9.042266853246,-2.074688557318,
    -2.830598320821));
#1156 = CARTESIAN_POINT('',(8.953401671036,-2.411773263343,
    -2.839571531254));
#1157 = CARTESIAN_POINT('',(8.692914172515,-3.251796807678,
    -2.862230979792));
#1158 = CARTESIAN_POINT('',(8.502325094366,-3.748901465493,
    -2.875918431004));
#1159 = CARTESIAN_POINT('',(8.279278709545,-4.233135562911,
    -2.889605516403));
#1160 = CARTESIAN_POINT('',(8.024807778484,-4.702031764379,
    -2.903292059507));
#1161 = CARTESIAN_POINT('',(7.740153916012,-5.153242667596,
    -2.916978563421));
#1162 = CARTESIAN_POINT('',(7.426757967443,-5.584537607539,
    -2.930665553644));
#1163 = CARTESIAN_POINT('',(7.086267500639,-5.993809489343,
    -2.94435290411));
#1164 = CARTESIAN_POINT('',(6.256059456215,-6.868458178381,
    -2.975422741141));
#1165 = CARTESIAN_POINT('',(5.750742202446,-7.319264632705,
    -2.992809517219));
#1166 = CARTESIAN_POINT('',(5.208473190754,-7.727388617662,
    -3.010194684766));
#1167 = CARTESIAN_POINT('',(4.633502124761,-8.08934417511,
    -3.027577941949));
#1168 = CARTESIAN_POINT('',(4.030395984617,-8.40218043589,
    -3.044961221139));
#1169 = CARTESIAN_POINT('',(3.404010647949,-8.663450939301,
    -3.062346442365));
#1170 = CARTESIAN_POINT('',(2.759503020831,-8.871253620303,
    -3.079733274152));
#1171 = CARTESIAN_POINT('',(1.364264530817,-9.19629967945,
    -3.116643321884));
#1172 = CARTESIAN_POINT('',(0.609844376866,-9.299313086747,
    -3.136175911089));
#1173 = CARTESIAN_POINT('',(-0.153025262416,-9.3314793272,
    -3.155705477887));
#1174 = CARTESIAN_POINT('',(-0.916563654419,-9.292121275768,
    -3.17523245142));
#1175 = CARTESIAN_POINT('',(-1.673076968976,-9.181543249478,
    -3.194759426583));
#1176 = CARTESIAN_POINT('',(-2.414960238946,-9.000950015192,
    -3.214288964678));
#1177 = CARTESIAN_POINT('',(-3.134715046538,-8.752525760738,
    -3.233821456917));
#1178 = CARTESIAN_POINT('',(-4.546214105353,-8.112808584021,
    -3.273748424975));
#1179 = CARTESIAN_POINT('',(-5.235758364181,-7.715393425365,
    -3.294156370539));
#1180 = CARTESIAN_POINT('',(-5.885174294384,-7.251155348691,
    -3.314560301793));
#1181 = CARTESIAN_POINT('',(-6.486998461865,-6.724955696927,
    -3.334960961682));
#1182 = CARTESIAN_POINT('',(-7.03452841778,-6.14247020855,
    -3.355361609065));
#1183 = CARTESIAN_POINT('',(-7.521850754603,-5.51019260795,
    -3.375765582982));
#1184 = CARTESIAN_POINT('',(-7.943838537996,-4.83540641085,
    -3.39617358209));
#1185 = CARTESIAN_POINT('',(-8.779968956975,-3.154316613374,
    -3.444547313502));
#1186 = CARTESIAN_POINT('',(-9.133922110451,-2.116188053101,
    -3.472556555291));
#1187 = CARTESIAN_POINT('',(-9.346619799599,-1.034119976331,
    -3.500544691087));
#1188 = CARTESIAN_POINT('',(-9.41273960802,6.93979970566E-02,
    -3.528519945425));
#1189 = CARTESIAN_POINT('',(-9.330355847977,1.171821098216,-3.5564958706
    ));
#1190 = CARTESIAN_POINT('',(-9.101726589435,2.250635285124,
    -3.584483474079));
#1191 = CARTESIAN_POINT('',(-8.732504826188,3.283432271575,
    -3.612492513291));
#1192 = CARTESIAN_POINT('',(-7.868669110666,4.957843128295,
    -3.661035333866));
#1193 = CARTESIAN_POINT('',(-7.432619158547,5.631586957425,
    -3.681612861971));
#1194 = CARTESIAN_POINT('',(-6.930824575703,6.261068630494,
    -3.702186368085));
#1195 = CARTESIAN_POINT('',(-6.368662478874,6.838907388953,
    -3.722756573154));
#1196 = CARTESIAN_POINT('',(-5.752306888438,7.358551145536,
    -3.743326758004));
#1197 = CARTESIAN_POINT('',(-5.088732424132,7.814307501353,
    -3.763900288451));
#1198 = CARTESIAN_POINT('',(-4.385683418183,8.20133788193,
    -3.784477847057));
#1199 = CARTESIAN_POINT('',(-2.963404379812,8.811256119442,
    -3.824349155621));
#1200 = CARTESIAN_POINT('',(-2.247394671621,9.042983086372,
    -3.843656287848));
#1201 = CARTESIAN_POINT('',(-1.511040774342,9.20804203795,
    -3.862960781354));
#1202 = CARTESIAN_POINT('',(-0.761615615045,9.304459178398,
    -3.882262092063));
#1203 = CARTESIAN_POINT('',(-6.486873718365E-03,9.331197153657,
    -3.901563414591));
#1204 = CARTESIAN_POINT('',(0.746907149023,9.288081375432,-3.92086791022
    ));
#1205 = CARTESIAN_POINT('',(1.491069361416,9.175876639565,
    -3.940174992655));
#1206 = CARTESIAN_POINT('',(2.882734727297,8.83270695821,-3.977104380232
    ));
#1207 = CARTESIAN_POINT('',(3.533339587718,8.61280805191,-3.994735768452
    ));
#1208 = CARTESIAN_POINT('',(4.164523156682,8.338191429094,
    -4.012365706948));
#1209 = CARTESIAN_POINT('',(4.770937150302,8.010920444917,
    -4.029993754362));
#1210 = CARTESIAN_POINT('',(5.347560866635,7.633628397204,
    -4.047621805833));
#1211 = CARTESIAN_POINT('',(5.889687372401,7.209475290007,
    -4.065251748379));
#1212 = CARTESIAN_POINT('',(6.392954842395,6.742180663971,
    -4.082883123074));
#1213 = CARTESIAN_POINT('',(7.2155885333,5.838117655985,-4.114375234182)
  );
#1214 = CARTESIAN_POINT('',(7.551365799534,5.416033542587,
    -4.128240674032));
#1215 = CARTESIAN_POINT('',(7.858843719564,4.971966310064,
    -4.142105544699));
#1216 = CARTESIAN_POINT('',(8.136358820013,4.508144558679,
    -4.155969751466));
#1217 = CARTESIAN_POINT('',(8.382468293027,4.026921766218,
    -4.169833959121));
#1218 = CARTESIAN_POINT('',(8.595941737174,3.530769099279,
    -4.183698850365));
#1219 = CARTESIAN_POINT('',(8.775771631038,3.022278601776,
    -4.197564357244));
#1220 = CARTESIAN_POINT('',(9.006862927055,2.199009138831,
    -4.219595211916));
#1221 = CARTESIAN_POINT('',(9.080593831261,1.890489657444,
    -4.227761668798));
#1222 = CARTESIAN_POINT('',(9.142241538754,1.579166718169,
    -4.235928120475));
#1223 = CARTESIAN_POINT('',(9.191683013289,1.26559321008,-4.24409453498)
  );
#1224 = CARTESIAN_POINT('',(9.228825903679,0.950326360906,
    -4.252260918801));
#1225 = CARTESIAN_POINT('',(9.253608551701,0.633927588272,
    -4.260427271514));
#1226 = CARTESIAN_POINT('',(9.266,0.31696235093,-4.26859354041));
#1227 = CARTESIAN_POINT('',(9.266,0.,-4.27675957512));
#1228 = ORIENTED_EDGE('',*,*,#548,.T.);
#1229 = ORIENTED_EDGE('',*,*,#712,.T.);
#1230 = ORIENTED_EDGE('',*,*,#1231,.F.);
#1231 = EDGE_CURVE('',#1146,#705,#1232,.T.);
#1232 = B_SPLINE_CURVE_WITH_KNOTS('',1,(#1233,#1234),.UNSPECIFIED.,.F.,
  .F.,(2,2),(0.,0.9375),.PIECEWISE_BEZIER_KNOTS.);
#1233 = CARTESIAN_POINT('',(9.204102152099,-9.810677699E-08,
    -4.312495890463));
#1234 = CARTESIAN_POINT('',(10.016003388478,1.97246071E-09,
    -3.843750082623));
#1235 = B_SPLINE_SURFACE_WITH_KNOTS('',1,9,(
    (#1236,#1237,#1238,#1239,#1240,#1241,#1242,#1243,#1244,#1245,#1246
      ,#1247,#1248,#1249,#1250,#1251,#1252,#1253,#1254,#1255,#1256,#1257
      ,#1258,#1259,#1260,#1261,#1262,#1263,#1264,#1265,#1266)
    ,(#1267,#1268,#1269,#1270,#1271,#1272,#1273,#1274,#1275,#1276,#1277
      ,#1278,#1279,#1280,#1281,#1282,#1283,#1284,#1285,#1286,#1287,#1288
      ,#1289,#1290,#1291,#1292,#1293,#1294,#1295,#1296,#1297
  )),.UNSPECIFIED.,.F.,.F.,.F.,(2,2),(10,7,7,7,10),(0.,0.9375),(0.,
    1.614938419963,3.229876839926,4.844815259889,6.459753679852),
  .UNSPECIFIED.);
#1236 = CARTESIAN_POINT('',(9.204101829381,-6.540456887E-08,
    -2.812497260308));
#1237 = CARTESIAN_POINT('',(9.204102285847,-1.606418194853,
    -2.854161940948));
#1238 = CARTESIAN_POINT('',(8.888680716137,-3.212824845977,
    -2.895830095533));
#1239 = CARTESIAN_POINT('',(8.257845001054,-4.748489383357,
    -2.937497173947));
#1240 = CARTESIAN_POINT('',(7.330111774676,-6.142556994267,
    -2.979163193501));
#1241 = CARTESIAN_POINT('',(6.142558722326,-7.330116589081,
    -3.020829875486));
#1242 = CARTESIAN_POINT('',(4.748476600684,-8.257841258833,
    -3.062496502606));
#1243 = CARTESIAN_POINT('',(3.212837589291,-8.888680296027,
    -3.104163223437));
#1244 = CARTESIAN_POINT('',(-7.5963622154E-07,-9.519520694754,
    -3.187496602778));
#1245 = CARTESIAN_POINT('',(-3.212837905493,-8.88868392003,
    -3.270829898818));
#1246 = CARTESIAN_POINT('',(-4.748474805529,-8.25784668284,
    -3.312496521552));
#1247 = CARTESIAN_POINT('',(-6.142558692,-7.330113412506,-3.354163187636
    ));
#1248 = CARTESIAN_POINT('',(-7.330111909586,-6.142558562836,
    -3.395829915992));
#1249 = CARTESIAN_POINT('',(-8.25784462556,-4.748473031888,
    -3.437496640512));
#1250 = CARTESIAN_POINT('',(-8.888682373345,-3.212835740726,
    -3.479163298911));
#1251 = CARTESIAN_POINT('',(-9.519521352272,8.562561123E-08,
    -3.562496575385));
#1252 = CARTESIAN_POINT('',(-8.888682341451,3.212835905715,
    -3.64582985186));
#1253 = CARTESIAN_POINT('',(-8.257844570264,4.748473193206,
    -3.687496510259));
#1254 = CARTESIAN_POINT('',(-7.330111797547,6.142558699599,
    -3.729163234778));
#1255 = CARTESIAN_POINT('',(-6.142558542816,7.330113503755,
    -3.770829963134));
#1256 = CARTESIAN_POINT('',(-4.748474654291,8.257846740312,
    -3.812496629218));
#1257 = CARTESIAN_POINT('',(-3.212837747256,8.888683972739,
    -3.854163251952));
#1258 = CARTESIAN_POINT('',(-5.8975224063E-07,9.519520707555,
    -3.937496547992));
#1259 = CARTESIAN_POINT('',(3.212837747528,8.888680230094,
    -4.020829927334));
#1260 = CARTESIAN_POINT('',(4.74847673072,8.257841153425,-4.062496648165
    ));
#1261 = CARTESIAN_POINT('',(6.142558888198,7.330116414917,
    -4.104163275282));
#1262 = CARTESIAN_POINT('',(7.330111743328,6.142556936181,
    -4.145829957274));
#1263 = CARTESIAN_POINT('',(8.257845396636,4.748489441577,
    -4.187495976819));
#1264 = CARTESIAN_POINT('',(8.888680872295,3.212824504331,
    -4.229163055239));
#1265 = CARTESIAN_POINT('',(9.204101701339,1.606418031342,
    -4.270831209822));
#1266 = CARTESIAN_POINT('',(9.204102152099,-9.810677699E-08,
    -4.312495890463));
#1267 = CARTESIAN_POINT('',(10.016002258985,1.31484601E-09,
    -2.34375005508));
#1268 = CARTESIAN_POINT('',(10.016003896774,-1.74812228469,
    -2.385416761678));
#1269 = CARTESIAN_POINT('',(9.672757759309,-3.496232516021,
    -2.427083398433));
#1270 = CARTESIAN_POINT('',(8.986275456596,-5.167350708498,
    -2.468750056808));
#1271 = CARTESIAN_POINT('',(7.976710002821,-6.68439938691,
    -2.510416736504));
#1272 = CARTESIAN_POINT('',(6.684395181184,-7.97671214257,
    -2.552083402847));
#1273 = CARTESIAN_POINT('',(5.167342756242,-8.986272100401,
    -2.593750070316));
#1274 = CARTESIAN_POINT('',(3.496244327569,-9.672757600362,
    -2.635416735892));
#1275 = CARTESIAN_POINT('',(1.7420399986E-07,-10.35924485996,
    -2.7187500683));
#1276 = CARTESIAN_POINT('',(-3.496244319703,-9.672761601764,
    -2.802083402384));
#1277 = CARTESIAN_POINT('',(-5.16734176747,-8.986277656413,
    -2.843750069933));
#1278 = CARTESIAN_POINT('',(-6.684399051599,-7.976707712915,
    -2.885416736612));
#1279 = CARTESIAN_POINT('',(-7.976706770934,-6.684397857409,
    -2.927083402038));
#1280 = CARTESIAN_POINT('',(-8.986275158262,-5.167339722723,
    -2.968750067542));
#1281 = CARTESIAN_POINT('',(-9.672759729371,-3.496242735775,
    -3.010416734375));
#1282 = CARTESIAN_POINT('',(-10.35924560164,2.03899171E-09,
    -3.093750068851));
#1283 = CARTESIAN_POINT('',(-9.672759818653,3.496242757384,
    -3.177083403328));
#1284 = CARTESIAN_POINT('',(-8.986275261672,5.167339770932,
    -3.218750070161));
#1285 = CARTESIAN_POINT('',(-7.976706762918,6.684397877687,
    -3.260416735665));
#1286 = CARTESIAN_POINT('',(-6.684398987848,7.976707648166,
    -3.30208340109));
#1287 = CARTESIAN_POINT('',(-5.16734175454,8.986277560619,
    -3.343750067769));
#1288 = CARTESIAN_POINT('',(-3.496244321728,9.672761585332,
    -3.385416735319));
#1289 = CARTESIAN_POINT('',(1.7349634466E-07,10.359244904768,
    -3.468750069402));
#1290 = CARTESIAN_POINT('',(3.496244325544,9.672757570512,-3.55208340181
    ));
#1291 = CARTESIAN_POINT('',(5.167342694966,8.98627202842,-3.59375006739)
  );
#1292 = CARTESIAN_POINT('',(6.684395303344,7.976711917117,
    -3.635416734844));
#1293 = CARTESIAN_POINT('',(7.976709508984,6.684399641998,
    -3.677083401218));
#1294 = CARTESIAN_POINT('',(8.986276544171,5.167351428651,
    -3.718750080878));
#1295 = CARTESIAN_POINT('',(9.67275810494,3.496231876125,-3.760416739279
    ));
#1296 = CARTESIAN_POINT('',(10.016001750575,1.748122287977,
    -3.802083376023));
#1297 = CARTESIAN_POINT('',(10.016003388478,1.97246071E-09,
    -3.843750082623));
#1298 = ADVANCED_FACE('',(#1299),#1476,.T.);
#1299 = FACE_BOUND('',#1300,.T.);
#1300 = EDGE_LOOP('',(#1301,#1302,#1386,#1394));
#1301 = ORIENTED_EDGE('',*,*,#704,.F.);
#1302 = ORIENTED_EDGE('',*,*,#1303,.T.);
#1303 = EDGE_CURVE('',#621,#1304,#1306,.T.);
#1304 = VERTEX_POINT('',#1305);
#1305 = CARTESIAN_POINT('',(10.,-3.51046470423E-13,-5.147009005219));
#1306 = B_SPLINE_CURVE_WITH_KNOTS('',8,(#1307,#1308,#1309,#1310,#1311,
    #1312,#1313,#1314,#1315,#1316,#1317,#1318,#1319,#1320,#1321,#1322,
    #1323,#1324,#1325,#1326,#1327,#1328,#1329,#1330,#1331,#1332,#1333,
    #1334,#1335,#1336,#1337,#1338,#1339,#1340,#1341,#1342,#1343,#1344,
    #1345,#1346,#1347,#1348,#1349,#1350,#1351,#1352,#1353,#1354,#1355,
    #1356,#1357,#1358,#1359,#1360,#1361,#1362,#1363,#1364,#1365,#1366,
    #1367,#1368,#1369,#1370,#1371,#1372,#1373,#1374,#1375,#1376,#1377,
    #1378,#1379,#1380,#1381,#1382,#1383,#1384,#1385),.UNSPECIFIED.,.F.,
  .F.,(9,7,7,7,7,7,7,7,7,7,7,9),(0.,4.992320108612E-02,0.122080009287,
    0.214636096335,0.318189254444,0.408845560653,0.546721386324,
    0.684641237044,0.788820948401,0.882654200543,0.958575972708,1.),
  .UNSPECIFIED.);
#1307 = CARTESIAN_POINT('',(10.,-3.836930773105E-13,-3.647009852844));
#1308 = CARTESIAN_POINT('',(10.,-0.392038676839,-3.656368810114));
#1309 = CARTESIAN_POINT('',(9.98243493115,-0.784083883682,
    -3.665728104348));
#1310 = CARTESIAN_POINT('',(9.947303789391,-1.175207883786,
    -3.675087464909));
#1311 = CARTESIAN_POINT('',(9.894665491888,-1.564491983337,
    -3.684446804966));
#1312 = CARTESIAN_POINT('',(9.824635515047,-1.951026212174,-3.69380615)
  );
#1313 = CARTESIAN_POINT('',(9.73738475348,-2.33390935619,-3.703165550064
    ));
#1314 = CARTESIAN_POINT('',(9.633140599934,-2.712249341428,
    -3.712524975814));
#1315 = CARTESIAN_POINT('',(9.33737390247,-3.62415844002,-3.735411608518
    ));
#1316 = CARTESIAN_POINT('',(9.12764043469,-4.151871164608,
    -3.748939889997));
#1317 = CARTESIAN_POINT('',(8.883855415815,-4.665604413463,
    -3.762467638017));
#1318 = CARTESIAN_POINT('',(8.60712510685,-5.162800098494,
    -3.775994803507));
#1319 = CARTESIAN_POINT('',(8.298769585559,-5.641026046052,
    -3.789521993458));
#1320 = CARTESIAN_POINT('',(7.960313088562,-6.097972576244,
    -3.803049793616));
#1321 = CARTESIAN_POINT('',(7.593491566802,-6.531459389152,
    -3.81657811346));
#1322 = CARTESIAN_POINT('',(6.695898719671,-7.462788957318,
    -3.847457303672));
#1323 = CARTESIAN_POINT('',(6.147950267772,-7.944329735072,
    -3.86481249778));
#1324 = CARTESIAN_POINT('',(5.56061236307,-8.379682421743,
    -3.882166359087));
#1325 = CARTESIAN_POINT('',(4.938473563709,-8.765139486557,
    -3.899518447374));
#1326 = CARTESIAN_POINT('',(4.286457979805,-9.097569200017,
    -3.916870508189));
#1327 = CARTESIAN_POINT('',(3.609795392822,-9.374382362434,
    -3.934224306424));
#1328 = CARTESIAN_POINT('',(2.914034236072,-9.59357509844,
    -3.951579444148));
#1329 = CARTESIAN_POINT('',(1.411928160821,-9.933163161695,
    -3.988344529375));
#1330 = CARTESIAN_POINT('',(0.601855023167,-10.03881819377,
    -4.007763583763));
#1331 = CARTESIAN_POINT('',(-0.216784569844,-10.06885146761,
    -4.027179562294));
#1332 = CARTESIAN_POINT('',(-1.035735676358,-10.02259149402,
    -4.046592773951));
#1333 = CARTESIAN_POINT('',(-1.846840155642,-9.900401350397,
    -4.066005991089));
#1334 = CARTESIAN_POINT('',(-2.642038016486,-9.703593938879,
    -4.085422011549));
#1335 = CARTESIAN_POINT('',(-3.413386067582,-9.434514667484,
    -4.104841168407));
#1336 = CARTESIAN_POINT('',(-4.800732829616,-8.801123729519,
    -4.141250150682));
#1337 = CARTESIAN_POINT('',(-5.424401617211,-8.452715683826,
    -4.158248793107));
#1338 = CARTESIAN_POINT('',(-6.018940628814,-8.053896347729,
    -4.175246159944));
#1339 = CARTESIAN_POINT('',(-6.579624452889,-7.607560850907,
    -4.192241901556));
#1340 = CARTESIAN_POINT('',(-7.10212278734,-7.117074154722,
    -4.209237652337));
#1341 = CARTESIAN_POINT('',(-7.582481603993,-6.586236256636,
    -4.22623504178));
#1342 = CARTESIAN_POINT('',(-8.017154850232,-6.019305840844,
    -4.24323371395));
#1343 = CARTESIAN_POINT('',(-8.990036156403,-4.511266414944,
    -4.28607739828));
#1344 = CARTESIAN_POINT('',(-9.464959014688,-3.527963843855,
    -4.311949670952));
#1345 = CARTESIAN_POINT('',(-9.81612563424,-2.48854763375,-4.3378078103)
  );
#1346 = CARTESIAN_POINT('',(-10.03648048747,-1.411349464321,
    -4.363657123822));
#1347 = CARTESIAN_POINT('',(-10.12175234622,-0.315155474469,
    -4.389506602008));
#1348 = CARTESIAN_POINT('',(-10.0708655395,0.780798626302,
    -4.415364894772));
#1349 = CARTESIAN_POINT('',(-9.885546309192,1.856945869446,
    -4.441237269084));
#1350 = CARTESIAN_POINT('',(-9.25891067889,3.93008849636,-4.492941554343
    ));
#1351 = CARTESIAN_POINT('',(-8.816920849392,4.9290160752,-4.518822194016
    ));
#1352 = CARTESIAN_POINT('',(-8.251958256644,5.86992585294,
    -4.544688822082));
#1353 = CARTESIAN_POINT('',(-7.573434646487,6.735555151472,
    -4.570546165514));
#1354 = CARTESIAN_POINT('',(-6.79291317225,7.510471061441,
    -4.596403540023));
#1355 = CARTESIAN_POINT('',(-5.924371696284,8.181388208193,
    -4.622269890017));
#1356 = CARTESIAN_POINT('',(-4.983856516414,8.736944355427,
    -4.648150288439));
#1357 = CARTESIAN_POINT('',(-3.240643638959,9.49565827594,
    -4.693537328186));
#1358 = CARTESIAN_POINT('',(-2.459750897112,9.752110100421,
    -4.71307428477));
#1359 = CARTESIAN_POINT('',(-1.656070382006,9.934972849417,
    -4.732608299412));
#1360 = CARTESIAN_POINT('',(-0.837734702084,10.042009990555,
    -4.752139709337));
#1361 = CARTESIAN_POINT('',(-1.297529055611E-02,10.072044772314,
    -4.771671100996));
#1362 = CARTESIAN_POINT('',(0.809895409348,10.024873908177,
    -4.791205110531));
#1363 = CARTESIAN_POINT('',(1.622486865827,9.901355126673,-4.81074214091
    ));
#1364 = CARTESIAN_POINT('',(3.131371445177,9.525621801277,
    -4.847864121061));
#1365 = CARTESIAN_POINT('',(3.831545501032,9.287320940581,
    -4.865458685231));
#1366 = CARTESIAN_POINT('',(4.510724955929,8.99025741503,-4.883051549881
    ));
#1367 = CARTESIAN_POINT('',(5.163178299209,8.636655740796,
    -4.900642359668));
#1368 = CARTESIAN_POINT('',(5.783525968378,8.229349664089,
    -4.918233155668));
#1369 = CARTESIAN_POINT('',(6.366725188854,7.771736084874,-4.93582599676
    ));
#1370 = CARTESIAN_POINT('',(6.908103245346,7.267810356765,
    -4.953420562416));
#1371 = CARTESIAN_POINT('',(7.804222292025,6.280889261514,
    -4.985244997593));
#1372 = CARTESIAN_POINT('',(8.174965466555,5.812148162196,
    -4.999479597518));
#1373 = CARTESIAN_POINT('',(8.513436196211,5.31850049534,-5.013713744105
    ));
#1374 = CARTESIAN_POINT('',(8.81770171147,4.802556693389,-5.027947271965
    ));
#1375 = CARTESIAN_POINT('',(9.086094608626,4.267074891732,
    -5.042180812829));
#1376 = CARTESIAN_POINT('',(9.317202278838,3.714951995713,
    -5.056414981887));
#1377 = CARTESIAN_POINT('',(9.50988014315,3.149227713914,-5.070649580541
    ));
#1378 = CARTESIAN_POINT('',(9.746990638191,2.258758715924,
    -5.092648676373));
#1379 = CARTESIAN_POINT('',(9.819006872012,1.941301564055,
    -5.100414564419));
#1380 = CARTESIAN_POINT('',(9.879201659893,1.621240554509,
    -5.108180386644));
#1381 = CARTESIAN_POINT('',(9.927466357386,1.299089895717,
    -5.115946141359));
#1382 = CARTESIAN_POINT('',(9.963719419119,0.975367437905,
    -5.123711871025));
#1383 = CARTESIAN_POINT('',(9.987906407262,0.650594558826,
    -5.131477615045));
#1384 = CARTESIAN_POINT('',(10.,0.325296049509,-5.139243362556));
#1385 = CARTESIAN_POINT('',(10.,-7.034373084025E-13,-5.147009005219));
#1386 = ORIENTED_EDGE('',*,*,#1387,.T.);
#1387 = EDGE_CURVE('',#1304,#1388,#1390,.T.);
#1388 = VERTEX_POINT('',#1389);
#1389 = CARTESIAN_POINT('',(10.,-2.540512910483E-13,-5.352990176015));
#1390 = LINE('',#1391,#1392);
#1391 = CARTESIAN_POINT('',(10.,0.,0.));
#1392 = VECTOR('',#1393,1.);
#1393 = DIRECTION('',(0.,-2.22044604925E-16,-1.));
#1394 = ORIENTED_EDGE('',*,*,#1395,.F.);
#1395 = EDGE_CURVE('',#705,#1388,#1396,.T.);
#1396 = B_SPLINE_CURVE_WITH_KNOTS('',8,(#1397,#1398,#1399,#1400,#1401,
    #1402,#1403,#1404,#1405,#1406,#1407,#1408,#1409,#1410,#1411,#1412,
    #1413,#1414,#1415,#1416,#1417,#1418,#1419,#1420,#1421,#1422,#1423,
    #1424,#1425,#1426,#1427,#1428,#1429,#1430,#1431,#1432,#1433,#1434,
    #1435,#1436,#1437,#1438,#1439,#1440,#1441,#1442,#1443,#1444,#1445,
    #1446,#1447,#1448,#1449,#1450,#1451,#1452,#1453,#1454,#1455,#1456,
    #1457,#1458,#1459,#1460,#1461,#1462,#1463,#1464,#1465,#1466,#1467,
    #1468,#1469,#1470,#1471,#1472,#1473,#1474,#1475),.UNSPECIFIED.,.F.,
  .F.,(9,7,7,7,7,7,7,7,7,7,7,9),(0.,1.418753202933E-02,
    4.877631681703E-02,0.122249757343,0.213769022756,0.317936740592,
    0.428087478395,0.576409481656,0.68528101775,0.821325051759,
    0.958183901581,1.),.UNSPECIFIED.);
#1397 = CARTESIAN_POINT('',(10.,-2.895461648222E-13,-3.852989533093));
#1398 = CARTESIAN_POINT('',(10.,-0.111404796621,-3.855649186053));
#1399 = CARTESIAN_POINT('',(9.998581597041,-0.222809594377,
    -3.858308828776));
#1400 = CARTESIAN_POINT('',(9.995744790767,-0.334193317616,
    -3.860968461858));
#1401 = CARTESIAN_POINT('',(9.991489956455,-0.445534901992,
    -3.863628085905));
#1402 = CARTESIAN_POINT('',(9.985817845015,-0.556813294466,
    -3.866287701539));
#1403 = CARTESIAN_POINT('',(9.978729582991,-0.668007453307,
    -3.868947309399));
#1404 = CARTESIAN_POINT('',(9.970226672564,-0.779096348091,
    -3.871606910137));
#1405 = CARTESIAN_POINT('',(9.936136853566,-1.160582535223,
    -3.880750516858));
#1406 = CARTESIAN_POINT('',(9.903565436558,-1.430356984421,
    -3.887234506204));
#1407 = CARTESIAN_POINT('',(9.862624133462,-1.699076567084,
    -3.893718483699));
#1408 = CARTESIAN_POINT('',(9.813353355522,-1.966438184706,
    -3.900202458482));
#1409 = CARTESIAN_POINT('',(9.755806532281,-2.232141380475,
    -3.906686437587));
#1410 = CARTESIAN_POINT('',(9.690050111585,-2.495888339283,
    -3.913170425942));
#1411 = CARTESIAN_POINT('',(9.616163559578,-2.757383887718,
    -3.91965442637));
#1412 = CARTESIAN_POINT('',(9.360216110383,-3.56640007613,
    -3.939911769952));
#1413 = CARTESIAN_POINT('',(9.14991043784,-4.105033153998,
    -3.953686247602));
#1414 = CARTESIAN_POINT('',(8.904215608423,-4.62937825893,
    -3.967460362148));
#1415 = CARTESIAN_POINT('',(8.624285002727,-5.136728536363,
    -3.981233941661));
#1416 = CARTESIAN_POINT('',(8.311502148862,-5.624511597289,
    -3.995007504085));
#1417 = CARTESIAN_POINT('',(7.967469960237,-6.090285761835,
    -4.00878158651));
#1418 = CARTESIAN_POINT('',(7.594019178885,-6.531747695053,
    -4.022556052307));
#1419 = CARTESIAN_POINT('',(6.694016447353,-7.463684317671,
    -4.053485568469));
#1420 = CARTESIAN_POINT('',(6.152248198799,-7.939712003923,
    -4.070644754556));
#1421 = CARTESIAN_POINT('',(5.57197368512,-8.370596951458,
    -4.087802421776));
#1422 = CARTESIAN_POINT('',(4.957625411743,-8.752753678709,
    -4.104958288207));
#1423 = CARTESIAN_POINT('',(4.313957745572,-9.083146627021,
    -4.122114174091));
#1424 = CARTESIAN_POINT('',(3.646018929291,-9.359259082738,
    -4.139271885425));
#1425 = CARTESIAN_POINT('',(2.959163347453,-9.579133159101,
    -4.156431109638));
#1426 = CARTESIAN_POINT('',(1.46229279783,-9.926265835207,-4.19311461772
    ));
#1427 = CARTESIAN_POINT('',(0.647961887181,-10.03662040415,
    -4.212648099327));
#1428 = CARTESIAN_POINT('',(-0.175410765121,-10.07049923224,
    -4.232178547178));
#1429 = CARTESIAN_POINT('',(-0.999426262103,-10.0271803021,
    -4.251706406058));
#1430 = CARTESIAN_POINT('',(-1.815780920482,-9.907000723191,
    -4.27123427207));
#1431 = CARTESIAN_POINT('',(-2.6162678942,-9.711269026586,
    -4.290764703038));
#1432 = CARTESIAN_POINT('',(-3.392796053171,-9.44235079858,
    -4.310298095825));
#1433 = CARTESIAN_POINT('',(-4.924890528002,-8.746060267432,
    -4.350474225985));
#1434 = CARTESIAN_POINT('',(-5.677252514969,-8.310219962119,
    -4.37113094204));
#1435 = CARTESIAN_POINT('',(-6.385053004751,-7.800590360785,
    -4.391783364856));
#1436 = CARTESIAN_POINT('',(-7.039956299445,-7.222640835214,
    -4.412432327462));
#1437 = CARTESIAN_POINT('',(-7.634490308617,-6.582755463523,
    -4.43308127219));
#1438 = CARTESIAN_POINT('',(-8.16208166917,-5.888240385382,
    -4.453733737039));
#1439 = CARTESIAN_POINT('',(-8.617049315432,-5.147288417507,
    -4.474390508891));
#1440 = CARTESIAN_POINT('',(-9.503841748434,-3.32166350397,
    -4.522843826733));
#1441 = CARTESIAN_POINT('',(-9.873917623026,-2.204989187624,
    -4.550683425941));
#1442 = CARTESIAN_POINT('',(-10.09303288497,-1.042738319275,
    -4.578502516198));
#1443 = CARTESIAN_POINT('',(-10.15572910333,0.141217527198,
    -4.606309025944));
#1444 = CARTESIAN_POINT('',(-10.06013719055,1.322972315839,
    -4.634116211867));
#1445 = CARTESIAN_POINT('',(-9.808790211512,2.478681332696,
    -4.661934771699));
#1446 = CARTESIAN_POINT('',(-9.40780824685,3.584633924342,
    -4.689774159837));
#1447 = CARTESIAN_POINT('',(-8.475235450751,5.375986034039,
    -4.737987672116));
#1448 = CARTESIAN_POINT('',(-8.006239761946,6.095986452085,
    -4.758404319446));
#1449 = CARTESIAN_POINT('',(-7.467535948971,6.768774571118,
    -4.778817089496));
#1450 = CARTESIAN_POINT('',(-6.86480922413,7.386584438121,
    -4.799226661626));
#1451 = CARTESIAN_POINT('',(-6.204578180446,7.942519238296,
    -4.819636215573));
#1452 = CARTESIAN_POINT('',(-5.494197866995,8.430582175667,
    -4.840049016479));
#1453 = CARTESIAN_POINT('',(-4.741829120072,8.845671167754,
    -4.860465702413));
#1454 = CARTESIAN_POINT('',(-2.975619888254,9.606605282819,
    -4.906377570945));
#1455 = CARTESIAN_POINT('',(-1.942057302916,9.909884198443,
    -4.93190300744));
#1456 = CARTESIAN_POINT('',(-0.874299439515,10.085444764365,
    -4.957415142436));
#1457 = CARTESIAN_POINT('',(0.209187268632,10.129448125376,
    -4.982918811356));
#1458 = CARTESIAN_POINT('',(1.289933457253,10.040750282924,
    -5.008422544477));
#1459 = CARTESIAN_POINT('',(2.349532733745,9.821256919339,
    -5.033935062934));
#1460 = CARTESIAN_POINT('',(3.369693242222,9.475565754632,
    -5.059460899513));
#1461 = CARTESIAN_POINT('',(5.301049996783,8.547149152396,
    -5.110620057655));
#1462 = CARTESIAN_POINT('',(6.213314689931,7.96217149545,-5.136299602004
    ));
#1463 = CARTESIAN_POINT('',(7.05065385987,7.266299960964,-5.161965731642
    ));
#1464 = CARTESIAN_POINT('',(7.797797281962,6.471180630514,
    -5.187622885372));
#1465 = CARTESIAN_POINT('',(8.441552335586,5.590262022042,
    -5.213279290974));
#1466 = CARTESIAN_POINT('',(8.971133056078,4.638989901759,
    -5.238944077635));
#1467 = CARTESIAN_POINT('',(9.377907910717,3.634519607859,
    -5.264622677269));
#1468 = CARTESIAN_POINT('',(9.74223137074,2.279636713055,-5.298117114849
    ));
#1469 = CARTESIAN_POINT('',(9.815597038191,1.959345162125,
    -5.305956071574));
#1470 = CARTESIAN_POINT('',(9.87692324513,1.636376042749,-5.313795045539
    ));
#1471 = CARTESIAN_POINT('',(9.926097223301,1.311257973285,-5.32163402245
    ));
#1472 = CARTESIAN_POINT('',(9.963034325815,0.98452339979,-5.329473023962
    ));
#1473 = CARTESIAN_POINT('',(9.987678039958,0.656708475492,
    -5.337312071685));
#1474 = CARTESIAN_POINT('',(10.,0.328352940245,-5.34515115119));
#1475 = CARTESIAN_POINT('',(10.,-5.062616992291E-13,-5.352990176015));
#1476 = CYLINDRICAL_SURFACE('',#1477,10.);
#1477 = AXIS2_PLACEMENT_3D('',#1478,#1479,#1480);
#1478 = CARTESIAN_POINT('',(0.,0.,0.));
#1479 = DIRECTION('',(0.,-2.22044604925E-16,-1.));
#1480 = DIRECTION('',(1.,0.,0.));
#1481 = ADVANCED_FACE('',(#1482),#1575,.T.);
#1482 = FACE_BOUND('',#1483,.T.);
#1483 = EDGE_LOOP('',(#1484,#1485,#1486,#1570));
#1484 = ORIENTED_EDGE('',*,*,#1303,.F.);
#1485 = ORIENTED_EDGE('',*,*,#895,.T.);
#1486 = ORIENTED_EDGE('',*,*,#1487,.T.);
#1487 = EDGE_CURVE('',#812,#1488,#1490,.T.);
#1488 = VERTEX_POINT('',#1489);
#1489 = CARTESIAN_POINT('',(9.266,-6.0318517E-08,-4.723227169951));
#1490 = B_SPLINE_CURVE_WITH_KNOTS('',8,(#1491,#1492,#1493,#1494,#1495,
    #1496,#1497,#1498,#1499,#1500,#1501,#1502,#1503,#1504,#1505,#1506,
    #1507,#1508,#1509,#1510,#1511,#1512,#1513,#1514,#1515,#1516,#1517,
    #1518,#1519,#1520,#1521,#1522,#1523,#1524,#1525,#1526,#1527,#1528,
    #1529,#1530,#1531,#1532,#1533,#1534,#1535,#1536,#1537,#1538,#1539,
    #1540,#1541,#1542,#1543,#1544,#1545,#1546,#1547,#1548,#1549,#1550,
    #1551,#1552,#1553,#1554,#1555,#1556,#1557,#1558,#1559,#1560,#1561,
    #1562,#1563,#1564,#1565,#1566,#1567,#1568,#1569),.UNSPECIFIED.,.F.,
  .F.,(9,7,7,7,7,7,7,7,7,7,7,9),(0.,2.058350386168E-02,0.122045765367,
    0.214940493816,0.317902080207,0.427920055084,0.555395447965,
    0.685332289754,0.789128537366,0.814336256093,0.977073443441,1.),
  .UNSPECIFIED.);
#1491 = CARTESIAN_POINT('',(9.266,-9.047749039E-08,-3.223229702001));
#1492 = CARTESIAN_POINT('',(9.265999998538,-0.149761467484,
    -3.227087866852));
#1493 = CARTESIAN_POINT('',(9.263233696213,-0.299522891947,
    -3.230946100143));
#1494 = CARTESIAN_POINT('',(9.257701094305,-0.449224665405,
    -3.234804393798));
#1495 = CARTESIAN_POINT('',(9.249403734073,-0.598807178339,
    -3.238662739783));
#1496 = CARTESIAN_POINT('',(9.238344696756,-0.748210910165,
    -3.242521130117));
#1497 = CARTESIAN_POINT('',(9.224528603571,-0.897376429242,
    -3.246379556864));
#1498 = CARTESIAN_POINT('',(9.207961615715,-1.046244392868,
    -3.250238012135));
#1499 = CARTESIAN_POINT('',(9.093465761259,-1.926811551287,
    -3.273116072852));
#1500 = CARTESIAN_POINT('',(8.931598358121,-2.650404624361,
    -3.29214140337));
#1501 = CARTESIAN_POINT('',(8.703950207753,-3.358136651979,
    -3.311164159416));
#1502 = CARTESIAN_POINT('',(8.412423798019,-4.043054347181,
    -3.330183655574));
#1503 = CARTESIAN_POINT('',(8.059728997268,-4.698574211802,
    -3.349202973017));
#1504 = CARTESIAN_POINT('',(7.649313600376,-5.318467402989,
    -3.368225224344));
#1505 = CARTESIAN_POINT('',(7.18541854536,-5.896904505012,
    -3.387249951489));
#1506 = CARTESIAN_POINT('',(6.204344210473,-6.915322587461,
    -3.423683326781));
#1507 = CARTESIAN_POINT('',(5.694760557547,-7.363090366958,
    -3.441100477266));
#1508 = CARTESIAN_POINT('',(5.148421239095,-7.767747964737,
    -3.458516278243));
#1509 = CARTESIAN_POINT('',(4.569624792732,-8.125823912849,
    -3.475930291935));
#1510 = CARTESIAN_POINT('',(3.962984938413,-8.434387978826,
    -3.493344291151));
#1511 = CARTESIAN_POINT('',(3.333402121811,-8.691019969287,
    -3.510760062768));
#1512 = CARTESIAN_POINT('',(2.686075559122,-8.893850213818,
    -3.528177196229));
#1513 = CARTESIAN_POINT('',(1.295564870055,-9.205512433265,
    -3.564891609351));
#1514 = CARTESIAN_POINT('',(0.549219711989,-9.301859635495,
    -3.584197770356));
#1515 = CARTESIAN_POINT('',(-0.204885050367,-9.328943686115,
    -3.603501345776));
#1516 = CARTESIAN_POINT('',(-0.959238808488,-9.286159479163,
    -3.622801756779));
#1517 = CARTESIAN_POINT('',(-1.706409693034,-9.17383965989,
    -3.642102170096));
#1518 = CARTESIAN_POINT('',(-2.439054769515,-8.993177790253,
    -3.661405777962));
#1519 = CARTESIAN_POINT('',(-3.149945722454,-8.746301472414,
    -3.680712027889));
#1520 = CARTESIAN_POINT('',(-4.560819055508,-8.10545708326,
    -3.720636339515));
#1521 = CARTESIAN_POINT('',(-5.257224359483,-7.702337442595,
    -3.741267884757));
#1522 = CARTESIAN_POINT('',(-5.912466197594,-7.230999325311,
    -3.761895345601));
#1523 = CARTESIAN_POINT('',(-6.518846522096,-6.696488155512,
    -3.782519421013));
#1524 = CARTESIAN_POINT('',(-7.069463642598,-6.104694206708,
    -3.803143511797));
#1525 = CARTESIAN_POINT('',(-7.558243921877,-5.46235839962,
    -3.823770927616));
#1526 = CARTESIAN_POINT('',(-7.979936859148,-4.777040163309,
    -3.844402421062));
#1527 = CARTESIAN_POINT('',(-8.736572051728,-3.223552754597,
    -3.888921972576));
#1528 = CARTESIAN_POINT('',(-9.04759078561,-2.342680801777,
    -3.912834322882));
#1529 = CARTESIAN_POINT('',(-9.256636710602,-1.428291931618,
    -3.936737489762));
#1530 = CARTESIAN_POINT('',(-9.359905706801,-0.494231431354,
    -3.960634464671));
#1531 = CARTESIAN_POINT('',(-9.355579131314,0.445510478349,
    -3.984531230187));
#1532 = CARTESIAN_POINT('',(-9.243992275853,1.37682964263,
    -4.008434598734));
#1533 = CARTESIAN_POINT('',(-9.027469754,2.285557565566,-4.032347128864)
  );
#1534 = CARTESIAN_POINT('',(-8.389258025568,4.046340900487,
    -4.080600726545));
#1535 = CARTESIAN_POINT('',(-7.963223092167,4.898245616005,
    -4.104976249816));
#1536 = CARTESIAN_POINT('',(-7.438528009277,5.698015689534,
    -4.129341601976));
#1537 = CARTESIAN_POINT('',(-6.822961252945,6.432584191313,
    -4.153699744261));
#1538 = CARTESIAN_POINT('',(-6.125891401353,7.090312881889,
    -4.17805791092));
#1539 = CARTESIAN_POINT('',(-5.358385170103,7.661164457988,
    -4.202423078724));
#1540 = CARTESIAN_POINT('',(-4.533028607925,8.136594883339,
    -4.226798423352));
#1541 = CARTESIAN_POINT('',(-2.971092714303,8.809182194004,
    -4.270613108054));
#1542 = CARTESIAN_POINT('',(-2.24943650214,9.043346710435,
    -4.290076326435));
#1543 = CARTESIAN_POINT('',(-1.50706017996,9.209768684163,
    -4.309536669363));
#1544 = CARTESIAN_POINT('',(-0.751420624933,9.306423560077,-4.3289944498
    ));
#1545 = CARTESIAN_POINT('',(9.937416763193E-03,9.332254326452,
    -4.348452217781));
#1546 = CARTESIAN_POINT('',(0.769397354716,9.287093841227,-4.36791256295
    ));
#1547 = CARTESIAN_POINT('',(1.519274109123,9.17174405961,-4.387375848901
    ));
#1548 = CARTESIAN_POINT('',(2.429741668189,8.943642950768,
    -4.411558412043));
#1549 = CARTESIAN_POINT('',(2.606641591802,8.895046802944,
    -4.416283747417));
#1550 = CARTESIAN_POINT('',(2.782427033238,8.842452794068,
    -4.421009076913));
#1551 = CARTESIAN_POINT('',(2.956992520867,8.785890923659,
    -4.425734397852));
#1552 = CARTESIAN_POINT('',(3.13023373042,8.725394468386,-4.430459708853
    ));
#1553 = CARTESIAN_POINT('',(3.302047484993,8.660999982059,
    -4.435185009839));
#1554 = CARTESIAN_POINT('',(3.472331755046,8.592747295638,
    -4.439910302037));
#1555 = CARTESIAN_POINT('',(4.729789534896,8.055420931793,
    -4.475141313251));
#1556 = CARTESIAN_POINT('',(5.752638214972,7.430302638444,
    -4.505702345327));
#1557 = CARTESIAN_POINT('',(6.678753864049,6.657291117139,
    -4.536229237354));
#1558 = CARTESIAN_POINT('',(7.484485284294,5.754892633626,
    -4.566739206006));
#1559 = CARTESIAN_POINT('',(8.149609325573,4.744380132453,
    -4.597250870623));
#1560 = CARTESIAN_POINT('',(8.658762687738,3.65076303029,-4.627779480125
    ));
#1561 = CARTESIAN_POINT('',(9.000136320629,2.501652159978,-4.6583417043)
  );
#1562 = CARTESIAN_POINT('',(9.194012221376,1.164783493929,
    -4.693144711581));
#1563 = CARTESIAN_POINT('',(9.214556453193,0.999208533634,
    -4.697442310884));
#1564 = CARTESIAN_POINT('',(9.23169244457,0.833222598199,-4.701739883341
    ));
#1565 = CARTESIAN_POINT('',(9.245410719645,0.666907562081,
    -4.706037425772));
#1566 = CARTESIAN_POINT('',(9.255704169993,0.500345474023,
    -4.710334933146));
#1567 = CARTESIAN_POINT('',(9.262568054627,0.333618557061,
    -4.714632398582));
#1568 = CARTESIAN_POINT('',(9.266,0.166809208516,-4.718929813343));
#1569 = CARTESIAN_POINT('',(9.266,0.,-4.723227166843));
#1570 = ORIENTED_EDGE('',*,*,#1571,.F.);
#1571 = EDGE_CURVE('',#1304,#1488,#1572,.T.);
#1572 = B_SPLINE_CURVE_WITH_KNOTS('',1,(#1573,#1574),.UNSPECIFIED.,.F.,
  .F.,(2,2),(0.,0.9375),.PIECEWISE_BEZIER_KNOTS.);
#1573 = CARTESIAN_POINT('',(10.016005808818,2.62992857E-09,
    -5.156250110172));
#1574 = CARTESIAN_POINT('',(9.204110219911,-1.3080890777E-07,
    -4.687494520645));
#1575 = B_SPLINE_SURFACE_WITH_KNOTS('',1,9,(
    (#1576,#1577,#1578,#1579,#1580,#1581,#1582,#1583,#1584,#1585,#1586
      ,#1587,#1588,#1589,#1590,#1591,#1592,#1593,#1594,#1595,#1596,#1597
      ,#1598,#1599,#1600,#1601,#1602,#1603,#1604,#1605,#1606)
    ,(#1607,#1608,#1609,#1610,#1611,#1612,#1613,#1614,#1615,#1616,#1617
      ,#1618,#1619,#1620,#1621,#1622,#1623,#1624,#1625,#1626,#1627,#1628
      ,#1629,#1630,#1631,#1632,#1633,#1634,#1635,#1636,#1637
  )),.UNSPECIFIED.,.F.,.F.,.F.,(2,2),(10,7,7,7,10),(0.,0.9375),(0.,
    1.614938419963,3.229876839926,4.844815259889,6.459753679852),
  .UNSPECIFIED.);
#1576 = CARTESIAN_POINT('',(10.016004356614,1.97240713E-09,
    -3.656250082626));
#1577 = CARTESIAN_POINT('',(10.016006462392,-1.748122678302,
    -3.697916789228));
#1578 = CARTESIAN_POINT('',(9.67275989157,-3.49623339579,-3.739583425981
    ));
#1579 = CARTESIAN_POINT('',(8.986277328069,-5.167351770868,
    -3.781250084351));
#1580 = CARTESIAN_POINT('',(7.976711872551,-6.68440085791,
    -3.822916764054));
#1581 = CARTESIAN_POINT('',(6.684396671456,-7.976713973702,
    -3.864583430393));
#1582 = CARTESIAN_POINT('',(5.167343930594,-8.986274137331,
    -3.906250097864));
#1583 = CARTESIAN_POINT('',(3.496245116574,-9.672759786132,
    -3.94791676344));
#1584 = CARTESIAN_POINT('',(1.7450175492E-07,-10.35924718996,
    -4.031250095848));
#1585 = CARTESIAN_POINT('',(-3.496245107767,-9.672763785749,
    -4.114583429931));
#1586 = CARTESIAN_POINT('',(-5.16734293458,-8.986279696939,
    -4.156250097481));
#1587 = CARTESIAN_POINT('',(-6.684400568142,-7.976709521336,
    -4.19791676416));
#1588 = CARTESIAN_POINT('',(-7.976708571002,-6.684399362244,
    -4.239583429585));
#1589 = CARTESIAN_POINT('',(-8.986277170135,-5.167340881434,
    -4.281250095089));
#1590 = CARTESIAN_POINT('',(-9.672761898123,-3.496243521404,
    -4.322916761922));
#1591 = CARTESIAN_POINT('',(-10.35924793804,2.42728402E-09,
    -4.406250096399));
#1592 = CARTESIAN_POINT('',(-9.672762013045,3.496243548824,
    -4.489583430876));
#1593 = CARTESIAN_POINT('',(-8.986277303285,5.167340943081,
    -4.531250097708));
#1594 = CARTESIAN_POINT('',(-7.976708560946,6.684399388016,
    -4.572916763212));
#1595 = CARTESIAN_POINT('',(-6.684400486476,7.976709437838,
    -4.614583428637));
#1596 = CARTESIAN_POINT('',(-5.167342918292,8.986279573581,
    -4.656250095317));
#1597 = CARTESIAN_POINT('',(-3.496245110732,9.672763764491,
    -4.697916762866));
#1598 = CARTESIAN_POINT('',(1.7320324989E-07,10.359247247568,
    -4.78125009695));
#1599 = CARTESIAN_POINT('',(3.496245113608,9.672759747884,
    -4.864583429358));
#1600 = CARTESIAN_POINT('',(5.167343851473,8.986274044978,
    -4.906250094937));
#1601 = CARTESIAN_POINT('',(6.68439682822,7.976713684081,-4.94791676239)
  );
#1602 = CARTESIAN_POINT('',(7.976711237367,6.684401186187,
    -4.989583428768));
#1603 = CARTESIAN_POINT('',(8.986278726186,5.16735269711,-5.031250108424
    ));
#1604 = CARTESIAN_POINT('',(9.67276033582,3.496232573429,-5.072916766828
    ));
#1605 = CARTESIAN_POINT('',(10.016003702929,1.748122682904,
    -5.114583403566));
#1606 = CARTESIAN_POINT('',(10.016005808818,2.62992857E-09,
    -5.156250110172));
#1607 = CARTESIAN_POINT('',(9.204107960918,-9.810666324E-08,
    -3.187495890478));
#1608 = CARTESIAN_POINT('',(9.204111218925,-1.606419466689,
    -3.229160571132));
#1609 = CARTESIAN_POINT('',(8.888687263855,-3.212827907023,
    -3.270828725714));
#1610 = CARTESIAN_POINT('',(8.257850420293,-4.748492460693,
    -3.312495804101));
#1611 = CARTESIAN_POINT('',(7.330117828444,-6.142561542054,
    -3.354161823693));
#1612 = CARTESIAN_POINT('',(6.142563327425,-7.330122460195,
    -3.395828505651));
#1613 = CARTESIAN_POINT('',(4.748480284117,-8.257847708628,
    -3.437495132784));
#1614 = CARTESIAN_POINT('',(3.212840034977,-8.888687190384,
    -3.479161853612));
#1615 = CARTESIAN_POINT('',(-7.9575940635E-07,-9.519527999329,
    -3.562495232953));
#1616 = CARTESIAN_POINT('',(-3.212840416312,-8.888690778092,
    -3.645828528993));
#1617 = CARTESIAN_POINT('',(-4.748478511269,-8.257853116397,
    -3.687495151728));
#1618 = CARTESIAN_POINT('',(-6.142563513061,-7.33011909845,
    -3.729161817811));
#1619 = CARTESIAN_POINT('',(-7.330117594319,-6.142563255288,
    -3.770828546167));
#1620 = CARTESIAN_POINT('',(-8.257850925017,-4.748476621481,
    -3.812495270686));
#1621 = CARTESIAN_POINT('',(-8.888689165591,-3.212838166157,
    -3.854161929085));
#1622 = CARTESIAN_POINT('',(-9.51952869525,1.2585835446E-07,
    -3.93749520556));
#1623 = CARTESIAN_POINT('',(-8.888689261953,3.212838436795,
    -4.020828482035));
#1624 = CARTESIAN_POINT('',(-8.257851010347,4.748476929181,
    -4.062495140434));
#1625 = CARTESIAN_POINT('',(-7.330117421127,6.142563483386,
    -4.104161864953));
#1626 = CARTESIAN_POINT('',(-6.142563198015,7.330119126113,
    -4.145828593308));
#1627 = CARTESIAN_POINT('',(-4.748478274127,8.257853046299,
    -4.187495259392));
#1628 = CARTESIAN_POINT('',(-3.212840192941,8.888690827429,
    -4.229161882127));
#1629 = CARTESIAN_POINT('',(-5.5361429247E-07,9.519528088935,
    -4.312495178167));
#1630 = CARTESIAN_POINT('',(3.212840258347,8.888687048483,
    -4.395828557508));
#1631 = CARTESIAN_POINT('',(4.748480372845,8.257847443174,
    -4.437495278342));
#1632 = CARTESIAN_POINT('',(6.142563759288,7.330121852124,
    -4.479161905446));
#1633 = CARTESIAN_POINT('',(7.330116997927,6.142561864698,
    -4.520828587465));
#1634 = CARTESIAN_POINT('',(8.257852716941,4.748493689718,
    -4.562494606984));
#1635 = CARTESIAN_POINT('',(8.888688037321,3.212826399806,
    -4.604161685423));
#1636 = CARTESIAN_POINT('',(9.204106967613,1.606419237773,
    -4.645829839983));
#1637 = CARTESIAN_POINT('',(9.204110219911,-1.3080890777E-07,
    -4.687494520645));
#1638 = ADVANCED_FACE('',(#1639),#1650,.T.);
#1639 = FACE_BOUND('',#1640,.F.);
#1640 = EDGE_LOOP('',(#1641,#1642,#1643,#1644));
#1641 = ORIENTED_EDGE('',*,*,#1145,.F.);
#1642 = ORIENTED_EDGE('',*,*,#1131,.T.);
#1643 = ORIENTED_EDGE('',*,*,#1487,.T.);
#1644 = ORIENTED_EDGE('',*,*,#1645,.F.);
#1645 = EDGE_CURVE('',#1146,#1488,#1646,.T.);
#1646 = LINE('',#1647,#1648);
#1647 = CARTESIAN_POINT('',(9.266,0.,0.));
#1648 = VECTOR('',#1649,1.);
#1649 = DIRECTION('',(-7.E-17,0.,-1.));
#1650 = CYLINDRICAL_SURFACE('',#1651,9.266);
#1651 = AXIS2_PLACEMENT_3D('',#1652,#1653,#1654);
#1652 = CARTESIAN_POINT('',(0.,0.,0.));
#1653 = DIRECTION('',(-0.,-0.,-1.));
#1654 = DIRECTION('',(1.,0.,0.));
#1655 = ADVANCED_FACE('',(#1656),#1756,.T.);
#1656 = FACE_BOUND('',#1657,.T.);
#1657 = EDGE_LOOP('',(#1658,#1749,#1750,#1751));
#1658 = ORIENTED_EDGE('',*,*,#1659,.F.);
#1659 = EDGE_CURVE('',#1146,#1660,#1662,.T.);
#1660 = VERTEX_POINT('',#1661);
#1661 = CARTESIAN_POINT('',(9.266,-6.031802E-08,-5.776758535971));
#1662 = B_SPLINE_CURVE_WITH_KNOTS('',8,(#1663,#1664,#1665,#1666,#1667,
    #1668,#1669,#1670,#1671,#1672,#1673,#1674,#1675,#1676,#1677,#1678,
    #1679,#1680,#1681,#1682,#1683,#1684,#1685,#1686,#1687,#1688,#1689,
    #1690,#1691,#1692,#1693,#1694,#1695,#1696,#1697,#1698,#1699,#1700,
    #1701,#1702,#1703,#1704,#1705,#1706,#1707,#1708,#1709,#1710,#1711,
    #1712,#1713,#1714,#1715,#1716,#1717,#1718,#1719,#1720,#1721,#1722,
    #1723,#1724,#1725,#1726,#1727,#1728,#1729,#1730,#1731,#1732,#1733,
    #1734,#1735,#1736,#1737,#1738,#1739,#1740,#1741,#1742,#1743,#1744,
    #1745,#1746,#1747,#1748),.UNSPECIFIED.,.F.,.F.,(9,7,7,7,7,7,7,7,7,7,
    7,7,9),(0.,4.785865893974E-02,0.120857050022,0.213553153763,
    0.317637755901,0.426318620174,0.502884608758,0.575847215966,
    0.68541836213,0.788319507516,0.881610549131,0.956943847108,1.),
  .UNSPECIFIED.);
#1663 = CARTESIAN_POINT('',(9.266,-9.047700722E-08,-4.276759577451));
#1664 = CARTESIAN_POINT('',(9.265999996599,-0.348264408823,
    -4.285732057576));
#1665 = CARTESIAN_POINT('',(9.25104047268,-0.696533410501,
    -4.294704744787));
#1666 = CARTESIAN_POINT('',(9.221120737263,-1.044050445801,
    -4.303677408864));
#1667 = CARTESIAN_POINT('',(9.176286810421,-1.390065528816,
    -4.312650039275));
#1668 = CARTESIAN_POINT('',(9.116629040753,-1.73383514174,
    -4.321622721999));
#1669 = CARTESIAN_POINT('',(9.042281311076,-2.074622286697,
    -4.330595533683));
#1670 = CARTESIAN_POINT('',(8.953421832342,-2.411696785096,
    -4.339568453148));
#1671 = CARTESIAN_POINT('',(8.6929473726,-3.251707222431,-4.362227479617
    ));
#1672 = CARTESIAN_POINT('',(8.502365283863,-3.748809073542,
    -4.37591479967));
#1673 = CARTESIAN_POINT('',(8.279326377362,-4.233040952195,
    -4.389601753939));
#1674 = CARTESIAN_POINT('',(8.024863357288,-4.701935582821,
    -4.403288165947));
#1675 = CARTESIAN_POINT('',(7.740217775688,-5.153145616122,
    -4.416974538775));
#1676 = CARTESIAN_POINT('',(7.426830409053,-5.584440433372,
    -4.430661397891));
#1677 = CARTESIAN_POINT('',(7.086348750026,-5.993712978816,
    -4.444348617232));
#1678 = CARTESIAN_POINT('',(6.256275630928,-6.868244285221,
    -4.475413867621));
#1679 = CARTESIAN_POINT('',(5.751104795727,-7.31895214559,
    -4.492796184021));
#1680 = CARTESIAN_POINT('',(5.208999565527,-7.727001013314,
    -4.510176893824));
#1681 = CARTESIAN_POINT('',(4.634206188425,-8.08890741071,
    -4.527555695579));
#1682 = CARTESIAN_POINT('',(4.031287909599,-8.401722380929,
    -4.544934519243));
#1683 = CARTESIAN_POINT('',(3.405096632893,-8.663000855818,
    -4.56231528248));
#1684 = CARTESIAN_POINT('',(2.760785038107,-8.870841581063,
    -4.579697654306));
#1685 = CARTESIAN_POINT('',(1.366224382681,-9.195970125107,
    -4.616591175708));
#1686 = CARTESIAN_POINT('',(0.612297905454,-9.299085623624,
    -4.636111675837));
#1687 = CARTESIAN_POINT('',(-0.15008402014,-9.331444200994,
    -4.655629163878));
#1688 = CARTESIAN_POINT('',(-0.913155358321,-9.292367941152,
    -4.675144065719));
#1689 = CARTESIAN_POINT('',(-1.669236407891,-9.18215800982,
    -4.694658969584));
#1690 = CARTESIAN_POINT('',(-2.410735797258,-9.002013950896,
    -4.714176429919));
#1691 = CARTESIAN_POINT('',(-3.130168085485,-8.754112375016,
    -4.733696834225));
#1692 = CARTESIAN_POINT('',(-4.540737092351,-8.115782598968,
    -4.773587228907));
#1693 = CARTESIAN_POINT('',(-5.229715532784,-7.719321285759,
    -4.793970626622));
#1694 = CARTESIAN_POINT('',(-5.878710244785,-7.256170568122,
    -4.814350034973));
#1695 = CARTESIAN_POINT('',(-6.480280978564,-6.731168321468,
    -4.834726188986));
#1696 = CARTESIAN_POINT('',(-7.027744291524,-6.149963865609,
    -4.855102330281));
#1697 = CARTESIAN_POINT('',(-7.515201197214,-5.519021349259,
    -4.875481779756));
#1698 = CARTESIAN_POINT('',(-7.937534846438,-4.845591933016,
    -4.895865229551));
#1699 = CARTESIAN_POINT('',(-8.539531681096,-3.639448861631,
    -4.930596305412));
#1700 = CARTESIAN_POINT('',(-8.754112432518,-3.123783096397,
    -4.944952630138));
#1701 = CARTESIAN_POINT('',(-8.933042262681,-2.593782133682,
    -4.959308410817));
#1702 = CARTESIAN_POINT('',(-9.07522722155,-2.052333574975,
    -4.973663469475));
#1703 = CARTESIAN_POINT('',(-9.179856663827,-1.502391967183,
    -4.988018503534));
#1704 = CARTESIAN_POINT('',(-9.24639104381,-0.946973114548,
    -5.002374239551));
#1705 = CARTESIAN_POINT('',(-9.274575373318,-0.389154278263,
    -5.016730552953));
#1706 = CARTESIAN_POINT('',(-9.254856502847,0.698776494656,
    -5.044764973358));
#1707 = CARTESIAN_POINT('',(-9.210470201875,1.229043171797,
    -5.058445402494));
#1708 = CARTESIAN_POINT('',(-9.131359859986,1.756004264187,
    -5.072125374654));
#1709 = CARTESIAN_POINT('',(-9.017828732445,2.277006301134,
    -5.085804763143));
#1710 = CARTESIAN_POINT('',(-8.870413629624,2.789452617643,
    -5.099484132516));
#1711 = CARTESIAN_POINT('',(-8.689874813445,3.290802970704,
    -5.113164068193));
#1712 = CARTESIAN_POINT('',(-8.477205070192,3.778577998916,
    -5.12684448428));
#1713 = CARTESIAN_POINT('',(-7.867912586026,4.958877044041,
    -5.161066902302));
#1714 = CARTESIAN_POINT('',(-7.43235220071,5.631684326877,
    -5.181617705869));
#1715 = CARTESIAN_POINT('',(-6.931223380256,6.260339085607,
    -5.202164513832));
#1716 = CARTESIAN_POINT('',(-6.3698822491,6.837489507263,-5.222708040376
    ));
#1717 = CARTESIAN_POINT('',(-5.754478124395,7.356608221131,
    -5.243251546864));
#1718 = CARTESIAN_POINT('',(-5.091956926387,7.812022929409,
    -5.263798380134));
#1719 = CARTESIAN_POINT('',(-4.390030846692,8.198910851192,
    -5.28434921262));
#1720 = CARTESIAN_POINT('',(-2.969425949115,8.809198259613,
    -5.324184637727));
#1721 = CARTESIAN_POINT('',(-2.253921116809,9.041307240511,
    -5.343482548202));
#1722 = CARTESIAN_POINT('',(-1.518045082021,9.206826545933,
    -5.362777825883));
#1723 = CARTESIAN_POINT('',(-0.769058887276,9.303779971375,
    -5.382069927593));
#1724 = CARTESIAN_POINT('',(-1.431887638434E-02,9.331125917101,
    -5.401362040384));
#1725 = CARTESIAN_POINT('',(0.73874742618,9.288683936254,-5.42065731832)
  );
#1726 = CARTESIAN_POINT('',(1.482653046807,9.177211146517,
    -5.439955176819));
#1727 = CARTESIAN_POINT('',(2.869134583826,8.836723984747,
    -5.476738357616));
#1728 = CARTESIAN_POINT('',(3.514993330594,8.619584035695,
    -5.494232613084));
#1729 = CARTESIAN_POINT('',(4.141827153276,8.348545632434,
    -5.511725476982));
#1730 = CARTESIAN_POINT('',(4.744407944047,8.025613434879,
    -5.529216524545));
#1731 = CARTESIAN_POINT('',(5.317823563966,7.653345633116,
    -5.546707578979));
#1732 = CARTESIAN_POINT('',(5.857464776152,7.234812621945,-5.56420045545
    ));
#1733 = CARTESIAN_POINT('',(6.35905502766,6.773628505441,-5.581694710266
    ));
#1734 = CARTESIAN_POINT('',(7.18990888479,5.870645987425,-5.613309270006
    ));
#1735 = CARTESIAN_POINT('',(7.533850432857,5.442104646404,
    -5.627434247228));
#1736 = CARTESIAN_POINT('',(7.848512906874,4.990627157388,
    -5.641558605164));
#1737 = CARTESIAN_POINT('',(8.132128915055,4.518563741576,
    -5.655682236532));
#1738 = CARTESIAN_POINT('',(8.383168402421,4.028399409668,
    -5.669805866908));
#1739 = CARTESIAN_POINT('',(8.600329447492,3.52274590813,-5.683930242515
    ));
#1740 = CARTESIAN_POINT('',(8.782549944447,3.004345294509,
    -5.698055287412));
#1741 = CARTESIAN_POINT('',(9.012765505337,2.174162213799,
    -5.720251658261));
#1742 = CARTESIAN_POINT('',(9.084823874285,1.869001015466,
    -5.728324187936));
#1743 = CARTESIAN_POINT('',(9.145068533398,1.561131534449,
    -5.736396711307));
#1744 = CARTESIAN_POINT('',(9.19338200853,1.251088021152,-5.744469198564
    ));
#1745 = CARTESIAN_POINT('',(9.229676112752,0.939408848563,
    -5.752541655268));
#1746 = CARTESIAN_POINT('',(9.253891963546,0.62663637208,-5.760614079713
    ));
#1747 = CARTESIAN_POINT('',(9.266,0.31331678933,-5.768686420293));
#1748 = CARTESIAN_POINT('',(9.266,-1.78E-15,-5.776758532863));
#1749 = ORIENTED_EDGE('',*,*,#1231,.T.);
#1750 = ORIENTED_EDGE('',*,*,#1395,.T.);
#1751 = ORIENTED_EDGE('',*,*,#1752,.F.);
#1752 = EDGE_CURVE('',#1660,#1388,#1753,.T.);
#1753 = B_SPLINE_CURVE_WITH_KNOTS('',1,(#1754,#1755),.UNSPECIFIED.,.F.,
  .F.,(2,2),(0.,0.9375),.PIECEWISE_BEZIER_KNOTS.);
#1754 = CARTESIAN_POINT('',(9.20410247482,-1.3080912093E-07,
    -5.812494520618));
#1755 = CARTESIAN_POINT('',(10.01600451797,2.62989304E-09,
    -5.343750110168));
#1756 = B_SPLINE_SURFACE_WITH_KNOTS('',1,9,(
    (#1757,#1758,#1759,#1760,#1761,#1762,#1763,#1764,#1765,#1766,#1767
      ,#1768,#1769,#1770,#1771,#1772,#1773,#1774,#1775,#1776,#1777,#1778
      ,#1779,#1780,#1781,#1782,#1783,#1784,#1785,#1786,#1787)
    ,(#1788,#1789,#1790,#1791,#1792,#1793,#1794,#1795,#1796,#1797,#1798
      ,#1799,#1800,#1801,#1802,#1803,#1804,#1805,#1806,#1807,#1808,#1809
      ,#1810,#1811,#1812,#1813,#1814,#1815,#1816,#1817,#1818
  )),.UNSPECIFIED.,.F.,.F.,.F.,(2,2),(10,7,7,7,10),(0.,0.9375),(0.,
    1.614938419963,3.229876839926,4.844815259889,6.459753679852),
  .UNSPECIFIED.);
#1757 = CARTESIAN_POINT('',(9.204102152099,-9.810686397E-08,
    -4.312495890463));
#1758 = CARTESIAN_POINT('',(9.204102602861,-1.606418283881,
    -4.354160571102));
#1759 = CARTESIAN_POINT('',(8.888681016381,-3.21282499021,
    -4.395828725688));
#1760 = CARTESIAN_POINT('',(8.257845273724,-4.748489579189,
    -4.437495804101));
#1761 = CARTESIAN_POINT('',(7.330112009865,-6.142557235686,
    -4.479161823656));
#1762 = CARTESIAN_POINT('',(6.142558911655,-7.330116867919,
    -4.52082850564));
#1763 = CARTESIAN_POINT('',(4.748476737837,-8.257841565245,
    -4.562495132761));
#1764 = CARTESIAN_POINT('',(3.21283767036,-8.888680619102,
    -4.604161853591));
#1765 = CARTESIAN_POINT('',(-7.9345902586E-07,-9.519521028532,
    -4.687495232933));
#1766 = CARTESIAN_POINT('',(-3.212838049725,-8.888684220275,
    -4.770828528973));
#1767 = CARTESIAN_POINT('',(-4.748475001363,-8.25784695551,
    -4.812495151707));
#1768 = CARTESIAN_POINT('',(-6.142558933418,-7.330113647694,
    -4.854161817791));
#1769 = CARTESIAN_POINT('',(-7.330112188424,-6.142558752166,
    -4.895828546146));
#1770 = CARTESIAN_POINT('',(-8.257844931972,-4.748473169042,
    -4.937495270666));
#1771 = CARTESIAN_POINT('',(-8.888682696421,-3.212835821794,
    -4.979161929065));
#1772 = CARTESIAN_POINT('',(-9.519521686051,1.1944871895E-07,
    -5.06249520554));
#1773 = CARTESIAN_POINT('',(-8.888682641696,3.212836049947,
    -5.145828482014));
#1774 = CARTESIAN_POINT('',(-8.257844842934,4.74847338904,
    -5.187495140413));
#1775 = CARTESIAN_POINT('',(-7.330112032735,6.142558941017,
    -5.229161864933));
#1776 = CARTESIAN_POINT('',(-6.142558732146,7.330113782592,
    -5.270828593288));
#1777 = CARTESIAN_POINT('',(-4.748474791445,8.257847046724,
    -5.312495259372));
#1778 = CARTESIAN_POINT('',(-3.212837828325,8.888684295814,
    -5.354161882106));
#1779 = CARTESIAN_POINT('',(-5.5592891909E-07,9.519521041333,
    -5.437495178146));
#1780 = CARTESIAN_POINT('',(3.212837891759,8.888680530338,
    -5.520828557488));
#1781 = CARTESIAN_POINT('',(4.748476926554,8.257841426096,
    -5.562495278319));
#1782 = CARTESIAN_POINT('',(6.142559129614,7.330116650101,
    -5.604161905436));
#1783 = CARTESIAN_POINT('',(7.330112022166,6.142557125519,
    -5.645828587429));
#1784 = CARTESIAN_POINT('',(8.257845703049,4.748489578724,
    -5.687494606973));
#1785 = CARTESIAN_POINT('',(8.88868119537,3.212824585399,-5.729161685393
    ));
#1786 = CARTESIAN_POINT('',(9.204102029763,1.606418054965,
    -5.770829839975));
#1787 = CARTESIAN_POINT('',(9.20410247482,-1.3080912093E-07,
    -5.812494520618));
#1788 = CARTESIAN_POINT('',(10.016003388477,1.97237338E-09,
    -3.843750082623));
#1789 = CARTESIAN_POINT('',(10.016005026382,-1.748122481167,
    -3.885416789223));
#1790 = CARTESIAN_POINT('',(9.672758850324,-3.496232909654,
    -3.927083425977));
#1791 = CARTESIAN_POINT('',(8.986276470308,-5.167351290617,
    -3.968750084351));
#1792 = CARTESIAN_POINT('',(7.976710902788,-6.684400140182,
    -4.010416764048));
#1793 = CARTESIAN_POINT('',(6.684395935495,-7.976713041656,
    -4.052083430391));
#1794 = CARTESIAN_POINT('',(5.167343339547,-8.986273113434,
    -4.09375009786));
#1795 = CARTESIAN_POINT('',(3.496244722471,-9.672758690918,
    -4.135416763436));
#1796 = CARTESIAN_POINT('',(1.7488514019E-07,-10.35924602816,
    -4.218750095844));
#1797 = CARTESIAN_POINT('',(-3.496244713335,-9.67276269278,
    -4.302083429928));
#1798 = CARTESIAN_POINT('',(-5.167342349596,-8.986278670124,
    -4.343750097477));
#1799 = CARTESIAN_POINT('',(-6.684399804869,-7.976708612877,
    -4.385416764157));
#1800 = CARTESIAN_POINT('',(-7.976707670019,-6.684398611724,
    -4.427083429582));
#1801 = CARTESIAN_POINT('',(-8.986276171294,-5.167340306028,
    -4.468750095086));
#1802 = CARTESIAN_POINT('',(-9.672760819928,-3.496243130677,
    -4.510416761919));
#1803 = CARTESIAN_POINT('',(-10.35924676984,1.35900304E-09,
    -4.593750096395));
#1804 = CARTESIAN_POINT('',(-9.672760909668,3.496243151016,
    -4.677083430872));
#1805 = CARTESIAN_POINT('',(-8.986276275383,5.167340353057,
    -4.718750097704));
#1806 = CARTESIAN_POINT('',(-7.976707662881,6.684398630955,
    -4.760416763209));
#1807 = CARTESIAN_POINT('',(-6.684399742165,7.976708547251,
    -4.802083428634));
#1808 = CARTESIAN_POINT('',(-5.167342337845,8.986278573652,
    -4.843750095313));
#1809 = CARTESIAN_POINT('',(-3.49624471663,9.672762675889,
    -4.885416762863));
#1810 = CARTESIAN_POINT('',(1.7281755207E-07,10.359246072968,
    -4.968750096946));
#1811 = CARTESIAN_POINT('',(3.496244719176,9.672758661527,
    -5.052083429354));
#1812 = CARTESIAN_POINT('',(5.167343277091,8.986273042132,
    -5.093750094934));
#1813 = CARTESIAN_POINT('',(6.684396056606,7.976712817077,
    -5.135416762388));
#1814 = CARTESIAN_POINT('',(7.976710408074,6.684400396324,
    -5.177083428762));
#1815 = CARTESIAN_POINT('',(8.986277557203,5.167352011945,
    -5.218750108423));
#1816 = CARTESIAN_POINT('',(9.672759195496,3.496232271028,
    -5.260416766823));
#1817 = CARTESIAN_POINT('',(10.016002879954,1.748122485769,
    -5.302083403565));
#1818 = CARTESIAN_POINT('',(10.01600451797,2.62989304E-09,
    -5.343750110168));
#1819 = ADVANCED_FACE('',(#1820),#1997,.T.);
#1820 = FACE_BOUND('',#1821,.T.);
#1821 = EDGE_LOOP('',(#1822,#1823,#1900,#1908));
#1822 = ORIENTED_EDGE('',*,*,#1387,.F.);
#1823 = ORIENTED_EDGE('',*,*,#1824,.T.);
#1824 = EDGE_CURVE('',#1304,#1825,#1827,.T.);
#1825 = VERTEX_POINT('',#1826);
#1826 = CARTESIAN_POINT('',(10.,-5.819802055251E-13,-6.64700815759));
#1827 = B_SPLINE_CURVE_WITH_KNOTS('',8,(#1828,#1829,#1830,#1831,#1832,
    #1833,#1834,#1835,#1836,#1837,#1838,#1839,#1840,#1841,#1842,#1843,
    #1844,#1845,#1846,#1847,#1848,#1849,#1850,#1851,#1852,#1853,#1854,
    #1855,#1856,#1857,#1858,#1859,#1860,#1861,#1862,#1863,#1864,#1865,
    #1866,#1867,#1868,#1869,#1870,#1871,#1872,#1873,#1874,#1875,#1876,
    #1877,#1878,#1879,#1880,#1881,#1882,#1883,#1884,#1885,#1886,#1887,
    #1888,#1889,#1890,#1891,#1892,#1893,#1894,#1895,#1896,#1897,#1898,
    #1899),.UNSPECIFIED.,.F.,.F.,(9,7,7,7,7,7,7,7,7,7,9),(0.,
    4.992415835333E-02,0.122082318888,0.214640094732,0.318195017575,
    0.408852640646,0.546730747438,0.684652800984,0.789363939509,
    0.883031953854,1.),.UNSPECIFIED.);
#1828 = CARTESIAN_POINT('',(10.,-8.100187187665E-13,-5.147009005219));
#1829 = CARTESIAN_POINT('',(10.,-0.392038699845,-5.156367963038));
#1830 = CARTESIAN_POINT('',(9.982434929088,-0.784083929698,
    -5.165727257821));
#1831 = CARTESIAN_POINT('',(9.947303783206,-1.175207952647,
    -5.175086618931));
#1832 = CARTESIAN_POINT('',(9.894665479532,-1.56449207472,
    -5.184445959538));
#1833 = CARTESIAN_POINT('',(9.824635494498,-1.951026325594,
    -5.193805305121));
#1834 = CARTESIAN_POINT('',(9.737384722758,-2.333909491008,
    -5.203164705735));
#1835 = CARTESIAN_POINT('',(9.633140557111,-2.712249496848,
    -5.212524132034));
#1836 = CARTESIAN_POINT('',(9.337373901233,-3.624158410029,
    -5.235410760222));
#1837 = CARTESIAN_POINT('',(9.127640515375,-4.151870937313,
    -5.248939036633));
#1838 = CARTESIAN_POINT('',(8.883855603867,-4.665603999723,
    -5.262466779585));
#1839 = CARTESIAN_POINT('',(8.607125426419,-5.162799512027,
    -5.275993940009));
#1840 = CARTESIAN_POINT('',(8.298770059186,-5.641025303237,
    -5.289521124893));
#1841 = CARTESIAN_POINT('',(7.96031373689,-6.09797169593,-5.303048919983
    ));
#1842 = CARTESIAN_POINT('',(7.59349240827,-6.531458392449,
    -5.316577234759));
#1843 = CARTESIAN_POINT('',(6.695900288142,-7.462787488446,
    -5.34745640481));
#1844 = CARTESIAN_POINT('',(6.147952423956,-7.944327966353,
    -5.36481158381));
#1845 = CARTESIAN_POINT('',(5.560615164927,-8.379680443395,
    -5.382165430015));
#1846 = CARTESIAN_POINT('',(4.938477056157,-8.765137397273,
    -5.399517503208));
#1847 = CARTESIAN_POINT('',(4.286462193783,-9.09756710485,-5.41686954893
    ));
#1848 = CARTESIAN_POINT('',(3.60980034449,-9.374380370868,
    -5.434223332065));
#1849 = CARTESIAN_POINT('',(2.91403992597,-9.593573322238,
    -5.451578454682));
#1850 = CARTESIAN_POINT('',(1.411936335892,-9.933161861577,
    -5.488343484548));
#1851 = CARTESIAN_POINT('',(0.601864984504,-10.03881735949,
    -5.507762498609));
#1852 = CARTESIAN_POINT('',(-0.216772853683,-10.06885142303,
    -5.527178436844));
#1853 = CARTESIAN_POINT('',(-1.035722289176,-10.02259255902,
    -5.546591608232));
#1854 = CARTESIAN_POINT('',(-1.84682523147,-9.900403832498,
    -5.566004785098));
#1855 = CARTESIAN_POINT('',(-2.642021737552,-9.703598125944,
    -5.585420765259));
#1856 = CARTESIAN_POINT('',(-3.413368661938,-9.434520819404,
    -5.604839881787));
#1857 = CARTESIAN_POINT('',(-4.800712188504,-8.801134724234,
    -5.641248745778));
#1858 = CARTESIAN_POINT('',(-5.424378921155,-8.452729772621,
    -5.658247310122));
#1859 = CARTESIAN_POINT('',(-6.018916270515,-8.053913924574,
    -5.67524459891));
#1860 = CARTESIAN_POINT('',(-6.579598882785,-7.607582257314,
    -5.692240262511));
#1861 = CARTESIAN_POINT('',(-7.102096504942,-7.117099672443,
    -5.70923593528));
#1862 = CARTESIAN_POINT('',(-7.582455149843,-6.586266101255,
    -5.726233246676));
#1863 = CARTESIAN_POINT('',(-8.017128796893,-6.019340154837,
    -5.743231840769));
#1864 = CARTESIAN_POINT('',(-8.990013793427,-4.511310311391,
    -5.786075380636));
#1865 = CARTESIAN_POINT('',(-9.464940258736,-3.528012661102,
    -5.811947586494));
#1866 = CARTESIAN_POINT('',(-9.816111415266,-2.488601045039,
    -5.837805659222));
#1867 = CARTESIAN_POINT('',(-10.0364716925,-1.411406962203,
    -5.86365490619));
#1868 = CARTESIAN_POINT('',(-10.12174979219,-0.315216382455,
    -5.889504317876));
#1869 = CARTESIAN_POINT('',(-10.0708699357,0.780735139012,
    -5.915362544034));
#1870 = CARTESIAN_POINT('',(-9.885558231588,1.856880774634,
    -5.941234851546));
#1871 = CARTESIAN_POINT('',(-9.258938603476,3.930021769153,
    -5.99293898897));
#1872 = CARTESIAN_POINT('',(-8.816957419376,4.928949343611,
    -6.018819546894));
#1873 = CARTESIAN_POINT('',(-8.252003834134,5.869860391859,
    -6.044686093473));
#1874 = CARTESIAN_POINT('',(-7.57348937005,6.735492326731,-6.07054335554
    ));
#1875 = CARTESIAN_POINT('',(-6.792976949219,7.510412292991,
    -6.096400648683));
#1876 = CARTESIAN_POINT('',(-5.924444189558,8.181334920938,
    -6.122266917185));
#1877 = CARTESIAN_POINT('',(-4.983937137806,8.736897943293,
    -6.148147233856));
#1878 = CARTESIAN_POINT('',(-3.236922600667,9.497286411542,
    -6.193633444991));
#1879 = CARTESIAN_POINT('',(-2.451903334823,9.754692790655,
    -6.213269807477));
#1880 = CARTESIAN_POINT('',(-1.643903992669,9.937741110195,-6.2329031493
    ));
#1881 = CARTESIAN_POINT('',(-0.821184522426,10.044167107173,
    -6.252533820901));
#1882 = CARTESIAN_POINT('',(7.896064021083E-03,10.072787897331,
    -6.272164472949));
#1883 = CARTESIAN_POINT('',(0.834897812987,10.023413024919,
    -6.291797806471));
#1884 = CARTESIAN_POINT('',(1.651302911089,9.896934647562,
    -6.311434238699));
#1885 = CARTESIAN_POINT('',(3.161691519449,9.515499631682,
    -6.348624146377));
#1886 = CARTESIAN_POINT('',(3.85985203021,9.275412161585,-6.366187362824
    ));
#1887 = CARTESIAN_POINT('',(4.536909377687,8.976838330323,
    -6.383748893811));
#1888 = CARTESIAN_POINT('',(5.187169586373,8.62200816949,-6.401308389546
    ));
#1889 = CARTESIAN_POINT('',(5.80528986701,8.213755700169,-6.418867874413
    ));
#1890 = CARTESIAN_POINT('',(6.386263444822,7.755473401339,
    -6.436429387725));
#1891 = CARTESIAN_POINT('',(6.925452642248,7.251146962548,
    -6.453992610103));
#1892 = CARTESIAN_POINT('',(8.034576257798,6.024055954911,
    -6.493480378584));
#1893 = CARTESIAN_POINT('',(8.579254424498,5.277653737968,
    -6.515419258783));
#1894 = CARTESIAN_POINT('',(9.044197664316,4.475429690528,
    -6.537352597312));
#1895 = CARTESIAN_POINT('',(9.422966387865,3.6274536809,-6.5592814977));
#1896 = CARTESIAN_POINT('',(9.710578113133,2.744386028386,
    -6.581210245909));
#1897 = CARTESIAN_POINT('',(9.903580967413,1.837476255973,
    -6.603142566242));
#1898 = CARTESIAN_POINT('',(10.,0.918512865106,-6.625080923302));
#1899 = CARTESIAN_POINT('',(10.,-1.163513729807E-12,-6.64700815759));
#1900 = ORIENTED_EDGE('',*,*,#1901,.T.);
#1901 = EDGE_CURVE('',#1825,#1902,#1904,.T.);
#1902 = VERTEX_POINT('',#1903);
#1903 = CARTESIAN_POINT('',(10.,-4.628055031003E-13,-6.852990818934));
#1904 = LINE('',#1905,#1906);
#1905 = CARTESIAN_POINT('',(10.,0.,0.));
#1906 = VECTOR('',#1907,1.);
#1907 = DIRECTION('',(0.,-2.22044604925E-16,-1.));
#1908 = ORIENTED_EDGE('',*,*,#1909,.F.);
#1909 = EDGE_CURVE('',#1388,#1902,#1910,.T.);
#1910 = B_SPLINE_CURVE_WITH_KNOTS('',8,(#1911,#1912,#1913,#1914,#1915,
    #1916,#1917,#1918,#1919,#1920,#1921,#1922,#1923,#1924,#1925,#1926,
    #1927,#1928,#1929,#1930,#1931,#1932,#1933,#1934,#1935,#1936,#1937,
    #1938,#1939,#1940,#1941,#1942,#1943,#1944,#1945,#1946,#1947,#1948,
    #1949,#1950,#1951,#1952,#1953,#1954,#1955,#1956,#1957,#1958,#1959,
    #1960,#1961,#1962,#1963,#1964,#1965,#1966,#1967,#1968,#1969,#1970,
    #1971,#1972,#1973,#1974,#1975,#1976,#1977,#1978,#1979,#1980,#1981,
    #1982,#1983,#1984,#1985,#1986,#1987,#1988,#1989,#1990,#1991,#1992,
    #1993,#1994,#1995,#1996),.UNSPECIFIED.,.F.,.F.,(9,7,7,7,7,7,7,7,7,7,
    7,7,9),(0.,1.41861796303E-02,4.87695012707E-02,0.122194318105,
    0.234775483081,0.348632495463,0.461547474355,0.575541379246,
    0.684771515972,0.789183976341,0.882699729187,0.957509439623,1.),
  .UNSPECIFIED.);
#1911 = CARTESIAN_POINT('',(10.,-6.110667527537E-13,-5.352990176015));
#1912 = CARTESIAN_POINT('',(10.,-0.111405241254,-5.355649839589));
#1913 = CARTESIAN_POINT('',(9.998581585719,-0.222810483639,
    -5.358309492928));
#1914 = CARTESIAN_POINT('',(9.995744756801,-0.334194651254,
    -5.360969136624));
#1915 = CARTESIAN_POINT('',(9.991489888528,-0.445536679504,
    -5.363628771285));
#1916 = CARTESIAN_POINT('',(9.985817731824,-0.556815515097,
    -5.366288397535));
#1917 = CARTESIAN_POINT('',(9.97872941325,-0.668010116049,
    -5.368948016009));
#1918 = CARTESIAN_POINT('',(9.970226435009,-0.779099451682,
    -5.371607627361));
#1919 = CARTESIAN_POINT('',(9.936137858264,-1.16057020666,
    -5.380750864488));
#1920 = CARTESIAN_POINT('',(9.903568747586,-1.430328869187,
    -5.387234473631));
#1921 = CARTESIAN_POINT('',(9.862630731146,-1.699032803832,
    -5.393718070923));
#1922 = CARTESIAN_POINT('',(9.813364212424,-1.966378965287,
    -5.400201665499));
#1923 = CARTESIAN_POINT('',(9.755822610146,-2.232066949312,
    -5.406685264393));
#1924 = CARTESIAN_POINT('',(9.690072358281,-2.495798992729,
    -5.413168872534));
#1925 = CARTESIAN_POINT('',(9.616192906045,-2.757279973428,
    -5.41965249275));
#1926 = CARTESIAN_POINT('',(9.360358169152,-3.565974720433,
    -5.439901708241));
#1927 = CARTESIAN_POINT('',(9.150197887772,-4.104313761298,
    -5.453668434965));
#1928 = CARTESIAN_POINT('',(8.904687589524,-4.628382948237,
    -5.467434799772));
#1929 = CARTESIAN_POINT('',(8.624978511461,-5.135479925428,
    -5.481200631196));
#1930 = CARTESIAN_POINT('',(8.312451541617,-5.623036472024,
    -5.494966445681));
#1931 = CARTESIAN_POINT('',(7.968706492266,-6.088614759527,
    -5.508732778733));
#1932 = CARTESIAN_POINT('',(7.595570516758,-6.529914960437,-5.522499494)
  );
#1933 = CARTESIAN_POINT('',(6.581129621846,-7.580922305619,
    -5.557371620919));
#1934 = CARTESIAN_POINT('',(5.902599637466,-8.155279654944,
    -5.578486863326));
#1935 = CARTESIAN_POINT('',(5.167152308348,-8.659786079468,
    -5.599597186412));
#1936 = CARTESIAN_POINT('',(4.383300868825,-9.088039462986,
    -5.620703666496));
#1937 = CARTESIAN_POINT('',(3.560171911596,-9.434857354804,
    -5.641810267994));
#1938 = CARTESIAN_POINT('',(2.707502865104,-9.6963238719,-5.662920887814
    ));
#1939 = CARTESIAN_POINT('',(1.835603637153,-9.869762392567,
    -5.684036431781));
#1940 = CARTESIAN_POINT('',(6.550116704084E-02,-10.0396801137,
    -5.726489183048));
#1941 = CARTESIAN_POINT('',(-0.833659633624,-10.03420566306,
    -5.747844672141));
#1942 = CARTESIAN_POINT('',(-1.730510047755,-9.936580675979,
    -5.769195168861));
#1943 = CARTESIAN_POINT('',(-2.614052833128,-9.747519053905,
    -5.790541843201));
#1944 = CARTESIAN_POINT('',(-3.473636278005,-9.469115662408,
    -5.811887970777));
#1945 = CARTESIAN_POINT('',(-4.298989764119,-9.104886527194,
    -5.833238152244));
#1946 = CARTESIAN_POINT('',(-5.080234573168,-8.659716153035,
    -5.854593184053));
#1947 = CARTESIAN_POINT('',(-6.529925996945,-7.625375994838,
    -5.8971077621));
#1948 = CARTESIAN_POINT('',(-7.19987579131,-7.036983336011,
    -5.91828571793));
#1949 = CARTESIAN_POINT('',(-7.808740942025,-6.381619542756,
    -5.939458869666));
#1950 = CARTESIAN_POINT('',(-8.348870462426,-5.666832467405,
    -5.960628209164));
#1951 = CARTESIAN_POINT('',(-8.813742381095,-4.90096399697,
    -5.98179766607));
#1952 = CARTESIAN_POINT('',(-9.198012109564,-4.093155139508,
    -6.002971092355));
#1953 = CARTESIAN_POINT('',(-9.497489796211,-3.253302952516,
    -6.024149341776));
#1954 = CARTESIAN_POINT('',(-9.923785843586,-1.523110378959,
    -6.066690055799));
#1955 = CARTESIAN_POINT('',(-10.04911411353,-0.631605065646,
    -6.088070992385));
#1956 = CARTESIAN_POINT('',(-10.08271056439,0.271022480515,
    -6.109446851144));
#1957 = CARTESIAN_POINT('',(-10.02368240285,1.173747987284,
    -6.130818660645));
#1958 = CARTESIAN_POINT('',(-9.87255958217,2.065689427768,
    -6.152190546426));
#1959 = CARTESIAN_POINT('',(-9.631340522448,2.936136783502,
    -6.173566226585));
#1960 = CARTESIAN_POINT('',(-9.303440770411,3.774570246216,
    -6.194947051276));
#1961 = CARTESIAN_POINT('',(-8.502182356475,5.333732811627,
    -6.236796794877));
#1962 = CARTESIAN_POINT('',(-8.035162138483,6.058525374641,
    -6.257282820458));
#1963 = CARTESIAN_POINT('',(-7.497724241564,6.736124838991,
    -6.277764902254));
#1964 = CARTESIAN_POINT('',(-6.895575758798,7.358658591714,
    -6.298243737898));
#1965 = CARTESIAN_POINT('',(-6.235271448779,7.919131015046,
    -6.318722558071));
#1966 = CARTESIAN_POINT('',(-5.524217779148,8.4114552722,-6.339204675167
    ));
#1967 = CARTESIAN_POINT('',(-4.770640557609,8.830447263234,
    -6.359690756719));
#1968 = CARTESIAN_POINT('',(-3.231774421869,9.498840390137,
    -6.399744173603));
#1969 = CARTESIAN_POINT('',(-2.448846513863,9.755124207923,
    -6.419325285942));
#1970 = CARTESIAN_POINT('',(-1.643101227098,9.937459090248,
    -6.43890310168));
#1971 = CARTESIAN_POINT('',(-0.822729528919,10.043602440139,
    -6.458478056397));
#1972 = CARTESIAN_POINT('',(3.979542008702E-03,10.072380987138,
    -6.478053019153));
#1973 = CARTESIAN_POINT('',(0.828656595198,10.02360346265,
    -6.497630827557));
#1974 = CARTESIAN_POINT('',(1.642855022584,9.898149424407,
    -6.517211879577));
#1975 = CARTESIAN_POINT('',(3.150298117094,9.51918833551,-6.554319210509
    ));
#1976 = CARTESIAN_POINT('',(3.847640845452,9.280325593565,
    -6.571855023072));
#1977 = CARTESIAN_POINT('',(4.524019368839,8.983135616485,
    -6.589389420715));
#1978 = CARTESIAN_POINT('',(5.173763803097,8.629830498757,-6.60692198015
    ));
#1979 = CARTESIAN_POINT('',(5.791552375914,8.223223082603,-6.62445455619
    ));
#1980 = CARTESIAN_POINT('',(6.372396457402,7.766681826226,
    -6.641988985983));
#1981 = CARTESIAN_POINT('',(6.911673274289,7.264165293757,
    -6.659524808566));
#1982 = CARTESIAN_POINT('',(7.800017472657,6.28528986254,-6.691082210524
    ));
#1983 = CARTESIAN_POINT('',(8.165651946828,5.82369887711,-6.705108478293
    ));
#1984 = CARTESIAN_POINT('',(8.499976116926,5.337897931961,
    -6.719134129012));
#1985 = CARTESIAN_POINT('',(8.801137704735,4.830381852779,
    -6.733159057667));
#1986 = CARTESIAN_POINT('',(9.067534317135,4.303785507187,
    -6.747183965089));
#1987 = CARTESIAN_POINT('',(9.297803776819,3.76087559554,-6.761209574157
    ));
#1988 = CARTESIAN_POINT('',(9.490836233733,3.204554394919,
    -6.775235825359));
#1989 = CARTESIAN_POINT('',(9.73382924572,2.316012084377,-6.797227126252
    ));
#1990 = CARTESIAN_POINT('',(9.809576757936,1.99078905003,-6.805193314178
    ));
#1991 = CARTESIAN_POINT('',(9.872900332778,1.662756561767,
    -6.813159520321));
#1992 = CARTESIAN_POINT('',(9.923679705324,1.332469081986,
    -6.821125728367));
#1993 = CARTESIAN_POINT('',(9.961824611465,1.000485195165,-6.82909196168
    ));
#1994 = CARTESIAN_POINT('',(9.987274792544,0.667367476027,
    -6.837058244109));
#1995 = CARTESIAN_POINT('',(10.,0.333682357724,-6.845024560785));
#1996 = CARTESIAN_POINT('',(10.,-9.254819133275E-13,-6.852990818934));
#1997 = CYLINDRICAL_SURFACE('',#1998,10.);
#1998 = AXIS2_PLACEMENT_3D('',#1999,#2000,#2001);
#1999 = CARTESIAN_POINT('',(0.,0.,0.));
#2000 = DIRECTION('',(0.,-2.22044604925E-16,-1.));
#2001 = DIRECTION('',(1.,0.,0.));
#2002 = ADVANCED_FACE('',(#2003),#2096,.T.);
#2003 = FACE_BOUND('',#2004,.T.);
#2004 = EDGE_LOOP('',(#2005,#2006,#2007,#2091));
#2005 = ORIENTED_EDGE('',*,*,#1824,.F.);
#2006 = ORIENTED_EDGE('',*,*,#1571,.T.);
#2007 = ORIENTED_EDGE('',*,*,#2008,.T.);
#2008 = EDGE_CURVE('',#1488,#2009,#2011,.T.);
#2009 = VERTEX_POINT('',#2010);
#2010 = CARTESIAN_POINT('',(9.266,-7.539847E-08,-6.223224637894));
#2011 = B_SPLINE_CURVE_WITH_KNOTS('',8,(#2012,#2013,#2014,#2015,#2016,
    #2017,#2018,#2019,#2020,#2021,#2022,#2023,#2024,#2025,#2026,#2027,
    #2028,#2029,#2030,#2031,#2032,#2033,#2034,#2035,#2036,#2037,#2038,
    #2039,#2040,#2041,#2042,#2043,#2044,#2045,#2046,#2047,#2048,#2049,
    #2050,#2051,#2052,#2053,#2054,#2055,#2056,#2057,#2058,#2059,#2060,
    #2061,#2062,#2063,#2064,#2065,#2066,#2067,#2068,#2069,#2070,#2071,
    #2072,#2073,#2074,#2075,#2076,#2077,#2078,#2079,#2080,#2081,#2082,
    #2083,#2084,#2085,#2086,#2087,#2088,#2089,#2090),.UNSPECIFIED.,.F.,
  .F.,(9,7,7,7,7,7,7,7,7,7,7,9),(0.,2.058147116799E-02,0.122033705505,
    0.214918478166,0.317869519632,0.427850915834,0.556198941929,
    0.685725819811,0.790244571421,0.875139095838,0.959993374382,1.),
  .UNSPECIFIED.);
#2012 = CARTESIAN_POINT('',(9.266,-1.2063714117E-07,-4.723227169951));
#2013 = CARTESIAN_POINT('',(9.26599999805,-0.149761523129,
    -4.727085335457));
#2014 = CARTESIAN_POINT('',(9.263233694296,-0.299522973069,
    -4.730943569405));
#2015 = CARTESIAN_POINT('',(9.257701090018,-0.449224771965,
    -4.734801863716));
#2016 = CARTESIAN_POINT('',(9.249403726476,-0.598807310266,
    -4.738660210358));
#2017 = CARTESIAN_POINT('',(9.238344684911,-0.748211067359,
    -4.742518601348));
#2018 = CARTESIAN_POINT('',(9.224528586543,-0.897376611573,
    -4.746377028752));
#2019 = CARTESIAN_POINT('',(9.207961592574,-1.046244600175,
    -4.750235484679));
#2020 = CARTESIAN_POINT('',(9.093465703346,-1.926811852073,
    -4.773113547902));
#2021 = CARTESIAN_POINT('',(8.931598259726,-2.650404990569,
    -4.792138880271));
#2022 = CARTESIAN_POINT('',(8.703950056572,-3.358137078143,
    -4.811161638166));
#2023 = CARTESIAN_POINT('',(8.412423582584,-4.043054825875,
    -4.83018113617));
#2024 = CARTESIAN_POINT('',(8.059728707244,-4.698574733824,
    -4.849200455458));
#2025 = CARTESIAN_POINT('',(7.649313226805,-5.318467957536,
    -4.868222708633));
#2026 = CARTESIAN_POINT('',(7.185418080948,-5.896905079876,
    -4.887247437627));
#2027 = CARTESIAN_POINT('',(6.204347476027,-6.915319112666,
    -4.923680671105));
#2028 = CARTESIAN_POINT('',(5.694768325888,-7.363083473047,
    -4.94109767779));
#2029 = CARTESIAN_POINT('',(5.148434088675,-7.767738394469,
    -4.958513335026));
#2030 = CARTESIAN_POINT('',(4.569643191417,-8.125812490729,
    -4.975927205053));
#2031 = CARTESIAN_POINT('',(3.963009234284,-8.434375592775,
    -4.993341060607));
#2032 = CARTESIAN_POINT('',(3.333432535302,-8.691007553884,
    -5.01075668849));
#2033 = CARTESIAN_POINT('',(2.686112174703,-8.893838731538,
    -5.02817367816));
#2034 = CARTESIAN_POINT('',(1.295610953674,-9.205505734501,
    -5.064887880219));
#2035 = CARTESIAN_POINT('',(0.549268913878,-9.301856364735,
    -5.084193973721));
#2036 = CARTESIAN_POINT('',(-0.20483303007,-9.328944370743,
    -5.103497481683));
#2037 = CARTESIAN_POINT('',(-0.959184351937,-9.286164613218,
    -5.122797825277));
#2038 = CARTESIAN_POINT('',(-1.706353258259,-9.173849691587,
    -5.142098171177));
#2039 = CARTESIAN_POINT('',(-2.438996884215,-8.993193111124,
    -5.161401711568));
#2040 = CARTESIAN_POINT('',(-3.149886976811,-8.746322405098,
    -5.180707893978));
#2041 = CARTESIAN_POINT('',(-4.560592171786,-8.10556628083,
    -5.220627320963));
#2042 = CARTESIAN_POINT('',(-5.256845000852,-7.702562586907,
    -5.241254039784));
#2043 = CARTESIAN_POINT('',(-5.911956158302,-7.231371151481,
    -5.261876679308));
#2044 = CARTESIAN_POINT('',(-6.518232764515,-6.697033452591,
    -5.282495936933));
#2045 = CARTESIAN_POINT('',(-7.068777533777,-6.105435143687,
    -5.303115209941));
#2046 = CARTESIAN_POINT('',(-7.557520383756,-5.463311801726,
    -5.323737804583));
#2047 = CARTESIAN_POINT('',(-7.979213571895,-4.778216872272,
    -5.344364471821));
#2048 = CARTESIAN_POINT('',(-8.73885023529,-3.219234442282,
    -5.389045167045));
#2049 = CARTESIAN_POINT('',(-9.051519328473,-2.331956401206,
    -5.413124051262));
#2050 = CARTESIAN_POINT('',(-9.260746108565,-1.410771126055,
    -5.437193408198));
#2051 = CARTESIAN_POINT('',(-9.362667375669,-0.469822243468,
    -5.461256390644));
#2052 = CARTESIAN_POINT('',(-9.355455231215,0.476603035275,
    -5.485319150028));
#2053 = CARTESIAN_POINT('',(-9.23949823551,1.414106061524,
    -5.509388716583));
#2054 = CARTESIAN_POINT('',(-9.017223977952,2.328227975877,
    -5.533467785015));
#2055 = CARTESIAN_POINT('',(-8.368285066806,4.088872057279,
    -5.581812892727));
#2056 = CARTESIAN_POINT('',(-7.939290527527,4.935975015716,
    -5.606113684399));
#2057 = CARTESIAN_POINT('',(-7.412505379928,5.730780591196,
    -5.630404465683));
#2058 = CARTESIAN_POINT('',(-6.795706311502,6.460378161631,
    -5.654688134075));
#2059 = CARTESIAN_POINT('',(-6.098227177331,7.113276929323,
    -5.678971830868));
#2060 = CARTESIAN_POINT('',(-5.331072122739,7.679573833585,
    -5.703262440598));
#2061 = CARTESIAN_POINT('',(-4.506742348531,8.15084918252,-5.72756306383
    ));
#2062 = CARTESIAN_POINT('',(-2.940615699082,8.819860757636,
    -5.771440672498));
#2063 = CARTESIAN_POINT('',(-2.212980829635,9.053111306382,
    -5.791041474333));
#2064 = CARTESIAN_POINT('',(-1.464583720486,9.217574336406,
    -5.810639297046));
#2065 = CARTESIAN_POINT('',(-0.703049717207,9.311212668249,
    -5.830234460146));
#2066 = CARTESIAN_POINT('',(6.391062948641E-02,9.332984387275,
    -5.849829606934));
#2067 = CARTESIAN_POINT('',(0.82851773586,9.28276181229,-5.869427421483)
  );
#2068 = CARTESIAN_POINT('',(1.582926809568,9.161414039181,
    -5.889028276602));
#2069 = CARTESIAN_POINT('',(2.9173229287,8.816438083818,-5.924538405004)
  );
#2070 = CARTESIAN_POINT('',(3.503697436527,8.616231702466,
    -5.940455998902));
#2071 = CARTESIAN_POINT('',(4.074194739711,8.371494507103,-5.95637252901
    ));
#2072 = CARTESIAN_POINT('',(4.624880337187,8.083733728733,
    -5.972287783689));
#2073 = CARTESIAN_POINT('',(5.152032787319,7.754839855439,
    -5.988203010751));
#2074 = CARTESIAN_POINT('',(5.652136370321,7.387062941776,
    -6.004119469941));
#2075 = CARTESIAN_POINT('',(6.121897788475,6.983030935976,
    -6.020036979799));
#2076 = CARTESIAN_POINT('',(6.994469141234,6.108796386863,
    -6.051860392972));
#2077 = CARTESIAN_POINT('',(7.397430339824,5.638505447513,
    -6.067770587572));
#2078 = CARTESIAN_POINT('',(7.764114617138,5.137968764261,
    -6.083679973004));
#2079 = CARTESIAN_POINT('',(8.091903892023,4.610479731598,
    -6.099588308462));
#2080 = CARTESIAN_POINT('',(8.378557631676,4.059553072679,
    -6.115496729473));
#2081 = CARTESIAN_POINT('',(8.622194551729,3.488908235991,
    -6.131406322041));
#2082 = CARTESIAN_POINT('',(8.821316269709,2.902476697146,
    -6.147316723479));
#2083 = CARTESIAN_POINT('',(9.047270947651,2.022470911584,
    -6.170724978205));
#2084 = CARTESIAN_POINT('',(9.109545510309,1.737907261353,
    -6.178225208044));
#2085 = CARTESIAN_POINT('',(9.161587145206,1.451169061864,-6.18572535236
    ));
#2086 = CARTESIAN_POINT('',(9.203308239953,1.162686096395,
    -6.193225398559));
#2087 = CARTESIAN_POINT('',(9.23464303426,0.872890995138,-6.20072536705)
  );
#2088 = CARTESIAN_POINT('',(9.255547629789,0.582219145569,
    -6.208225269749));
#2089 = CARTESIAN_POINT('',(9.266,0.291108602811,-6.215725068585));
#2090 = CARTESIAN_POINT('',(9.266,0.,-6.223224634009));
#2091 = ORIENTED_EDGE('',*,*,#2092,.F.);
#2092 = EDGE_CURVE('',#1825,#2009,#2093,.T.);
#2093 = B_SPLINE_CURVE_WITH_KNOTS('',1,(#2094,#2095),.UNSPECIFIED.,.F.,
  .F.,(2,2),(0.,0.9375),.PIECEWISE_BEZIER_KNOTS.);
#2094 = CARTESIAN_POINT('',(10.016007261022,3.28743065E-09,
    -6.656250137722));
#2095 = CARTESIAN_POINT('',(9.204112478905,-1.6351134915E-07,
    -6.187493150817));
#2096 = B_SPLINE_SURFACE_WITH_KNOTS('',1,9,(
    (#2097,#2098,#2099,#2100,#2101,#2102,#2103,#2104,#2105,#2106,#2107
      ,#2108,#2109,#2110,#2111,#2112,#2113,#2114,#2115,#2116,#2117,#2118
      ,#2119,#2120,#2121,#2122,#2123,#2124,#2125,#2126,#2127)
    ,(#2128,#2129,#2130,#2131,#2132,#2133,#2134,#2135,#2136,#2137,#2138
      ,#2139,#2140,#2141,#2142,#2143,#2144,#2145,#2146,#2147,#2148,#2149
      ,#2150,#2151,#2152,#2153,#2154,#2155,#2156,#2157,#2158
  )),.UNSPECIFIED.,.F.,.F.,.F.,(2,2),(10,7,7,7,10),(0.,0.9375),(0.,
    1.614938419963,3.229876839926,4.844815259889,6.459753679852),
  .UNSPECIFIED.);
#2097 = CARTESIAN_POINT('',(10.016005808818,2.62982169E-09,
    -5.156250110172));
#2098 = CARTESIAN_POINT('',(10.016007914709,-1.748122931103,
    -5.197916816779));
#2099 = CARTESIAN_POINT('',(9.672761294234,-3.49623390207,
    -5.239583453529));
#2100 = CARTESIAN_POINT('',(8.986278631313,-5.167352519472,
    -5.281250111898));
#2101 = CARTESIAN_POINT('',(7.976713029524,-6.68440182655,
    -5.322916791602));
#2102 = CARTESIAN_POINT('',(6.684397641133,-7.976715129793,
    -5.364583457941));
#2103 = CARTESIAN_POINT('',(5.167344680386,-8.986275439897,
    -5.406250125412));
#2104 = CARTESIAN_POINT('',(3.496245624123,-9.672761188338,
    -5.447916790988));
#2105 = CARTESIAN_POINT('',(1.7518342085E-07,-10.35924869193,
    -5.531250123396));
#2106 = CARTESIAN_POINT('',(-3.496245614045,-9.672765188415,
    -5.614583457479));
#2107 = CARTESIAN_POINT('',(-5.167343683195,-8.986281000183,
    -5.656250125029));
#2108 = CARTESIAN_POINT('',(-6.684401536778,-7.976710678302,
    -5.697916791708));
#2109 = CARTESIAN_POINT('',(-7.976709727092,-6.684400331927,
    -5.739583457133));
#2110 = CARTESIAN_POINT('',(-8.9862784727,-5.167341631227,
    -5.781250122637));
#2111 = CARTESIAN_POINT('',(-9.67276330033,-3.496244028954,
    -5.82291678947));
#2112 = CARTESIAN_POINT('',(-10.35924944,1.74734637E-09,-5.906250123947)
  );
#2113 = CARTESIAN_POINT('',(-9.67276341571,3.496244055103,
    -5.989583458423));
#2114 = CARTESIAN_POINT('',(-8.986278606529,5.167341691695,
    -6.031250125257));
#2115 = CARTESIAN_POINT('',(-7.976709717913,6.684400356649,
    -6.072916790759));
#2116 = CARTESIAN_POINT('',(-6.684401456161,7.976710593928,
    -6.114583456186));
#2117 = CARTESIAN_POINT('',(-5.167343668086,8.986280876145,
    -6.156250122864));
#2118 = CARTESIAN_POINT('',(-3.496245618281,9.672765166699,
    -6.197916790414));
#2119 = CARTESIAN_POINT('',(1.7252467237E-07,10.359248749537,
    -6.281250124497));
#2120 = CARTESIAN_POINT('',(3.496245619887,9.67276115055,-6.364583456906
    ));
#2121 = CARTESIAN_POINT('',(5.167344600086,8.986275348221,
    -6.406250122484));
#2122 = CARTESIAN_POINT('',(6.684397796847,7.976714841052,
    -6.447916789939));
#2123 = CARTESIAN_POINT('',(7.976712393465,6.684402155872,
    -6.489583456315));
#2124 = CARTESIAN_POINT('',(8.986280028748,5.167353446898,
    -6.531250135974));
#2125 = CARTESIAN_POINT('',(9.672761738027,3.496233080979,
    -6.572916794376));
#2126 = CARTESIAN_POINT('',(10.016005155016,1.74812293702,
    -6.614583431112));
#2127 = CARTESIAN_POINT('',(10.016007261022,3.28743065E-09,
    -6.656250137722));
#2128 = CARTESIAN_POINT('',(9.204110219911,-1.3080901429E-07,
    -4.687494520645));
#2129 = CARTESIAN_POINT('',(9.20411347221,-1.606419893663,
    -4.729159201307));
#2130 = CARTESIAN_POINT('',(8.888689434015,-3.212828727143,
    -4.770827355885));
#2131 = CARTESIAN_POINT('',(8.25785243017,-4.748493655451,
    -4.812494434271));
#2132 = CARTESIAN_POINT('',(7.330119605681,-6.142563075693,
    -4.854160453864));
#2133 = CARTESIAN_POINT('',(6.142564808959,-7.330124281073,
    -4.895827135822));
#2134 = CARTESIAN_POINT('',(4.748481420208,-8.257849752248,
    -4.937493762955));
#2135 = CARTESIAN_POINT('',(3.212840791932,-8.888689383376,
    -4.979160483783));
#2136 = CARTESIAN_POINT('',(-8.2958001838E-07,-9.519530335735,
    -5.062493863124));
#2137 = CARTESIAN_POINT('',(-3.212841236429,-8.888692948254,
    -5.145827159164));
#2138 = CARTESIAN_POINT('',(-4.748479706043,-8.257855126275,
    -5.187493781899));
#2139 = CARTESIAN_POINT('',(-6.142565046693,-7.330120875675,
    -5.229160447982));
#2140 = CARTESIAN_POINT('',(-7.330119415197,-6.142564736831,
    -5.270827176338));
#2141 = CARTESIAN_POINT('',(-8.257852968636,-4.748477757574,
    -5.312493900857));
#2142 = CARTESIAN_POINT('',(-8.888691358583,-3.212838923112,
    -5.354160559256));
#2143 = CARTESIAN_POINT('',(-9.519531031656,1.5968144711E-07,
    -5.437493835731));
#2144 = CARTESIAN_POINT('',(-8.888691432115,3.212839256913,
    -5.520827112206));
#2145 = CARTESIAN_POINT('',(-8.257853020224,4.748478123955,
    -5.562493770606));
#2146 = CARTESIAN_POINT('',(-7.330119198354,6.142565017014,
    -5.604160495123));
#2147 = CARTESIAN_POINT('',(-6.142564679561,7.33012094699,-5.64582722348
    ));
#2148 = CARTESIAN_POINT('',(-4.74847941022,8.257855089918,
    -5.687493889562));
#2149 = CARTESIAN_POINT('',(-3.212840949895,8.888693020422,
    -5.729160512298));
#2150 = CARTESIAN_POINT('',(-5.1978902611E-07,9.51953042534,
    -5.812493808338));
#2151 = CARTESIAN_POINT('',(3.212841078465,8.888689218644,
    -5.895827187679));
#2152 = CARTESIAN_POINT('',(4.748481567616,8.25784945305,-5.937493908512
    ));
#2153 = CARTESIAN_POINT('',(6.142565292909,7.330123629356,
    -5.979160535617));
#2154 = CARTESIAN_POINT('',(7.330118818814,6.142563346245,
    -6.020827217636));
#2155 = CARTESIAN_POINT('',(8.25785476056,4.7484948258,-6.062493237157)
  );
#2156 = CARTESIAN_POINT('',(8.888690230312,3.212827156761,
    -6.104160315595));
#2157 = CARTESIAN_POINT('',(9.204109232309,1.606419599341,-6.14582847015
    ));
#2158 = CARTESIAN_POINT('',(9.204112478905,-1.6351134915E-07,
    -6.187493150817));
#2159 = ADVANCED_FACE('',(#2160),#2171,.T.);
#2160 = FACE_BOUND('',#2161,.F.);
#2161 = EDGE_LOOP('',(#2162,#2163,#2164,#2165));
#2162 = ORIENTED_EDGE('',*,*,#1659,.F.);
#2163 = ORIENTED_EDGE('',*,*,#1645,.T.);
#2164 = ORIENTED_EDGE('',*,*,#2008,.T.);
#2165 = ORIENTED_EDGE('',*,*,#2166,.F.);
#2166 = EDGE_CURVE('',#1660,#2009,#2167,.T.);
#2167 = LINE('',#2168,#2169);
#2168 = CARTESIAN_POINT('',(9.266,0.,0.));
#2169 = VECTOR('',#2170,1.);
#2170 = DIRECTION('',(-7.E-17,0.,-1.));
#2171 = CYLINDRICAL_SURFACE('',#2172,9.266);
#2172 = AXIS2_PLACEMENT_3D('',#2173,#2174,#2175);
#2173 = CARTESIAN_POINT('',(0.,0.,0.));
#2174 = DIRECTION('',(-0.,-0.,-1.));
#2175 = DIRECTION('',(1.,0.,0.));
#2176 = ADVANCED_FACE('',(#2177),#2263,.T.);
#2177 = FACE_BOUND('',#2178,.T.);
#2178 = EDGE_LOOP('',(#2179,#2256,#2257,#2258));
#2179 = ORIENTED_EDGE('',*,*,#2180,.F.);
#2180 = EDGE_CURVE('',#1660,#2181,#2183,.T.);
#2181 = VERTEX_POINT('',#2182);
#2182 = CARTESIAN_POINT('',(9.266,-7.5397858E-08,-7.276757494492));
#2183 = B_SPLINE_CURVE_WITH_KNOTS('',8,(#2184,#2185,#2186,#2187,#2188,
    #2189,#2190,#2191,#2192,#2193,#2194,#2195,#2196,#2197,#2198,#2199,
    #2200,#2201,#2202,#2203,#2204,#2205,#2206,#2207,#2208,#2209,#2210,
    #2211,#2212,#2213,#2214,#2215,#2216,#2217,#2218,#2219,#2220,#2221,
    #2222,#2223,#2224,#2225,#2226,#2227,#2228,#2229,#2230,#2231,#2232,
    #2233,#2234,#2235,#2236,#2237,#2238,#2239,#2240,#2241,#2242,#2243,
    #2244,#2245,#2246,#2247,#2248,#2249,#2250,#2251,#2252,#2253,#2254,
    #2255),.UNSPECIFIED.,.F.,.F.,(9,7,7,7,7,7,7,7,7,7,9),(0.,
    4.786677424734E-02,0.120878311077,0.213580387234,0.317653836453,
    0.409289786438,0.547121335158,0.684597168354,0.789350446032,
    0.957330159698,1.),.UNSPECIFIED.);
#2184 = CARTESIAN_POINT('',(9.266,-1.2063614463E-07,-5.776758535971));
#2185 = CARTESIAN_POINT('',(9.265999995466,-0.348259243282,
    -5.785730882237));
#2186 = CARTESIAN_POINT('',(9.251040916768,-0.696523048826,
    -5.794703435577));
#2187 = CARTESIAN_POINT('',(9.221122072994,-1.044034921667,
    -5.803675965787));
#2188 = CARTESIAN_POINT('',(9.176289481446,-1.390044909487,
    -5.812648462336));
#2189 = CARTESIAN_POINT('',(9.116633485323,-1.733809527578,
    -5.821621011196));
#2190 = CARTESIAN_POINT('',(9.042287959493,-2.074591810664,
    -5.830593689008));
#2191 = CARTESIAN_POINT('',(8.953431104343,-2.411661612235,
    -5.839566474595));
#2192 = CARTESIAN_POINT('',(8.692962642183,-3.251666018831,
    -5.862225306878));
#2193 = CARTESIAN_POINT('',(8.502383768253,-3.748766578618,
    -5.875912566596));
#2194 = CARTESIAN_POINT('',(8.279348301478,-4.232997436382,
    -5.889599460542));
#2195 = CARTESIAN_POINT('',(8.024888920176,-4.701891344143,
    -5.903285812243));
#2196 = CARTESIAN_POINT('',(7.740247147521,-5.153100976983,
    -5.916972124768));
#2197 = CARTESIAN_POINT('',(7.426863728345,-5.58439573748,
    -5.930658923573));
#2198 = CARTESIAN_POINT('',(7.086386120687,-5.993668587873,
    -5.944346082594));
#2199 = CARTESIAN_POINT('',(6.256376042962,-6.868144866777,
    -5.975409186548));
#2200 = CARTESIAN_POINT('',(5.751273706839,-7.318806502514,
    -5.992789414886));
#2201 = CARTESIAN_POINT('',(5.209245109079,-7.726820130823,
    -6.010168037534));
#2202 = CARTESIAN_POINT('',(4.634534880955,-8.088703435526,
    -6.027544753216));
#2203 = CARTESIAN_POINT('',(4.03170451997,-8.401508355468,
    -6.044921490762));
#2204 = CARTESIAN_POINT('',(3.405604070459,-8.662790475003,
    -6.062300166729));
#2205 = CARTESIAN_POINT('',(2.761384234455,-8.870648920105,
    -6.079680450362));
#2206 = CARTESIAN_POINT('',(1.367142370042,-9.195815506999,
    -6.11656619525));
#2207 = CARTESIAN_POINT('',(0.613448554634,-9.298978576598,
    -6.136080996382));
#2208 = CARTESIAN_POINT('',(-0.148703462658,-9.331427243067,
    -6.155592790282));
#2209 = CARTESIAN_POINT('',(-0.911554567621,-9.29248322469,
    -6.175102001303));
#2210 = CARTESIAN_POINT('',(-1.667431714337,-9.182446210049,
    -6.194611214535));
#2211 = CARTESIAN_POINT('',(-2.408749936117,-9.002513290398,
    -6.214122981194));
#2212 = CARTESIAN_POINT('',(-3.128029906583,-8.754857515394,
    -6.233637687035));
#2213 = CARTESIAN_POINT('',(-4.425439980375,-8.168153597599,
    -6.270323552446));
#2214 = CARTESIAN_POINT('',(-5.01044258005,-7.843439563432,
    -6.287503833494));
#2215 = CARTESIAN_POINT('',(-5.567992238672,-7.470934337371,
    -6.304682668404));
#2216 = CARTESIAN_POINT('',(-6.093561835846,-7.053398053538,
    -6.321859729169));
#2217 = CARTESIAN_POINT('',(-6.583005532457,-6.594045462381,
    -6.339036781263));
#2218 = CARTESIAN_POINT('',(-7.032540531802,-6.096511517833,
    -6.356215594295));
#2219 = CARTESIAN_POINT('',(-7.438778462359,-5.564874418868,
    -6.373395845294));
#2220 = CARTESIAN_POINT('',(-8.340331905532,-4.159716233402,
    -6.416409554272));
#2221 = CARTESIAN_POINT('',(-8.777973041338,-3.247925345651,
    -6.442270405439));
#2222 = CARTESIAN_POINT('',(-9.100920164693,-2.284462820916,
    -6.468117615597));
#2223 = CARTESIAN_POINT('',(-9.302681849466,-1.286308170739,
    -6.493955797238));
#2224 = CARTESIAN_POINT('',(-9.37934724173,-0.270856123131,
    -6.519793752877));
#2225 = CARTESIAN_POINT('',(-9.329960327708,0.744089967462,
    -6.545640851463));
#2226 = CARTESIAN_POINT('',(-9.156161382752,1.740426359312,
    -6.571501610689));
#2227 = CARTESIAN_POINT('',(-8.572564289185,3.656546565129,
    -6.623108039491));
#2228 = CARTESIAN_POINT('',(-8.162832855365,4.578305836582,
    -6.64890180331));
#2229 = CARTESIAN_POINT('',(-7.640013486545,5.446491607156,
    -6.674682001701));
#2230 = CARTESIAN_POINT('',(-7.012756583264,6.245277161491,
    -6.700453648163));
#2231 = CARTESIAN_POINT('',(-6.291685202148,6.960515397829,
    -6.726225293993));
#2232 = CARTESIAN_POINT('',(-5.489626160287,7.580021730085,
    -6.752005782445));
#2233 = CARTESIAN_POINT('',(-4.621302376794,8.093377252492,
    -6.777799787606));
#2234 = CARTESIAN_POINT('',(-3.005915740646,8.797959221755,
    -6.823205799739));
#2235 = CARTESIAN_POINT('',(-2.278471079459,9.037086515013,
    -6.842847952637));
#2236 = CARTESIAN_POINT('',(-1.52966880409,9.207287283392,
    -6.862486770272));
#2237 = CARTESIAN_POINT('',(-0.767168118538,9.306455801384,
    -6.882122694968));
#2238 = CARTESIAN_POINT('',(1.27892640494E-03,9.333489382554,
    -6.90175862986));
#2239 = CARTESIAN_POINT('',(0.76784438465,9.28820641005,-6.921397446505)
  );
#2240 = CARTESIAN_POINT('',(1.524627669282,9.171429900083,-6.94103954868
    ));
#2241 = CARTESIAN_POINT('',(3.44879625825,8.686668743703,-6.992163592924
    ));
#2242 = CARTESIAN_POINT('',(4.591372610826,8.208832012125,-7.02371714249
    ));
#2243 = CARTESIAN_POINT('',(5.655605541822,7.559389944967,-7.05523030666
    ));
#2244 = CARTESIAN_POINT('',(6.612813614997,6.75475668902,-7.086724455045
    ));
#2245 = CARTESIAN_POINT('',(7.437591387622,5.814850461366,
    -7.118217675512));
#2246 = CARTESIAN_POINT('',(8.109485430756,4.764647938315,-7.14972860514
    ));
#2247 = CARTESIAN_POINT('',(8.611476450353,3.63247617127,-7.181281406492
    ));
#2248 = CARTESIAN_POINT('',(9.017362819114,2.154600166287,
    -7.220767971679));
#2249 = CARTESIAN_POINT('',(9.088118286371,1.852086116908,
    -7.228766592977));
#2250 = CARTESIAN_POINT('',(9.147270127317,1.54693712165,-7.23676520795)
  );
#2251 = CARTESIAN_POINT('',(9.194705099031,1.23967310453,-7.244763787144
    ));
#2252 = CARTESIAN_POINT('',(9.230338195257,0.930817917899,
    -7.252762335019));
#2253 = CARTESIAN_POINT('',(9.254112659814,0.620899209615,
    -7.260760849312));
#2254 = CARTESIAN_POINT('',(9.266,0.310448290198,-7.26875928039));
#2255 = CARTESIAN_POINT('',(9.266,-1.78E-15,-7.276757490607));
#2256 = ORIENTED_EDGE('',*,*,#1752,.T.);
#2257 = ORIENTED_EDGE('',*,*,#1909,.T.);
#2258 = ORIENTED_EDGE('',*,*,#2259,.F.);
#2259 = EDGE_CURVE('',#2181,#1902,#2260,.T.);
#2260 = B_SPLINE_CURVE_WITH_KNOTS('',1,(#2261,#2262),.UNSPECIFIED.,.F.,
  .F.,(2,2),(0.,0.9375),.PIECEWISE_BEZIER_KNOTS.);
#2261 = CARTESIAN_POINT('',(9.204102797542,-1.6351203216E-07,
    -7.312493150775));
#2262 = CARTESIAN_POINT('',(10.016005647461,3.28731608E-09,
    -6.843750137715));
#2263 = B_SPLINE_SURFACE_WITH_KNOTS('',1,9,(
    (#2264,#2265,#2266,#2267,#2268,#2269,#2270,#2271,#2272,#2273,#2274
      ,#2275,#2276,#2277,#2278,#2279,#2280,#2281,#2282,#2283,#2284,#2285
      ,#2286,#2287,#2288,#2289,#2290,#2291,#2292,#2293,#2294)
    ,(#2295,#2296,#2297,#2298,#2299,#2300,#2301,#2302,#2303,#2304,#2305
      ,#2306,#2307,#2308,#2309,#2310,#2311,#2312,#2313,#2314,#2315,#2316
      ,#2317,#2318,#2319,#2320,#2321,#2322,#2323,#2324,#2325
  )),.UNSPECIFIED.,.F.,.F.,.F.,(2,2),(10,7,7,7,10),(0.,0.9375),(0.,
    1.614938419963,3.229876839926,4.844815259889,6.459753679852),
  .UNSPECIFIED.);
#2264 = CARTESIAN_POINT('',(9.20410247482,-1.3080922656E-07,
    -5.812494520618));
#2265 = CARTESIAN_POINT('',(9.204102919876,-1.60641837291,
    -5.854159201261));
#2266 = CARTESIAN_POINT('',(8.888681316627,-3.212825134443,
    -5.895827355845));
#2267 = CARTESIAN_POINT('',(8.257845546394,-4.748489775021,
    -5.937494434259));
#2268 = CARTESIAN_POINT('',(7.330112245056,-6.142557477106,
    -5.979160453813));
#2269 = CARTESIAN_POINT('',(6.142559100984,-7.330117146758,
    -6.020827135798));
#2270 = CARTESIAN_POINT('',(4.748476874991,-8.25784187166,
    -6.062493762918));
#2271 = CARTESIAN_POINT('',(3.212837751429,-8.888680942179,
    -6.104160483749));
#2272 = CARTESIAN_POINT('',(-8.2728186255E-07,-9.519521362313,
    -6.18749386309));
#2273 = CARTESIAN_POINT('',(-3.212838193958,-8.888684520521,
    -6.27082715913));
#2274 = CARTESIAN_POINT('',(-4.748475197199,-8.257847228182,
    -6.312493781865));
#2275 = CARTESIAN_POINT('',(-6.142559174837,-7.330113882882,
    -6.354160447948));
#2276 = CARTESIAN_POINT('',(-7.330112467262,-6.142558941497,
    -6.395827176304));
#2277 = CARTESIAN_POINT('',(-8.257845238386,-4.748473306195,
    -6.437493900824));
#2278 = CARTESIAN_POINT('',(-8.888683019497,-3.212835902864,
    -6.479160559223));
#2279 = CARTESIAN_POINT('',(-9.519522019831,1.5327198522E-07,
    -6.562493835697));
#2280 = CARTESIAN_POINT('',(-8.888682941942,3.21283619418,
    -6.645827112172));
#2281 = CARTESIAN_POINT('',(-8.257845115606,4.748473584875,
    -6.687493770571));
#2282 = CARTESIAN_POINT('',(-7.330112267923,6.142559182435,
    -6.72916049509));
#2283 = CARTESIAN_POINT('',(-6.142558921478,7.330114061431,
    -6.770827223447));
#2284 = CARTESIAN_POINT('',(-4.748474928599,8.257847353138,
    -6.812493889529));
#2285 = CARTESIAN_POINT('',(-3.212837909394,8.888684618891,
    -6.854160512264));
#2286 = CARTESIAN_POINT('',(-5.2210540098E-07,9.519521375114,
    -6.937493808304));
#2287 = CARTESIAN_POINT('',(3.212838035992,8.888680830585,
    -7.020827187646));
#2288 = CARTESIAN_POINT('',(4.748477122388,8.257841698766,
    -7.062493908476));
#2289 = CARTESIAN_POINT('',(6.142559371031,7.330116885293,
    -7.104160535594));
#2290 = CARTESIAN_POINT('',(7.330112301007,6.142557314847,
    -7.145827217586));
#2291 = CARTESIAN_POINT('',(8.257846009463,4.74848971588,-7.187493237132
    ));
#2292 = CARTESIAN_POINT('',(8.888681518447,3.212824666468,
    -7.229160315551));
#2293 = CARTESIAN_POINT('',(9.204102358189,1.606418078588,
    -7.270828470133));
#2294 = CARTESIAN_POINT('',(9.204102797542,-1.6351203216E-07,
    -7.312493150775));
#2295 = CARTESIAN_POINT('',(10.01600451797,2.62978705E-09,
    -5.343750110168));
#2296 = CARTESIAN_POINT('',(10.016006155986,-1.748122677644,
    -5.385416816771));
#2297 = CARTESIAN_POINT('',(9.672759941336,-3.496233303287,
    -5.427083453522));
#2298 = CARTESIAN_POINT('',(8.986277484017,-5.167351872734,
    -5.468750111896));
#2299 = CARTESIAN_POINT('',(7.976711802753,-6.684400893453,
    -5.510416791593));
#2300 = CARTESIAN_POINT('',(6.684396689805,-7.97671394074,
    -5.552083457937));
#2301 = CARTESIAN_POINT('',(5.16734392285,-8.986274126465,
    -5.593750125406));
#2302 = CARTESIAN_POINT('',(3.496245117373,-9.672759781472,
    -5.635416790982));
#2303 = CARTESIAN_POINT('',(1.7556642896E-07,-10.35924719636,
    -5.71875012339));
#2304 = CARTESIAN_POINT('',(-3.496245106966,-9.672763783793,
    -5.802083457474));
#2305 = CARTESIAN_POINT('',(-5.167342931721,-8.986279683834,
    -5.843750125023));
#2306 = CARTESIAN_POINT('',(-6.684400558136,-7.976709512837,
    -5.885416791703));
#2307 = CARTESIAN_POINT('',(-7.976708569103,-6.684399366038,
    -5.927083457128));
#2308 = CARTESIAN_POINT('',(-8.986277184325,-5.167340889331,
    -5.968750122632));
#2309 = CARTESIAN_POINT('',(-9.672761910482,-3.496243525579,
    -6.010416789464));
#2310 = CARTESIAN_POINT('',(-10.35924793803,6.7907225E-10,
    -6.093750123941));
#2311 = CARTESIAN_POINT('',(-9.672762000682,3.496243544648,
    -6.177083458418));
#2312 = CARTESIAN_POINT('',(-8.986277289092,5.167340935182,
    -6.218750125251));
#2313 = CARTESIAN_POINT('',(-7.976708562841,6.684399384219,
    -6.260416790753));
#2314 = CARTESIAN_POINT('',(-6.68440049648,7.976709446335,
    -6.302083456181));
#2315 = CARTESIAN_POINT('',(-5.167342921149,8.986279586681,
    -6.343750122858));
#2316 = CARTESIAN_POINT('',(-3.496245111531,9.672763766443,
    -6.385416790409));
#2317 = CARTESIAN_POINT('',(1.7213857285E-07,10.359247241166,
    -6.468750124492));
#2318 = CARTESIAN_POINT('',(3.496245112808,9.67275975254,-6.5520834569)
  );
#2319 = CARTESIAN_POINT('',(5.167343859214,8.98627405584,-6.593750122479
    ));
#2320 = CARTESIAN_POINT('',(6.684396809867,7.976713717041,
    -6.635416789935));
#2321 = CARTESIAN_POINT('',(7.976711307164,6.68440115064,-6.677083456307
    ));
#2322 = CARTESIAN_POINT('',(8.986278570232,5.167352595244,-6.71875013597
    ));
#2323 = CARTESIAN_POINT('',(9.672760286049,3.49623266593,-6.760416794369
    ));
#2324 = CARTESIAN_POINT('',(10.016004009329,1.748122683561,
    -6.802083431109));
#2325 = CARTESIAN_POINT('',(10.016005647461,3.28731608E-09,
    -6.843750137715));
#2326 = ADVANCED_FACE('',(#2327),#2497,.T.);
#2327 = FACE_BOUND('',#2328,.T.);
#2328 = EDGE_LOOP('',(#2329,#2330,#2414,#2422));
#2329 = ORIENTED_EDGE('',*,*,#1901,.F.);
#2330 = ORIENTED_EDGE('',*,*,#2331,.T.);
#2331 = EDGE_CURVE('',#1825,#2332,#2334,.T.);
#2332 = VERTEX_POINT('',#2333);
#2333 = CARTESIAN_POINT('',(10.,-6.776270221805E-13,-8.147007309957));
#2334 = B_SPLINE_CURVE_WITH_KNOTS('',8,(#2335,#2336,#2337,#2338,#2339,
    #2340,#2341,#2342,#2343,#2344,#2345,#2346,#2347,#2348,#2349,#2350,
    #2351,#2352,#2353,#2354,#2355,#2356,#2357,#2358,#2359,#2360,#2361,
    #2362,#2363,#2364,#2365,#2366,#2367,#2368,#2369,#2370,#2371,#2372,
    #2373,#2374,#2375,#2376,#2377,#2378,#2379,#2380,#2381,#2382,#2383,
    #2384,#2385,#2386,#2387,#2388,#2389,#2390,#2391,#2392,#2393,#2394,
    #2395,#2396,#2397,#2398,#2399,#2400,#2401,#2402,#2403,#2404,#2405,
    #2406,#2407,#2408,#2409,#2410,#2411,#2412,#2413),.UNSPECIFIED.,.F.,
  .F.,(9,7,7,7,7,7,7,7,7,7,7,9),(0.,4.992320611122E-02,0.122079974133,
    0.214635892711,0.318188575998,0.408843941222,0.546718968281,
    0.684637834757,0.789953094432,0.881820538425,0.959205898257,1.),
  .UNSPECIFIED.);
#2335 = CARTESIAN_POINT('',(10.,-9.539036227579E-13,-6.64700815759));
#2336 = CARTESIAN_POINT('',(10.,-0.392038645485,-6.65636711411));
#2337 = CARTESIAN_POINT('',(9.98243493396,-0.78408382097,-6.665726407594
    ));
#2338 = CARTESIAN_POINT('',(9.94730379782,-1.175207789937,
    -6.675085767406));
#2339 = CARTESIAN_POINT('',(9.894665508729,-1.564491858793,
    -6.684445106715));
#2340 = CARTESIAN_POINT('',(9.824635543052,-1.951026057594,
    -6.693804451002));
#2341 = CARTESIAN_POINT('',(9.737384795351,-2.333909172448,
    -6.703163850318));
#2342 = CARTESIAN_POINT('',(9.633140658297,-2.712249129606,
    -6.71252327532));
#2343 = CARTESIAN_POINT('',(9.337374122302,-3.624157808304,-6.7354098973
    ));
#2344 = CARTESIAN_POINT('',(9.127640848207,-4.151870157225,
    -6.748938168799));
#2345 = CARTESIAN_POINT('',(8.883856072268,-4.665603053882,
    -6.762465906839));
#2346 = CARTESIAN_POINT('',(8.607126052779,-5.162798415749,
    -6.775993062352));
#2347 = CARTESIAN_POINT('',(8.298770864187,-5.641024074339,
    -6.789520242325));
#2348 = CARTESIAN_POINT('',(7.960314739235,-6.097970354526,
    -6.803048032505));
#2349 = CARTESIAN_POINT('',(7.593493624395,-6.531456960736,
    -6.816576342368));
#2350 = CARTESIAN_POINT('',(6.695902411158,-7.462785503538,
    -6.847455487886));
#2351 = CARTESIAN_POINT('',(6.147955316444,-7.944325597788,
    -6.864810647243));
#2352 = CARTESIAN_POINT('',(5.560618901715,-8.379677808911,
    -6.882164473815));
#2353 = CARTESIAN_POINT('',(4.93848169508,-8.765134625564,
    -6.899516527386));
#2354 = CARTESIAN_POINT('',(4.28646777447,-9.097564332823,
    -6.916868553486));
#2355 = CARTESIAN_POINT('',(3.609806887324,-9.374377741135,
    -6.934222316988));
#2356 = CARTESIAN_POINT('',(2.914047430999,-9.593570980314,
    -6.951577419965));
#2357 = CARTESIAN_POINT('',(1.411947071671,-9.933160156358,
    -6.988342377956));
#2358 = CARTESIAN_POINT('',(0.601878039603,-10.03881626915,
    -7.007761339686));
#2359 = CARTESIAN_POINT('',(-0.216757521001,-10.06885136795,
    -7.027177225631));
#2360 = CARTESIAN_POINT('',(-1.035704788666,-10.02259395427,
    -7.046590344763));
#2361 = CARTESIAN_POINT('',(-1.846805738033,-9.900407077066,
    -7.066003469371));
#2362 = CARTESIAN_POINT('',(-2.642000488581,-9.703603593169,
    -7.085419397236));
#2363 = CARTESIAN_POINT('',(-3.413345954326,-9.434528846229,
    -7.10483846143));
#2364 = CARTESIAN_POINT('',(-4.80068528156,-8.80114905719,
    -7.141247171695));
#2365 = CARTESIAN_POINT('',(-5.424349343813,-8.452748134128,
    -7.158245634484));
#2366 = CARTESIAN_POINT('',(-6.01888453388,-8.053936826849,
    -7.175242821757));
#2367 = CARTESIAN_POINT('',(-6.579565573036,-7.60761014431,
    -7.192238383891));
#2368 = CARTESIAN_POINT('',(-7.102062272066,-7.117132910365,
    -7.209233955196));
#2369 = CARTESIAN_POINT('',(-7.582420697161,-6.586304970215,
    -7.226231165078));
#2370 = CARTESIAN_POINT('',(-8.01709486935,-6.019384839837,
    -7.243229657622));
#2371 = CARTESIAN_POINT('',(-8.989984642365,-4.511367518485,
    -7.286073008112));
#2372 = CARTESIAN_POINT('',(-9.464915784958,-3.528076332241,
    -7.311945125586));
#2373 = CARTESIAN_POINT('',(-9.816092843525,-2.488670760095,
    -7.337803110178));
#2374 = CARTESIAN_POINT('',(-10.03646019272,-1.411482061988,
    -7.36365226911));
#2375 = CARTESIAN_POINT('',(-10.12174644319,-0.315295985572,
    -7.389501592817));
#2376 = CARTESIAN_POINT('',(-10.07087567585,0.780652118965,
    -7.415359730866));
#2377 = CARTESIAN_POINT('',(-9.885573824731,1.856795610085,
    -7.441231950007));
#2378 = CARTESIAN_POINT('',(-9.258975170821,3.929934371125,
    -7.49293589152));
#2379 = CARTESIAN_POINT('',(-8.817005335209,4.928861884645,
    -7.51881634096));
#2380 = CARTESIAN_POINT('',(-8.252063586383,5.869774548149,
    -7.544682779391));
#2381 = CARTESIAN_POINT('',(-7.573561151744,6.735409897262,
    -7.570539933492));
#2382 = CARTESIAN_POINT('',(-6.793060649056,7.510335148753,
    -7.596397118647));
#2383 = CARTESIAN_POINT('',(-5.924539372873,8.181264942389,
    -7.622263279011));
#2384 = CARTESIAN_POINT('',(-4.984043038611,8.736836971091,
    -7.648143487189));
#2385 = CARTESIAN_POINT('',(-3.232678081916,9.499145199289,
    -7.693743218153));
#2386 = CARTESIAN_POINT('',(-2.442932974107,9.757641386221,
    -7.713493388144));
#2387 = CARTESIAN_POINT('',(-1.629987078609,9.940894001765,
    -7.733240445068));
#2388 = CARTESIAN_POINT('',(-0.8022477916,10.046606862901,
    -7.752984755186));
#2389 = CARTESIAN_POINT('',(3.177821362654E-02,10.073590284734,
    -7.772729044128));
#2390 = CARTESIAN_POINT('',(0.863503451496,10.021669038639,
    -7.792476088549));
#2391 = CARTESIAN_POINT('',(1.684262902729,9.891775634521,
    -7.812226322942));
#2392 = CARTESIAN_POINT('',(3.184120053794,9.50693564918,-7.849192622572
    ));
#2393 = CARTESIAN_POINT('',(3.868252648828,9.269991192283,
    -7.866418293624));
#2394 = CARTESIAN_POINT('',(4.531984820157,8.976836553907,
    -7.883642426626));
#2395 = CARTESIAN_POINT('',(5.169948180049,8.629581015401,
    -7.900864705885));
#2396 = CARTESIAN_POINT('',(5.777098890062,8.230893590197,
    -7.918086973667));
#2397 = CARTESIAN_POINT('',(6.348704131731,7.783962427911,
    -7.935311085765));
#2398 = CARTESIAN_POINT('',(6.880371512932,7.292525889173,
    -7.952536754896));
#2399 = CARTESIAN_POINT('',(7.778981880706,6.31321890981,-7.984267015225
    ));
#2400 = CARTESIAN_POINT('',(8.158784526379,5.836885097627,
    -7.998776115234));
#2401 = CARTESIAN_POINT('',(8.50514896249,5.334548050583,-8.013284714313
    ));
#2402 = CARTESIAN_POINT('',(8.816019349959,4.808966251548,-8.02779263169
    ));
#2403 = CARTESIAN_POINT('',(9.089625964662,4.263057801422,
    -8.042300563462));
#2404 = CARTESIAN_POINT('',(9.324473388242,3.699890371357,
    -8.056809188689));
#2405 = CARTESIAN_POINT('',(9.519355320195,3.122685776116,
    -8.071318291552));
#2406 = CARTESIAN_POINT('',(9.754599376212,2.224952720172,
    -8.093473661926));
#2407 = CARTESIAN_POINT('',(9.824457841909,1.912090979924,
    -8.101121446964));
#2408 = CARTESIAN_POINT('',(9.882843731918,1.59674185112,-8.108769169296
    ));
#2409 = CARTESIAN_POINT('',(9.929654849293,1.279396720234,
    -8.116416828034));
#2410 = CARTESIAN_POINT('',(9.96481448663,0.960550353055,-8.124064462929
    ));
#2411 = CARTESIAN_POINT('',(9.988271436187,0.640700790811,
    -8.131712110481));
#2412 = CARTESIAN_POINT('',(10.,0.320349246296,-8.13935976005));
#2413 = CARTESIAN_POINT('',(10.,-1.353583911623E-12,-8.147007309957));
#2414 = ORIENTED_EDGE('',*,*,#2415,.T.);
#2415 = EDGE_CURVE('',#2332,#2416,#2418,.T.);
#2416 = VERTEX_POINT('',#2417);
#2417 = CARTESIAN_POINT('',(10.,-5.1308970461E-13,-8.35299146185));
#2418 = LINE('',#2419,#2420);
#2419 = CARTESIAN_POINT('',(10.,0.,0.));
#2420 = VECTOR('',#2421,1.);
#2421 = DIRECTION('',(0.,-2.22044604925E-16,-1.));
#2422 = ORIENTED_EDGE('',*,*,#2423,.F.);
#2423 = EDGE_CURVE('',#1902,#2416,#2424,.T.);
#2424 = B_SPLINE_CURVE_WITH_KNOTS('',8,(#2425,#2426,#2427,#2428,#2429,
    #2430,#2431,#2432,#2433,#2434,#2435,#2436,#2437,#2438,#2439,#2440,
    #2441,#2442,#2443,#2444,#2445,#2446,#2447,#2448,#2449,#2450,#2451,
    #2452,#2453,#2454,#2455,#2456,#2457,#2458,#2459,#2460,#2461,#2462,
    #2463,#2464,#2465,#2466,#2467,#2468,#2469,#2470,#2471,#2472,#2473,
    #2474,#2475,#2476,#2477,#2478,#2479,#2480,#2481,#2482,#2483,#2484,
    #2485,#2486,#2487,#2488,#2489,#2490,#2491,#2492,#2493,#2494,#2495,
    #2496),.UNSPECIFIED.,.F.,.F.,(9,7,7,7,7,7,7,7,7,7,9),(0.,
    1.418815968485E-02,4.877610447979E-02,0.122207240586,0.26276620291,
    0.403603568026,0.544495811478,0.684747244762,0.789268727929,
    0.894270914489,1.),.UNSPECIFIED.);
#2425 = CARTESIAN_POINT('',(10.,-7.123190925995E-13,-6.852990818934));
#2426 = CARTESIAN_POINT('',(10.,-0.111405277438,-6.855650483372));
#2427 = CARTESIAN_POINT('',(9.998581584798,-0.222810556007,
    -6.858310137574));
#2428 = CARTESIAN_POINT('',(9.995744754037,-0.334194759786,
    -6.860969782133));
#2429 = CARTESIAN_POINT('',(9.991489883001,-0.445536824158,
    -6.863629417658));
#2430 = CARTESIAN_POINT('',(9.985817722612,-0.556815695812,
    -6.866289044772));
#2431 = CARTESIAN_POINT('',(9.978729399436,-0.668010332743,
    -6.86894866411));
#2432 = CARTESIAN_POINT('',(9.970226415677,-0.779099704252,
    -6.871608276325));
#2433 = CARTESIAN_POINT('',(9.936137959289,-1.160568987806,
    -6.880751478209));
#2434 = CARTESIAN_POINT('',(9.903569068941,-1.430326151251,
    -6.887235051244));
#2435 = CARTESIAN_POINT('',(9.862631365924,-1.699028600022,
    -6.893718612429));
#2436 = CARTESIAN_POINT('',(9.813365252979,-1.966373293862,
    -6.900202170898));
#2437 = CARTESIAN_POINT('',(9.755824147801,-2.232059833522,
    -6.906685733684));
#2438 = CARTESIAN_POINT('',(9.690074483043,-2.495790460758,
    -6.913169305717));
#2439 = CARTESIAN_POINT('',(9.61619570631,-2.757270058329,
    -6.919652889824));
#2440 = CARTESIAN_POINT('',(9.360371629555,-3.565934429693,
    -6.93990133716));
#2441 = CARTESIAN_POINT('',(9.150225089506,-4.104245690651,
    -6.953667331549));
#2442 = CARTESIAN_POINT('',(8.904732229442,-4.628288809304,
    -6.967432964134));
#2443 = CARTESIAN_POINT('',(8.625044084004,-5.13536185462,
    -6.981198063491));
#2444 = CARTESIAN_POINT('',(8.312541291942,-5.62289699934,
    -6.994963145922));
#2445 = CARTESIAN_POINT('',(7.968823372725,-6.088456778652,
    -7.008728746786));
#2446 = CARTESIAN_POINT('',(7.595717140866,-6.529741696279,
    -7.022494729756));
#2447 = CARTESIAN_POINT('',(6.42884983135,-7.738732023229,-7.06260769186
    ));
#2448 = CARTESIAN_POINT('',(5.561448675318,-8.436988071183,
    -7.08898229426));
#2449 = CARTESIAN_POINT('',(4.608213432111,-9.023010634313,
    -7.115341173193));
#2450 = CARTESIAN_POINT('',(3.58641451322,-9.485182588928,
    -7.141690368541));
#2451 = CARTESIAN_POINT('',(2.514449548818,-9.814677488902,
    -7.168039979724));
#2452 = CARTESIAN_POINT('',(1.411953583785,-10.00594150826,
    -7.194399775041));
#2453 = CARTESIAN_POINT('',(0.299562417339,-10.05625904155,
    -7.220775057267));
#2454 = CARTESIAN_POINT('',(-1.902868236136,-9.879372757564,
    -7.273524323108));
#2455 = CARTESIAN_POINT('',(-2.995115799461,-9.651437809406,
    -7.299952126226));
#2456 = CARTESIAN_POINT('',(-4.05492684395,-9.285396668068,
    -7.326364090664));
#2457 = CARTESIAN_POINT('',(-5.062247269047,-8.787270766134,
    -7.352765832514));
#2458 = CARTESIAN_POINT('',(-5.99847569877,-8.165740186567,
    -7.379167664943));
#2459 = CARTESIAN_POINT('',(-6.846772116451,-7.432542215456,
    -7.405579088207));
#2460 = CARTESIAN_POINT('',(-7.591867392505,-6.602004461779,
    -7.43200622038));
#2461 = CARTESIAN_POINT('',(-8.851202013978,-4.783313657591,
    -7.48481686785));
#2462 = CARTESIAN_POINT('',(-9.366645500689,-3.793230259963,
    -7.511254528638));
#2463 = CARTESIAN_POINT('',(-9.754558793869,-2.74074974507,
    -7.537676748656));
#2464 = CARTESIAN_POINT('',(-10.00689494813,-1.64522923744,
    -7.564089275271));
#2465 = CARTESIAN_POINT('',(-10.1185886051,-0.526585610108,
    -7.590501397301));
#2466 = CARTESIAN_POINT('',(-10.08806163263,0.594690743995,
    -7.616923612877));
#2467 = CARTESIAN_POINT('',(-9.916739968072,1.697684998231,
    -7.643361254977));
#2468 = CARTESIAN_POINT('',(-9.307245769141,3.819415480532,
    -7.696062200713));
#2469 = CARTESIAN_POINT('',(-8.869672421605,4.840663709864,
    -7.722379081898));
#2470 = CARTESIAN_POINT('',(-8.304218001072,5.803322175782,
    -7.748680756069));
#2471 = CARTESIAN_POINT('',(-7.620614766523,6.689148021467,
    -7.774973138532));
#2472 = CARTESIAN_POINT('',(-6.830884126961,7.481818437406,
    -7.801265511915));
#2473 = CARTESIAN_POINT('',(-5.949652748614,8.167297369934,
    -7.827567509062));
#2474 = CARTESIAN_POINT('',(-4.993747913142,8.73356971926,
    -7.853884647741));
#2475 = CARTESIAN_POINT('',(-3.230879006037,9.499209033565,
    -7.899767929464));
#2476 = CARTESIAN_POINT('',(-2.447208612992,9.755643453877,
    -7.919366773876));
#2477 = CARTESIAN_POINT('',(-1.640688445369,9.93799115539,
    -7.938962306175));
#2478 = CARTESIAN_POINT('',(-0.819532252908,10.044004813027,
    -7.958554966562));
#2479 = CARTESIAN_POINT('',(7.948131443924E-03,10.072510282356,
    -7.978147635259));
#2480 = CARTESIAN_POINT('',(0.833360559667,10.023318807983,
    -7.997743160866));
#2481 = CARTESIAN_POINT('',(1.648235735844,9.897316320789,
    -8.017341945674));
#2482 = CARTESIAN_POINT('',(3.243520907893,9.49522686429,-8.05661769822)
  );
#2483 = CARTESIAN_POINT('',(4.024260659612,9.21832487569,-8.076307051323
    ));
#2484 = CARTESIAN_POINT('',(4.77758133578,8.868132799432,-8.095993333005
    ));
#2485 = CARTESIAN_POINT('',(5.495497832269,8.447936056074,-8.11567690876
    ));
#2486 = CARTESIAN_POINT('',(6.170614526792,7.961945635051,
    -8.135360462314));
#2487 = CARTESIAN_POINT('',(6.796084409921,7.415215692384,
    -8.155046664599));
#2488 = CARTESIAN_POINT('',(7.365667690139,6.813714188213,
    -8.174735866072));
#2489 = CARTESIAN_POINT('',(8.385687912329,5.510847843006,-8.21423764335
    ));
#2490 = CARTESIAN_POINT('',(8.835603851397,4.808397519736,
    -8.234062951985));
#2491 = CARTESIAN_POINT('',(9.21797179552,4.064314175612,-8.253884815844
    ));
#2492 = CARTESIAN_POINT('',(9.528413706508,3.286250301644,
    -8.273703717122));
#2493 = CARTESIAN_POINT('',(9.763613873469,2.48223638815,-8.293523017902
    ));
#2494 = CARTESIAN_POINT('',(9.921232675038,1.660639558055,
    -8.313345769428));
#2495 = CARTESIAN_POINT('',(10.,0.83018413193,-8.333171831138));
#2496 = CARTESIAN_POINT('',(10.,-1.024957896334E-12,-8.35299146185));
#2497 = CYLINDRICAL_SURFACE('',#2498,10.);
#2498 = AXIS2_PLACEMENT_3D('',#2499,#2500,#2501);
#2499 = CARTESIAN_POINT('',(0.,0.,0.));
#2500 = DIRECTION('',(0.,-2.22044604925E-16,-1.));
#2501 = DIRECTION('',(1.,0.,0.));
#2502 = ADVANCED_FACE('',(#2503),#2596,.T.);
#2503 = FACE_BOUND('',#2504,.T.);
#2504 = EDGE_LOOP('',(#2505,#2506,#2507,#2591));
#2505 = ORIENTED_EDGE('',*,*,#2331,.F.);
#2506 = ORIENTED_EDGE('',*,*,#2092,.T.);
#2507 = ORIENTED_EDGE('',*,*,#2508,.T.);
#2508 = EDGE_CURVE('',#2009,#2509,#2511,.T.);
#2509 = VERTEX_POINT('',#2510);
#2510 = CARTESIAN_POINT('',(9.266,-9.0478338E-08,-7.723222105829));
#2511 = B_SPLINE_CURVE_WITH_KNOTS('',8,(#2512,#2513,#2514,#2515,#2516,
    #2517,#2518,#2519,#2520,#2521,#2522,#2523,#2524,#2525,#2526,#2527,
    #2528,#2529,#2530,#2531,#2532,#2533,#2534,#2535,#2536,#2537,#2538,
    #2539,#2540,#2541,#2542,#2543,#2544,#2545,#2546,#2547,#2548,#2549,
    #2550,#2551,#2552,#2553,#2554,#2555,#2556,#2557,#2558,#2559,#2560,
    #2561,#2562,#2563,#2564,#2565,#2566,#2567,#2568,#2569,#2570,#2571,
    #2572,#2573,#2574,#2575,#2576,#2577,#2578,#2579,#2580,#2581,#2582,
    #2583,#2584,#2585,#2586,#2587,#2588,#2589,#2590),.UNSPECIFIED.,.F.,
  .F.,(9,7,7,7,7,7,7,7,7,7,7,9),(0.,2.058178078435E-02,0.12203555123,
    0.214936557841,0.31789618783,0.428293980204,0.57735457371,
    0.685391671098,0.78367974209,0.882740925387,0.960772330959,1.),
  .UNSPECIFIED.);
#2512 = CARTESIAN_POINT('',(9.266,-1.5079672799E-07,-6.223224637894));
#2513 = CARTESIAN_POINT('',(9.265999997563,-0.149761325458,
    -6.22708279753));
#2514 = CARTESIAN_POINT('',(9.263233701738,-0.299522547558,
    -6.230941025607));
#2515 = CARTESIAN_POINT('',(9.257701113806,-0.449224118878,
    -6.234799314047));
#2516 = CARTESIAN_POINT('',(9.249403775018,-0.598806430137,
    -6.238657654819));
#2517 = CARTESIAN_POINT('',(9.238344766596,-0.748209960996,
    -6.242516039939));
#2518 = CARTESIAN_POINT('',(9.224528709732,-0.897375280053,
    -6.246374461472));
#2519 = CARTESIAN_POINT('',(9.207961765591,-1.046243044845,
    -6.250232911529));
#2520 = CARTESIAN_POINT('',(9.093466211585,-1.926809050844,
    -6.273110941804));
#2521 = CARTESIAN_POINT('',(8.931599233408,-2.6504012018,-6.292136247063
    ));
#2522 = CARTESIAN_POINT('',(8.703951678861,-3.358132370329,
    -6.311158977865));
#2523 = CARTESIAN_POINT('',(8.412426025581,-4.043049296572,
    -6.330178448797));
#2524 = CARTESIAN_POINT('',(8.059732127656,-4.698568507097,
    -6.34919774101));
#2525 = CARTESIAN_POINT('',(7.649317762188,-5.318461181562,
    -6.368219967089));
#2526 = CARTESIAN_POINT('',(7.185423845538,-5.89689792412,
    -6.387244668971));
#2527 = CARTESIAN_POINT('',(6.204280906083,-6.915389289472,
    -6.423680630325));
#2528 = CARTESIAN_POINT('',(5.694615150797,-7.363218925553,
    -6.441100394624));
#2529 = CARTESIAN_POINT('',(5.148183239464,-7.767924856832,
    -6.458518808358));
#2530 = CARTESIAN_POINT('',(4.569285722195,-8.126034131696,
    -6.47593543343));
#2531 = CARTESIAN_POINT('',(3.962538498305,-8.434615367487,
    -6.493352043977));
#2532 = CARTESIAN_POINT('',(3.332844335428,-8.691247525471,
    -6.510770428228));
#2533 = CARTESIAN_POINT('',(2.685404922565,-8.894060431208,
    -6.528190175363));
#2534 = CARTESIAN_POINT('',(1.294722049813,-9.205634873713,
    -6.564908422547));
#2535 = CARTESIAN_POINT('',(0.54832025295,-9.301919331421,
    -6.584215808139));
#2536 = CARTESIAN_POINT('',(-0.205835656323,-9.328931064133,
    -6.603520607347));
#2537 = CARTESIAN_POINT('',(-0.960233576012,-9.286065576437,
    -6.622822241237));
#2538 = CARTESIAN_POINT('',(-1.707440260516,-9.173656350582,
    -6.642123877567));
#2539 = CARTESIAN_POINT('',(-2.440111512269,-8.992897982406,
    -6.661428709512));
#2540 = CARTESIAN_POINT('',(-3.151017883829,-8.745919329444,
    -6.680736184305));
#2541 = CARTESIAN_POINT('',(-4.564428866152,-8.103704842796,
    -6.720734622827));
#2542 = CARTESIAN_POINT('',(-5.263132328188,-7.698814023084,
    -6.741439212312));
#2543 = CARTESIAN_POINT('',(-5.92034014049,-7.225239704505,
    -6.762139639461));
#2544 = CARTESIAN_POINT('',(-6.528275891735,-6.688087479037,
    -6.782836627352));
#2545 = CARTESIAN_POINT('',(-7.079971160842,-6.093318007709,
    -6.803533630405));
#2546 = CARTESIAN_POINT('',(-7.5692985469,-5.447753584987,
    -6.824234010214));
#2547 = CARTESIAN_POINT('',(-7.990965928885,-4.759044713707,
    -6.844938544391));
#2548 = CARTESIAN_POINT('',(-8.813279322003,-3.059619475061,
    -6.893579571838));
#2549 = CARTESIAN_POINT('',(-9.155700227361,-2.018834774966,
    -6.921559859797));
#2550 = CARTESIAN_POINT('',(-9.356698778411,-0.935713899749,
    -6.94951891013));
#2551 = CARTESIAN_POINT('',(-9.411205876899,0.167268218141,
    -6.977466203856));
#2552 = CARTESIAN_POINT('',(-9.317538299221,1.267616807478,
    -7.005412882246));
#2553 = CARTESIAN_POINT('',(-9.078177610004,2.34291100326,
    -7.033372438408));
#2554 = CARTESIAN_POINT('',(-8.698988262508,3.370870350084,
    -7.061352940959));
#2555 = CARTESIAN_POINT('',(-7.824831103931,5.024814351495,
    -7.109551406703));
#2556 = CARTESIAN_POINT('',(-7.389974940047,5.684461039226,
    -7.129812406637));
#2557 = CARTESIAN_POINT('',(-6.891748022652,6.300698725029,-7.1500695828
    ));
#2558 = CARTESIAN_POINT('',(-6.335320355315,6.86650186355,
    -7.170323515029));
#2559 = CARTESIAN_POINT('',(-5.726642323297,7.375673723572,
    -7.190577443216));
#2560 = CARTESIAN_POINT('',(-5.072368681915,7.822781022172,
    -7.210834601137));
#2561 = CARTESIAN_POINT('',(-4.379917598273,8.203234905175,
    -7.23109556859));
#2562 = CARTESIAN_POINT('',(-3.00052949266,8.795854979302,
    -7.269775665358));
#2563 = CARTESIAN_POINT('',(-2.318359946944,9.020269784063,
    -7.288206379793));
#2564 = CARTESIAN_POINT('',(-1.617316114389,9.184076222027,
    -7.306635276331));
#2565 = CARTESIAN_POINT('',(-0.903707198017,9.285508621456,
    -7.325061799388));
#2566 = CARTESIAN_POINT('',(-0.183931680328,9.323579600564,
    -7.343488321202));
#2567 = CARTESIAN_POINT('',(0.535541666902,9.298024248707,
    -7.361917248003));
#2568 = CARTESIAN_POINT('',(1.248181631685,9.209358543769,
    -7.380348065404));
#2569 = CARTESIAN_POINT('',(2.65210073676,8.90756318958,-7.417345517452)
  );
#2570 = CARTESIAN_POINT('',(3.343520534307,8.693384160214,
    -7.435921174995));
#2571 = CARTESIAN_POINT('',(4.014870754353,8.417918594114,
    -7.454494624225));
#2572 = CARTESIAN_POINT('',(4.659840411627,8.083440450773,
    -7.473065391149));
#2573 = CARTESIAN_POINT('',(5.272509713432,7.692930681975,
    -7.491636120171));
#2574 = CARTESIAN_POINT('',(5.847332329922,7.250018115056,
    -7.510209478885));
#2575 = CARTESIAN_POINT('',(6.379177664847,6.759024510124,
    -7.528785046692));
#2576 = CARTESIAN_POINT('',(7.244885609937,5.804547405335,
    -7.561984845469));
#2577 = CARTESIAN_POINT('',(7.596923254573,5.357226355485,
    -7.576615032539));
#2578 = CARTESIAN_POINT('',(7.917297952046,4.885609803811,-7.59124471018
    ));
#2579 = CARTESIAN_POINT('',(8.204074106833,4.392331507876,
    -7.605873700048));
#2580 = CARTESIAN_POINT('',(8.455591252564,3.880176111804,
    -7.620502733663));
#2581 = CARTESIAN_POINT('',(8.670452589346,3.352069377117,
    -7.635132514783));
#2582 = CARTESIAN_POINT('',(8.847539442392,2.811082353296,
    -7.649762794194));
#2583 = CARTESIAN_POINT('',(9.055683999372,1.983637304032,
    -7.671745525884));
#2584 = CARTESIAN_POINT('',(9.115571422066,1.704371953196,
    -7.679099591649));
#2585 = CARTESIAN_POINT('',(9.165612727873,1.423056195865,
    -7.686453575376));
#2586 = CARTESIAN_POINT('',(9.205726924228,1.140095456859,
    -7.693807465583));
#2587 = CARTESIAN_POINT('',(9.235853218885,0.855897746252,
    -7.701161280321));
#2588 = CARTESIAN_POINT('',(9.25595103063,0.57087358012,-7.708515029359)
  );
#2589 = CARTESIAN_POINT('',(9.266,0.285435901274,-7.715868676381));
#2590 = CARTESIAN_POINT('',(9.266,0.,-7.723222101167));
#2591 = ORIENTED_EDGE('',*,*,#2592,.F.);
#2592 = EDGE_CURVE('',#2332,#2509,#2593,.T.);
#2593 = B_SPLINE_CURVE_WITH_KNOTS('',1,(#2594,#2595),.UNSPECIFIED.,.F.,
  .F.,(2,2),(0.,0.9375),.PIECEWISE_BEZIER_KNOTS.);
#2594 = CARTESIAN_POINT('',(10.016008713226,3.94532484E-09,
    -8.156250165274));
#2595 = CARTESIAN_POINT('',(9.204114737903,-1.9621344351E-07,
    -7.687491780992));
#2596 = B_SPLINE_SURFACE_WITH_KNOTS('',1,9,(
    (#2597,#2598,#2599,#2600,#2601,#2602,#2603,#2604,#2605,#2606,#2607
      ,#2608,#2609,#2610,#2611,#2612,#2613,#2614,#2615,#2616,#2617,#2618
      ,#2619,#2620,#2621,#2622,#2623,#2624,#2625,#2626,#2627)
    ,(#2628,#2629,#2630,#2631,#2632,#2633,#2634,#2635,#2636,#2637,#2638
      ,#2639,#2640,#2641,#2642,#2643,#2644,#2645,#2646,#2647,#2648,#2649
      ,#2650,#2651,#2652,#2653,#2654,#2655,#2656,#2657,#2658
  )),.UNSPECIFIED.,.F.,.F.,.F.,(2,2),(10,7,7,7,10),(0.,0.9375),(0.,
    1.614938419963,3.229876839926,4.844815259889,6.459753679852),
  .UNSPECIFIED.);
#2597 = CARTESIAN_POINT('',(10.016007261022,3.28764038E-09,
    -6.656250137722));
#2598 = CARTESIAN_POINT('',(10.016009367028,-1.748123183904,
    -6.697916844332));
#2599 = CARTESIAN_POINT('',(9.672762696902,-3.496234408351,
    -6.739583481079));
#2600 = CARTESIAN_POINT('',(8.986279934558,-5.167353268077,
    -6.781250139446));
#2601 = CARTESIAN_POINT('',(7.976714186499,-6.684402795192,
    -6.822916819154));
#2602 = CARTESIAN_POINT('',(6.684398610811,-7.976716285884,
    -6.864583485491));
#2603 = CARTESIAN_POINT('',(5.16734543018,-8.986276742464,
    -6.906250152964));
#2604 = CARTESIAN_POINT('',(3.496246131673,-9.672762590546,
    -6.947916818538));
#2605 = CARTESIAN_POINT('',(1.7586532856E-07,-10.3592501939,
    -7.031250150946));
#2606 = CARTESIAN_POINT('',(-3.496246120324,-9.672766591084,
    -7.11458348503));
#2607 = CARTESIAN_POINT('',(-5.16734443181,-8.986282303428,
    -7.15625015258));
#2608 = CARTESIAN_POINT('',(-6.684402505417,-7.976711835271,
    -7.197916819259));
#2609 = CARTESIAN_POINT('',(-7.976710883183,-6.68440130161,
    -7.239583484684));
#2610 = CARTESIAN_POINT('',(-8.986279775266,-5.167342381023,
    -7.281250150188));
#2611 = CARTESIAN_POINT('',(-9.672764702538,-3.496244536504,
    -7.32291681702));
#2612 = CARTESIAN_POINT('',(-10.35925094198,1.06672381E-09,
    -7.406250151497));
#2613 = CARTESIAN_POINT('',(-9.672764818378,3.496244561384,
    -7.489583485975));
#2614 = CARTESIAN_POINT('',(-8.986279909772,5.167342440309,
    -7.531250152806));
#2615 = CARTESIAN_POINT('',(-7.976710874884,6.684401325287,
    -7.572916818311));
#2616 = CARTESIAN_POINT('',(-6.684402425844,7.976711750016,
    -7.614583483735));
#2617 = CARTESIAN_POINT('',(-5.167344417883,8.986282178713,
    -7.656250150415));
#2618 = CARTESIAN_POINT('',(-3.496246125831,9.672766568907,
    -7.697916817965));
#2619 = CARTESIAN_POINT('',(1.718456613E-07,10.359250251507,
    -7.781250152048));
#2620 = CARTESIAN_POINT('',(3.496246126166,9.672762553218,
    -7.864583484457));
#2621 = CARTESIAN_POINT('',(5.167345348698,8.986276651465,
    -7.906250150034));
#2622 = CARTESIAN_POINT('',(6.684398765481,7.976715998026,-7.94791681749
    ));
#2623 = CARTESIAN_POINT('',(7.976713549558,6.684403125557,
    -7.989583483864));
#2624 = CARTESIAN_POINT('',(8.986281331318,5.167354196686,
    -8.031250163527));
#2625 = CARTESIAN_POINT('',(9.672763140235,3.496233588531,
    -8.072916821926));
#2626 = CARTESIAN_POINT('',(10.016006607106,1.748123191136,
    -8.11458345866));
#2627 = CARTESIAN_POINT('',(10.016008713226,3.94532484E-09,
    -8.156250165274));
#2628 = CARTESIAN_POINT('',(9.204112478905,-1.6351113796E-07,
    -6.187493150817));
#2629 = CARTESIAN_POINT('',(9.204115725502,-1.606420320636,
    -6.229157831483));
#2630 = CARTESIAN_POINT('',(8.888691604181,-3.212829547267,
    -6.270825986057));
#2631 = CARTESIAN_POINT('',(8.25785444005,-4.748494850212,
    -6.312493064441));
#2632 = CARTESIAN_POINT('',(7.330121382923,-6.142564609336,
    -6.354159084038));
#2633 = CARTESIAN_POINT('',(6.142566290496,-7.330126101956,
    -6.395825765995));
#2634 = CARTESIAN_POINT('',(4.748482556303,-8.257851795874,
    -6.437492393129));
#2635 = CARTESIAN_POINT('',(3.212841548888,-8.888691576373,
    -6.479159113956));
#2636 = CARTESIAN_POINT('',(-8.634004303E-07,-9.519532672146,
    -6.562492493297));
#2637 = CARTESIAN_POINT('',(-3.212842056548,-8.888695118421,
    -6.645825789337));
#2638 = CARTESIAN_POINT('',(-4.74848090082,-8.257857136158,
    -6.687492412072));
#2639 = CARTESIAN_POINT('',(-6.14256658033,-7.330122652905,
    -6.729159078156));
#2640 = CARTESIAN_POINT('',(-7.330121236078,-6.142566218376,
    -6.770825806511));
#2641 = CARTESIAN_POINT('',(-8.25785501226,-4.748478893669,
    -6.812492531029));
#2642 = CARTESIAN_POINT('',(-8.88869355158,-3.212839680069,
    -6.854159189429));
#2643 = CARTESIAN_POINT('',(-9.519533368067,1.9350413976E-07,
    -6.937492465904));
#2644 = CARTESIAN_POINT('',(-8.888693602282,3.212840077033,
    -7.02082574238));
#2645 = CARTESIAN_POINT('',(-8.257855030105,4.74847931873,
    -7.062492400778));
#2646 = CARTESIAN_POINT('',(-7.330120975588,6.142566550649,
    -7.104159125298));
#2647 = CARTESIAN_POINT('',(-6.142566161108,7.330122767868,
    -7.145825853651));
#2648 = CARTESIAN_POINT('',(-4.748480546318,8.257857133544,
    -7.187492519736));
#2649 = CARTESIAN_POINT('',(-3.212841706851,8.88869521342,-7.22915914247
    ));
#2650 = CARTESIAN_POINT('',(-4.8596385495E-07,9.519532761751,
    -7.312492438511));
#2651 = CARTESIAN_POINT('',(3.212841898585,8.888691388811,
    -7.395825817852));
#2652 = CARTESIAN_POINT('',(4.74848276239,8.257851462932,-7.437492538685
    ));
#2653 = CARTESIAN_POINT('',(6.142566826537,7.330125406593,-7.47915916579
    ));
#2654 = CARTESIAN_POINT('',(7.3301206397,6.142564827797,-7.520825847808)
  );
#2655 = CARTESIAN_POINT('',(8.257856804188,4.748495961885,
    -7.562491867332));
#2656 = CARTESIAN_POINT('',(8.888692423309,3.21282791372,-7.604158945768
    ));
#2657 = CARTESIAN_POINT('',(9.204111497012,1.606419960911,-7.64582710032
    ));
#2658 = CARTESIAN_POINT('',(9.204114737903,-1.9621344351E-07,
    -7.687491780992));
#2659 = ADVANCED_FACE('',(#2660),#2671,.T.);
#2660 = FACE_BOUND('',#2661,.F.);
#2661 = EDGE_LOOP('',(#2662,#2663,#2664,#2665));
#2662 = ORIENTED_EDGE('',*,*,#2180,.F.);
#2663 = ORIENTED_EDGE('',*,*,#2166,.T.);
#2664 = ORIENTED_EDGE('',*,*,#2508,.T.);
#2665 = ORIENTED_EDGE('',*,*,#2666,.F.);
#2666 = EDGE_CURVE('',#2181,#2509,#2667,.T.);
#2667 = LINE('',#2668,#2669);
#2668 = CARTESIAN_POINT('',(9.266,0.,0.));
#2669 = VECTOR('',#2670,1.);
#2670 = DIRECTION('',(-7.E-17,0.,-1.));
#2671 = CYLINDRICAL_SURFACE('',#2672,9.266);
#2672 = AXIS2_PLACEMENT_3D('',#2673,#2674,#2675);
#2673 = CARTESIAN_POINT('',(0.,0.,0.));
#2674 = DIRECTION('',(-0.,-0.,-1.));
#2675 = DIRECTION('',(1.,0.,0.));
#2676 = ADVANCED_FACE('',(#2677),#2770,.T.);
#2677 = FACE_BOUND('',#2678,.T.);
#2678 = EDGE_LOOP('',(#2679,#2763,#2764,#2765));
#2679 = ORIENTED_EDGE('',*,*,#2680,.F.);
#2680 = EDGE_CURVE('',#2181,#2681,#2683,.T.);
#2681 = VERTEX_POINT('',#2682);
#2682 = CARTESIAN_POINT('',(9.266,-9.0477499E-08,-8.776756453013));
#2683 = B_SPLINE_CURVE_WITH_KNOTS('',8,(#2684,#2685,#2686,#2687,#2688,
    #2689,#2690,#2691,#2692,#2693,#2694,#2695,#2696,#2697,#2698,#2699,
    #2700,#2701,#2702,#2703,#2704,#2705,#2706,#2707,#2708,#2709,#2710,
    #2711,#2712,#2713,#2714,#2715,#2716,#2717,#2718,#2719,#2720,#2721,
    #2722,#2723,#2724,#2725,#2726,#2727,#2728,#2729,#2730,#2731,#2732,
    #2733,#2734,#2735,#2736,#2737,#2738,#2739,#2740,#2741,#2742,#2743,
    #2744,#2745,#2746,#2747,#2748,#2749,#2750,#2751,#2752,#2753,#2754,
    #2755,#2756,#2757,#2758,#2759,#2760,#2761,#2762),.UNSPECIFIED.,.F.,
  .F.,(9,7,7,7,7,7,7,7,7,7,7,9),(0.,4.785921212314E-02,0.120860827639,
    0.213527338181,0.318185800634,0.446787991286,0.576563324619,
    0.685148023264,0.789637463315,0.882224346279,0.900036080292,1.),
  .UNSPECIFIED.);
#2684 = CARTESIAN_POINT('',(9.266,-1.5079550408E-07,-7.276757494492));
#2685 = CARTESIAN_POINT('',(9.265999994333,-0.348248335079,
    -7.285729558948));
#2686 = CARTESIAN_POINT('',(9.251041854176,-0.696501201405,
    -7.294701830453));
#2687 = CARTESIAN_POINT('',(9.221124888764,-1.044002205971,
    -7.303674078835));
#2688 = CARTESIAN_POINT('',(9.176295109553,-1.390001467173,
    -7.312646293567));
#2689 = CARTESIAN_POINT('',(9.116642848373,-1.733755569979,
    -7.321618560605));
#2690 = CARTESIAN_POINT('',(9.042301963357,-2.074527617743,
    -7.33059095658));
#2691 = CARTESIAN_POINT('',(8.953450632656,-2.411587531484,
    -7.339563460316));
#2692 = CARTESIAN_POINT('',(8.692994805144,-3.251579225522,
    -7.362221883326));
#2693 = CARTESIAN_POINT('',(8.502422708504,-3.748677051004,
    -7.375909015562));
#2694 = CARTESIAN_POINT('',(8.279394494641,-4.232905744854,
    -7.389595782054));
#2695 = CARTESIAN_POINT('',(8.024942787289,-4.701798117424,
    -7.403282006335));
#2696 = CARTESIAN_POINT('',(7.74030904868,-5.15300689535,-7.416968191448
    ));
#2697 = CARTESIAN_POINT('',(7.426933956829,-5.58430152626,
    -7.430654862822));
#2698 = CARTESIAN_POINT('',(7.086464896733,-5.993575010459,
    -7.444341894394));
#2699 = CARTESIAN_POINT('',(6.256589592481,-6.867933305265,
    -7.475400403168));
#2700 = CARTESIAN_POINT('',(5.751633853288,-7.318495827515,
    -7.49277615961));
#2701 = CARTESIAN_POINT('',(5.209769278192,-7.726433855453,
    -7.510150312299));
#2702 = CARTESIAN_POINT('',(4.635237038007,-8.088267560587,
    -7.527522560341));
#2703 = CARTESIAN_POINT('',(4.032594889535,-8.40105080059,
    -7.544894830147));
#2704 = CARTESIAN_POINT('',(3.406688896858,-8.662340558173,
    -7.56226903591));
#2705 = CARTESIAN_POINT('',(2.762665528457,-8.870236775078,
    -7.579644847365));
#2706 = CARTESIAN_POINT('',(1.36440691886,-9.196581186126,
    -7.616638268821));
#2707 = CARTESIAN_POINT('',(0.60629938482,-9.300064244131,
    -7.636265388235));
#2708 = CARTESIAN_POINT('',(-0.160330151387,-9.332006704224,
    -7.655889406802));
#2709 = CARTESIAN_POINT('',(-0.927586533134,-9.291724545744,
    -7.675510775031));
#2710 = CARTESIAN_POINT('',(-1.687664327977,-9.179533967778,
    -7.695132143434));
#2711 = CARTESIAN_POINT('',(-2.432849679129,-8.996668076501,
    -7.714756129953));
#2712 = CARTESIAN_POINT('',(-3.155538520726,-8.74535810769,
    -7.734383149134));
#2713 = CARTESIAN_POINT('',(-4.699556188795,-8.040435471087,
    -7.778113547809));
#2714 = CARTESIAN_POINT('',(-5.506560762529,-7.553268152658,
    -7.80224017565));
#2715 = CARTESIAN_POINT('',(-6.255026016293,-6.973804120238,
    -7.826357172085));
#2716 = CARTESIAN_POINT('',(-6.932909491766,-6.310559793443,
    -7.850467450586));
#2717 = CARTESIAN_POINT('',(-7.529659659985,-5.573465537754,
    -7.874577717426));
#2718 = CARTESIAN_POINT('',(-8.036379675629,-4.773957667743,
    -7.898694902931));
#2719 = CARTESIAN_POINT('',(-8.445720208794,-3.924823817075,
    -7.922821723233));
#2720 = CARTESIAN_POINT('',(-9.062718925638,-2.148861715267,
    -7.971261074717));
#2721 = CARTESIAN_POINT('',(-9.268954721661,-1.22009581665,
    -7.995608689217));
#2722 = CARTESIAN_POINT('',(-9.365996171224,-0.269633918701,
    -8.019946221567));
#2723 = CARTESIAN_POINT('',(-9.351654664435,0.687523257416,
    -8.044276675226));
#2724 = CARTESIAN_POINT('',(-9.225860320338,1.636486519322,
    -8.068607322993));
#2725 = CARTESIAN_POINT('',(-8.990859756554,2.562537094045,
    -8.092944626502));
#2726 = CARTESIAN_POINT('',(-8.651011871828,3.451155536353,
    -8.117292072855));
#2727 = CARTESIAN_POINT('',(-7.848326974645,4.988667767269,
    -8.161978534335));
#2728 = CARTESIAN_POINT('',(-7.414274771895,5.65370037479,
    -8.182342879954));
#2729 = CARTESIAN_POINT('',(-6.91600126416,6.27515742631,-8.202703418265
    ));
#2730 = CARTESIAN_POINT('',(-6.358738352589,6.84590154932,
    -8.223060804551));
#2731 = CARTESIAN_POINT('',(-5.748483132209,7.359593461833,
    -8.243418171679));
#2732 = CARTESIAN_POINT('',(-5.091999558999,7.810719481442,
    -8.263778732591));
#2733 = CARTESIAN_POINT('',(-4.396791135446,8.194587850504,
    -8.284143103889));
#2734 = CARTESIAN_POINT('',(-2.973246454191,8.808895849011,
    -8.324089065187));
#2735 = CARTESIAN_POINT('',(-2.246686491509,9.044774523532,
    -8.343684174353));
#2736 = CARTESIAN_POINT('',(-1.499120983261,9.211982008067,
    -8.363275984129));
#2737 = CARTESIAN_POINT('',(-0.738161197972,9.308454465136,
    -8.382864938977));
#2738 = CARTESIAN_POINT('',(2.849273251102E-02,9.333121900678,
    -8.402453907308));
#2739 = CARTESIAN_POINT('',(0.793068277395,9.28582732534,-8.422045723768
    ));
#2740 = CARTESIAN_POINT('',(1.547724020092,9.167409171923,
    -8.441640789869));
#2741 = CARTESIAN_POINT('',(2.937482495868,8.813843499861,
    -8.478587625953));
#2742 = CARTESIAN_POINT('',(3.576717957942,8.593451633074,
    -8.495948745003));
#2743 = CARTESIAN_POINT('',(4.196818307948,8.320126013486,
    -8.513308521934));
#2744 = CARTESIAN_POINT('',(4.792688748762,7.995862612919,
    -8.530666546358));
#2745 = CARTESIAN_POINT('',(5.359544418913,7.623192535198,
    -8.548024572594));
#2746 = CARTESIAN_POINT('',(5.892897597821,7.205142623108,
    -8.565384346235));
#2747 = CARTESIAN_POINT('',(6.388586418721,6.745265315898,
    -8.582745439815));
#2748 = CARTESIAN_POINT('',(6.930234731889,6.152024107024,
    -8.603442339299));
#2749 = CARTESIAN_POINT('',(7.016094380395,6.054913426111,
    -8.606781577093));
#2750 = CARTESIAN_POINT('',(7.100397932134,5.956434305644,
    -8.610120810317));
#2751 = CARTESIAN_POINT('',(7.183119959835,5.856615877592,
    -8.613460038612));
#2752 = CARTESIAN_POINT('',(7.264235711615,5.755487814825,
    -8.616799261902));
#2753 = CARTESIAN_POINT('',(7.343721110985,5.653080331115,
    -8.620138480393));
#2754 = CARTESIAN_POINT('',(7.421552756845,5.549424181131,-8.62347769457
    ));
#2755 = CARTESIAN_POINT('',(7.925109823719,4.855974152709,
    -8.645557392961));
#2756 = CARTESIAN_POINT('',(8.299819101635,4.228898121608,
    -8.664302603926));
#2757 = CARTESIAN_POINT('',(8.617607043927,3.569051549931,
    -8.683045547215));
#2758 = CARTESIAN_POINT('',(8.875213104064,2.882509369188,
    -8.701786017447));
#2759 = CARTESIAN_POINT('',(9.070168663652,2.175619478286,
    -8.720526898505));
#2760 = CARTESIAN_POINT('',(9.200741362872,1.454968889459,
    -8.739270713192));
#2761 = CARTESIAN_POINT('',(9.266,0.72738900146,-8.758016418765));
#2762 = CARTESIAN_POINT('',(9.266,0.,-8.776756448351));
#2763 = ORIENTED_EDGE('',*,*,#2259,.T.);
#2764 = ORIENTED_EDGE('',*,*,#2423,.T.);
#2765 = ORIENTED_EDGE('',*,*,#2766,.F.);
#2766 = EDGE_CURVE('',#2681,#2416,#2767,.T.);
#2767 = B_SPLINE_CURVE_WITH_KNOTS('',1,(#2768,#2769),.UNSPECIFIED.,.F.,
  .F.,(2,2),(0.,0.9375),.PIECEWISE_BEZIER_KNOTS.);
#2768 = CARTESIAN_POINT('',(9.204103120267,-1.9621451643E-07,
    -8.812491780932));
#2769 = CARTESIAN_POINT('',(10.016006776953,3.9451472E-09,
    -8.343750165264));
#2770 = B_SPLINE_SURFACE_WITH_KNOTS('',1,9,(
    (#2771,#2772,#2773,#2774,#2775,#2776,#2777,#2778,#2779,#2780,#2781
      ,#2782,#2783,#2784,#2785,#2786,#2787,#2788,#2789,#2790,#2791,#2792
      ,#2793,#2794,#2795,#2796,#2797,#2798,#2799,#2800,#2801)
    ,(#2802,#2803,#2804,#2805,#2806,#2807,#2808,#2809,#2810,#2811,#2812
      ,#2813,#2814,#2815,#2816,#2817,#2818,#2819,#2820,#2821,#2822,#2823
      ,#2824,#2825,#2826,#2827,#2828,#2829,#2830,#2831,#2832
  )),.UNSPECIFIED.,.F.,.F.,.F.,(2,2),(10,7,7,7,10),(0.,0.9375),(0.,
    1.614938419963,3.229876839926,4.844815259889,6.459753679852),
  .UNSPECIFIED.);
#2771 = CARTESIAN_POINT('',(9.204102797542,-1.635118192E-07,
    -7.312493150775));
#2772 = CARTESIAN_POINT('',(9.204103236895,-1.606418461938,
    -7.354157831418));
#2773 = CARTESIAN_POINT('',(8.888681616876,-3.212825278678,
    -7.395825986002));
#2774 = CARTESIAN_POINT('',(8.257845819066,-4.748489970854,
    -7.437493064414));
#2775 = CARTESIAN_POINT('',(7.33011248025,-6.14255771853,-7.479159083971
    ));
#2776 = CARTESIAN_POINT('',(6.142559290315,-7.330117425598,
    -7.520825765953));
#2777 = CARTESIAN_POINT('',(4.748477012147,-8.257842178077,
    -7.562492393075));
#2778 = CARTESIAN_POINT('',(3.212837832499,-8.888681265258,
    -7.604159113905));
#2779 = CARTESIAN_POINT('',(-8.6110471268E-07,-9.519521696097,
    -7.687492493247));
#2780 = CARTESIAN_POINT('',(-3.212838338191,-8.88868482077,
    -7.770825789287));
#2781 = CARTESIAN_POINT('',(-4.748475393035,-8.257847500855,
    -7.812492412021));
#2782 = CARTESIAN_POINT('',(-6.142559416259,-7.330114118074,
    -7.854159078104));
#2783 = CARTESIAN_POINT('',(-7.330112746103,-6.142559130829,
    -7.89582580646));
#2784 = CARTESIAN_POINT('',(-8.257845544803,-4.748473443351,
    -7.93749253098));
#2785 = CARTESIAN_POINT('',(-8.888683342577,-3.212835983933,
    -7.979159189379));
#2786 = CARTESIAN_POINT('',(-9.519522353615,1.8709507205E-07,
    -8.062492465853));
#2787 = CARTESIAN_POINT('',(-8.888683242191,3.212836338414,
    -8.145825742329));
#2788 = CARTESIAN_POINT('',(-8.257845388278,4.748473780711,
    -8.187492400726));
#2789 = CARTESIAN_POINT('',(-7.330112503117,6.142559423857,
    -8.229159125248));
#2790 = CARTESIAN_POINT('',(-6.142559110809,7.330114340271,
    -8.270825853601));
#2791 = CARTESIAN_POINT('',(-4.748475065755,8.257847659556,
    -8.312492519687));
#2792 = CARTESIAN_POINT('',(-3.212837990464,8.888684941971,
    -8.35415914242));
#2793 = CARTESIAN_POINT('',(-4.8828186095E-07,9.519521708897,
    -8.43749243846));
#2794 = CARTESIAN_POINT('',(3.212838180226,8.888681130834,
    -8.520825817802));
#2795 = CARTESIAN_POINT('',(4.748477318224,8.257841971438,
    -8.562492538632));
#2796 = CARTESIAN_POINT('',(6.142559612453,7.330117120488,
    -8.604159165752));
#2797 = CARTESIAN_POINT('',(7.330112579846,6.142557504177,
    -8.645825847741));
#2798 = CARTESIAN_POINT('',(8.257846315884,4.748489853036,
    -8.687491867289));
#2799 = CARTESIAN_POINT('',(8.888681841528,3.212824747537,
    -8.729158945707));
#2800 = CARTESIAN_POINT('',(9.204102686619,1.606418102212,
    -8.770827100289));
#2801 = CARTESIAN_POINT('',(9.204103120267,-1.9621451643E-07,
    -8.812491780932));
#2802 = CARTESIAN_POINT('',(10.016005647461,3.28752758E-09,
    -6.843750137715));
#2803 = CARTESIAN_POINT('',(10.016007285593,-1.748122874121,
    -6.885416844321));
#2804 = CARTESIAN_POINT('',(9.672761032351,-3.49623369692,-6.92708348107
    ));
#2805 = CARTESIAN_POINT('',(8.986278497727,-5.167352454851,
    -6.968750139442));
#2806 = CARTESIAN_POINT('',(7.976712702721,-6.684401646724,
    -7.010416819142));
#2807 = CARTESIAN_POINT('',(6.684397444114,-7.976714839825,
    -7.052083485484));
#2808 = CARTESIAN_POINT('',(5.167344506154,-8.986275139497,
    -7.093750152954));
#2809 = CARTESIAN_POINT('',(3.496245512274,-9.672760872027,
    -7.13541681853));
#2810 = CARTESIAN_POINT('',(1.7624793714E-07,-10.35924836456,
    -7.218750150938));
#2811 = CARTESIAN_POINT('',(-3.496245500598,-9.672764874808,
    -7.302083485021));
#2812 = CARTESIAN_POINT('',(-5.167343513846,-8.986280697544,
    -7.343750152571));
#2813 = CARTESIAN_POINT('',(-6.684401311404,-7.976710412799,
    -7.38541681925));
#2814 = CARTESIAN_POINT('',(-7.976709468187,-6.684400120352,
    -7.427083484676));
#2815 = CARTESIAN_POINT('',(-8.986278197356,-5.167341472636,
    -7.468750150179));
#2816 = CARTESIAN_POINT('',(-9.672763001038,-3.496243920481,
    -7.510416817012));
#2817 = CARTESIAN_POINT('',(-10.35924910623,-1.38867E-12,-7.593750151489
    ));
#2818 = CARTESIAN_POINT('',(-9.672763091697,3.49624393828,
    -7.677083485966));
#2819 = CARTESIAN_POINT('',(-8.986278302801,5.167341517306,
    -7.718750152798));
#2820 = CARTESIAN_POINT('',(-7.976709462805,6.684400137487,
    -7.760416818304));
#2821 = CARTESIAN_POINT('',(-6.684401250795,7.976710345417,
    -7.802083483726));
#2822 = CARTESIAN_POINT('',(-5.167343504455,8.986280599714,
    -7.843750150407));
#2823 = CARTESIAN_POINT('',(-3.496245506433,9.672764856999,
    -7.885416817956));
#2824 = CARTESIAN_POINT('',(1.7145937719E-07,10.359248409365,
    -7.96875015204));
#2825 = CARTESIAN_POINT('',(3.49624550644,9.672760843555,-8.052083484448
    ));
#2826 = CARTESIAN_POINT('',(5.167344441337,8.98627506955,-8.093750150026
    ));
#2827 = CARTESIAN_POINT('',(6.684397563133,7.976714617008,
    -8.135416817483));
#2828 = CARTESIAN_POINT('',(7.976712206248,6.684401904954,
    -8.177083483854));
#2829 = CARTESIAN_POINT('',(8.986279583268,5.167353178545,
    -8.218750163519));
#2830 = CARTESIAN_POINT('',(9.672761376604,3.496233060833,
    -8.260416821916));
#2831 = CARTESIAN_POINT('',(10.016005138707,1.748122881353,
    -8.302083458655));
#2832 = CARTESIAN_POINT('',(10.016006776953,3.9451472E-09,
    -8.343750165264));
#2833 = ADVANCED_FACE('',(#2834),#3018,.T.);
#2834 = FACE_BOUND('',#2835,.T.);
#2835 = EDGE_LOOP('',(#2836,#2837,#2921,#2929));
#2836 = ORIENTED_EDGE('',*,*,#2415,.F.);
#2837 = ORIENTED_EDGE('',*,*,#2838,.T.);
#2838 = EDGE_CURVE('',#2332,#2839,#2841,.T.);
#2839 = VERTEX_POINT('',#2840);
#2840 = CARTESIAN_POINT('',(10.,-9.134241450889E-13,-9.64700646232));
#2841 = B_SPLINE_CURVE_WITH_KNOTS('',8,(#2842,#2843,#2844,#2845,#2846,
    #2847,#2848,#2849,#2850,#2851,#2852,#2853,#2854,#2855,#2856,#2857,
    #2858,#2859,#2860,#2861,#2862,#2863,#2864,#2865,#2866,#2867,#2868,
    #2869,#2870,#2871,#2872,#2873,#2874,#2875,#2876,#2877,#2878,#2879,
    #2880,#2881,#2882,#2883,#2884,#2885,#2886,#2887,#2888,#2889,#2890,
    #2891,#2892,#2893,#2894,#2895,#2896,#2897,#2898,#2899,#2900,#2901,
    #2902,#2903,#2904,#2905,#2906,#2907,#2908,#2909,#2910,#2911,#2912,
    #2913,#2914,#2915,#2916,#2917,#2918,#2919,#2920),.UNSPECIFIED.,.F.,
  .F.,(9,7,7,7,7,7,7,7,7,7,7,9),(0.,4.992314237775E-02,0.122079784024,
    0.214635417265,0.318187477835,0.408841757829,0.546715792107,
    0.684633473789,0.789023990073,0.873527743325,0.95879131288,1.),
  .UNSPECIFIED.);
#2842 = CARTESIAN_POINT('',(10.,-1.342925770587E-12,-8.147007309957));
#2843 = CARTESIAN_POINT('',(10.,-0.39203855027,-8.156366264202));
#2844 = CARTESIAN_POINT('',(9.982434942492,-0.784083630532,
    -8.165725555413));
#2845 = CARTESIAN_POINT('',(9.947303823418,-1.175207504946,
    -8.175084912951));
#2846 = CARTESIAN_POINT('',(9.894665559868,-1.564491480593,
    -8.184444249987));
#2847 = CARTESIAN_POINT('',(9.824635628097,-1.951025588188,-8.193803592)
  );
#2848 = CARTESIAN_POINT('',(9.737384922499,-2.333908614485,
    -8.203162989044));
#2849 = CARTESIAN_POINT('',(9.633140835527,-2.712248486374,
    -8.212522411773));
#2850 = CARTESIAN_POINT('',(9.337374523828,-3.624156710225,
    -8.235409021772));
#2851 = CARTESIAN_POINT('',(9.127641465529,-4.151868704427,
    -8.24893728356));
#2852 = CARTESIAN_POINT('',(8.883856952591,-4.665601270969,
    -8.26246501189));
#2853 = CARTESIAN_POINT('',(8.607127240536,-5.162796332682,
    -8.275992157695));
#2854 = CARTESIAN_POINT('',(8.29877240046,-5.641021726029,
    -8.289519327959));
#2855 = CARTESIAN_POINT('',(7.960316661211,-6.097967780447,
    -8.303047108428));
#2856 = CARTESIAN_POINT('',(7.593495964792,-6.531454204503,
    -8.316575408579));
#2857 = CARTESIAN_POINT('',(6.695906441221,-7.462781742553,
    -8.347454508832));
#2858 = CARTESIAN_POINT('',(6.147960752533,-7.94432115513,-8.3648096326)
  );
#2859 = CARTESIAN_POINT('',(5.56062587828,-8.379672898866,
    -8.382163423599));
#2860 = CARTESIAN_POINT('',(4.938490315688,-8.765129482168,
    -8.399515441614));
#2861 = CARTESIAN_POINT('',(4.286478109611,-9.097559204874,
    -8.41686743216));
#2862 = CARTESIAN_POINT('',(3.609818972565,-9.374372887636,
    -8.434221160091));
#2863 = CARTESIAN_POINT('',(2.914061265022,-9.593566665382,
    -8.451576227482));
#2864 = CARTESIAN_POINT('',(1.411966849269,-9.933157013545,
    -8.488341053248));
#2865 = CARTESIAN_POINT('',(0.601902107187,-10.03881425702,
    -8.507759918164));
#2866 = CARTESIAN_POINT('',(-0.216729240048,-10.06885126414,
    -8.52717570737));
#2867 = CARTESIAN_POINT('',(-1.035672496707,-10.02259652672,
    -8.546588729827));
#2868 = CARTESIAN_POINT('',(-1.846769757993,-9.900413063944,
    -8.566001757756));
#2869 = CARTESIAN_POINT('',(-2.641961259055,-9.70361368532,
    -8.585417588873));
#2870 = CARTESIAN_POINT('',(-3.413304023921,-9.434543667219,
    -8.604836556245));
#2871 = CARTESIAN_POINT('',(-4.800635646734,-8.801175501082,
    -8.641244983946));
#2872 = CARTESIAN_POINT('',(-5.424294830457,-8.452781982346,
    -8.65824326069));
#2873 = CARTESIAN_POINT('',(-6.018826080264,-8.053979016613,
    -8.675240261992));
#2874 = CARTESIAN_POINT('',(-6.579504254842,-7.607661487605,
    -8.692235638245));
#2875 = CARTESIAN_POINT('',(-7.101999281738,-7.117194076577,
    -8.70923102367));
#2876 = CARTESIAN_POINT('',(-7.582357324704,-6.586376470863,
    -8.726228047586));
#2877 = CARTESIAN_POINT('',(-8.017032480851,-6.019467012071,
    -8.743226354096));
#2878 = CARTESIAN_POINT('',(-8.98993110052,-4.511472609575,
    -8.786069359329));
#2879 = CARTESIAN_POINT('',(-9.464870873354,-3.528193215167,
    -8.811941316565));
#2880 = CARTESIAN_POINT('',(-9.816058791243,-2.488798653968,
    -8.83779914138));
#2881 = CARTESIAN_POINT('',(-10.03643912642,-1.411619752228,
    -8.8636481407));
#2882 = CARTESIAN_POINT('',(-10.1217403217,-0.315441852973,
    -8.889497304915));
#2883 = CARTESIAN_POINT('',(-10.07088620034,0.78050006435,
    -8.915355283226));
#2884 = CARTESIAN_POINT('',(-9.885602376953,1.856639695897,
    -8.941227342157));
#2885 = CARTESIAN_POINT('',(-9.259042063061,3.92977451179,
    -8.992930928708));
#2886 = CARTESIAN_POINT('',(-8.817092949994,4.928701990063,
    -9.018811181681));
#2887 = CARTESIAN_POINT('',(-8.252172797362,5.86961767509,
    -9.044677424265));
#2888 = CARTESIAN_POINT('',(-7.573692295917,6.735259322602,
    -9.070534382832));
#2889 = CARTESIAN_POINT('',(-6.79321350912,7.51019427871,-9.096391372431
    ));
#2890 = CARTESIAN_POINT('',(-5.924713144229,8.181137197119,
    -9.122257336951));
#2891 = CARTESIAN_POINT('',(-4.984236314284,8.736725696449,
    -9.148137348655));
#2892 = CARTESIAN_POINT('',(-3.23955399906,9.496172895535,
    -9.193563540169));
#2893 = CARTESIAN_POINT('',(-2.457028293145,9.753037737088,
    -9.213140094299));
#2894 = CARTESIAN_POINT('',(-1.651635198595,9.936008629577,
    -9.232713675279));
#2895 = CARTESIAN_POINT('',(-0.831557794167,10.042837678001,
    -9.252284625685));
#2896 = CARTESIAN_POINT('',(-5.07812538879E-03,10.072345317592,
    -9.271855557445));
#2897 = CARTESIAN_POINT('',(0.81944072189,10.024332972732,
    -9.291429132114));
#2898 = CARTESIAN_POINT('',(1.633557608985,9.899671659939,
    -9.311005758003));
#2899 = CARTESIAN_POINT('',(3.072497596372,9.539398088927,-9.34641825963
    ));
#2900 = CARTESIAN_POINT('',(3.704085878656,9.329384408905,
    -9.362262411715));
#2901 = CARTESIAN_POINT('',(4.319082631792,9.071621331121,
    -9.378105523751));
#2902 = CARTESIAN_POINT('',(4.913287322458,8.767678586061,
    -9.393947384804));
#2903 = CARTESIAN_POINT('',(5.482721788688,8.419533843022,
    -9.409789217231));
#2904 = CARTESIAN_POINT('',(6.023622539364,8.029547754678,
    -9.425632258064));
#2905 = CARTESIAN_POINT('',(6.532457969453,7.600483564796,
    -9.441476330573));
#2906 = CARTESIAN_POINT('',(7.483740604855,6.666478730215,
    -9.473302925599));
#2907 = CARTESIAN_POINT('',(7.925681901428,6.160760758957,
    -9.489289759247));
#2908 = CARTESIAN_POINT('',(8.328413591579,5.621703512546,
    -9.505275748842));
#2909 = CARTESIAN_POINT('',(8.689034910303,5.052885689131,
    -9.521260637724));
#2910 = CARTESIAN_POINT('',(9.005058250666,4.458132980189,
    -9.537245580516));
#2911 = CARTESIAN_POINT('',(9.274388827833,3.841499566956,
    -9.553231690091));
#2912 = CARTESIAN_POINT('',(9.495350873181,3.20727667092,-9.569218621627
    ));
#2913 = CARTESIAN_POINT('',(9.749604178957,2.247206849325,
    -9.592928688231));
#2914 = CARTESIAN_POINT('',(9.820879292052,1.931319184349,
    -9.600654209151));
#2915 = CARTESIAN_POINT('',(9.880452749868,1.612867851053,
    -9.608379665722));
#2916 = CARTESIAN_POINT('',(9.928218140749,1.292359193522,
    -9.616105056229));
#2917 = CARTESIAN_POINT('',(9.964095596953,0.970303101974,
    -9.623830421999));
#2918 = CARTESIAN_POINT('',(9.988031802333,0.647212902406,
    -9.631555801332));
#2919 = CARTESIAN_POINT('',(10.,0.323605246244,-9.639281183427));
#2920 = CARTESIAN_POINT('',(10.,-1.824318474064E-12,-9.64700646232));
#2921 = ORIENTED_EDGE('',*,*,#2922,.T.);
#2922 = EDGE_CURVE('',#2839,#2923,#2925,.T.);
#2923 = VERTEX_POINT('',#2924);
#2924 = CARTESIAN_POINT('',(10.,-6.647876719938E-13,-9.852992104762));
#2925 = LINE('',#2926,#2927);
#2926 = CARTESIAN_POINT('',(10.,0.,0.));
#2927 = VECTOR('',#2928,1.);
#2928 = DIRECTION('',(0.,-2.22044604925E-16,-1.));
#2929 = ORIENTED_EDGE('',*,*,#2930,.F.);
#2930 = EDGE_CURVE('',#2416,#2923,#2931,.T.);
#2931 = B_SPLINE_CURVE_WITH_KNOTS('',8,(#2932,#2933,#2934,#2935,#2936,
    #2937,#2938,#2939,#2940,#2941,#2942,#2943,#2944,#2945,#2946,#2947,
    #2948,#2949,#2950,#2951,#2952,#2953,#2954,#2955,#2956,#2957,#2958,
    #2959,#2960,#2961,#2962,#2963,#2964,#2965,#2966,#2967,#2968,#2969,
    #2970,#2971,#2972,#2973,#2974,#2975,#2976,#2977,#2978,#2979,#2980,
    #2981,#2982,#2983,#2984,#2985,#2986,#2987,#2988,#2989,#2990,#2991,
    #2992,#2993,#2994,#2995,#2996,#2997,#2998,#2999,#3000,#3001,#3002,
    #3003,#3004,#3005,#3006,#3007,#3008,#3009,#3010,#3011,#3012,#3013,
    #3014,#3015,#3016,#3017),.UNSPECIFIED.,.F.,.F.,(9,7,7,7,7,7,7,7,7,7,
    7,7,9),(0.,1.418617561983E-02,4.876963291011E-02,0.122197361393,
    0.234785739479,0.348648324477,0.46157047287,0.575564389343,
    0.685468257688,0.789703752149,0.881943694333,0.958294506063,1.),
  .UNSPECIFIED.);
#2932 = CARTESIAN_POINT('',(10.,-1.016076112137E-12,-8.35299146185));
#2933 = CARTESIAN_POINT('',(10.,-0.111405198625,-8.355651124406));
#2934 = CARTESIAN_POINT('',(9.998581586805,-0.222810398381,
    -8.358310776726));
#2935 = CARTESIAN_POINT('',(9.995744760058,-0.334194523392,
    -8.360970419404));
#2936 = CARTESIAN_POINT('',(9.991489895041,-0.445536509085,
    -8.363630053047));
#2937 = CARTESIAN_POINT('',(9.985817742676,-0.556815302194,
    -8.366289678279));
#2938 = CARTESIAN_POINT('',(9.978729429524,-0.668009860759,
    -8.368949295736));
#2939 = CARTESIAN_POINT('',(9.970226457785,-0.779099154125,
    -8.37160890607));
#2940 = CARTESIAN_POINT('',(9.936137805443,-1.160570901813,
    -8.380752166963));
#2941 = CARTESIAN_POINT('',(9.903568547376,-1.430330593734,
    -8.387235800889));
#2942 = CARTESIAN_POINT('',(9.862630319635,-1.699035548827,
    -8.393719422965));
#2943 = CARTESIAN_POINT('',(9.813363526204,-1.966382718316,
    -8.400203042325));
#2944 = CARTESIAN_POINT('',(9.755821586509,-2.232071694533,
    -8.406686666003));
#2945 = CARTESIAN_POINT('',(9.690070935422,-2.495804710916,
    -8.413170298929));
#2946 = CARTESIAN_POINT('',(9.616191023259,-2.757286642008,
    -8.419653943928));
#2947 = CARTESIAN_POINT('',(9.360348449877,-3.566003920552,
    -8.439903728698));
#2948 = CARTESIAN_POINT('',(9.150177991707,-4.10436364127,
    -8.453671000131));
#2949 = CARTESIAN_POINT('',(8.904654765665,-4.62845223778,
    -8.467437909563));
#2950 = CARTESIAN_POINT('',(8.624930159149,-5.135567038178,
    -8.481204285495));
#2951 = CARTESIAN_POINT('',(8.312385245418,-5.623139528734,
    -8.494970644478));
#2952 = CARTESIAN_POINT('',(7.968620054363,-6.088731610284,
    -8.508737522129));
#2953 = CARTESIAN_POINT('',(7.595461991203,-6.530043208798,
    -8.522504782077));
#2954 = CARTESIAN_POINT('',(6.580945961577,-7.581088336264,
    -8.557378803623));
#2955 = CARTESIAN_POINT('',(5.902357454371,-8.155465602811,
    -8.57849539899));
#2956 = CARTESIAN_POINT('',(5.166846125531,-8.659981383595,
    -8.599607073386));
#2957 = CARTESIAN_POINT('',(4.382927054066,-9.088232596837,
    -8.620714903759));
#2958 = CARTESIAN_POINT('',(3.559728773967,-9.435036139089,
    -8.641822855639));
#2959 = CARTESIAN_POINT('',(2.706990759091,-9.696475824724,
    -8.66293482704));
#2960 = CARTESIAN_POINT('',(1.835025049614,-9.869875048162,
    -8.684051724183));
#2961 = CARTESIAN_POINT('',(6.481188991664E-02,-10.03968847624,
    -8.726506868225));
#2962 = CARTESIAN_POINT('',(-0.834392972834,-10.03415148148,
    -8.747863402111));
#2963 = CARTESIAN_POINT('',(-1.731280731246,-9.936455016564,
    -8.769214942456));
#2964 = CARTESIAN_POINT('',(-2.614852576992,-9.747313903906,
    -8.790562659056));
#2965 = CARTESIAN_POINT('',(-3.474455405241,-9.468824149653,
    -8.811909829149));
#2966 = CARTESIAN_POINT('',(-4.299817394604,-9.104503168935,
    -8.833261053957));
#2967 = CARTESIAN_POINT('',(-5.081058807798,-8.659237071259,
    -8.854617130478));
#2968 = CARTESIAN_POINT('',(-6.530728828238,-7.62469496123,
    -8.897134092897));
#2969 = CARTESIAN_POINT('',(-7.200659428342,-7.036193794595,
    -8.91831339336));
#2970 = CARTESIAN_POINT('',(-7.809490387139,-6.380719459887,
    -8.939487888124));
#2971 = CARTESIAN_POINT('',(-8.349570100353,-5.665822106205,
    -8.960658569652));
#2972 = CARTESIAN_POINT('',(-8.81437633634,-4.899845969239,
    -8.981829368733));
#2973 = CARTESIAN_POINT('',(-9.198564643783,-4.091934469165,
    -9.003004138244));
#2974 = CARTESIAN_POINT('',(-9.497945675742,-3.251987110205,
    -9.0241837324));
#2975 = CARTESIAN_POINT('',(-9.924005509582,-1.521678462027,
    -9.066725788378));
#2976 = CARTESIAN_POINT('',(-10.04920514311,-0.630155074309,
    -9.088106724919));
#2977 = CARTESIAN_POINT('',(-10.08267135367,0.27247731019,
    -9.109482583612));
#2978 = CARTESIAN_POINT('',(-10.02351293863,1.175194290495,
    -9.130854393224));
#2979 = CARTESIAN_POINT('',(-9.872261421427,2.067113916301,
    -9.152226278812));
#2980 = CARTESIAN_POINT('',(-9.630916767462,2.93752645763,-9.17360195892
    ));
#2981 = CARTESIAN_POINT('',(-9.30289604136,3.775912599093,-9.19498278368
    ));
#2982 = CARTESIAN_POINT('',(-8.498993678714,5.3396649502,-9.23695883567)
  );
#2983 = CARTESIAN_POINT('',(-8.028519962755,6.068628565126,
    -9.257571405609));
#2984 = CARTESIAN_POINT('',(-7.486790775466,6.749747066114,
    -9.278179901182));
#2985 = CARTESIAN_POINT('',(-6.879630449664,7.375007875607,
    -9.298785059013));
#2986 = CARTESIAN_POINT('',(-6.213728835111,7.937297707593,
    -9.31939020014));
#2987 = CARTESIAN_POINT('',(-5.496646655944,8.430436699261,
    -9.339998729453));
#2988 = CARTESIAN_POINT('',(-4.736780739448,8.849170755875,
    -9.360611354606));
#2989 = CARTESIAN_POINT('',(-3.191417254473,9.512355816975,
    -9.40075788686));
#2990 = CARTESIAN_POINT('',(-2.408756211666,9.764898307667,
    -9.42030576305));
#2991 = CARTESIAN_POINT('',(-1.603664636119,9.943649775258,
    -9.439850365069));
#2992 = CARTESIAN_POINT('',(-0.784300693588,10.046412590922,
    -9.459392136429));
#2993 = CARTESIAN_POINT('',(4.108412717644E-02,10.072051587595,
    -9.478933920026));
#2994 = CARTESIAN_POINT('',(0.864162150905,10.020407640399,
    -9.498478523577));
#2995 = CARTESIAN_POINT('',(1.676533018746,9.892385674802,
    -9.518026346531));
#2996 = CARTESIAN_POINT('',(3.171674273119,9.511319128429,
    -9.554861316182));
#2997 = CARTESIAN_POINT('',(3.85892705371,9.274274813656,-9.572157711558
    ));
#2998 = CARTESIAN_POINT('',(4.525679639266,8.980532318922,
    -9.589452787812));
#2999 = CARTESIAN_POINT('',(5.166495011612,8.632221331193,
    -9.606746148778));
#3000 = CARTESIAN_POINT('',(5.776265660161,8.23204057093,-9.624039526579
    ));
#3001 = CARTESIAN_POINT('',(6.350199755366,7.783216198286,
    -9.641334635892));
#3002 = CARTESIAN_POINT('',(6.883851270759,7.28953365612,-9.658631043288
    ));
#3003 = CARTESIAN_POINT('',(7.778243295758,6.313354002283,
    -9.690238189248));
#3004 = CARTESIAN_POINT('',(8.153035269118,5.843469102849,
    -9.704553503575));
#3005 = CARTESIAN_POINT('',(8.495287255086,5.348261267179,
    -9.718868141581));
#3006 = CARTESIAN_POINT('',(8.803022931343,4.830378244114,
    -9.733181984436));
#3007 = CARTESIAN_POINT('',(9.074536902897,4.29261972685,-9.747495804494
    ));
#3008 = CARTESIAN_POINT('',(9.308383802859,3.737928068074,
    -9.761810398674));
#3009 = CARTESIAN_POINT('',(9.503391962912,3.16939249909,-9.776125698247
    ));
#3010 = CARTESIAN_POINT('',(9.74353725915,2.273928092698,-9.798258750009
    ));
#3011 = CARTESIAN_POINT('',(9.81653267606,1.954411271655,-9.806077748621
    ));
#3012 = CARTESIAN_POINT('',(9.877548440798,1.63223715814,-9.813896765104
    ));
#3013 = CARTESIAN_POINT('',(9.926472920085,1.307930413729,-9.82171578486
    ));
#3014 = CARTESIAN_POINT('',(9.963222321989,0.982019474985,
    -9.829534828906));
#3015 = CARTESIAN_POINT('',(9.987740707149,0.655036435208,
    -9.837353918332));
#3016 = CARTESIAN_POINT('',(10.,0.327516926198,-9.845173038752));
#3017 = CARTESIAN_POINT('',(10.,-1.328714915871E-12,-9.852992104762));
#3018 = CYLINDRICAL_SURFACE('',#3019,10.);
#3019 = AXIS2_PLACEMENT_3D('',#3020,#3021,#3022);
#3020 = CARTESIAN_POINT('',(0.,0.,0.));
#3021 = DIRECTION('',(0.,-2.22044604925E-16,-1.));
#3022 = DIRECTION('',(1.,0.,0.));
#3023 = ADVANCED_FACE('',(#3024),#3117,.T.);
#3024 = FACE_BOUND('',#3025,.T.);
#3025 = EDGE_LOOP('',(#3026,#3027,#3028,#3112));
#3026 = ORIENTED_EDGE('',*,*,#2838,.F.);
#3027 = ORIENTED_EDGE('',*,*,#2592,.T.);
#3028 = ORIENTED_EDGE('',*,*,#3029,.T.);
#3029 = EDGE_CURVE('',#2509,#3030,#3032,.T.);
#3030 = VERTEX_POINT('',#3031);
#3031 = CARTESIAN_POINT('',(9.266,-1.05558299E-07,-9.223219573757));
#3032 = B_SPLINE_CURVE_WITH_KNOTS('',8,(#3033,#3034,#3035,#3036,#3037,
    #3038,#3039,#3040,#3041,#3042,#3043,#3044,#3045,#3046,#3047,#3048,
    #3049,#3050,#3051,#3052,#3053,#3054,#3055,#3056,#3057,#3058,#3059,
    #3060,#3061,#3062,#3063,#3064,#3065,#3066,#3067,#3068,#3069,#3070,
    #3071,#3072,#3073,#3074,#3075,#3076,#3077,#3078,#3079,#3080,#3081,
    #3082,#3083,#3084,#3085,#3086,#3087,#3088,#3089,#3090,#3091,#3092,
    #3093,#3094,#3095,#3096,#3097,#3098,#3099,#3100,#3101,#3102,#3103,
    #3104,#3105,#3106,#3107,#3108,#3109,#3110,#3111),.UNSPECIFIED.,.F.,
  .F.,(9,7,7,7,7,7,7,7,7,7,7,9),(0.,0.121759573004,0.214355876402,
    0.318536586761,0.445011960419,0.574074023305,0.676266171398,
    0.688810301912,0.789814245611,0.875594928475,0.961240164586,1.),
  .UNSPECIFIED.);
#3033 = CARTESIAN_POINT('',(9.266,-2.1111659798E-07,-7.723222106606));
#3034 = CARTESIAN_POINT('',(9.266,-0.885979476664,-7.746046788587));
#3035 = CARTESIAN_POINT('',(9.169183980389,-1.77246601305,
    -7.768886913587));
#3036 = CARTESIAN_POINT('',(8.975358931369,-2.64632908199,
    -7.791720678046));
#3037 = CARTESIAN_POINT('',(8.686695859496,-3.495254766276,
    -7.814547745088));
#3038 = CARTESIAN_POINT('',(8.30694400077,-4.307529278244,
    -7.837374633076));
#3039 = CARTESIAN_POINT('',(7.841511911428,-5.072106496457,
    -7.860206770783));
#3040 = CARTESIAN_POINT('',(7.297362261497,-5.77860027179,
    -7.883046281642));
#3041 = CARTESIAN_POINT('',(6.217070896989,-6.903677215201,
    -7.92323227097));
#3042 = CARTESIAN_POINT('',(5.709933481274,-7.350995452038,
    -7.940595029037));
#3043 = CARTESIAN_POINT('',(5.166187775792,-7.755544792363,
    -7.957956458477));
#3044 = CARTESIAN_POINT('',(4.590084857365,-8.113877530869,
    -7.975316129692));
#3045 = CARTESIAN_POINT('',(3.986188445587,-8.423079791513,
    -7.992675788372));
#3046 = CARTESIAN_POINT('',(3.359346924498,-8.680740944004,
    -8.010037191478));
#3047 = CARTESIAN_POINT('',(2.714705171627,-8.884993323463,
    -8.027399932577));
#3048 = CARTESIAN_POINT('',(1.318618576544,-9.20297074693,
    -8.064290346161));
#3049 = CARTESIAN_POINT('',(0.56351306193,-9.3022615636,-8.083827278977)
  );
#3050 = CARTESIAN_POINT('',(-0.199693703018,-9.330629744232,
    -8.103361044939));
#3051 = CARTESIAN_POINT('',(-0.963212059049,-9.287436457263,
    -8.122891972515));
#3052 = CARTESIAN_POINT('',(-1.719344243591,-9.173024808088,
    -8.142422902345));
#3053 = CARTESIAN_POINT('',(-2.460485963367,-8.98863871711,
    -8.161956700697));
#3054 = CARTESIAN_POINT('',(-3.179144511142,-8.73650190651,
    -8.181493721682));
#3055 = CARTESIAN_POINT('',(-4.704277828946,-8.035886347438,
    -8.224735587755));
#3056 = CARTESIAN_POINT('',(-5.497503686543,-7.556538713574,
    -8.248462277247));
#3057 = CARTESIAN_POINT('',(-6.234139297987,-6.987965240527,
    -8.272180345776));
#3058 = CARTESIAN_POINT('',(-6.902720285039,-6.338244647085,
    -8.295892172015));
#3059 = CARTESIAN_POINT('',(-7.493182309466,-5.616793385097,
    -8.319603999493));
#3060 = CARTESIAN_POINT('',(-7.996999743214,-4.834440924531,
    -8.343321872635));
#3061 = CARTESIAN_POINT('',(-8.407098951228,-4.003296758274,
    -8.367048378641));
#3062 = CARTESIAN_POINT('',(-9.03667331827,-2.253714713628,
    -8.414954671417));
#3063 = CARTESIAN_POINT('',(-9.252524375376,-1.332599366092,
    -8.439167700712));
#3064 = CARTESIAN_POINT('',(-9.360658831117,-0.388753344589,
    -8.463371087725));
#3065 = CARTESIAN_POINT('',(-9.358741380026,0.563098442451,
    -8.487567710952));
#3066 = CARTESIAN_POINT('',(-9.246515747996,1.508313172044,
    -8.51176420585));
#3067 = CARTESIAN_POINT('',(-9.025992066906,2.432384430136,
    -8.535967789476));
#3068 = CARTESIAN_POINT('',(-8.701254344636,3.320973520028,
    -8.560181008101));
#3069 = CARTESIAN_POINT('',(-7.945773467699,4.824559575243,
    -8.603534993045));
#3070 = CARTESIAN_POINT('',(-7.550888304936,5.458571298098,
    -8.622698598473));
#3071 = CARTESIAN_POINT('',(-7.098333278439,6.055315868174,
    -8.641859743862));
#3072 = CARTESIAN_POINT('',(-6.592296490557,6.608730710314,
    -8.661017854461));
#3073 = CARTESIAN_POINT('',(-6.03762345123,7.113388009505,
    -8.680175948513));
#3074 = CARTESIAN_POINT('',(-5.439753872017,7.56445583254,
    -8.699337044819));
#3075 = CARTESIAN_POINT('',(-4.804760629669,7.957761302475,
    -8.718500578635));
#3076 = CARTESIAN_POINT('',(-4.057828751187,8.330732847743,
    -8.740010509041));
#3077 = CARTESIAN_POINT('',(-3.975707448993,8.370590559097,
    -8.742362195746));
#3078 = CARTESIAN_POINT('',(-3.893139138169,8.409522896901,
    -8.744713884282));
#3079 = CARTESIAN_POINT('',(-3.810136031443,8.447524001875,
    -8.747065573503));
#3080 = CARTESIAN_POINT('',(-3.726710408751,8.484588218487,
    -8.749417262829));
#3081 = CARTESIAN_POINT('',(-3.642874617234,8.520710094959,
    -8.751768952248));
#3082 = CARTESIAN_POINT('',(-3.558641071238,8.555884383263,
    -8.754120642315));
#3083 = CARTESIAN_POINT('',(-2.792680934007,8.865655005839,
    -8.775407895258));
#3084 = CARTESIAN_POINT('',(-2.086174959479,9.079516399153,
    -8.794348602133));
#3085 = CARTESIAN_POINT('',(-1.361297207035,9.228879521606,
    -8.81328721035));
#3086 = CARTESIAN_POINT('',(-0.624944429111,9.312003671827,
    -8.83222307953));
#3087 = CARTESIAN_POINT('',(0.115912236749,9.328017561775,
    -8.851158926239));
#3088 = CARTESIAN_POINT('',(0.854247740053,9.276853170262,
    -8.870097509461));
#3089 = CARTESIAN_POINT('',(1.582994572665,9.159314032765,
    -8.889038248659));
#3090 = CARTESIAN_POINT('',(2.899775947774,8.822678281505,
    -8.924055347766));
#3091 = CARTESIAN_POINT('',(3.492691304258,8.62150070085,-8.940139082238
    ));
#3092 = CARTESIAN_POINT('',(4.069474380345,8.374825373069,
    -8.956221700434));
#3093 = CARTESIAN_POINT('',(4.626063555034,8.084201723372,
    -8.972302978501));
#3094 = CARTESIAN_POINT('',(5.158619139531,7.751578584301,
    -8.988384228687));
#3095 = CARTESIAN_POINT('',(5.663515591772,7.37927899708,-9.004466775831
    ));
#3096 = CARTESIAN_POINT('',(6.137359288594,6.970019684652,
    -9.020550427822));
#3097 = CARTESIAN_POINT('',(7.016010184421,6.084630270575,
    -9.052688059622));
#3098 = CARTESIAN_POINT('',(7.42105032577,5.60848070648,-9.068746543511)
  );
#3099 = CARTESIAN_POINT('',(7.789016991052,5.101653910301,
    -9.084804177635));
#3100 = CARTESIAN_POINT('',(8.117231604819,4.567547378605,-9.10086070742
    ));
#3101 = CARTESIAN_POINT('',(8.403408445547,4.009786230594,
    -9.116917319717));
#3102 = CARTESIAN_POINT('',(8.645635232887,3.432205757706,-9.13297515147
    ));
#3103 = CARTESIAN_POINT('',(8.842398161404,2.838858990578,
    -9.149033825066));
#3104 = CARTESIAN_POINT('',(9.060650376605,1.960334996721,
    -9.172356440231));
#3105 = CARTESIAN_POINT('',(9.119128329351,1.684253572448,
    -9.179622829744));
#3106 = CARTESIAN_POINT('',(9.167988756685,1.406193930649,
    -9.186889175589));
#3107 = CARTESIAN_POINT('',(9.207154445842,1.126547350369,
    -9.194155466444));
#3108 = CARTESIAN_POINT('',(9.236567453617,0.845707469611,
    -9.201421682994));
#3109 = CARTESIAN_POINT('',(9.256189106364,0.564070285338,
    -9.208687797929));
#3110 = CARTESIAN_POINT('',(9.266,0.282034153469,-9.215953775949));
#3111 = CARTESIAN_POINT('',(9.266,-2.1111659798E-07,-9.223219573757));
#3112 = ORIENTED_EDGE('',*,*,#3113,.F.);
#3113 = EDGE_CURVE('',#2839,#3030,#3114,.T.);
#3114 = B_SPLINE_CURVE_WITH_KNOTS('',1,(#3115,#3116),.UNSPECIFIED.,.F.,
  .F.,(2,2),(0.,0.9375),.PIECEWISE_BEZIER_KNOTS.);
#3115 = CARTESIAN_POINT('',(10.01601016543,4.60305601E-09,
    -9.656250192828));
#3116 = CARTESIAN_POINT('',(9.204116996903,-2.2891553015E-07,
    -9.187490411171));
#3117 = B_SPLINE_SURFACE_WITH_KNOTS('',1,9,(
    (#3118,#3119,#3120,#3121,#3122,#3123,#3124,#3125,#3126,#3127,#3128
      ,#3129,#3130,#3131,#3132,#3133,#3134,#3135,#3136,#3137,#3138,#3139
      ,#3140,#3141,#3142,#3143,#3144,#3145,#3146,#3147,#3148)
    ,(#3149,#3150,#3151,#3152,#3153,#3154,#3155,#3156,#3157,#3158,#3159
      ,#3160,#3161,#3162,#3163,#3164,#3165,#3166,#3167,#3168,#3169,#3170
      ,#3171,#3172,#3173,#3174,#3175,#3176,#3177,#3178,#3179
  )),.UNSPECIFIED.,.F.,.F.,.F.,(2,2),(10,7,7,7,10),(0.,0.9375),(0.,
    1.614938419963,3.229876839926,4.844815259889,6.459753679852),
  .UNSPECIFIED.);
#3118 = CARTESIAN_POINT('',(10.016008713226,3.94533473E-09,
    -8.156250165274));
#3119 = CARTESIAN_POINT('',(10.016010819349,-1.748123436705,
    -8.197916871887));
#3120 = CARTESIAN_POINT('',(9.67276409957,-3.496234914633,
    -8.239583508632));
#3121 = CARTESIAN_POINT('',(8.986281237804,-5.167354016685,
    -8.281250166999));
#3122 = CARTESIAN_POINT('',(7.976715343475,-6.684403763834,
    -8.322916846706));
#3123 = CARTESIAN_POINT('',(6.68439958049,-7.976717441979,
    -8.364583513045));
#3124 = CARTESIAN_POINT('',(5.167346179974,-8.986278045031,
    -8.406250180516));
#3125 = CARTESIAN_POINT('',(3.496246639223,-9.672763992756,
    -8.447916846092));
#3126 = CARTESIAN_POINT('',(1.7654692009E-07,-10.35925169587,
    -8.531250178499));
#3127 = CARTESIAN_POINT('',(-3.496246626604,-9.672767993753,
    -8.614583512583));
#3128 = CARTESIAN_POINT('',(-5.167345180426,-8.986283606674,
    -8.656250180133));
#3129 = CARTESIAN_POINT('',(-6.684403474055,-7.97671299224,
    -8.697916846812));
#3130 = CARTESIAN_POINT('',(-7.976712039275,-6.684402271293,
    -8.739583512237));
#3131 = CARTESIAN_POINT('',(-8.986281077833,-5.167343130818,
    -8.781250177741));
#3132 = CARTESIAN_POINT('',(-9.672766104748,-3.496245044054,
    -8.822916844573));
#3133 = CARTESIAN_POINT('',(-10.35925244395,3.8668685E-10,-8.90625017905
    ));
#3134 = CARTESIAN_POINT('',(-9.672766221047,3.496245067664,
    -8.989583513528));
#3135 = CARTESIAN_POINT('',(-8.986281213019,5.167343188924,
    -9.03125018036));
#3136 = CARTESIAN_POINT('',(-7.976712031853,6.684402293922,
    -9.072916845864));
#3137 = CARTESIAN_POINT('',(-6.684403395531,7.976712906108,
    -9.114583511288));
#3138 = CARTESIAN_POINT('',(-5.167345167678,8.98628348128,
    -9.156250177968));
#3139 = CARTESIAN_POINT('',(-3.49624663338,9.672767971117,
    -9.197916845518));
#3140 = CARTESIAN_POINT('',(1.7116731425E-07,10.359251753479,
    -9.281250179602));
#3141 = CARTESIAN_POINT('',(3.496246632446,9.672763955886,
    -9.364583512009));
#3142 = CARTESIAN_POINT('',(5.167346097312,8.986277954713,
    -9.406250177589));
#3143 = CARTESIAN_POINT('',(6.684399734114,7.976717154992,
    -9.447916845041));
#3144 = CARTESIAN_POINT('',(7.976714705653,6.684404095252,
    -9.489583511419));
#3145 = CARTESIAN_POINT('',(8.986282633887,5.167354946469,-9.53125019108
    ));
#3146 = CARTESIAN_POINT('',(9.672764542444,3.496234096083,
    -9.572916849481));
#3147 = CARTESIAN_POINT('',(10.016008059197,1.748123445253,
    -9.61458348621));
#3148 = CARTESIAN_POINT('',(10.01601016543,4.60305601E-09,
    -9.656250192828));
#3149 = CARTESIAN_POINT('',(9.204114737903,-1.9621343217E-07,
    -7.687491780992));
#3150 = CARTESIAN_POINT('',(9.204117978798,-1.60642074761,
    -7.729156461662));
#3151 = CARTESIAN_POINT('',(8.888693774351,-3.212830367391,
    -7.770824616232));
#3152 = CARTESIAN_POINT('',(8.257856449935,-4.748496044977,
    -7.812491694616));
#3153 = CARTESIAN_POINT('',(7.330123160167,-6.14256614298,
    -7.854157714213));
#3154 = CARTESIAN_POINT('',(6.142567772036,-7.330127922843,
    -7.895824396171));
#3155 = CARTESIAN_POINT('',(4.748483692399,-8.257853839502,
    -7.937491023305));
#3156 = CARTESIAN_POINT('',(3.212842305846,-8.888693769374,
    -7.979157744132));
#3157 = CARTESIAN_POINT('',(-8.9722118079E-07,-9.519535008561,
    -8.062491123472));
#3158 = CARTESIAN_POINT('',(-3.212842876669,-8.888697288593,
    -8.145824419513));
#3159 = CARTESIAN_POINT('',(-4.7484820956,-8.257859146044,
    -8.187491042248));
#3160 = CARTESIAN_POINT('',(-6.142568113969,-7.33012443014,
    -8.229157708332));
#3161 = CARTESIAN_POINT('',(-7.330123056963,-6.142567699924,
    -8.270824436686));
#3162 = CARTESIAN_POINT('',(-8.257857055888,-4.748480029767,
    -8.312491161205));
#3163 = CARTESIAN_POINT('',(-8.888695744582,-3.212840437028,
    -8.354157819604));
#3164 = CARTESIAN_POINT('',(-9.519535704483,2.2732720193E-07,
    -8.43749109608));
#3165 = CARTESIAN_POINT('',(-8.888695772453,3.212840897155,
    -8.520824372555));
#3166 = CARTESIAN_POINT('',(-8.25785703999,4.748480513509,
    -8.562491030954));
#3167 = CARTESIAN_POINT('',(-7.330122752823,6.142568084285,
    -8.604157755474));
#3168 = CARTESIAN_POINT('',(-6.14256764266,7.330124588751,
    -8.645824483828));
#3169 = CARTESIAN_POINT('',(-4.748481682416,8.257859177173,
    -8.687491149912));
#3170 = CARTESIAN_POINT('',(-3.212842463808,8.888697406422,
    -8.729157772646));
#3171 = CARTESIAN_POINT('',(-4.5213830024E-07,9.519535098167,
    -8.812491068687));
#3172 = CARTESIAN_POINT('',(3.212842718706,8.888693558981,
    -8.895824448028));
#3173 = CARTESIAN_POINT('',(4.748483957166,8.25785347282,-8.937491168861
    ));
#3174 = CARTESIAN_POINT('',(6.142568360168,7.330127183825,
    -8.979157795966));
#3175 = CARTESIAN_POINT('',(7.33012246059,6.14256630936,-9.020824477984)
  );
#3176 = CARTESIAN_POINT('',(8.257858847819,4.748497097966,
    -9.062490497509));
#3177 = CARTESIAN_POINT('',(8.888694616311,3.21282867068,-9.104157575944
    ));
#3178 = CARTESIAN_POINT('',(9.204113761719,1.60642032248,-9.145825730491
    ));
#3179 = CARTESIAN_POINT('',(9.204116996903,-2.2891553015E-07,
    -9.187490411171));
#3180 = ADVANCED_FACE('',(#3181),#3192,.T.);
#3181 = FACE_BOUND('',#3182,.F.);
#3182 = EDGE_LOOP('',(#3183,#3184,#3185,#3186));
#3183 = ORIENTED_EDGE('',*,*,#2680,.F.);
#3184 = ORIENTED_EDGE('',*,*,#2666,.T.);
#3185 = ORIENTED_EDGE('',*,*,#3029,.T.);
#3186 = ORIENTED_EDGE('',*,*,#3187,.F.);
#3187 = EDGE_CURVE('',#2681,#3030,#3188,.T.);
#3188 = LINE('',#3189,#3190);
#3189 = CARTESIAN_POINT('',(9.266,0.,0.));
#3190 = VECTOR('',#3191,1.);
#3191 = DIRECTION('',(-7.E-17,0.,-1.));
#3192 = CYLINDRICAL_SURFACE('',#3193,9.266);
#3193 = AXIS2_PLACEMENT_3D('',#3194,#3195,#3196);
#3194 = CARTESIAN_POINT('',(0.,0.,0.));
#3195 = DIRECTION('',(-0.,-0.,-1.));
#3196 = DIRECTION('',(1.,0.,0.));
#3197 = ADVANCED_FACE('',(#3198),#3291,.T.);
#3198 = FACE_BOUND('',#3199,.T.);
#3199 = EDGE_LOOP('',(#3200,#3284,#3285,#3286));
#3200 = ORIENTED_EDGE('',*,*,#3201,.F.);
#3201 = EDGE_CURVE('',#2681,#3202,#3204,.T.);
#3202 = VERTEX_POINT('',#3203);
#3203 = CARTESIAN_POINT('',(9.266,-1.05557024E-07,-10.27675541153));
#3204 = B_SPLINE_CURVE_WITH_KNOTS('',8,(#3205,#3206,#3207,#3208,#3209,
    #3210,#3211,#3212,#3213,#3214,#3215,#3216,#3217,#3218,#3219,#3220,
    #3221,#3222,#3223,#3224,#3225,#3226,#3227,#3228,#3229,#3230,#3231,
    #3232,#3233,#3234,#3235,#3236,#3237,#3238,#3239,#3240,#3241,#3242,
    #3243,#3244,#3245,#3246,#3247,#3248,#3249,#3250,#3251,#3252,#3253,
    #3254,#3255,#3256,#3257,#3258,#3259,#3260,#3261,#3262,#3263,#3264,
    #3265,#3266,#3267,#3268,#3269,#3270,#3271,#3272,#3273,#3274,#3275,
    #3276,#3277,#3278,#3279,#3280,#3281,#3282,#3283),.UNSPECIFIED.,.F.,
  .F.,(9,7,7,7,7,7,7,7,7,7,7,9),(0.,4.769728961292E-02,0.12135227849,
    0.213338579884,0.317785803095,0.442816768262,0.5728431585,
    0.684870030472,0.789609383964,0.881205052641,0.957041039694,1.),
  .UNSPECIFIED.);
#3205 = CARTESIAN_POINT('',(9.266,-2.1111404891E-07,-8.77675645379));
#3206 = CARTESIAN_POINT('',(9.266,-0.347073386135,-8.785698241423));
#3207 = CARTESIAN_POINT('',(9.251142634473,-0.694151362207,
    -8.794640238489));
#3208 = CARTESIAN_POINT('',(9.221427196736,-1.040485101659,
    -8.803582214135));
#3209 = CARTESIAN_POINT('',(9.176899086563,-1.38533219172,
    -8.812524155252));
#3210 = CARTESIAN_POINT('',(9.117647445486,-1.72795665159,
    -8.821466145614));
#3211 = CARTESIAN_POINT('',(9.043804354488,-2.067628974834,
    -8.830408261706));
#3212 = CARTESIAN_POINT('',(8.955545594089,-2.403626407087,
    -8.839350485274));
#3213 = CARTESIAN_POINT('',(8.694883827837,-3.247306868795,
    -8.862101252795));
#3214 = CARTESIAN_POINT('',(8.502812034321,-3.748962042837,
    -8.875911052562));
#3215 = CARTESIAN_POINT('',(8.277693643173,-4.237526156811,
    -8.889720468708));
#3216 = CARTESIAN_POINT('',(8.02058915662,-4.710464782843,
    -8.903529317539));
#3217 = CARTESIAN_POINT('',(7.732775346201,-5.165367925623,
    -8.917338125671));
#3218 = CARTESIAN_POINT('',(7.41573510863,-5.599946647829,-8.93114744322
    ));
#3219 = CARTESIAN_POINT('',(7.071165353522,-6.012040284957,
    -8.944957139311));
#3220 = CARTESIAN_POINT('',(6.238714170855,-6.883692909907,
    -8.976010901139));
#3221 = CARTESIAN_POINT('',(5.736375751197,-7.329677883663,
    -8.993259177485));
#3222 = CARTESIAN_POINT('',(5.19777038771,-7.733578825859,
    -9.010505905756));
#3223 = CARTESIAN_POINT('',(4.627053265753,-8.092000867157,
    -9.027750797783));
#3224 = CARTESIAN_POINT('',(4.028686442458,-8.402067858257,
    -9.044995712757));
#3225 = CARTESIAN_POINT('',(3.407411826277,-8.661393066747,
    -9.062242497311));
#3226 = CARTESIAN_POINT('',(2.768262725988,-8.868117326396,
    -9.079490833363));
#3227 = CARTESIAN_POINT('',(1.376689631193,-9.194624181598,
    -9.116317482787));
#3228 = CARTESIAN_POINT('',(0.620261160264,-9.298926527973,
    -9.135905126475));
#3229 = CARTESIAN_POINT('',(-0.144754647078,-9.331989713643,
    -9.155489705697));
#3230 = CARTESIAN_POINT('',(-0.910511457883,-9.29312204377,
    -9.175071658257));
#3231 = CARTESIAN_POINT('',(-1.669250143744,-9.182624328721,
    -9.194653613583));
#3232 = CARTESIAN_POINT('',(-2.413300826693,-9.001707493198,
    -9.214238168268));
#3233 = CARTESIAN_POINT('',(-3.135100741665,-8.752572845221,
    -9.233825722959));
#3234 = CARTESIAN_POINT('',(-4.655821799214,-8.062866429137,
    -9.276847442974));
#3235 = CARTESIAN_POINT('',(-5.442744470355,-7.593865301586,
    -9.300302553826));
#3236 = CARTESIAN_POINT('',(-6.174938992343,-7.037336147983,
    -9.323749372125));
#3237 = CARTESIAN_POINT('',(-6.841272733291,-6.400999088331,
    -9.347190220864));
#3238 = CARTESIAN_POINT('',(-7.43194536028,-5.693870150162,
    -9.370631061411));
#3239 = CARTESIAN_POINT('',(-7.938611837148,-4.926327289253,
    -9.394078033141));
#3240 = CARTESIAN_POINT('',(-8.35430860238,-4.109989972741,
    -9.417533331757));
#3241 = CARTESIAN_POINT('',(-9.006933117193,-2.372574081931,
    -9.465350682322));
#3242 = CARTESIAN_POINT('',(-9.236523007925,-1.44736737111,
    -9.489745780484));
#3243 = CARTESIAN_POINT('',(-9.35705791887,-0.497681199074,
    -9.514130718451));
#3244 = CARTESIAN_POINT('',(-9.365967864826,0.461453827855,
    -9.538508455051));
#3245 = CARTESIAN_POINT('',(-9.262818250676,1.41506773972,
    -9.562886443245));
#3246 = CARTESIAN_POINT('',(-9.049513108586,2.348305890544,
    -9.587271142297));
#3247 = CARTESIAN_POINT('',(-8.730087473562,3.246463041962,
    -9.611666051485));
#3248 = CARTESIAN_POINT('',(-7.951656510653,4.826429206868,
    -9.657045305981));
#3249 = CARTESIAN_POINT('',(-7.51771500409,5.521746010804,
    -9.678056392322));
#3250 = CARTESIAN_POINT('',(-7.014475852329,6.172002872101,
    -9.699062989339));
#3251 = CARTESIAN_POINT('',(-6.447549892846,6.769257683842,
    -9.720065970594));
#3252 = CARTESIAN_POINT('',(-5.823419779248,7.306454123144,
    -9.741068934595));
#3253 = CARTESIAN_POINT('',(-5.149449079902,7.777460564235,
    -9.762075570657));
#3254 = CARTESIAN_POINT('',(-4.433842714032,8.177059198444,
    -9.78308671756));
#3255 = CARTESIAN_POINT('',(-2.986693551306,8.804503249815,-9.8237252284
    ));
#3256 = CARTESIAN_POINT('',(-2.258726134562,9.042041891524,
    -9.843367441844));
#3257 = CARTESIAN_POINT('',(-1.509551542469,9.210607143395,
    -9.86300631727));
#3258 = CARTESIAN_POINT('',(-0.746833628542,9.308109921755,
    -9.882642304745));
#3259 = CARTESIAN_POINT('',(2.167304890193E-02,9.333464512079,
    -9.90227830285));
#3260 = CARTESIAN_POINT('',(0.788140153748,9.286506408726,
    -9.921917180802));
#3261 = CARTESIAN_POINT('',(1.54466895136,9.168075771819,-9.941559351355
    ));
#3262 = CARTESIAN_POINT('',(2.929261477713,8.816031171146,
    -9.978367532655));
#3263 = CARTESIAN_POINT('',(3.561830387666,8.598661081412,
    -9.995542801011));
#3264 = CARTESIAN_POINT('',(4.175736196389,8.32946785362,-10.01271679978
    ));
#3265 = CARTESIAN_POINT('',(4.76604345535,8.010375783673,-10.02988913925
    ));
#3266 = CARTESIAN_POINT('',(5.328112255036,7.643822836609,
    -10.04706148232));
#3267 = CARTESIAN_POINT('',(5.857586305096,7.23272364519,-10.06423548302
    ));
#3268 = CARTESIAN_POINT('',(6.350419757998,6.780497636625,-10.0814107338
    ));
#3269 = CARTESIAN_POINT('',(7.177606013541,5.886020540697,-10.1128001476
    ));
#3270 = CARTESIAN_POINT('',(7.524727527351,5.455342949919,
    -10.12701871254));
#3271 = CARTESIAN_POINT('',(7.842225403901,5.00136452477,-10.14123663738
    ));
#3272 = CARTESIAN_POINT('',(8.128292482806,4.526479388709,
    -10.15545381103));
#3273 = CARTESIAN_POINT('',(8.381365086794,4.033220309151,
    -10.16967098252));
#3274 = CARTESIAN_POINT('',(8.600113463216,3.524250316858,
    -10.18388892209));
#3275 = CARTESIAN_POINT('',(8.783453937286,3.002366414611,
    -10.19810755094));
#3276 = CARTESIAN_POINT('',(9.013927139476,2.169236673796,
    -10.22037884867));
#3277 = CARTESIAN_POINT('',(9.085656312919,1.864741737425,
    -10.22843276177));
#3278 = CARTESIAN_POINT('',(9.145624853602,1.557557059214,-10.2364866699
    ));
#3279 = CARTESIAN_POINT('',(9.193716347668,1.248213311729,
    -10.24454054191));
#3280 = CARTESIAN_POINT('',(9.229843417834,0.93724521174,-10.25259438243
    ));
#3281 = CARTESIAN_POINT('',(9.253947730024,0.625191385047,
    -10.26064818969));
#3282 = CARTESIAN_POINT('',(9.266,0.312594231313,-10.2687019132));
#3283 = CARTESIAN_POINT('',(9.266,-2.1111405069E-07,-10.27675541153));
#3284 = ORIENTED_EDGE('',*,*,#2766,.T.);
#3285 = ORIENTED_EDGE('',*,*,#2930,.T.);
#3286 = ORIENTED_EDGE('',*,*,#3287,.F.);
#3287 = EDGE_CURVE('',#3202,#2923,#3288,.T.);
#3288 = B_SPLINE_CURVE_WITH_KNOTS('',1,(#3289,#3290),.UNSPECIFIED.,.F.,
  .F.,(2,2),(0.,0.9375),.PIECEWISE_BEZIER_KNOTS.);
#3289 = CARTESIAN_POINT('',(9.204103442995,-2.289167061E-07,
    -10.31249041109));
#3290 = CARTESIAN_POINT('',(10.016007906445,4.60285884E-09,
    -9.843750192814));
#3291 = B_SPLINE_SURFACE_WITH_KNOTS('',1,9,(
    (#3292,#3293,#3294,#3295,#3296,#3297,#3298,#3299,#3300,#3301,#3302
      ,#3303,#3304,#3305,#3306,#3307,#3308,#3309,#3310,#3311,#3312,#3313
      ,#3314,#3315,#3316,#3317,#3318,#3319,#3320,#3321,#3322)
    ,(#3323,#3324,#3325,#3326,#3327,#3328,#3329,#3330,#3331,#3332,#3333
      ,#3334,#3335,#3336,#3337,#3338,#3339,#3340,#3341,#3342,#3343,#3344
      ,#3345,#3346,#3347,#3348,#3349,#3350,#3351,#3352,#3353
  )),.UNSPECIFIED.,.F.,.F.,.F.,(2,2),(10,7,7,7,10),(0.,0.9375),(0.,
    1.614938419963,3.229876839926,4.844815259889,6.459753679852),
  .UNSPECIFIED.);
#3292 = CARTESIAN_POINT('',(9.204103120267,-1.9621450775E-07,
    -8.812491780932));
#3293 = CARTESIAN_POINT('',(9.204103553916,-1.606418550968,
    -8.854156461573));
#3294 = CARTESIAN_POINT('',(8.888681917127,-3.212825422914,
    -8.895824616157));
#3295 = CARTESIAN_POINT('',(8.257846091742,-4.74849016669,-8.93749169457
    ));
#3296 = CARTESIAN_POINT('',(7.330112715444,-6.142557959952,
    -8.979157714126));
#3297 = CARTESIAN_POINT('',(6.142559479648,-7.330117704443,
    -9.02082439611));
#3298 = CARTESIAN_POINT('',(4.748477149303,-8.257842484496,
    -9.062491023231));
#3299 = CARTESIAN_POINT('',(3.212837913569,-8.888681588341,
    -9.104157744061));
#3300 = CARTESIAN_POINT('',(-8.9492773744E-07,-9.519522029883,
    -9.187491123402));
#3301 = CARTESIAN_POINT('',(-3.212838482426,-8.888685121022,
    -9.270824419443));
#3302 = CARTESIAN_POINT('',(-4.748475588873,-8.257847773531,
    -9.312491042176));
#3303 = CARTESIAN_POINT('',(-6.142559657682,-7.330114353267,
    -9.354157708261));
#3304 = CARTESIAN_POINT('',(-7.330113024946,-6.142559320163,
    -9.395824436616));
#3305 = CARTESIAN_POINT('',(-8.257845851222,-4.748473580508,
    -9.437491161136));
#3306 = CARTESIAN_POINT('',(-8.888683665659,-3.212836065004,
    -9.479157819535));
#3307 = CARTESIAN_POINT('',(-9.519522687401,2.2091851743E-07,
    -9.562491096009));
#3308 = CARTESIAN_POINT('',(-8.888683542443,3.212836482649,
    -9.645824372484));
#3309 = CARTESIAN_POINT('',(-8.257845660955,4.748473976549,
    -9.687491030882));
#3310 = CARTESIAN_POINT('',(-7.330112738309,6.14255966528,
    -9.729157755404));
#3311 = CARTESIAN_POINT('',(-6.142559300145,7.330114619114,
    -9.770824483757));
#3312 = CARTESIAN_POINT('',(-4.748475202912,8.257847965974,
    -9.812491149843));
#3313 = CARTESIAN_POINT('',(-3.212838071535,8.888685265053,
    -9.854157772576));
#3314 = CARTESIAN_POINT('',(-4.5445806065E-07,9.519522042684,
    -9.937491068616));
#3315 = CARTESIAN_POINT('',(3.212838324461,8.888681431085,
    -10.02082444795));
#3316 = CARTESIAN_POINT('',(4.748477514061,8.257842244117,
    -10.06249116878));
#3317 = CARTESIAN_POINT('',(6.142559853877,7.330117355676,-10.1041577959
    ));
#3318 = CARTESIAN_POINT('',(7.330112858687,6.142557693519,
    -10.14582447789));
#3319 = CARTESIAN_POINT('',(8.257846622305,4.748489990188,
    -10.18749049744));
#3320 = CARTESIAN_POINT('',(8.88868216461,3.212824828608,-10.22915757586
    ));
#3321 = CARTESIAN_POINT('',(9.204103015051,1.606418125836,
    -10.27082573044));
#3322 = CARTESIAN_POINT('',(9.204103442995,-2.289167061E-07,
    -10.31249041109));
#3323 = CARTESIAN_POINT('',(10.016006776953,3.94515443E-09,
    -8.343750165264));
#3324 = CARTESIAN_POINT('',(10.016008415202,-1.748123070598,
    -8.385416871872));
#3325 = CARTESIAN_POINT('',(9.672762123366,-3.496234090553,
    -8.427083508619));
#3326 = CARTESIAN_POINT('',(8.986279511439,-5.16735303697,
    -8.468750166991));
#3327 = CARTESIAN_POINT('',(7.976713602687,-6.684402399996,
    -8.510416846692));
#3328 = CARTESIAN_POINT('',(6.684398198426,-7.976715738912,
    -8.552083513034));
#3329 = CARTESIAN_POINT('',(5.167345089458,-8.98627615253,
    -8.593750180504));
#3330 = CARTESIAN_POINT('',(3.496245907177,-9.672761962584,
    -8.63541684608));
#3331 = CARTESIAN_POINT('',(1.7692916013E-07,-10.35924953276,
    -8.718750178488));
#3332 = CARTESIAN_POINT('',(-3.49624589423,-9.672765965824,
    -8.802083512571));
#3333 = CARTESIAN_POINT('',(-5.167344095972,-8.986281711255,
    -8.843750180121));
#3334 = CARTESIAN_POINT('',(-6.684402064674,-7.976711312761,
    -8.8854168468));
#3335 = CARTESIAN_POINT('',(-7.976710367272,-6.684400874666,
    -8.927083512225));
#3336 = CARTESIAN_POINT('',(-8.986279210389,-5.167342055942,
    -8.968750177729));
#3337 = CARTESIAN_POINT('',(-9.672764091594,-3.496244315384,
    -9.010416844562));
#3338 = CARTESIAN_POINT('',(-10.35925027443,-6.81452E-10,-9.093750179039
    ));
#3339 = CARTESIAN_POINT('',(-9.672764182712,3.496244331913,
    -9.177083513516));
#3340 = CARTESIAN_POINT('',(-8.986279316513,5.167342099431,
    -9.218750180348));
#3341 = CARTESIAN_POINT('',(-7.976710362767,6.684400890755,
    -9.260416845853));
#3342 = CARTESIAN_POINT('',(-6.684402005112,7.976711244501,
    -9.302083511277));
#3343 = CARTESIAN_POINT('',(-5.167344087761,8.986281612747,
    -9.343750177957));
#3344 = CARTESIAN_POINT('',(-3.496245901335,9.672765947556,
    -9.385416845506));
#3345 = CARTESIAN_POINT('',(1.7078066919E-07,10.359249577565,
    -9.46875017959));
#3346 = CARTESIAN_POINT('',(3.496245900072,9.67276193457,-9.552083511998
    ));
#3347 = CARTESIAN_POINT('',(5.167345023461,8.986276083263,
    -9.593750177577));
#3348 = CARTESIAN_POINT('',(6.684398316399,7.976715516967,
    -9.635416845031));
#3349 = CARTESIAN_POINT('',(7.976713105336,6.684402659279,
    -9.677083511405));
#3350 = CARTESIAN_POINT('',(8.986280596301,5.167353761839,
    -9.718750191069));
#3351 = CARTESIAN_POINT('',(9.672762467161,3.496233455737,
    -9.760416849467));
#3352 = CARTESIAN_POINT('',(10.016006268086,1.748123079146,
    -9.802083486202));
#3353 = CARTESIAN_POINT('',(10.016007906445,4.60285884E-09,
    -9.843750192814));
#3354 = ADVANCED_FACE('',(#3355),#3532,.T.);
#3355 = FACE_BOUND('',#3356,.T.);
#3356 = EDGE_LOOP('',(#3357,#3358,#3442,#3450));
#3357 = ORIENTED_EDGE('',*,*,#2922,.F.);
#3358 = ORIENTED_EDGE('',*,*,#3359,.T.);
#3359 = EDGE_CURVE('',#2839,#3360,#3362,.T.);
#3360 = VERTEX_POINT('',#3361);
#3361 = CARTESIAN_POINT('',(10.,-1.313134858E-12,-11.14700561467));
#3362 = B_SPLINE_CURVE_WITH_KNOTS('',8,(#3363,#3364,#3365,#3366,#3367,
    #3368,#3369,#3370,#3371,#3372,#3373,#3374,#3375,#3376,#3377,#3378,
    #3379,#3380,#3381,#3382,#3383,#3384,#3385,#3386,#3387,#3388,#3389,
    #3390,#3391,#3392,#3393,#3394,#3395,#3396,#3397,#3398,#3399,#3400,
    #3401,#3402,#3403,#3404,#3405,#3406,#3407,#3408,#3409,#3410,#3411,
    #3412,#3413,#3414,#3415,#3416,#3417,#3418,#3419,#3420,#3421,#3422,
    #3423,#3424,#3425,#3426,#3427,#3428,#3429,#3430,#3431,#3432,#3433,
    #3434,#3435,#3436,#3437,#3438,#3439,#3440,#3441),.UNSPECIFIED.,.F.,
  .F.,(9,7,7,7,7,7,7,7,7,7,7,9),(0.,4.992318173989E-02,0.122079852762,
    0.214635460046,0.31818733181,0.408841158224,0.54671485153,
    0.684632091765,0.789073121116,0.881948342414,0.958697936261,1.),
  .UNSPECIFIED.);
#3363 = CARTESIAN_POINT('',(10.,-2.046363078989E-12,-9.64700646232));
#3364 = CARTESIAN_POINT('',(10.,-0.392038547714,-9.656365416503));
#3365 = CARTESIAN_POINT('',(9.98243494272,-0.784083625418,
    -9.665724707651));
#3366 = CARTESIAN_POINT('',(9.947303824106,-1.175207497293,
    -9.675084065129));
#3367 = CARTESIAN_POINT('',(9.894665561242,-1.564491470437,
    -9.684443402104));
#3368 = CARTESIAN_POINT('',(9.824635630381,-1.951025575582,
    -9.693802744057));
#3369 = CARTESIAN_POINT('',(9.737384925913,-2.333908599502,
    -9.70316214104));
#3370 = CARTESIAN_POINT('',(9.633140840286,-2.7122484691,-9.712521563708
    ));
#3371 = CARTESIAN_POINT('',(9.337374599048,-3.624156482063,
    -9.735408168399));
#3372 = CARTESIAN_POINT('',(9.127641636736,-4.151868276342,
    -9.748936424938));
#3373 = CARTESIAN_POINT('',(8.883857245844,-4.665600654926,
    -9.76246414802));
#3374 = CARTESIAN_POINT('',(8.607127680499,-5.162795543583,
    -9.775991288577));
#3375 = CARTESIAN_POINT('',(8.298773010076,-5.641020781508,
    -9.789518453593));
#3376 = CARTESIAN_POINT('',(7.960317461413,-6.097966700661,
    -9.803046228813));
#3377 = CARTESIAN_POINT('',(7.593496974183,-6.531453011914,
    -9.816574523716));
#3378 = CARTESIAN_POINT('',(6.695908311215,-7.462779988594,
    -9.847453600061));
#3379 = CARTESIAN_POINT('',(6.147963344622,-7.944319025422,
    -9.864808705152));
#3380 = CARTESIAN_POINT('',(5.56062926454,-8.37967050458,-9.882162477481
    ));
#3381 = CARTESIAN_POINT('',(4.938494552111,-8.765126944986,
    -9.899514476837));
#3382 = CARTESIAN_POINT('',(4.286483234937,-9.097556654387,
    -9.916866448724));
#3383 = CARTESIAN_POINT('',(3.609825007285,-9.374370458964,
    -9.934220157987));
#3384 = CARTESIAN_POINT('',(2.914068210332,-9.593564496513,
    -9.951575206702));
#3385 = CARTESIAN_POINT('',(1.41197690652,-9.933155409633,
    -9.988339962981));
#3386 = CARTESIAN_POINT('',(0.601914416399,-10.03881321975,
    -10.00775877699));
#3387 = CARTESIAN_POINT('',(-0.216714716572,-10.06885120208,
    -10.02717451533));
#3388 = CARTESIAN_POINT('',(-1.035655862728,-10.02259784363,
    -10.04658748696));
#3389 = CARTESIAN_POINT('',(-1.846751180688,-9.900416148199,
    -10.06600046405));
#3390 = CARTESIAN_POINT('',(-2.641940966474,-9.703618900699,
    -10.0854162443));
#3391 = CARTESIAN_POINT('',(-3.413282302009,-9.434551342406,
    -10.10483516077));
#3392 = CARTESIAN_POINT('',(-4.800609821268,-8.801189253752,
    -10.14124343909));
#3393 = CARTESIAN_POINT('',(-5.424266399306,-8.452799625761,
    -10.1582416172));
#3394 = CARTESIAN_POINT('',(-6.01879553804,-8.054001049251,
    -10.17523851991));
#3395 = CARTESIAN_POINT('',(-6.57947216917,-7.607688341816,
    -10.19223379762));
#3396 = CARTESIAN_POINT('',(-7.101966282329,-7.117226109353,
    -10.20922908451));
#3397 = CARTESIAN_POINT('',(-7.582324093201,-6.586413955725,
    -10.22622600983));
#3398 = CARTESIAN_POINT('',(-8.016999739469,-6.019510130299,
    -10.24322421772));
#3399 = CARTESIAN_POINT('',(-8.989902966094,-4.511527822987,
    -10.28606703995));
#3400 = CARTESIAN_POINT('',(-9.464847260057,-3.52825465226,
    -10.31193891227));
#3401 = CARTESIAN_POINT('',(-9.816040877343,-2.488865907566,
    -10.33779665241));
#3402 = CARTESIAN_POINT('',(-10.03642803692,-1.411692185549,
    -10.36364556715));
#3403 = CARTESIAN_POINT('',(-10.12173709364,-0.315518615273,
    -10.38949464684));
#3404 = CARTESIAN_POINT('',(-10.07089173522,0.780420020465,
    -10.4153525405));
#3405 = CARTESIAN_POINT('',(-9.885617408113,1.856557596706,
    -10.44122451453));
#3406 = CARTESIAN_POINT('',(-9.259077298866,3.929690297527,
    -10.4929279132));
#3407 = CARTESIAN_POINT('',(-8.817139109195,4.928617742017,
    -10.51880806229));
#3408 = CARTESIAN_POINT('',(-8.252230343893,5.869535005363,
    -10.54467420132));
#3409 = CARTESIAN_POINT('',(-7.573761410584,6.73517996002,-10.5705310565
    ));
#3410 = CARTESIAN_POINT('',(-6.793294080072,7.510120020895,
    -10.59638794269));
#3411 = CARTESIAN_POINT('',(-5.924804749648,8.181069849509,
    -10.62225380366));
#3412 = CARTESIAN_POINT('',(-4.984338214128,8.736667025782,
    -10.64813371147));
#3413 = CARTESIAN_POINT('',(-3.239305966395,9.496291700828,
    -10.6935692538));
#3414 = CARTESIAN_POINT('',(-2.456390080348,9.753256275972,
    -10.71315527681));
#3415 = CARTESIAN_POINT('',(-1.650587657575,9.936253930639,
    -10.73273831916));
#3416 = CARTESIAN_POINT('',(-0.83009387773,10.043034036779,
    -10.75231872466));
#3417 = CARTESIAN_POINT('',(-3.202918526394E-03,10.072416352637,
    -10.77189911135));
#3418 = CARTESIAN_POINT('',(0.821710000291,10.024203429346,
    -10.79148214699));
#3419 = CARTESIAN_POINT('',(1.636191617249,9.899269462362,
    -10.81106824139));
#3420 = CARTESIAN_POINT('',(3.139171755847,9.522474890729,
    -10.84805960405));
#3421 = CARTESIAN_POINT('',(3.831969080893,9.286118365269,
    -10.86547439207));
#3422 = CARTESIAN_POINT('',(4.504168971606,8.992211777201,
    -10.88288756091));
#3423 = CARTESIAN_POINT('',(5.150214808053,8.642912654843,
    -10.90029877379));
#3424 = CARTESIAN_POINT('',(5.764887277041,8.240963878707,-10.9177099722
    ));
#3425 = CARTESIAN_POINT('',(6.343290107989,7.789650314145,
    -10.93512311404));
#3426 = CARTESIAN_POINT('',(6.880881340367,7.292832058022,
    -10.95253789603));
#3427 = CARTESIAN_POINT('',(7.780678400995,6.310649172037,
    -10.98433791064));
#3428 = CARTESIAN_POINT('',(8.157233563925,5.838159789626,
    -10.99872777172));
#3429 = CARTESIAN_POINT('',(8.500896592382,5.340098475233,
    -11.01311715404));
#3430 = CARTESIAN_POINT('',(8.809661785547,4.819155830584,-11.0275058837
    ));
#3431 = CARTESIAN_POINT('',(9.081800180739,4.278177211726,
    -11.04189462841));
#3432 = CARTESIAN_POINT('',(9.315848311766,3.720153154736,
    -11.05628403903));
#3433 = CARTESIAN_POINT('',(9.510622305731,3.148223751503,
    -11.07067390695));
#3434 = CARTESIAN_POINT('',(9.748472679177,2.252215733211,
    -11.09280533385));
#3435 = CARTESIAN_POINT('',(9.820068658367,1.935647430559,
    -11.10054835676));
#3436 = CARTESIAN_POINT('',(9.879911112934,1.616498095734,
    -11.10829131443));
#3437 = CARTESIAN_POINT('',(9.927892670378,1.295277461887,
    -11.11603420544));
#3438 = CARTESIAN_POINT('',(9.963932738572,0.972498855139,
    -11.12377707172));
#3439 = CARTESIAN_POINT('',(9.987977515667,0.64867908252,-11.13151995205
    ));
#3440 = CARTESIAN_POINT('',(10.,0.324338319914,-11.13926283545));
#3441 = CARTESIAN_POINT('',(10.,-2.625455408634E-12,-11.14700561467));
#3442 = ORIENTED_EDGE('',*,*,#3443,.T.);
#3443 = EDGE_CURVE('',#3360,#3444,#3446,.T.);
#3444 = VERTEX_POINT('',#3445);
#3445 = CARTESIAN_POINT('',(10.,-9.904490431123E-13,-11.35299274767));
#3446 = LINE('',#3447,#3448);
#3447 = CARTESIAN_POINT('',(10.,0.,0.));
#3448 = VECTOR('',#3449,1.);
#3449 = DIRECTION('',(0.,-2.22044604925E-16,-1.));
#3450 = ORIENTED_EDGE('',*,*,#3451,.F.);
#3451 = EDGE_CURVE('',#2923,#3444,#3452,.T.);
#3452 = B_SPLINE_CURVE_WITH_KNOTS('',8,(#3453,#3454,#3455,#3456,#3457,
    #3458,#3459,#3460,#3461,#3462,#3463,#3464,#3465,#3466,#3467,#3468,
    #3469,#3470,#3471,#3472,#3473,#3474,#3475,#3476,#3477,#3478,#3479,
    #3480,#3481,#3482,#3483,#3484,#3485,#3486,#3487,#3488,#3489,#3490,
    #3491,#3492,#3493,#3494,#3495,#3496,#3497,#3498,#3499,#3500,#3501,
    #3502,#3503,#3504,#3505,#3506,#3507,#3508,#3509,#3510,#3511,#3512,
    #3513,#3514,#3515,#3516,#3517,#3518,#3519,#3520,#3521,#3522,#3523,
    #3524,#3525,#3526,#3527,#3528,#3529,#3530,#3531),.UNSPECIFIED.,.F.,
  .F.,(9,7,7,7,7,7,7,7,7,7,7,9),(0.,1.418669359074E-02,
    4.877023775888E-02,0.12217756309,0.213850946939,0.317723192382,
    0.427515838102,0.556346893043,0.68606528133,0.789067051228,
    0.881720259744,1.),.UNSPECIFIED.);
#3453 = CARTESIAN_POINT('',(10.,-1.545430450278E-12,-9.852992104762));
#3454 = CARTESIAN_POINT('',(10.,-0.111405437454,-9.85565177302));
#3455 = CARTESIAN_POINT('',(9.998581580723,-0.222810876038,
    -9.858311431041));
#3456 = CARTESIAN_POINT('',(9.995744741813,-0.33419523974,-9.86097107942
    ));
#3457 = CARTESIAN_POINT('',(9.991489858555,-0.445537463854,
    -9.863630718765));
#3458 = CARTESIAN_POINT('',(9.985817681877,-0.556816494979,
    -9.866290349698));
#3459 = CARTESIAN_POINT('',(9.978729338349,-0.668011291018,
    -9.868949972857));
#3460 = CARTESIAN_POINT('',(9.970226330185,-0.779100821181,
    -9.871609588892));
#3461 = CARTESIAN_POINT('',(9.936138353739,-1.160564183085,
    -9.880752648948));
#3462 = CARTESIAN_POINT('',(9.903570349099,-1.43031529933,
    -9.887236076337));
#3463 = CARTESIAN_POINT('',(9.862633907301,-1.69901175408,
    -9.893719491876));
#3464 = CARTESIAN_POINT('',(9.81336942811,-1.966350527457,
    -9.900202904698));
#3465 = CARTESIAN_POINT('',(9.755830325075,-2.232031240348,
    -9.906686321835));
#3466 = CARTESIAN_POINT('',(9.690083025533,-2.495756154399,
    -9.913169748219));
#3467 = CARTESIAN_POINT('',(9.616206970601,-2.757230172018,
    -9.919653186676));
#3468 = CARTESIAN_POINT('',(9.360426752086,-3.565769269351,
    -9.939898466781));
#3469 = CARTESIAN_POINT('',(9.150336861895,-4.103965839831,
    -9.953661438401));
#3470 = CARTESIAN_POINT('',(8.904915910506,-4.627901327255,
    -9.967424048679));
#3471 = CARTESIAN_POINT('',(8.625314097707,-5.134875553615,
    -9.981186126369));
#3472 = CARTESIAN_POINT('',(8.312911033977,-5.622322315985,
    -9.994948187193));
#3473 = CARTESIAN_POINT('',(7.969305030898,-6.087805650548,
    -10.00871076589));
#3474 = CARTESIAN_POINT('',(7.596321505161,-6.529027428129,
    -10.02247372624));
#3475 = CARTESIAN_POINT('',(6.696156943441,-7.461885152367,
    -10.05342174758));
#3476 = CARTESIAN_POINT('',(6.153558684296,-7.938893376491,
    -10.07061096691));
#3477 = CARTESIAN_POINT('',(5.572308032696,-8.370608835236,
    -10.08779865476));
#3478 = CARTESIAN_POINT('',(4.95686032014,-8.753426376218,
    -10.10498452628));
#3479 = CARTESIAN_POINT('',(4.311994946313,-9.084294612569,
    -10.1221704172));
#3480 = CARTESIAN_POINT('',(3.642787095935,-9.360684519257,
    -10.13935814909));
#3481 = CARTESIAN_POINT('',(2.95462012179,-9.580629826222,
    -10.15654740686));
#3482 = CARTESIAN_POINT('',(1.458525110667,-9.926633588293,
    -10.1932067989));
#3483 = CARTESIAN_POINT('',(0.646435516059,-10.03639864849,
    -10.21268607325));
#3484 = CARTESIAN_POINT('',(-0.17462327237,-10.07011216196,
    -10.23216235745));
#3485 = CARTESIAN_POINT('',(-0.996322376279,-10.02705939751,
    -10.25163608516));
#3486 = CARTESIAN_POINT('',(-1.8104267907,-9.907573215648,
    -10.27110982048));
#3487 = CARTESIAN_POINT('',(-2.608797039397,-9.712947786249,
    -10.29058608876));
#3488 = CARTESIAN_POINT('',(-3.383407768043,-9.445522845306,
    -10.31006527498));
#3489 = CARTESIAN_POINT('',(-4.911770120669,-8.753163516204,
    -10.35012149301));
#3490 = CARTESIAN_POINT('',(-5.662369498508,-8.319870770898,
    -10.37071229458));
#3491 = CARTESIAN_POINT('',(-6.368810533195,-7.813192223319,
    -10.39129887236));
#3492 = CARTESIAN_POINT('',(-7.02282763904,-7.238529858333,
    -10.41188203769));
#3493 = CARTESIAN_POINT('',(-7.617006552836,-6.602191411525,
    -10.43246518461));
#3494 = CARTESIAN_POINT('',(-8.144818200579,-5.911396997019,
    -10.45305180105));
#3495 = CARTESIAN_POINT('',(-8.600613108149,-5.174245017168,
    -10.47364265347));
#3496 = CARTESIAN_POINT('',(-9.425116821388,-3.491515901781,
    -10.51837797115));
#3497 = CARTESIAN_POINT('',(-9.765539047803,-2.530901591127,
    -10.54254766468));
#3498 = CARTESIAN_POINT('',(-9.993533141471,-1.533229466973,
    -10.56670779223));
#3499 = CARTESIAN_POINT('',(-10.10486471867,-0.513931356423,
    -10.59086088055));
#3500 = CARTESIAN_POINT('',(-10.09752270173,0.511402475024,
    -10.61501412636));
#3501 = CARTESIAN_POINT('',(-9.971926052701,1.527058138095,
    -10.63917407019));
#3502 = CARTESIAN_POINT('',(-9.730721628568,2.517253869769,
    -10.66334358614));
#3503 = CARTESIAN_POINT('',(-9.026960214939,4.42172447086,-10.7118143043
    ));
#3504 = CARTESIAN_POINT('',(-8.562373107595,5.336828436805,
    -10.73615081646));
#3505 = CARTESIAN_POINT('',(-7.991993580207,6.195211449378,
    -10.76047739735));
#3506 = CARTESIAN_POINT('',(-7.32426959021,6.982890028375,
    -10.78479721602));
#3507 = CARTESIAN_POINT('',(-6.569334007018,7.687422088604,
    -10.80911700688));
#3508 = CARTESIAN_POINT('',(-5.739131454837,8.298092673982,-10.833443776
    ));
#3509 = CARTESIAN_POINT('',(-4.847226877847,8.805796320735,
    -10.85778046649));
#3510 = CARTESIAN_POINT('',(-3.165177981255,9.520288495774,
    -10.90140899178));
#3511 = CARTESIAN_POINT('',(-2.391251731733,9.767795265442,
    -10.92072455739));
#3512 = CARTESIAN_POINT('',(-1.595598616697,9.943214826661,
    -10.94003703972));
#3513 = CARTESIAN_POINT('',(-0.786091514175,10.04444127513,
    -10.95934683914));
#3514 = CARTESIAN_POINT('',(2.930753832081E-02,10.070382173269,
    -10.97865665127));
#3515 = CARTESIAN_POINT('',(0.842563491135,10.020878003776,
    -10.99796913597));
#3516 = CARTESIAN_POINT('',(1.645571702389,9.896784248931,
    -11.01728464805));
#3517 = CARTESIAN_POINT('',(3.135954511364,9.523401412486,
    -11.05396452643));
#3518 = CARTESIAN_POINT('',(3.827166018175,9.287862100593,
    -11.07133787105));
#3519 = CARTESIAN_POINT('',(4.497901936134,8.995041317263,
    -11.08870986718));
#3520 = CARTESIAN_POINT('',(5.142644598265,8.64707831862,-11.10608011104
    ));
#3521 = CARTESIAN_POINT('',(5.756209994244,8.246692463373,
    -11.12345037417));
#3522 = CARTESIAN_POINT('',(6.333733712734,7.797140459989,-11.14082241)
  );
#3523 = CARTESIAN_POINT('',(6.870701774578,7.302249130587,
    -11.15819577583));
#3524 = CARTESIAN_POINT('',(7.991520767863,6.082624377165,
    -11.19773982513));
#3525 = CARTESIAN_POINT('',(8.547740155676,5.331658481772,
    -11.21992509072));
#3526 = CARTESIAN_POINT('',(9.022794150913,4.523039794381,
    -11.24210394312));
#3527 = CARTESIAN_POINT('',(9.409960523135,3.667144073949,
    -11.26427801294));
#3528 = CARTESIAN_POINT('',(9.704032683567,2.774968744933,
    -11.28645221218));
#3529 = CARTESIAN_POINT('',(9.901402980477,1.858134534679,
    -11.30863214193));
#3530 = CARTESIAN_POINT('',(10.,0.928828920651,-11.33081809329));
#3531 = CARTESIAN_POINT('',(10.,-1.980637875931E-12,-11.35299274767));
#3532 = CYLINDRICAL_SURFACE('',#3533,10.);
#3533 = AXIS2_PLACEMENT_3D('',#3534,#3535,#3536);
#3534 = CARTESIAN_POINT('',(0.,0.,0.));
#3535 = DIRECTION('',(0.,-2.22044604925E-16,-1.));
#3536 = DIRECTION('',(1.,0.,0.));
#3537 = ADVANCED_FACE('',(#3538),#3624,.T.);
#3538 = FACE_BOUND('',#3539,.T.);
#3539 = EDGE_LOOP('',(#3540,#3541,#3542,#3619));
#3540 = ORIENTED_EDGE('',*,*,#3359,.F.);
#3541 = ORIENTED_EDGE('',*,*,#3113,.T.);
#3542 = ORIENTED_EDGE('',*,*,#3543,.T.);
#3543 = EDGE_CURVE('',#3030,#3544,#3546,.T.);
#3544 = VERTEX_POINT('',#3545);
#3545 = CARTESIAN_POINT('',(9.266,-1.20638348E-07,-10.72321704167));
#3546 = B_SPLINE_CURVE_WITH_KNOTS('',8,(#3547,#3548,#3549,#3550,#3551,
    #3552,#3553,#3554,#3555,#3556,#3557,#3558,#3559,#3560,#3561,#3562,
    #3563,#3564,#3565,#3566,#3567,#3568,#3569,#3570,#3571,#3572,#3573,
    #3574,#3575,#3576,#3577,#3578,#3579,#3580,#3581,#3582,#3583,#3584,
    #3585,#3586,#3587,#3588,#3589,#3590,#3591,#3592,#3593,#3594,#3595,
    #3596,#3597,#3598,#3599,#3600,#3601,#3602,#3603,#3604,#3605,#3606,
    #3607,#3608,#3609,#3610,#3611,#3612,#3613,#3614,#3615,#3616,#3617,
    #3618),.UNSPECIFIED.,.F.,.F.,(9,7,7,7,7,7,7,7,7,7,9),(0.,
    0.121760483908,0.214357245701,0.318535965497,0.444981544724,
    0.573966131129,0.686268345475,0.783954511003,0.881851552011,
    0.961009604329,1.),.UNSPECIFIED.);
#3547 = CARTESIAN_POINT('',(9.266,-2.111168218E-07,-9.223219573757));
#3548 = CARTESIAN_POINT('',(9.266,-0.885979359977,-9.246044252727));
#3549 = CARTESIAN_POINT('',(9.169184005899,-1.772465779309,
    -9.268884374711));
#3550 = CARTESIAN_POINT('',(8.975359008013,-2.6463287363,-9.291718136165
    ));
#3551 = CARTESIAN_POINT('',(8.686696011804,-3.4952543185,-9.314545200197
    ));
#3552 = CARTESIAN_POINT('',(8.306944251084,-4.307528742853,
    -9.33737208518));
#3553 = CARTESIAN_POINT('',(7.841512279541,-5.072105891792,
    -9.360204219872));
#3554 = CARTESIAN_POINT('',(7.29736276351,-5.778599619941,
    -9.383043727715));
#3555 = CARTESIAN_POINT('',(6.217072835752,-6.903675294182,
    -9.423229667819));
#3556 = CARTESIAN_POINT('',(5.709936923851,-7.350992493488,
    -9.440592379625));
#3557 = CARTESIAN_POINT('',(5.166192902664,-7.755541038799,
    -9.457953762823));
#3558 = CARTESIAN_POINT('',(4.590091813275,-8.113873250472,
    -9.47531338782));
#3559 = CARTESIAN_POINT('',(3.986197336663,-8.423075272253,
    -9.492673000283));
#3560 = CARTESIAN_POINT('',(3.359357815793,-8.680736488267,
    -9.510034357149));
#3561 = CARTESIAN_POINT('',(2.714718084511,-8.884989242041,
    -9.52739705199));
#3562 = CARTESIAN_POINT('',(1.318653512594,-9.202964072723,-9.5642868975
    ));
#3563 = CARTESIAN_POINT('',(0.563568782335,-9.302255323624,
    -9.583823307675));
#3564 = CARTESIAN_POINT('',(-0.199617092047,-9.330627797198,
    -9.60335655142));
#3565 = CARTESIAN_POINT('',(-0.963115083805,-9.287442666629,
    -9.622886957123));
#3566 = CARTESIAN_POINT('',(-1.719228043081,-9.173042939375,
    -9.642417365066));
#3567 = CARTESIAN_POINT('',(-2.460352270561,-8.988672347851,
    -9.661950641167));
#3568 = CARTESIAN_POINT('',(-3.17899563097,-8.736554323916,
    -9.681487139482));
#3569 = CARTESIAN_POINT('',(-4.703920586184,-8.036069843069,
    -9.72472271754));
#3570 = CARTESIAN_POINT('',(-5.496972790591,-7.556877286927,
    -9.74844362201));
#3571 = CARTESIAN_POINT('',(-6.233467390064,-6.988499884265,
    -9.772155916933));
#3572 = CARTESIAN_POINT('',(-6.901947792073,-6.3390095473,
    -9.795861975834));
#3573 = CARTESIAN_POINT('',(-7.492356096613,-5.61781491466,
    -9.819568035792));
#3574 = CARTESIAN_POINT('',(-7.996171420783,-4.835736403614,
    -9.843280135041));
#3575 = CARTESIAN_POINT('',(-8.406323458777,-4.004873505321,
    -9.867000855933));
#3576 = CARTESIAN_POINT('',(-9.036000562609,-2.256172999891,
    -9.914886675444));
#3577 = CARTESIAN_POINT('',(-9.251977739205,-1.335687389224,
    -9.939084944133));
#3578 = CARTESIAN_POINT('',(-9.360377968239,-0.3924669408,
    -9.963273601506));
#3579 = CARTESIAN_POINT('',(-9.358864911805,0.558791304646,
    -9.987455513384));
#3580 = CARTESIAN_POINT('',(-9.247176826209,1.503471294399,
    -10.01163729618));
#3581 = CARTESIAN_POINT('',(-9.027312760383,2.427092008026,
    -10.03582614972));
#3582 = CARTESIAN_POINT('',(-8.703341259793,3.315338796134,
    -10.06002460782));
#3583 = CARTESIAN_POINT('',(-7.916198999863,4.884699839089,
    -10.10525909384));
#3584 = CARTESIAN_POINT('',(-7.476069015421,5.578507320744,
    -10.12632128077));
#3585 = CARTESIAN_POINT('',(-6.96663796389,6.226517738194,
    -10.14737873664));
#3586 = CARTESIAN_POINT('',(-6.393618569729,6.820773590751,
    -10.16843237426));
#3587 = CARTESIAN_POINT('',(-5.763596205406,7.354218195638,
    -10.18948603364));
#3588 = CARTESIAN_POINT('',(-5.084038345886,7.820735711711,
    -10.21054344734));
#3589 = CARTESIAN_POINT('',(-4.363253964225,8.215139195076,
    -10.23160560791));
#3590 = CARTESIAN_POINT('',(-2.956072302042,8.810540921761,
    -10.27097252903));
#3591 = CARTESIAN_POINT('',(-2.277014386979,9.030196238942,
    -10.28929030809));
#3592 = CARTESIAN_POINT('',(-1.579605291091,9.189898306774,
    -10.30760632609));
#3593 = CARTESIAN_POINT('',(-0.870046339645,9.287942282022,
    -10.32592004076));
#3594 = CARTESIAN_POINT('',(-0.154623071168,9.323383257555,
    -10.34423375174));
#3595 = CARTESIAN_POINT('',(0.560312847923,9.295982358923,
    -10.36254979419));
#3596 = CARTESIAN_POINT('',(1.268351380471,9.206263057271,
    -10.38086767051));
#3597 = CARTESIAN_POINT('',(2.659191301535,8.904767270717,
    -10.41753410341));
#3598 = CARTESIAN_POINT('',(3.342270258624,8.692655019332,
    -10.43589129409));
#3599 = CARTESIAN_POINT('',(4.005723646393,8.420707274099,
    -10.45424639762));
#3600 = CARTESIAN_POINT('',(4.643461307906,8.091118036134,
    -10.47259896725));
#3601 = CARTESIAN_POINT('',(5.249765430208,7.706756551665,
    -10.49095149892));
#3602 = CARTESIAN_POINT('',(5.819274058371,7.271112160316,
    -10.50930651103));
#3603 = CARTESIAN_POINT('',(6.347020395067,6.788336417988,
    -10.52766360933));
#3604 = CARTESIAN_POINT('',(7.217867489155,5.838912768538,
    -10.56085643405));
#3605 = CARTESIAN_POINT('',(7.577092647303,5.386739505496,-10.5756979661
    ));
#3606 = CARTESIAN_POINT('',(7.903840004373,4.909418264753,-10.5905389474
    ));
#3607 = CARTESIAN_POINT('',(8.19607768293,4.409690948398,-10.60537918884
    ));
#3608 = CARTESIAN_POINT('',(8.452064664038,3.890459875117,
    -10.62021947819));
#3609 = CARTESIAN_POINT('',(8.67033834589,3.354777105294,-10.63506057345
    ));
#3610 = CARTESIAN_POINT('',(8.849730280841,2.805849017175,
    -10.64990220918));
#3611 = CARTESIAN_POINT('',(9.058211317011,1.97181495554,-10.67205171767
    ));
#3612 = CARTESIAN_POINT('',(9.11738150511,1.694164539935,-10.67936131584
    ));
#3613 = CARTESIAN_POINT('',(9.166821883654,1.414500522643,
    -10.68667083335));
#3614 = CARTESIAN_POINT('',(9.206453394194,1.133221116608,
    -10.69398025861));
#3615 = CARTESIAN_POINT('',(9.236216699468,0.850727035732,
    -10.70128960882));
#3616 = CARTESIAN_POINT('',(9.256072191551,0.567421418279,
    -10.70859889318));
#3617 = CARTESIAN_POINT('',(9.266,0.283709750269,-10.71590807619));
#3618 = CARTESIAN_POINT('',(9.266,-2.1111659976E-07,-10.72321704089));
#3619 = ORIENTED_EDGE('',*,*,#3620,.F.);
#3620 = EDGE_CURVE('',#3360,#3544,#3621,.T.);
#3621 = B_SPLINE_CURVE_WITH_KNOTS('',1,(#3622,#3623),.UNSPECIFIED.,.F.,
  .F.,(2,2),(0.,0.9375),.PIECEWISE_BEZIER_KNOTS.);
#3622 = CARTESIAN_POINT('',(10.016011617634,5.26057538E-09,
    -11.15625022038));
#3623 = CARTESIAN_POINT('',(9.204119255905,-2.6161759432E-07,
    -10.68748904135));
#3624 = B_SPLINE_SURFACE_WITH_KNOTS('',1,9,(
    (#3625,#3626,#3627,#3628,#3629,#3630,#3631,#3632,#3633,#3634,#3635
      ,#3636,#3637,#3638,#3639,#3640,#3641,#3642,#3643,#3644,#3645,#3646
      ,#3647,#3648,#3649,#3650,#3651,#3652,#3653,#3654,#3655)
    ,(#3656,#3657,#3658,#3659,#3660,#3661,#3662,#3663,#3664,#3665,#3666
      ,#3667,#3668,#3669,#3670,#3671,#3672,#3673,#3674,#3675,#3676,#3677
      ,#3678,#3679,#3680,#3681,#3682,#3683,#3684,#3685,#3686
  )),.UNSPECIFIED.,.F.,.F.,.F.,(2,2),(10,7,7,7,10),(0.,0.9375),(0.,
    1.614938419963,3.229876839926,4.844815259889,6.459753679852),
  .UNSPECIFIED.);
#3625 = CARTESIAN_POINT('',(10.01601016543,4.60283633E-09,
    -9.656250192828));
#3626 = CARTESIAN_POINT('',(10.016012271667,-1.748123689506,
    -9.697916899445));
#3627 = CARTESIAN_POINT('',(9.672765502236,-3.496235420914,
    -9.739583536187));
#3628 = CARTESIAN_POINT('',(8.986282541048,-5.167354765289,
    -9.781250194555));
#3629 = CARTESIAN_POINT('',(7.976716500448,-6.684404732476,
    -9.822916874261));
#3630 = CARTESIAN_POINT('',(6.684400550168,-7.97671859807,
    -9.864583540601));
#3631 = CARTESIAN_POINT('',(5.167346929767,-8.986279347597,
    -9.906250208072));
#3632 = CARTESIAN_POINT('',(3.496247146772,-9.672765394963,
    -9.947916873647));
#3633 = CARTESIAN_POINT('',(1.7722857362E-07,-10.35925319784,
    -10.03125020605));
#3634 = CARTESIAN_POINT('',(-3.496247132883,-9.67276939642,
    -10.11458354013));
#3635 = CARTESIAN_POINT('',(-5.167345929041,-8.986284909918,
    -10.15625020768));
#3636 = CARTESIAN_POINT('',(-6.684404442692,-7.976714149207,
    -10.19791687436));
#3637 = CARTESIAN_POINT('',(-7.976713195366,-6.684403240976,
    -10.23958353979));
#3638 = CARTESIAN_POINT('',(-8.986282380399,-5.167343880612,
    -10.28125020529));
#3639 = CARTESIAN_POINT('',(-9.672767506955,-3.496245551604,
    -10.32291687212));
#3640 = CARTESIAN_POINT('',(-10.35925394592,-2.9343674E-10,
    -10.4062502066));
#3641 = CARTESIAN_POINT('',(-9.672767623713,3.496245573943,
    -10.48958354108));
#3642 = CARTESIAN_POINT('',(-8.986282516262,5.167343937538,
    -10.53125020791));
#3643 = CARTESIAN_POINT('',(-7.976713188822,6.684403262558,
    -10.57291687341));
#3644 = CARTESIAN_POINT('',(-6.684404365215,7.976714062197,
    -10.61458353884));
#3645 = CARTESIAN_POINT('',(-5.167345917473,8.986284783846,
    -10.65625020552));
#3646 = CARTESIAN_POINT('',(-3.496247140929,9.672769373325,
    -10.69791687307));
#3647 = CARTESIAN_POINT('',(1.7048860249E-07,10.359253255449,
    -10.78125020715));
#3648 = CARTESIAN_POINT('',(3.496247138725,9.672765358552,
    -10.86458353956));
#3649 = CARTESIAN_POINT('',(5.167346845926,8.986279257957,
    -10.90625020514));
#3650 = CARTESIAN_POINT('',(6.684400702744,7.976718311964,
    -10.94791687259));
#3651 = CARTESIAN_POINT('',(7.976715861749,6.684405064938,
    -10.98958353897));
#3652 = CARTESIAN_POINT('',(8.986283936453,5.167355696256,
    -11.03125021863));
#3653 = CARTESIAN_POINT('',(9.672765944651,3.496234603633,
    -11.07291687703));
#3654 = CARTESIAN_POINT('',(10.016009511285,1.748123699369,
    -11.11458351376));
#3655 = CARTESIAN_POINT('',(10.016011617634,5.26057538E-09,
    -11.15625022038));
#3656 = CARTESIAN_POINT('',(9.204116996902,-2.2891575124E-07,
    -9.187490411171));
#3657 = CARTESIAN_POINT('',(9.204120232093,-1.606421174584,
    -9.229155091848));
#3658 = CARTESIAN_POINT('',(8.888695944519,-3.212831187515,
    -9.270823246414));
#3659 = CARTESIAN_POINT('',(8.25785845982,-4.748497239739,
    -9.312490324796));
#3660 = CARTESIAN_POINT('',(7.330124937411,-6.142567676626,
    -9.354156344396));
#3661 = CARTESIAN_POINT('',(6.142569253577,-7.330129743728,
    -9.395823026352));
#3662 = CARTESIAN_POINT('',(4.748484828495,-8.25785588313,
    -9.437489653487));
#3663 = CARTESIAN_POINT('',(3.212843062804,-8.888695962374,
    -9.479156374313));
#3664 = CARTESIAN_POINT('',(-9.3104166056E-07,-9.519537344976,
    -9.562489753654));
#3665 = CARTESIAN_POINT('',(-3.212843696789,-8.888699458764,
    -9.645823049695));
#3666 = CARTESIAN_POINT('',(-4.748483290379,-8.257861155929,
    -9.687489672429));
#3667 = CARTESIAN_POINT('',(-6.142569647608,-7.330126207373,
    -9.729156338514));
#3668 = CARTESIAN_POINT('',(-7.330124877847,-6.142569181472,
    -9.770823066867));
#3669 = CARTESIAN_POINT('',(-8.257859099515,-4.748481165865,
    -9.812489791387));
#3670 = CARTESIAN_POINT('',(-8.888697937582,-3.212841193986,
    -9.854156449786));
#3671 = CARTESIAN_POINT('',(-9.519538040898,2.611500302E-07,
    -9.937489726261));
#3672 = CARTESIAN_POINT('',(-8.888697942623,3.212841717277,
    -10.02082300273));
#3673 = CARTESIAN_POINT('',(-8.257859049875,4.748481708286,
    -10.06248966113));
#3674 = CARTESIAN_POINT('',(-7.330124530058,6.142569617921,
    -10.10415638565));
#3675 = CARTESIAN_POINT('',(-6.142569124211,7.330126409633,-10.145823114
    ));
#3676 = CARTESIAN_POINT('',(-4.748482818515,8.2578612208,-10.18748978009
    ));
#3677 = CARTESIAN_POINT('',(-3.212843220766,8.888699599423,
    -10.22915640282));
#3678 = CARTESIAN_POINT('',(-4.1831323319E-07,9.519537434581,
    -10.31248969886));
#3679 = CARTESIAN_POINT('',(3.212843538826,8.888695729151,-10.3958230782
    ));
#3680 = CARTESIAN_POINT('',(4.748485151942,8.257855482704,
    -10.43748979904));
#3681 = CARTESIAN_POINT('',(6.142569893796,7.330128961064,
    -10.47915642614));
#3682 = CARTESIAN_POINT('',(7.330124281482,6.142567790914,
    -10.52082310816));
#3683 = CARTESIAN_POINT('',(8.257860891448,4.748498234052,
    -10.56248912769));
#3684 = CARTESIAN_POINT('',(8.88869680931,3.212829427639,-10.60415620612
    ));
#3685 = CARTESIAN_POINT('',(9.204116026424,1.60642068405,-10.64582436067
    ));
#3686 = CARTESIAN_POINT('',(9.204119255905,-2.6161759432E-07,
    -10.68748904135));
#3687 = ADVANCED_FACE('',(#3688),#3699,.T.);
#3688 = FACE_BOUND('',#3689,.F.);
#3689 = EDGE_LOOP('',(#3690,#3691,#3692,#3693));
#3690 = ORIENTED_EDGE('',*,*,#3201,.F.);
#3691 = ORIENTED_EDGE('',*,*,#3187,.T.);
#3692 = ORIENTED_EDGE('',*,*,#3543,.T.);
#3693 = ORIENTED_EDGE('',*,*,#3694,.F.);
#3694 = EDGE_CURVE('',#3202,#3544,#3695,.T.);
#3695 = LINE('',#3696,#3697);
#3696 = CARTESIAN_POINT('',(9.266,0.,0.));
#3697 = VECTOR('',#3698,1.);
#3698 = DIRECTION('',(-7.E-17,0.,-1.));
#3699 = CYLINDRICAL_SURFACE('',#3700,9.266);
#3700 = AXIS2_PLACEMENT_3D('',#3701,#3702,#3703);
#3701 = CARTESIAN_POINT('',(0.,0.,0.));
#3702 = DIRECTION('',(-0.,-0.,-1.));
#3703 = DIRECTION('',(1.,0.,0.));
#3704 = ADVANCED_FACE('',(#3705),#3798,.T.);
#3705 = FACE_BOUND('',#3706,.T.);
#3706 = EDGE_LOOP('',(#3707,#3791,#3792,#3793));
#3707 = ORIENTED_EDGE('',*,*,#3708,.F.);
#3708 = EDGE_CURVE('',#3202,#3709,#3711,.T.);
#3709 = VERTEX_POINT('',#3710);
#3710 = CARTESIAN_POINT('',(9.266,-1.20636698E-07,-11.77675437005));
#3711 = B_SPLINE_CURVE_WITH_KNOTS('',8,(#3712,#3713,#3714,#3715,#3716,
    #3717,#3718,#3719,#3720,#3721,#3722,#3723,#3724,#3725,#3726,#3727,
    #3728,#3729,#3730,#3731,#3732,#3733,#3734,#3735,#3736,#3737,#3738,
    #3739,#3740,#3741,#3742,#3743,#3744,#3745,#3746,#3747,#3748,#3749,
    #3750,#3751,#3752,#3753,#3754,#3755,#3756,#3757,#3758,#3759,#3760,
    #3761,#3762,#3763,#3764,#3765,#3766,#3767,#3768,#3769,#3770,#3771,
    #3772,#3773,#3774,#3775,#3776,#3777,#3778,#3779,#3780,#3781,#3782,
    #3783,#3784,#3785,#3786,#3787,#3788,#3789,#3790),.UNSPECIFIED.,.F.,
  .F.,(9,7,7,7,7,7,7,7,7,7,7,9),(0.,4.769879611955E-02,0.121356069372,
    0.21334527998,0.317794419577,0.405814932583,0.545676314521,
    0.685050564366,0.789479138927,0.881786338241,0.898684120128,1.),
  .UNSPECIFIED.);
#3712 = CARTESIAN_POINT('',(9.266,-2.111142674E-07,-10.27675541153));
#3713 = CARTESIAN_POINT('',(9.266,-0.347073152267,-10.28569719314));
#3714 = CARTESIAN_POINT('',(9.251142654495,-0.694150894455,
    -10.29463918418));
#3715 = CARTESIAN_POINT('',(9.221427256807,-1.040484401528,
    -10.3035811538));
#3716 = CARTESIAN_POINT('',(9.176899206584,-1.38533126222,
    -10.31252308889));
#3717 = CARTESIAN_POINT('',(9.117647645119,-1.727955497212,
    -10.32146507323));
#3718 = CARTESIAN_POINT('',(9.043804653039,-2.067627601525,
    -10.33040718329));
#3719 = CARTESIAN_POINT('',(8.955546010394,-2.403624822227,
    -10.33934940084));
#3720 = CARTESIAN_POINT('',(8.694884680348,-3.247304476095,
    -10.36210014515));
#3721 = CARTESIAN_POINT('',(8.502813269235,-3.748959077674,
    -10.37590992773));
#3722 = CARTESIAN_POINT('',(8.277695339085,-4.237522661765,
    -10.3897193267));
#3723 = CARTESIAN_POINT('',(8.020591387308,-4.710460809634,
    -10.40352815835));
#3724 = CARTESIAN_POINT('',(7.732778179623,-5.165363534391,
    -10.4173369493));
#3725 = CARTESIAN_POINT('',(7.415738605981,-5.599941906449,
    -10.43114624967));
#3726 = CARTESIAN_POINT('',(7.07116956825,-6.012035268291,
    -10.44495592858));
#3727 = CARTESIAN_POINT('',(6.238719816055,-6.883687752506,
    -10.47600966233));
#3728 = CARTESIAN_POINT('',(5.736382086145,-7.329672858951,
    -10.49325792777));
#3729 = CARTESIAN_POINT('',(5.197777423162,-7.733574017815,
    -10.51050464514));
#3730 = CARTESIAN_POINT('',(4.627061001619,-8.09199636263,
    -10.52774952627));
#3731 = CARTESIAN_POINT('',(4.028694867516,-8.402063745381,
    -10.54499443035));
#3732 = CARTESIAN_POINT('',(3.407420917972,-8.661389433493,-10.562241204
    ));
#3733 = CARTESIAN_POINT('',(2.76827245021,-8.86811425896,-10.57948952914
    ));
#3734 = CARTESIAN_POINT('',(1.376710432927,-9.194620193111,
    -10.61631589528));
#3735 = CARTESIAN_POINT('',(0.620292842325,-9.298922915094,
    -10.63590326616));
#3736 = CARTESIAN_POINT('',(-0.144712037061,-9.331988497904,
    -10.65548757281));
#3737 = CARTESIAN_POINT('',(-0.910458204355,-9.293125248894,
    -10.67506925295));
#3738 = CARTESIAN_POINT('',(-1.669186852774,-9.182633926631,
    -10.69465093587));
#3739 = CARTESIAN_POINT('',(-2.413228416136,-9.001725356651,
    -10.71423521799));
#3740 = CARTESIAN_POINT('',(-3.135020429621,-8.752600693928,
    -10.73382249989));
#3741 = CARTESIAN_POINT('',(-4.410455703896,-8.174156766184,
    -10.76990483288));
#3742 = CARTESIAN_POINT('',(-4.972935282623,-7.863503493552,
    -10.78640856097));
#3743 = CARTESIAN_POINT('',(-5.510214278044,-7.508696528341,
    -10.80291109877));
#3744 = CARTESIAN_POINT('',(-6.018271018432,-7.112164324988,
    -10.81941217731));
#3745 = CARTESIAN_POINT('',(-6.49340555624,-6.676725937847,
    -10.83591324594));
#3746 = CARTESIAN_POINT('',(-6.932225506819,-6.205563756618,
    -10.85241575927));
#3747 = CARTESIAN_POINT('',(-7.33167050083,-5.702242104691,
    -10.86891945476));
#3748 = CARTESIAN_POINT('',(-8.256978350096,-4.32628462959,
    -10.91164037222));
#3749 = CARTESIAN_POINT('',(-8.719446547053,-3.409674419733,
    -10.93788625979));
#3750 = CARTESIAN_POINT('',(-9.064778738502,-2.437550873248,
    -10.96411736138));
#3751 = CARTESIAN_POINT('',(-9.285880036711,-1.427544603877,
    -10.99033897353));
#3752 = CARTESIAN_POINT('',(-9.378360834628,-0.397764920662,
    -11.01656026207));
#3753 = CARTESIAN_POINT('',(-9.340968346236,0.633196370067,
    -11.04279130288));
#3754 = CARTESIAN_POINT('',(-9.175174244567,1.646391266937,
    -11.06903713066));
#3755 = CARTESIAN_POINT('',(-8.600130460015,3.595132824087,
    -11.1213853638));
#3756 = CARTESIAN_POINT('',(-8.191164352423,4.532857067485,
    -11.14753940672));
#3757 = CARTESIAN_POINT('',(-7.665523851516,5.416244344627,
    -11.17367882057));
#3758 = CARTESIAN_POINT('',(-7.032148315811,6.228749740575,
    -11.19980918819));
#3759 = CARTESIAN_POINT('',(-6.302049767962,6.955582445918,
    -11.22593955379));
#3760 = CARTESIAN_POINT('',(-5.488581407579,7.584025300241,
    -11.25207927375));
#3761 = CARTESIAN_POINT('',(-4.607088012681,8.103206883983,
    -11.27823355991));
#3762 = CARTESIAN_POINT('',(-2.978684144775,8.807018635689,
    -11.32393930522));
#3763 = CARTESIAN_POINT('',(-2.252716397157,9.043207174151,
    -11.34352253102));
#3764 = CARTESIAN_POINT('',(-1.505724995377,9.210821806886,
    -11.36310246825));
#3765 = CARTESIAN_POINT('',(-0.745305923926,9.307797361436,
    -11.3826795559));
#3766 = CARTESIAN_POINT('',(2.085541371297E-02,9.333060109644,
    -11.402256655));
#3767 = CARTESIAN_POINT('',(0.785000722808,9.286447176379,
    -11.42183659423));
#3768 = CARTESIAN_POINT('',(1.539302247633,9.168788630796,
    -11.44141977194));
#3769 = CARTESIAN_POINT('',(2.926967465628,8.817184314027,
    -11.47830189282));
#3770 = CARTESIAN_POINT('',(3.564509506166,8.598244974955,
    -11.49561012006));
#3771 = CARTESIAN_POINT('',(4.183100310733,8.326671491121,
    -11.51291702632));
#3772 = CARTESIAN_POINT('',(4.777688920013,8.004434563241,
    -11.53022220714));
#3773 = CARTESIAN_POINT('',(5.343529677967,7.634034135387,
    -11.54752739046));
#3774 = CARTESIAN_POINT('',(5.876169727327,7.218460678125,
    -11.56483429546));
#3775 = CARTESIAN_POINT('',(6.371477140269,6.76122457254,-11.58214250031
    ));
#3776 = CARTESIAN_POINT('',(6.908861621613,6.175880680784,
    -11.60261514381));
#3777 = CARTESIAN_POINT('',(6.990640053376,6.084046729269,
    -11.60578296492));
#3778 = CARTESIAN_POINT('',(7.071022633425,5.990976082518,
    -11.60895078177));
#3779 = CARTESIAN_POINT('',(7.149987559253,5.896693524611,
    -11.61211859413));
#3780 = CARTESIAN_POINT('',(7.227513571975,5.801224281804,
    -11.61528640198));
#3781 = CARTESIAN_POINT('',(7.303579956321,5.70459402253,-11.61845420546
    ));
#3782 = CARTESIAN_POINT('',(7.378166540642,5.606828857402,
    -11.62162200495));
#3783 = CARTESIAN_POINT('',(7.889470357144,4.915128567133,
    -11.64378330221));
#3784 = CARTESIAN_POINT('',(8.273904109587,4.282291562934,
    -11.66278184646));
#3785 = CARTESIAN_POINT('',(8.600095396561,3.615376424169,
    -11.68177795876));
#3786 = CARTESIAN_POINT('',(8.864608680073,2.920686940322,
    -11.70077141031));
#3787 = CARTESIAN_POINT('',(9.064842084954,2.204818738267,
    -11.71976528443));
#3788 = CARTESIAN_POINT('',(9.198967337554,1.474622323511,
    -11.73876229348));
#3789 = CARTESIAN_POINT('',(9.266,0.737209017198,-11.75776134674));
#3790 = CARTESIAN_POINT('',(9.266,-2.1111404891E-07,-11.77675436927));
#3791 = ORIENTED_EDGE('',*,*,#3287,.T.);
#3792 = ORIENTED_EDGE('',*,*,#3451,.T.);
#3793 = ORIENTED_EDGE('',*,*,#3794,.F.);
#3794 = EDGE_CURVE('',#3709,#3444,#3795,.T.);
#3795 = B_SPLINE_CURVE_WITH_KNOTS('',1,(#3796,#3797),.UNSPECIFIED.,.F.,
  .F.,(2,2),(0.,0.9375),.PIECEWISE_BEZIER_KNOTS.);
#3796 = CARTESIAN_POINT('',(9.204103765724,-2.6161916195E-07,
    -11.81248904124));
#3797 = CARTESIAN_POINT('',(10.016009035937,5.26031426E-09,
    -11.34375022036));
#3798 = B_SPLINE_SURFACE_WITH_KNOTS('',1,9,(
    (#3799,#3800,#3801,#3802,#3803,#3804,#3805,#3806,#3807,#3808,#3809
      ,#3810,#3811,#3812,#3813,#3814,#3815,#3816,#3817,#3818,#3819,#3820
      ,#3821,#3822,#3823,#3824,#3825,#3826,#3827,#3828,#3829)
    ,(#3830,#3831,#3832,#3833,#3834,#3835,#3836,#3837,#3838,#3839,#3840
      ,#3841,#3842,#3843,#3844,#3845,#3846,#3847,#3848,#3849,#3850,#3851
      ,#3852,#3853,#3854,#3855,#3856,#3857,#3858,#3859,#3860
  )),.UNSPECIFIED.,.F.,.F.,.F.,(2,2),(10,7,7,7,10),(0.,0.9375),(0.,
    1.614938419963,3.229876839926,4.844815259889,6.459753679852),
  .UNSPECIFIED.);
#3799 = CARTESIAN_POINT('',(9.204103442995,-2.2891692542E-07,
    -10.31249041109));
#3800 = CARTESIAN_POINT('',(9.204103870939,-1.606418639997,
    -10.35415509173));
#3801 = CARTESIAN_POINT('',(8.888682217379,-3.21282556715,
    -10.39582324631));
#3802 = CARTESIAN_POINT('',(8.257846364419,-4.748490362526,
    -10.43749032472));
#3803 = CARTESIAN_POINT('',(7.330112950641,-6.142558201377,
    -10.47915634428));
#3804 = CARTESIAN_POINT('',(6.142559668983,-7.330117983287,
    -10.52082302627));
#3805 = CARTESIAN_POINT('',(4.748477286461,-8.257842790917,
    -10.56248965338));
#3806 = CARTESIAN_POINT('',(3.212837994641,-8.888681911425,
    -10.60415637422));
#3807 = CARTESIAN_POINT('',(-9.2875045221E-07,-9.519522363671,
    -10.68748975356));
#3808 = CARTESIAN_POINT('',(-3.212838626661,-8.888685421276,
    -10.7708230496));
#3809 = CARTESIAN_POINT('',(-4.748475784712,-8.257848046209,
    -10.81248967233));
#3810 = CARTESIAN_POINT('',(-6.142559899106,-7.330114588462,
    -10.85415633842));
#3811 = CARTESIAN_POINT('',(-7.33011330379,-6.142559509499,
    -10.89582306677));
#3812 = CARTESIAN_POINT('',(-8.257846157642,-4.748473717666,
    -10.93748979129));
#3813 = CARTESIAN_POINT('',(-8.888683988743,-3.212836146076,
    -10.97915644969));
#3814 = CARTESIAN_POINT('',(-9.519523021189,2.5474150494E-07,
    -11.06248972616));
#3815 = CARTESIAN_POINT('',(-8.888683842696,3.212836626884,
    -11.14582300264));
#3816 = CARTESIAN_POINT('',(-8.257845933633,4.748474172388,
    -11.18748966104));
#3817 = CARTESIAN_POINT('',(-7.330112973505,6.142559906703,
    -11.22915638556));
#3818 = CARTESIAN_POINT('',(-6.14255948948,7.330114897958,
    -11.27082311391));
#3819 = CARTESIAN_POINT('',(-4.74847534007,8.257848272395,-11.31248978)
  );
#3820 = CARTESIAN_POINT('',(-3.212838152606,8.888685588137,
    -11.35415640273));
#3821 = CARTESIAN_POINT('',(-4.2063472746E-07,9.519522376472,
    -11.43748969877));
#3822 = CARTESIAN_POINT('',(3.212838468695,8.888681731339,
    -11.52082307811));
#3823 = CARTESIAN_POINT('',(4.7484777099,8.257842516793,-11.56248979894)
  );
#3824 = CARTESIAN_POINT('',(6.142560095299,7.330117590874,
    -11.60415642606));
#3825 = CARTESIAN_POINT('',(7.330113137533,6.142557882853,
    -11.64582310805));
#3826 = CARTESIAN_POINT('',(8.257846928727,4.748490127347,-11.6874891276
    ));
#3827 = CARTESIAN_POINT('',(8.888682487694,3.212824909679,
    -11.72915620602));
#3828 = CARTESIAN_POINT('',(9.204103343485,1.60641814946,-11.7708243606)
  );
#3829 = CARTESIAN_POINT('',(9.204103765724,-2.6161916195E-07,
    -11.81248904124));
#3830 = CARTESIAN_POINT('',(10.016007906445,4.60264005E-09,
    -9.843750192814));
#3831 = CARTESIAN_POINT('',(10.016009544808,-1.748123267075,
    -9.885416899426));
#3832 = CARTESIAN_POINT('',(9.672763214379,-3.496234484186,
    -9.92708353617));
#3833 = CARTESIAN_POINT('',(8.986280525148,-5.167353619087,
    -9.968750194543));
#3834 = CARTESIAN_POINT('',(7.976714502653,-6.684403153267,
    -10.01041687424));
#3835 = CARTESIAN_POINT('',(6.684398952736,-7.976716637996,
    -10.05208354058));
#3836 = CARTESIAN_POINT('',(5.167345672762,-8.986277165561,
    -10.09375020805));
#3837 = CARTESIAN_POINT('',(3.496246302078,-9.672763053138,
    -10.13541687363));
#3838 = CARTESIAN_POINT('',(1.7761041584E-07,-10.35925070096,
    -10.21875020603));
#3839 = CARTESIAN_POINT('',(-3.496246287861,-9.672767056838,
    -10.30208354012));
#3840 = CARTESIAN_POINT('',(-5.167344678097,-8.986282724965,
    -10.34375020767));
#3841 = CARTESIAN_POINT('',(-6.684402817942,-7.976712212722,
    -10.38541687435));
#3842 = CARTESIAN_POINT('',(-7.976711266356,-6.68440162898,
    -10.42708353977));
#3843 = CARTESIAN_POINT('',(-8.98628022342,-5.167342639246,
    -10.46875020528));
#3844 = CARTESIAN_POINT('',(-9.672765182149,-3.496244710286,
    -10.51041687211));
#3845 = CARTESIAN_POINT('',(-10.35925144263,-1.36153964E-09,
    -10.59375020659));
#3846 = CARTESIAN_POINT('',(-9.672765273726,3.496244725545,
    -10.67708354106));
#3847 = CARTESIAN_POINT('',(-8.986280330222,5.167342681555,
    -10.7187502079));
#3848 = CARTESIAN_POINT('',(-7.97671126273,6.684401644021,-10.7604168734
    ));
#3849 = CARTESIAN_POINT('',(-6.684402759427,7.976712143584,
    -10.80208353882));
#3850 = CARTESIAN_POINT('',(-5.167344671066,8.986282625779,
    -10.8437502055));
#3851 = CARTESIAN_POINT('',(-3.496246296236,9.672767038111,
    -10.88541687305));
#3852 = CARTESIAN_POINT('',(1.7010171326E-07,10.359250745764,
    -10.96875020714));
#3853 = CARTESIAN_POINT('',(3.496246293703,9.672763025584,
    -11.05208353954));
#3854 = CARTESIAN_POINT('',(5.167345605586,8.986277096972,
    -11.09375020512));
#3855 = CARTESIAN_POINT('',(6.684399069661,7.976716416932,
    -11.13541687258));
#3856 = CARTESIAN_POINT('',(7.976714004424,6.684403413594,
    -11.17708353895));
#3857 = CARTESIAN_POINT('',(8.986281609333,5.167354345139,
    -11.21875021862));
#3858 = CARTESIAN_POINT('',(9.672763557715,3.49623385064,-11.26041687701
    ));
#3859 = CARTESIAN_POINT('',(10.016007397462,1.748123276938,
    -11.30208351375));
#3860 = CARTESIAN_POINT('',(10.016009035937,5.26031426E-09,
    -11.34375022036));
#3861 = ADVANCED_FACE('',(#3862),#4046,.T.);
#3862 = FACE_BOUND('',#3863,.T.);
#3863 = EDGE_LOOP('',(#3864,#3865,#3949,#3957));
#3864 = ORIENTED_EDGE('',*,*,#3443,.F.);
#3865 = ORIENTED_EDGE('',*,*,#3866,.T.);
#3866 = EDGE_CURVE('',#3360,#3867,#3869,.T.);
#3867 = VERTEX_POINT('',#3868);
#3868 = CARTESIAN_POINT('',(10.,-1.68146857008E-12,-12.64700476703));
#3869 = B_SPLINE_CURVE_WITH_KNOTS('',8,(#3870,#3871,#3872,#3873,#3874,
    #3875,#3876,#3877,#3878,#3879,#3880,#3881,#3882,#3883,#3884,#3885,
    #3886,#3887,#3888,#3889,#3890,#3891,#3892,#3893,#3894,#3895,#3896,
    #3897,#3898,#3899,#3900,#3901,#3902,#3903,#3904,#3905,#3906,#3907,
    #3908,#3909,#3910,#3911,#3912,#3913,#3914,#3915,#3916,#3917,#3918,
    #3919,#3920,#3921,#3922,#3923,#3924,#3925,#3926,#3927,#3928,#3929,
    #3930,#3931,#3932,#3933,#3934,#3935,#3936,#3937,#3938,#3939,#3940,
    #3941,#3942,#3943,#3944,#3945,#3946,#3947,#3948),.UNSPECIFIED.,.F.,
  .F.,(9,7,7,7,7,7,7,7,7,7,7,9),(0.,4.992318956367E-02,0.122079857207,
    0.214635374775,0.31818695199,0.408840168977,0.546713353507,
    0.68462996804,0.789663979213,0.882899586986,0.959330896483,1.),
  .UNSPECIFIED.);
#3870 = CARTESIAN_POINT('',(10.,-2.655653474903E-12,-11.14700561467));
#3871 = CARTESIAN_POINT('',(10.,-0.392038463457,-11.15636456684));
#3872 = CARTESIAN_POINT('',(9.982434950271,-0.784083456898,
    -11.16572385598));
#3873 = CARTESIAN_POINT('',(9.947303846758,-1.175207245102,
    -11.17508321145));
#3874 = CARTESIAN_POINT('',(9.894665606496,-1.564491135763,
    -11.18444254641));
#3875 = CARTESIAN_POINT('',(9.824635705638,-1.951025160199,
    -11.19380188635));
#3876 = CARTESIAN_POINT('',(9.737385038427,-2.333908105755,
    -11.20316128132));
#3877 = CARTESIAN_POINT('',(9.633140997119,-2.712247899897,
    -11.21252070198));
#3878 = CARTESIAN_POINT('',(9.337374916498,-3.624155627104,-11.235407299
    ));
#3879 = CARTESIAN_POINT('',(9.127642092148,-4.151867219371,
    -11.24893554987));
#3880 = CARTESIAN_POINT('',(8.883857866423,-4.66559941107,
    -11.26246326729));
#3881 = CARTESIAN_POINT('',(8.607128491771,-5.16279413107,
    -11.27599040219));
#3882 = CARTESIAN_POINT('',(8.298774035561,-5.641019221423,
    -11.28951756155));
#3883 = CARTESIAN_POINT('',(7.960318722304,-6.097965016713,
    -11.3030453311));
#3884 = CARTESIAN_POINT('',(7.593498489022,-6.531451230185,
    -11.31657362034));
#3885 = CARTESIAN_POINT('',(6.695910906405,-7.46277756516,
    -11.34745266776));
#3886 = CARTESIAN_POINT('',(6.147966857211,-7.9443161528,-11.36480774956
    ));
#3887 = CARTESIAN_POINT('',(5.560633782773,-8.37966732278,
    -11.38216149861));
#3888 = CARTESIAN_POINT('',(4.938500144043,-8.765123606965,
    -11.3995134747));
#3889 = CARTESIAN_POINT('',(4.286489947,-9.097553322792,-11.41686542332)
  );
#3890 = CARTESIAN_POINT('',(3.609832863068,-9.374367303148,
    -11.4342191093));
#3891 = CARTESIAN_POINT('',(2.914077209296,-9.593561689211,
    -11.45157413473));
#3892 = CARTESIAN_POINT('',(1.411989759196,-9.933153368548,
    -11.48833880531));
#3893 = CARTESIAN_POINT('',(0.601930040496,-10.03881191538,
    -11.5077575568));
#3894 = CARTESIAN_POINT('',(-0.216696371113,-10.06885113671,
    -11.52717323266));
#3895 = CARTESIAN_POINT('',(-1.035634927232,-10.02259951321,
    -11.54658614185));
#3896 = CARTESIAN_POINT('',(-1.846727864315,-9.900420029404,
    -11.56599905651));
#3897 = CARTESIAN_POINT('',(-2.64191555305,-9.703625439558,
    -11.58541477428));
#3898 = CARTESIAN_POINT('',(-3.413255146437,-9.434560941439,
    -11.60483362821));
#3899 = CARTESIAN_POINT('',(-4.800577675201,-8.801206379259,
    -11.64124172353));
#3900 = CARTESIAN_POINT('',(-5.424231086958,-8.45282155039,
    -11.65823978097));
#3901 = CARTESIAN_POINT('',(-6.018757667698,-8.054028381061,
    -11.67523656305));
#3902 = CARTESIAN_POINT('',(-6.579432438267,-7.607721607664,
    -11.6922317202));
#3903 = CARTESIAN_POINT('',(-7.101925464046,-7.117265743629,
    -11.70922688651));
#3904 = CARTESIAN_POINT('',(-7.582283024021,-6.586460290451,
    -11.72622369122));
#3905 = CARTESIAN_POINT('',(-8.016959305247,-6.019563384422,
    -11.74322177844));
#3906 = CARTESIAN_POINT('',(-8.989868225109,-4.51159599367,
    -11.78606437513));
#3907 = CARTESIAN_POINT('',(-9.4648180887,-3.528330534327,
    -11.81193614191));
#3908 = CARTESIAN_POINT('',(-9.816018737227,-2.48894900118,
    -11.83779377682));
#3909 = CARTESIAN_POINT('',(-10.03641432439,-1.411781705902,
    -11.86364258643));
#3910 = CARTESIAN_POINT('',(-10.12173309663,-0.315613511768,
    -11.88949156107));
#3911 = CARTESIAN_POINT('',(-10.07089857424,0.780321042695,
    -11.91534934952));
#3912 = CARTESIAN_POINT('',(-9.885635995589,1.856456055011,
    -11.94122121803));
#3913 = CARTESIAN_POINT('',(-9.259120875621,3.92958615522,
    -11.99292438469));
#3914 = CARTESIAN_POINT('',(-8.81719617899,4.928513591067,
    -12.01880440617));
#3915 = CARTESIAN_POINT('',(-8.252301472322,5.869432835348,
    -12.04467041799));
#3916 = CARTESIAN_POINT('',(-7.573846814088,6.73508190302,
    -12.07052714615));
#3917 = CARTESIAN_POINT('',(-6.793393614621,7.510028292798,
    -12.09638390533));
#3918 = CARTESIAN_POINT('',(-5.924917889204,8.180986674692,
    -12.12224963909));
#3919 = CARTESIAN_POINT('',(-4.984464041117,8.736594579887,
    -12.14812941928));
#3920 = CARTESIAN_POINT('',(-3.235178747959,9.498101764549,
    -12.19367599507));
#3921 = CARTESIAN_POINT('',(-2.447641357234,9.756136826106,
    -12.21337335232));
#3922 = CARTESIAN_POINT('',(-1.63700147421,9.93934121223,-12.23306763957
    ));
#3923 = CARTESIAN_POINT('',(-0.81159772484,10.045433115211,
    -12.25275921583));
#3924 = CARTESIAN_POINT('',(2.013202388017E-02,10.07322549803,
    -12.27245077177));
#3925 = CARTESIAN_POINT('',(0.849668958043,10.022535515407,
    -12.29214504849));
#3926 = CARTESIAN_POINT('',(1.668416504551,9.894276359583,
    -12.31184247217));
#3927 = CARTESIAN_POINT('',(3.177242043381,9.510057625776,
    -12.34901253908));
#3928 = CARTESIAN_POINT('',(3.871785478316,9.269973859381,-12.3664949407
    ));
#3929 = CARTESIAN_POINT('',(4.545332701718,8.971975423154,
    -12.38397569316));
#3930 = CARTESIAN_POINT('',(5.192271234721,8.618269043026,
    -12.40145445583));
#3931 = CARTESIAN_POINT('',(5.807333889093,8.211654246451,
    -12.41893320862));
#3932 = CARTESIAN_POINT('',(6.385583952538,7.755479077486,
    -12.43641394534));
#3933 = CARTESIAN_POINT('',(6.922447405494,7.253673895579,
    -12.45389635391));
#3934 = CARTESIAN_POINT('',(7.816579523094,6.265885970691,
    -12.48570426568));
#3935 = CARTESIAN_POINT('',(8.188880433017,5.793239152291,
    -12.50003443061));
#3936 = CARTESIAN_POINT('',(8.528420068381,5.29541725926,-12.51436412503
    ));
#3937 = CARTESIAN_POINT('',(8.833232393157,4.77508829009,-12.52869317729
    ));
#3938 = CARTESIAN_POINT('',(9.101624334908,4.23507110817,-12.54302224009
    ));
#3939 = CARTESIAN_POINT('',(9.33216476308,3.678326177716,-12.55735194996
    ));
#3940 = CARTESIAN_POINT('',(9.523698276777,3.107959712826,
    -12.57168210326));
#3941 = CARTESIAN_POINT('',(9.756095677419,2.218240911745,
    -12.59363517458));
#3942 = CARTESIAN_POINT('',(9.825529746792,1.90629240415,-12.601259522)
  );
#3943 = CARTESIAN_POINT('',(9.883559896239,1.591879208217,
    -12.60888380719));
#3944 = CARTESIAN_POINT('',(9.930085175288,1.275488252285,
    -12.61650802966));
#3945 = CARTESIAN_POINT('',(9.965029809434,0.957609800087,-12.6241322287
    ));
#3946 = CARTESIAN_POINT('',(9.988343212667,0.638737349123,
    -12.63175644016));
#3947 = CARTESIAN_POINT('',(10.,0.319367529037,-12.63938065321));
#3948 = CARTESIAN_POINT('',(10.,-3.362643496985E-12,-12.64700476703));
#3949 = ORIENTED_EDGE('',*,*,#3950,.T.);
#3950 = EDGE_CURVE('',#3867,#3951,#3953,.T.);
#3951 = VERTEX_POINT('',#3952);
#3952 = CARTESIAN_POINT('',(10.,-1.248790927878E-12,-12.85299339057));
#3953 = LINE('',#3954,#3955);
#3954 = CARTESIAN_POINT('',(10.,0.,0.));
#3955 = VECTOR('',#3956,1.);
#3956 = DIRECTION('',(0.,-2.22044604925E-16,-1.));
#3957 = ORIENTED_EDGE('',*,*,#3958,.F.);
#3958 = EDGE_CURVE('',#3444,#3951,#3959,.T.);
#3959 = B_SPLINE_CURVE_WITH_KNOTS('',8,(#3960,#3961,#3962,#3963,#3964,
    #3965,#3966,#3967,#3968,#3969,#3970,#3971,#3972,#3973,#3974,#3975,
    #3976,#3977,#3978,#3979,#3980,#3981,#3982,#3983,#3984,#3985,#3986,
    #3987,#3988,#3989,#3990,#3991,#3992,#3993,#3994,#3995,#3996,#3997,
    #3998,#3999,#4000,#4001,#4002,#4003,#4004,#4005,#4006,#4007,#4008,
    #4009,#4010,#4011,#4012,#4013,#4014,#4015,#4016,#4017,#4018,#4019,
    #4020,#4021,#4022,#4023,#4024,#4025,#4026,#4027,#4028,#4029,#4030,
    #4031,#4032,#4033,#4034,#4035,#4036,#4037,#4038,#4039,#4040,#4041,
    #4042,#4043,#4044,#4045),.UNSPECIFIED.,.F.,.F.,(9,7,7,7,7,7,7,7,7,7,
    7,7,9),(0.,1.418629702329E-02,4.876906839405E-02,0.122178150529,
    0.21385404442,0.317728180311,0.435396052374,0.554386855823,
    0.672290915865,0.789947596157,0.882392427521,0.958256190802,1.),
  .UNSPECIFIED.);
#3960 = CARTESIAN_POINT('',(10.,-2.01261229904E-12,-11.35299274767));
#3961 = CARTESIAN_POINT('',(10.,-0.111405381211,-11.35565241458));
#3962 = CARTESIAN_POINT('',(9.998581582156,-0.222810763551,
    -11.35831207126));
#3963 = CARTESIAN_POINT('',(9.99574474611,-0.334195071041,-11.3609717183
    ));
#3964 = CARTESIAN_POINT('',(9.991489867147,-0.445537239007,
    -11.3636313563));
#3965 = CARTESIAN_POINT('',(9.985817696195,-0.55681621408,
    -11.36629098589));
#3966 = CARTESIAN_POINT('',(9.978729359821,-0.668010954194,
    -11.3689506077));
#3967 = CARTESIAN_POINT('',(9.970226360235,-0.779100428591,
    -11.3716102224));
#3968 = CARTESIAN_POINT('',(9.936138282609,-1.160565116363,
    -11.38075331419));
#3969 = CARTESIAN_POINT('',(9.903570081068,-1.430317606789,
    -11.38723677467));
#3970 = CARTESIAN_POINT('',(9.862633357054,-1.699015423771,
    -11.39372022329));
#3971 = CARTESIAN_POINT('',(9.813368511002,-1.966355542805,
    -11.4002036692));
#3972 = CARTESIAN_POINT('',(9.755828957399,-2.232037580202,
    -11.40668711942));
#3973 = CARTESIAN_POINT('',(9.690081124783,-2.495763793088,
    -11.41317057889));
#3974 = CARTESIAN_POINT('',(9.616204455741,-2.757239079408,
    -11.41965405043));
#3975 = CARTESIAN_POINT('',(9.360414025461,-3.56580746603,
    -11.43990007074));
#3976 = CARTESIAN_POINT('',(9.150310904546,-4.104030886843,
    -11.45366374975));
#3977 = CARTESIAN_POINT('',(8.904873151141,-4.627991574488,
    -11.46742706731));
#3978 = CARTESIAN_POINT('',(8.625251160236,-5.134988940724,
    -11.48118985213));
#3979 = CARTESIAN_POINT('',(8.312824782772,-5.622456402488,
    -11.49495262007));
#3980 = CARTESIAN_POINT('',(7.969192612825,-6.087957644672,
    -11.50871590602));
#3981 = CARTESIAN_POINT('',(7.596180394028,-6.529194218119,
    -11.52247957373));
#3982 = CARTESIAN_POINT('',(6.69594475507,-7.462079368941,
    -11.55342924444));
#3983 = CARTESIAN_POINT('',(6.153302575472,-7.939098075862,
    -11.57061940688));
#3984 = CARTESIAN_POINT('',(5.572005105882,-8.370817854808,
    -11.58780803746));
#3985 = CARTESIAN_POINT('',(4.956508530307,-8.753633101702,
    -11.60499485125));
#3986 = CARTESIAN_POINT('',(4.311593149978,-9.084492110676,
    -11.62218168449));
#3987 = CARTESIAN_POINT('',(3.64233509224,-9.360865659248,-11.6393703592
    ));
#3988 = CARTESIAN_POINT('',(2.95411869567,-9.580787415195,-11.6565605602
    ));
#3989 = CARTESIAN_POINT('',(1.457929454266,-9.926724149847,
    -11.69322178365));
#3990 = CARTESIAN_POINT('',(0.645795779529,-10.03644508394,
    -11.71270194836));
#3991 = CARTESIAN_POINT('',(-0.175303238789,-10.07010692029,
    -11.73217912208));
#3992 = CARTESIAN_POINT('',(-0.997037528606,-10.02699536044,
    -11.75165373886));
#3993 = CARTESIAN_POINT('',(-1.811170982491,-9.907443879794,
    -11.77112836316));
#3994 = CARTESIAN_POINT('',(-2.609563106575,-9.712747422265,
    -11.79060552078));
#3995 = CARTESIAN_POINT('',(-3.384187624014,-9.445246678418,
    -11.81008559717));
#3996 = CARTESIAN_POINT('',(-4.968877272795,-8.727206117826,
    -11.85161969506));
#3997 = CARTESIAN_POINT('',(-5.770703221712,-8.256754592362,
    -11.87369070187));
#3998 = CARTESIAN_POINT('',(-6.521001119945,-7.702328122317,
    -11.89575564352));
#3999 = CARTESIAN_POINT('',(-7.209675338303,-7.070725775089,
    -11.91781596965));
#4000 = CARTESIAN_POINT('',(-7.827757587125,-6.369892046295,
    -11.93987627351));
#4001 = CARTESIAN_POINT('',(-8.367479382706,-5.608948164441,
    -11.9619412994));
#4002 = CARTESIAN_POINT('',(-8.822239610095,-4.798120151585,
    -11.98401240526));
#4003 = CARTESIAN_POINT('',(-9.556190543692,-3.090695539907,
    -12.02838063578));
#4004 = CARTESIAN_POINT('',(-9.833730883379,-2.192350710168,
    -12.05070052324));
#4005 = CARTESIAN_POINT('',(-10.0144069817,-1.266193950644,
    -12.07301409335));
#4006 = CARTESIAN_POINT('',(-10.09527070205,-0.324464679289,
    -12.09532269048));
#4007 = CARTESIAN_POINT('',(-10.07504626273,0.620513598614,
    -12.11763137452));
#4008 = CARTESIAN_POINT('',(-9.954215468148,1.556360869033,
    -12.13994483227));
#4009 = CARTESIAN_POINT('',(-9.734934423071,2.470673675816,
    -12.16226454651));
#4010 = CARTESIAN_POINT('',(-9.111517602576,4.223452023493,
    -12.20667687376));
#4011 = CARTESIAN_POINT('',(-8.708769990743,5.063429251108,
    -12.22879235553));
#4012 = CARTESIAN_POINT('',(-8.217686659842,5.858878079465,
    -12.25090187245));
#4013 = CARTESIAN_POINT('',(-7.644238939599,6.599107646604,
    -12.2730069111));
#4014 = CARTESIAN_POINT('',(-6.995642537165,7.274463020522,
    -12.2951119856));
#4015 = CARTESIAN_POINT('',(-6.280395707321,7.876396418229,
    -12.31722169931));
#4016 = CARTESIAN_POINT('',(-5.508203259866,8.397439887624,
    -12.33933739971));
#4017 = CARTESIAN_POINT('',(-3.874450134836,9.265114260882,
    -12.38349987521));
#4018 = CARTESIAN_POINT('',(-3.012258796768,9.612545143411,
    -12.40556886385));
#4019 = CARTESIAN_POINT('',(-2.115063395441,9.867900687046,
    -12.42763186194));
#4020 = CARTESIAN_POINT('',(-1.194410382937,10.027341859428,
    -12.44968976167));
#4021 = CARTESIAN_POINT('',(-0.262064671139,10.088621336599,
    -12.47174791847));
#4022 = CARTESIAN_POINT('',(0.670010053793,10.05115987031,
    -12.49381061075));
#4023 = CARTESIAN_POINT('',(1.589688291387,9.915976831083,
    -12.51587946703));
#4024 = CARTESIAN_POINT('',(3.1878808378,9.506021857257,-12.55526877615)
  );
#4025 = CARTESIAN_POINT('',(3.876256746048,9.267262291982,
    -12.57260350514));
#4026 = CARTESIAN_POINT('',(4.543940777164,8.971587965311,
    -12.58993689915));
#4027 = CARTESIAN_POINT('',(5.185463522061,8.62115291746,-12.60726855735
    ));
#4028 = CARTESIAN_POINT('',(5.795689182086,8.218684526821,
    -12.62460023069));
#4029 = CARTESIAN_POINT('',(6.369801477434,7.767441399976,
    -12.64193365294));
#4030 = CARTESIAN_POINT('',(6.903334244912,7.27124556275,-12.65926838675
    ));
#4031 = CARTESIAN_POINT('',(7.793466999979,6.294188018463,
    -12.69082241089));
#4032 = CARTESIAN_POINT('',(8.164737116395,5.826430253659,
    -12.70504627433));
#4033 = CARTESIAN_POINT('',(8.503825533682,5.333747309284,
    -12.71926948084));
#4034 = CARTESIAN_POINT('',(8.808799220183,4.818740465318,
    -12.73349191681));
#4035 = CARTESIAN_POINT('',(9.077989469229,4.284158756519,
    -12.74771433185));
#4036 = CARTESIAN_POINT('',(9.309981391457,3.732890056488,
    -12.76193749877));
#4037 = CARTESIAN_POINT('',(9.503627083405,3.167965119592,
    -12.77616135126));
#4038 = CARTESIAN_POINT('',(9.743071088926,2.27596765498,-12.7982101239)
  );
#4039 = CARTESIAN_POINT('',(9.816198677489,1.956174021146,
    -12.80603625268));
#4040 = CARTESIAN_POINT('',(9.877325264575,1.633715851226,
    -12.81386239939));
#4041 = CARTESIAN_POINT('',(9.926338809413,1.309119226876,
    -12.82168854932));
#4042 = CARTESIAN_POINT('',(9.963155214735,0.982914020547,
    -12.82951472357));
#4043 = CARTESIAN_POINT('',(9.987718337564,0.655633776624,
    -12.83734094336));
#4044 = CARTESIAN_POINT('',(10.,0.327815592558,-12.84516719427));
#4045 = CARTESIAN_POINT('',(10.,-2.494005002518E-12,-12.85299339057));
#4046 = CYLINDRICAL_SURFACE('',#4047,10.);
#4047 = AXIS2_PLACEMENT_3D('',#4048,#4049,#4050);
#4048 = CARTESIAN_POINT('',(0.,0.,0.));
#4049 = DIRECTION('',(0.,-2.22044604925E-16,-1.));
#4050 = DIRECTION('',(1.,0.,0.));
#4051 = ADVANCED_FACE('',(#4052),#4145,.T.);
#4052 = FACE_BOUND('',#4053,.T.);
#4053 = EDGE_LOOP('',(#4054,#4055,#4056,#4140));
#4054 = ORIENTED_EDGE('',*,*,#3866,.F.);
#4055 = ORIENTED_EDGE('',*,*,#3620,.T.);
#4056 = ORIENTED_EDGE('',*,*,#4057,.T.);
#4057 = EDGE_CURVE('',#3544,#4058,#4060,.T.);
#4058 = VERTEX_POINT('',#4059);
#4059 = CARTESIAN_POINT('',(9.266,-1.35718427E-07,-12.22321450958));
#4060 = B_SPLINE_CURVE_WITH_KNOTS('',8,(#4061,#4062,#4063,#4064,#4065,
    #4066,#4067,#4068,#4069,#4070,#4071,#4072,#4073,#4074,#4075,#4076,
    #4077,#4078,#4079,#4080,#4081,#4082,#4083,#4084,#4085,#4086,#4087,
    #4088,#4089,#4090,#4091,#4092,#4093,#4094,#4095,#4096,#4097,#4098,
    #4099,#4100,#4101,#4102,#4103,#4104,#4105,#4106,#4107,#4108,#4109,
    #4110,#4111,#4112,#4113,#4114,#4115,#4116,#4117,#4118,#4119,#4120,
    #4121,#4122,#4123,#4124,#4125,#4126,#4127,#4128,#4129,#4130,#4131,
    #4132,#4133,#4134,#4135,#4136,#4137,#4138,#4139),.UNSPECIFIED.,.F.,
  .F.,(9,7,7,7,7,7,7,7,7,7,7,9),(0.,5.293547409618E-02,0.121738038124,
    0.214639376905,0.319113528268,0.425021789371,0.553376707349,
    0.685686975435,0.789893717581,0.882208726744,0.960837583878,1.),
  .UNSPECIFIED.);
#4061 = CARTESIAN_POINT('',(9.266,-2.4127673015E-07,-10.72321704167));
#4062 = CARTESIAN_POINT('',(9.266,-0.385188191457,-10.73314029094));
#4063 = CARTESIAN_POINT('',(9.247700250316,-0.770384207908,
    -10.74306419845));
#4064 = CARTESIAN_POINT('',(9.211099439002,-1.154562135855,
    -10.75298832926));
#4065 = CARTESIAN_POINT('',(9.156266762518,-1.536707045819,
    -10.76291251423));
#4066 = CARTESIAN_POINT('',(9.083337528664,-1.915814796258,
    -10.77283675334));
#4067 = CARTESIAN_POINT('',(8.992511659921,-2.29089208325,
    -10.78276109505));
#4068 = CARTESIAN_POINT('',(8.884055097215,-2.660956977237,
    -10.79268549172));
#4069 = CARTESIAN_POINT('',(8.594860007243,-3.498254596422,
    -10.81550847172));
#4070 = CARTESIAN_POINT('',(8.402185561831,-3.961405003786,
    -10.82840799237));
#4071 = CARTESIAN_POINT('',(8.181016393407,-4.41234224681,
    -10.84130707405));
#4072 = CARTESIAN_POINT('',(7.932269879789,-4.849025086317,
    -10.85420567884));
#4073 = CARTESIAN_POINT('',(7.657026511186,-5.269510290318,
    -10.86710429063));
#4074 = CARTESIAN_POINT('',(7.356523165981,-5.671950239054,
    -10.88000337684));
#4075 = CARTESIAN_POINT('',(7.032158302151,-6.054597810798,
    -10.8929028711));
#4076 = CARTESIAN_POINT('',(6.217442521557,-6.903560402203,
    -10.92321841607));
#4077 = CARTESIAN_POINT('',(5.708617159261,-7.35237169686,
    -10.94063863966));
#4078 = CARTESIAN_POINT('',(5.162941705843,-7.75812708612,
    -10.95805751139));
#4079 = CARTESIAN_POINT('',(4.584710385492,-8.117345171403,
    -10.97547459503));
#4080 = CARTESIAN_POINT('',(3.978533875439,-8.427085588272,
    -10.99289166538));
#4081 = CARTESIAN_POINT('',(3.349310793005,-8.684917807871,
    -11.01031050867));
#4082 = CARTESIAN_POINT('',(2.702239712476,-8.888961653375,
    -11.02773071239));
#4083 = CARTESIAN_POINT('',(1.301365580518,-9.205603206893,
    -11.06473379589));
#4084 = CARTESIAN_POINT('',(0.54391356202,-9.303731910504,
    -11.08432607418));
#4085 = CARTESIAN_POINT('',(-0.221545759612,-9.33051685544,
    -11.10391514176));
#4086 = CARTESIAN_POINT('',(-0.987154621379,-9.285330323234,
    -11.12350133283));
#4087 = CARTESIAN_POINT('',(-1.745150736277,-9.168537288032,
    -11.14308752926));
#4088 = CARTESIAN_POINT('',(-2.48786861401,-8.981412974238,
    -11.16267663578));
#4089 = CARTESIAN_POINT('',(-3.20775815902,-8.7262231369,-11.18226900731
    ));
#4090 = CARTESIAN_POINT('',(-4.596611525762,-8.082315257097,
    -11.2217106152));
#4091 = CARTESIAN_POINT('',(-5.265190335972,-7.691603808132,
    -11.24157246829));
#4092 = CARTESIAN_POINT('',(-5.895437447606,-7.237836053912,
    -11.2614310194));
#4093 = CARTESIAN_POINT('',(-6.480477297578,-6.725506459629,
    -11.28128668822));
#4094 = CARTESIAN_POINT('',(-7.014156896063,-6.159874669471,
    -11.30114235145));
#4095 = CARTESIAN_POINT('',(-7.490991972483,-5.546894325382,
    -11.32100087768));
#4096 = CARTESIAN_POINT('',(-7.906236103627,-4.893269521588,
    -11.34086268248));
#4097 = CARTESIAN_POINT('',(-8.680110385381,-3.374427875225,
    -11.38478133169));
#4098 = CARTESIAN_POINT('',(-9.008557840908,-2.492807940486,
    -11.40886165244));
#4099 = CARTESIAN_POINT('',(-9.234171090483,-1.575438917213,
    -11.43293241755));
#4100 = CARTESIAN_POINT('',(-9.352834771794,-0.636396110281,
    -11.45699680741));
#4101 = CARTESIAN_POINT('',(-9.36246659074,0.310065642265,-11.48106101)
  );
#4102 = CARTESIAN_POINT('',(-9.263198951409,1.249540433913,
    -11.50513197711));
#4103 = CARTESIAN_POINT('',(-9.057201944817,2.167526144241,
    -11.52921247345));
#4104 = CARTESIAN_POINT('',(-8.432975377365,3.958609970048,
    -11.57808095668));
#4105 = CARTESIAN_POINT('',(-8.007917557221,4.830841075573,
    -11.60290569434));
#4106 = CARTESIAN_POINT('',(-7.479961708492,5.649972560591,
    -11.62771923358));
#4107 = CARTESIAN_POINT('',(-6.857229087621,6.402135257309,
    -11.6525249905));
#4108 = CARTESIAN_POINT('',(-6.149533488122,7.074973885127,
    -11.67733077746));
#4109 = CARTESIAN_POINT('',(-5.368528205044,7.65785044787,
    -11.70214411912));
#4110 = CARTESIAN_POINT('',(-4.52749321035,8.141711683783,
    -11.72696867406));
#4111 = CARTESIAN_POINT('',(-2.944996016243,8.818203744186,
    -11.77130985505));
#4112 = CARTESIAN_POINT('',(-2.219675429813,9.051142074857,
    -11.7908521855));
#4113 = CARTESIAN_POINT('',(-1.473676310191,9.215717854133,
    -11.81039158443));
#4114 = CARTESIAN_POINT('',(-0.714554091569,9.309906489524,
    -11.82992836431));
#4115 = CARTESIAN_POINT('',(5.00503699294E-02,9.332666940113,
    -11.84946512934));
#4116 = CARTESIAN_POINT('',(0.812426889503,9.283862050449,-11.8690045256
    ));
#4117 = CARTESIAN_POINT('',(1.564799633953,9.164339626177,
    -11.88854692016));
#4118 = CARTESIAN_POINT('',(2.950072780616,8.809486380454,
    -11.92538993609));
#4119 = CARTESIAN_POINT('',(3.587111347991,8.58885054648,-11.94269987194
    ));
#4120 = CARTESIAN_POINT('',(4.205056269857,8.315618451213,
    -11.96000823478));
#4121 = CARTESIAN_POINT('',(4.79886003459,7.991774753978,-11.9773147014)
  );
#4122 = CARTESIAN_POINT('',(5.363781977599,7.619832786365,
    -11.99462115119));
#4123 = CARTESIAN_POINT('',(5.895375674018,7.202795835485,
    -12.01192947735));
#4124 = CARTESIAN_POINT('',(6.389517155313,6.74418648057,-12.02923938873
    ));
#4125 = CARTESIAN_POINT('',(7.228277682118,5.825642213845,
    -12.06128719599));
#4126 = CARTESIAN_POINT('',(7.584305425927,5.375872115367,
    -12.07602977479));
#4127 = CARTESIAN_POINT('',(7.90824732387,4.901342982588,-12.09077182244
    ));
#4128 = CARTESIAN_POINT('',(8.198115953325,4.404744974092,
    -12.10551315532));
#4129 = CARTESIAN_POINT('',(8.452207247583,3.888924264635,
    -12.12025453462));
#4130 = CARTESIAN_POINT('',(8.669088520604,3.356872803724,
    -12.13499669224));
#4131 = CARTESIAN_POINT('',(8.847613595337,2.811732680086,
    -12.14973937026));
#4132 = CARTESIAN_POINT('',(9.056371348903,1.980429115039,-12.1718223774
    ));
#4133 = CARTESIAN_POINT('',(9.116063712563,1.701601895606,
    -12.17916437872));
#4134 = CARTESIAN_POINT('',(9.16594158947,1.420734280647,-12.18650629893
    ));
#4135 = CARTESIAN_POINT('',(9.205924509974,1.138229749176,-12.193848126)
  );
#4136 = CARTESIAN_POINT('',(9.235952079111,0.85449433367,-12.20118987745
    ));
#4137 = CARTESIAN_POINT('',(9.255983983791,0.569936541451,
    -12.20853156286));
#4138 = CARTESIAN_POINT('',(9.266,0.284967276077,-12.21587314629));
#4139 = CARTESIAN_POINT('',(9.266,-2.4127669462E-07,-12.22321450881));
#4140 = ORIENTED_EDGE('',*,*,#4141,.F.);
#4141 = EDGE_CURVE('',#3867,#4058,#4142,.T.);
#4142 = B_SPLINE_CURVE_WITH_KNOTS('',1,(#4143,#4144),.UNSPECIFIED.,.F.,
  .F.,(2,2),(0.,0.9375),.PIECEWISE_BEZIER_KNOTS.);
#4143 = CARTESIAN_POINT('',(10.016013069838,5.9182795E-09,
    -12.65625024794));
#4144 = CARTESIAN_POINT('',(9.20412151491,-2.9431954214E-07,
    -12.18748767154));
#4145 = B_SPLINE_SURFACE_WITH_KNOTS('',1,9,(
    (#4146,#4147,#4148,#4149,#4150,#4151,#4152,#4153,#4154,#4155,#4156
      ,#4157,#4158,#4159,#4160,#4161,#4162,#4163,#4164,#4165,#4166,#4167
      ,#4168,#4169,#4170,#4171,#4172,#4173,#4174,#4175,#4176)
    ,(#4177,#4178,#4179,#4180,#4181,#4182,#4183,#4184,#4185,#4186,#4187
      ,#4188,#4189,#4190,#4191,#4192,#4193,#4194,#4195,#4196,#4197,#4198
      ,#4199,#4200,#4201,#4202,#4203,#4204,#4205,#4206,#4207
  )),.UNSPECIFIED.,.F.,.F.,.F.,(2,2),(10,7,7,7,10),(0.,0.9375),(0.,
    1.614938419963,3.229876839926,4.844815259889,6.459753679852),
  .UNSPECIFIED.);
#4146 = CARTESIAN_POINT('',(10.016011617634,5.26054489E-09,
    -11.15625022038));
#4147 = CARTESIAN_POINT('',(10.016013723987,-1.748123942307,
    -11.197916927));
#4148 = CARTESIAN_POINT('',(9.672766904905,-3.496235927195,
    -11.23958356374));
#4149 = CARTESIAN_POINT('',(8.986283844294,-5.167355513896,
    -11.28125022211));
#4150 = CARTESIAN_POINT('',(7.976717657425,-6.684405701118,
    -11.32291690182));
#4151 = CARTESIAN_POINT('',(6.684401519846,-7.976719754163,
    -11.36458356815));
#4152 = CARTESIAN_POINT('',(5.167347679562,-8.986280650164,
    -11.40625023563));
#4153 = CARTESIAN_POINT('',(3.496247654322,-9.672766797172,
    -11.4479169012));
#4154 = CARTESIAN_POINT('',(1.7791026296E-07,-10.35925469981,
    -11.53125023361));
#4155 = CARTESIAN_POINT('',(-3.496247639162,-9.672770799089,
    -11.61458356769));
#4156 = CARTESIAN_POINT('',(-5.167346677657,-8.986286213165,
    -11.65625023524));
#4157 = CARTESIAN_POINT('',(-6.68440541133,-7.976715306175,
    -11.69791690192));
#4158 = CARTESIAN_POINT('',(-7.976714351458,-6.68440421066,
    -11.73958356735));
#4159 = CARTESIAN_POINT('',(-8.986283682966,-5.167344630407,
    -11.78125023285));
#4160 = CARTESIAN_POINT('',(-9.672768909165,-3.496246059155,
    -11.82291689968));
#4161 = CARTESIAN_POINT('',(-10.35925544789,-9.7342575E-10,
    -11.90625023416));
#4162 = CARTESIAN_POINT('',(-9.672769026382,3.496246080224,
    -11.98958356864));
#4163 = CARTESIAN_POINT('',(-8.986283819509,5.167344686155,
    -12.03125023547));
#4164 = CARTESIAN_POINT('',(-7.97671434579,6.684404231192,
    -12.07291690097));
#4165 = CARTESIAN_POINT('',(-6.684405334903,7.97671521829,-12.1145835664
    ));
#4166 = CARTESIAN_POINT('',(-5.167346667268,8.986286086413,
    -12.15625023308));
#4167 = CARTESIAN_POINT('',(-3.49624764848,9.672770775535,
    -12.19791690063));
#4168 = CARTESIAN_POINT('',(1.698101527E-07,10.35925475742,
    -12.28125023471));
#4169 = CARTESIAN_POINT('',(3.496247645005,9.672766761221,
    -12.36458356712));
#4170 = CARTESIAN_POINT('',(5.167347594541,8.986280561203,-12.4062502327
    ));
#4171 = CARTESIAN_POINT('',(6.684401671371,7.976719468935,
    -12.44791690015));
#4172 = CARTESIAN_POINT('',(7.976717017852,6.684406034628,
    -12.48958356653));
#4173 = CARTESIAN_POINT('',(8.986285239017,5.167356446042,
    -12.53125024619));
#4174 = CARTESIAN_POINT('',(9.67276734686,3.496235111185,-12.57291690459
    ));
#4175 = CARTESIAN_POINT('',(10.016010963377,1.748123953486,
    -12.61458354131));
#4176 = CARTESIAN_POINT('',(10.016013069838,5.9182795E-09,
    -12.65625024794));
#4177 = CARTESIAN_POINT('',(9.204119255905,-2.6161762712E-07,
    -10.68748904135));
#4178 = CARTESIAN_POINT('',(9.204122485393,-1.606421601558,
    -10.72915372203));
#4179 = CARTESIAN_POINT('',(8.888698114695,-3.212832007641,
    -10.77082187659));
#4180 = CARTESIAN_POINT('',(8.257860469708,-4.748498434505,
    -10.81248895497));
#4181 = CARTESIAN_POINT('',(7.33012671466,-6.142569210274,
    -10.85415497457));
#4182 = CARTESIAN_POINT('',(6.142570735119,-7.330131564619,
    -10.89582165653));
#4183 = CARTESIAN_POINT('',(4.748485964594,-8.257857926763,
    -10.93748828367));
#4184 = CARTESIAN_POINT('',(3.212843819764,-8.88869815538,
    -10.97915500449));
#4185 = CARTESIAN_POINT('',(-9.6486198292E-07,-9.519539681396,
    -11.06248838383));
#4186 = CARTESIAN_POINT('',(-3.212844516911,-8.88870162894,
    -11.14582167987));
#4187 = CARTESIAN_POINT('',(-4.748484485161,-8.25786316582,
    -11.18748830261));
#4188 = CARTESIAN_POINT('',(-6.142571181249,-7.33012798461,
    -11.22915496869));
#4189 = CARTESIAN_POINT('',(-7.330126698736,-6.142570663024,
    -11.27082169705));
#4190 = CARTESIAN_POINT('',(-8.257861143147,-4.748482301965,
    -11.31248842157));
#4191 = CARTESIAN_POINT('',(-8.888700130588,-3.212841950947,
    -11.35415507996));
#4192 = CARTESIAN_POINT('',(-9.519540377318,2.9497286977E-07,
    -11.43748835644));
#4193 = CARTESIAN_POINT('',(-8.888700112798,3.2128425374,-11.52082163292
    ));
#4194 = CARTESIAN_POINT('',(-8.257861059766,4.748482903068,
    -11.56248829132));
#4195 = CARTESIAN_POINT('',(-7.330126307296,6.142571151558,
    -11.60415501583));
#4196 = CARTESIAN_POINT('',(-6.142570605767,7.330128230521,
    -11.64582174419));
#4197 = CARTESIAN_POINT('',(-4.748483954616,8.257863264432,
    -11.68748841027));
#4198 = CARTESIAN_POINT('',(-3.212843977725,8.888701792429,
    -11.72915503301));
#4199 = CARTESIAN_POINT('',(-3.8448801408E-07,9.519539771002,
    -11.81248832905));
#4200 = CARTESIAN_POINT('',(3.212844358949,8.888697899326,
    -11.89582170839));
#4201 = CARTESIAN_POINT('',(4.748486346722,8.257857492594,
    -11.93748842922));
#4202 = CARTESIAN_POINT('',(6.142571427423,7.330130738306,
    -11.97915505633));
#4203 = CARTESIAN_POINT('',(7.330126102384,6.142569272475,
    -12.02082173834));
#4204 = CARTESIAN_POINT('',(8.257862935078,4.74849937014,-12.06248775787
    ));
#4205 = CARTESIAN_POINT('',(8.888699002317,3.212830184601,
    -12.10415483631));
#4206 = CARTESIAN_POINT('',(9.204118291135,1.606421045621,
    -12.14582299084));
#4207 = CARTESIAN_POINT('',(9.20412151491,-2.9431954214E-07,
    -12.18748767154));
#4208 = ADVANCED_FACE('',(#4209),#4220,.T.);
#4209 = FACE_BOUND('',#4210,.F.);
#4210 = EDGE_LOOP('',(#4211,#4212,#4213,#4214));
#4211 = ORIENTED_EDGE('',*,*,#3708,.F.);
#4212 = ORIENTED_EDGE('',*,*,#3694,.T.);
#4213 = ORIENTED_EDGE('',*,*,#4057,.T.);
#4214 = ORIENTED_EDGE('',*,*,#4215,.F.);
#4215 = EDGE_CURVE('',#3709,#4058,#4216,.T.);
#4216 = LINE('',#4217,#4218);
#4217 = CARTESIAN_POINT('',(9.266,0.,0.));
#4218 = VECTOR('',#4219,1.);
#4219 = DIRECTION('',(-7.E-17,0.,-1.));
#4220 = CYLINDRICAL_SURFACE('',#4221,9.266);
#4221 = AXIS2_PLACEMENT_3D('',#4222,#4223,#4224);
#4222 = CARTESIAN_POINT('',(0.,0.,0.));
#4223 = DIRECTION('',(-0.,-0.,-1.));
#4224 = DIRECTION('',(1.,0.,0.));
#4225 = ADVANCED_FACE('',(#4226),#4312,.T.);
#4226 = FACE_BOUND('',#4227,.T.);
#4227 = EDGE_LOOP('',(#4228,#4305,#4306,#4307));
#4228 = ORIENTED_EDGE('',*,*,#4229,.F.);
#4229 = EDGE_CURVE('',#3709,#4230,#4232,.T.);
#4230 = VERTEX_POINT('',#4231);
#4231 = CARTESIAN_POINT('',(9.266,-1.35716221E-07,-13.27675332857));
#4232 = B_SPLINE_CURVE_WITH_KNOTS('',8,(#4233,#4234,#4235,#4236,#4237,
    #4238,#4239,#4240,#4241,#4242,#4243,#4244,#4245,#4246,#4247,#4248,
    #4249,#4250,#4251,#4252,#4253,#4254,#4255,#4256,#4257,#4258,#4259,
    #4260,#4261,#4262,#4263,#4264,#4265,#4266,#4267,#4268,#4269,#4270,
    #4271,#4272,#4273,#4274,#4275,#4276,#4277,#4278,#4279,#4280,#4281,
    #4282,#4283,#4284,#4285,#4286,#4287,#4288,#4289,#4290,#4291,#4292,
    #4293,#4294,#4295,#4296,#4297,#4298,#4299,#4300,#4301,#4302,#4303,
    #4304),.UNSPECIFIED.,.F.,.F.,(9,7,7,7,7,7,7,7,7,7,9),(0.,
    4.780298400551E-02,0.120570749892,0.213461961491,0.319129455285,
    0.424031862357,0.572783242883,0.686139121275,0.78963870029,
    0.957292041427,1.),.UNSPECIFIED.);
#4233 = CARTESIAN_POINT('',(9.266,-2.4127342613E-07,-11.77675437005));
#4234 = CARTESIAN_POINT('',(9.266,-0.347795815747,-11.7857147685));
#4235 = CARTESIAN_POINT('',(9.251080721724,-0.695596246353,
    -11.79467537815));
#4236 = CARTESIAN_POINT('',(9.221241448935,-1.042647773287,
    -11.80363596583));
#4237 = CARTESIAN_POINT('',(9.176527964987,-1.388203334172,
    -11.81259651833));
#4238 = CARTESIAN_POINT('',(9.117030157662,-1.731522367807,
    -11.82155712025));
#4239 = CARTESIAN_POINT('',(9.042881205997,-2.071870856501,
    -11.83051784887));
#4240 = CARTESIAN_POINT('',(8.954258349113,-2.408521606977,
    -11.83947868577));
#4241 = CARTESIAN_POINT('',(8.694787344804,-3.246494432717,
    -11.86207990048));
#4242 = CARTESIAN_POINT('',(8.505153335204,-3.742046071653,
    -11.8757214697));
#4243 = CARTESIAN_POINT('',(8.28327128254,-4.224835307609,
    -11.88936268082));
#4244 = CARTESIAN_POINT('',(8.030161712291,-4.69241881586,
    -11.90300335984));
#4245 = CARTESIAN_POINT('',(7.747051370049,-5.142471390282,
    -11.91664400101));
#4246 = CARTESIAN_POINT('',(7.435363782211,-5.572782818809,
    -11.93028512056));
#4247 = CARTESIAN_POINT('',(7.096726608419,-5.981264570075,
    -11.94392659393));
#4248 = CARTESIAN_POINT('',(6.268677603038,-6.85705473607,
    -11.97497951738));
#4249 = CARTESIAN_POINT('',(5.763332219125,-7.309534994644,
    -11.99239526592));
#4250 = CARTESIAN_POINT('',(5.22083477067,-7.719255871973,
    -12.00980939206));
#4251 = CARTESIAN_POINT('',(4.645450282728,-8.082706559179,
    -12.02722159151));
#4252 = CARTESIAN_POINT('',(4.041763981308,-8.396914382378,
    -12.04463381267));
#4253 = CARTESIAN_POINT('',(3.414652591917,-8.659413861923,
    -12.06204799141));
#4254 = CARTESIAN_POINT('',(2.769296624074,-8.86828708201,
    -12.07946379393));
#4255 = CARTESIAN_POINT('',(1.362660500172,-9.197443249824,
    -12.11668387152));
#4256 = CARTESIAN_POINT('',(0.597234060426,-9.301685836954,
    -12.13649799028));
#4257 = CARTESIAN_POINT('',(-0.176842335705,-9.333003945764,
    -12.15630884885));
#4258 = CARTESIAN_POINT('',(-0.951443683491,-9.290701723488,
    -12.17611694215));
#4259 = CARTESIAN_POINT('',(-1.718540737771,-9.175121435631,
    -12.1959250331));
#4260 = CARTESIAN_POINT('',(-2.47020159654,-8.987555399031,
    -12.21573585464));
#4261 = CARTESIAN_POINT('',(-3.198611015794,-8.730331800785,
    -12.23554987113));
#4262 = CARTESIAN_POINT('',(-4.588620561771,-8.086151053023,
    -12.27502142225));
#4263 = CARTESIAN_POINT('',(-5.251108413569,-7.69994184273,
    -12.29469160805));
#4264 = CARTESIAN_POINT('',(-5.876083008606,-7.251847417854,
    -12.31435852636));
#4265 = CARTESIAN_POINT('',(-6.456859145095,-6.74622103387,
    -12.33402261695));
#4266 = CARTESIAN_POINT('',(-6.987444650623,-6.188154750196,
    -12.3536867143));
#4267 = CARTESIAN_POINT('',(-7.462489834886,-5.583411894858,
    -12.37335365971));
#4268 = CARTESIAN_POINT('',(-7.877352740948,-4.93848051866,
    -12.39302389506));
#4269 = CARTESIAN_POINT('',(-8.72595017088,-3.299671161373,
    -12.44057160104));
#4270 = CARTESIAN_POINT('',(-9.095944450944,-2.270964735478,
    -12.4684907424));
#4271 = CARTESIAN_POINT('',(-9.32635890399,-1.196255601402,
    -12.49638919165));
#4272 = CARTESIAN_POINT('',(-9.411538083428,-9.772221296244E-02,
    -12.52427488651));
#4273 = CARTESIAN_POINT('',(-9.349187341074,1.002343048999,
    -12.55216121583));
#4274 = CARTESIAN_POINT('',(-9.141138207523,2.081604706118,
    -12.58005915332));
#4275 = CARTESIAN_POINT('',(-8.792583719374,3.117772331669,
    -12.60797809558));
#4276 = CARTESIAN_POINT('',(-7.951056969837,4.829040314354,
    -12.65711040958));
#4277 = CARTESIAN_POINT('',(-7.511674529132,5.532426132952,
    -12.6783683235));
#4278 = CARTESIAN_POINT('',(-7.001373958566,6.18962949171,
    -12.69962145779));
#4279 = CARTESIAN_POINT('',(-6.425979566748,6.792432801676,
    -12.72087078491));
#4280 = CARTESIAN_POINT('',(-5.79222333808,7.333546098129,-12.7421200896
    ));
#4281 = CARTESIAN_POINT('',(-5.107757129032,7.806651649869,
    -12.76337326043));
#4282 = CARTESIAN_POINT('',(-4.38110817445,8.206389383,-12.7846312222));
#4283 = CARTESIAN_POINT('',(-2.928884681275,8.823118960261,
    -12.82528100048));
#4284 = CARTESIAN_POINT('',(-2.208229379617,9.053181943432,
    -12.84468782516));
#4285 = CARTESIAN_POINT('',(-1.467290460008,9.21579981101,
    -12.86409150311));
#4286 = CARTESIAN_POINT('',(-0.713469070493,9.308999219456,
    -12.8834924526));
#4287 = CARTESIAN_POINT('',(4.575066385172E-02,9.331763730689,
    -12.90289341737));
#4288 = CARTESIAN_POINT('',(0.80281712923,9.283957393398,-12.92229710594
    ));
#4289 = CARTESIAN_POINT('',(1.550114884978,9.166402637003,
    -12.94170389002));
#4290 = CARTESIAN_POINT('',(3.462261673668,8.680976733186,
    -12.99253185465));
#4291 = CARTESIAN_POINT('',(4.601821183441,8.202348796032,
    -13.02402364893));
#4292 = CARTESIAN_POINT('',(5.663105518433,7.552914560569,
    -13.05547548944));
#4293 = CARTESIAN_POINT('',(6.61761728247,6.749020537844,-13.08690843447
    ));
#4294 = CARTESIAN_POINT('',(7.440121246436,5.810497413843,
    -13.11834045102));
#4295 = CARTESIAN_POINT('',(8.110294232507,4.762185610561,
    -13.14979006064));
#4296 = CARTESIAN_POINT('',(8.611232812565,3.632256203239,
    -13.18128109423));
#4297 = CARTESIAN_POINT('',(9.016918932147,2.156496855565,
    -13.22071368412));
#4298 = CARTESIAN_POINT('',(9.08780020734,1.853726008441,-13.22871946582
    ));
#4299 = CARTESIAN_POINT('',(9.14705757176,1.548313122021,-13.23672524224
    ));
#4300 = CARTESIAN_POINT('',(9.194577364862,1.24077954045,-13.24473098276
    ));
#4301 = CARTESIAN_POINT('',(9.230274276122,0.931650533388,
    -13.25273669143));
#4302 = CARTESIAN_POINT('',(9.254091351515,0.621455163634,
    -13.26074236605));
#4303 = CARTESIAN_POINT('',(9.266,0.310726154758,-13.26874795729));
#4304 = CARTESIAN_POINT('',(9.266,-2.4127339593E-07,-13.27675332779));
#4305 = ORIENTED_EDGE('',*,*,#3794,.T.);
#4306 = ORIENTED_EDGE('',*,*,#3958,.T.);
#4307 = ORIENTED_EDGE('',*,*,#4308,.F.);
#4308 = EDGE_CURVE('',#4230,#3951,#4309,.T.);
#4309 = B_SPLINE_CURVE_WITH_KNOTS('',1,(#4310,#4311),.UNSPECIFIED.,.F.,
  .F.,(2,2),(0.,0.9375),.PIECEWISE_BEZIER_KNOTS.);
#4310 = CARTESIAN_POINT('',(9.204104088457,-2.9432127586E-07,
    -13.3124876714));
#4311 = CARTESIAN_POINT('',(10.016010165429,5.9179935E-09,
    -12.84375024792));
#4312 = B_SPLINE_SURFACE_WITH_KNOTS('',1,9,(
    (#4313,#4314,#4315,#4316,#4317,#4318,#4319,#4320,#4321,#4322,#4323
      ,#4324,#4325,#4326,#4327,#4328,#4329,#4330,#4331,#4332,#4333,#4334
      ,#4335,#4336,#4337,#4338,#4339,#4340,#4341,#4342,#4343)
    ,(#4344,#4345,#4346,#4347,#4348,#4349,#4350,#4351,#4352,#4353,#4354
      ,#4355,#4356,#4357,#4358,#4359,#4360,#4361,#4362,#4363,#4364,#4365
      ,#4366,#4367,#4368,#4369,#4370,#4371,#4372,#4373,#4374
  )),.UNSPECIFIED.,.F.,.F.,.F.,(2,2),(10,7,7,7,10),(0.,0.9375),(0.,
    1.614938419963,3.229876839926,4.844815259889,6.459753679852),
  .UNSPECIFIED.);
#4313 = CARTESIAN_POINT('',(9.204103765724,-2.6161919031E-07,
    -11.81248904124));
#4314 = CARTESIAN_POINT('',(9.204104187965,-1.606418729026,
    -11.85415372188));
#4315 = CARTESIAN_POINT('',(8.888682517636,-3.212825711387,
    -11.89582187647));
#4316 = CARTESIAN_POINT('',(8.257846637098,-4.748490558363,
    -11.93748895488));
#4317 = CARTESIAN_POINT('',(7.330113185841,-6.142558442804,
    -11.97915497444));
#4318 = CARTESIAN_POINT('',(6.142559858318,-7.330118262134,
    -12.02082165642));
#4319 = CARTESIAN_POINT('',(4.748477423621,-8.25784309734,
    -12.06248828354));
#4320 = CARTESIAN_POINT('',(3.212838075714,-8.888682234511,
    -12.10415500437));
#4321 = CARTESIAN_POINT('',(-9.6257313598E-07,-9.519522697462,
    -12.18748838371));
#4322 = CARTESIAN_POINT('',(-3.212838770897,-8.888685721532,
    -12.27082167975));
#4323 = CARTESIAN_POINT('',(-4.748475980553,-8.25784831889,
    -12.31248830249));
#4324 = CARTESIAN_POINT('',(-6.142560140531,-7.330114823659,
    -12.35415496857));
#4325 = CARTESIAN_POINT('',(-7.330113582638,-6.142559698837,
    -12.39582169693));
#4326 = CARTESIAN_POINT('',(-8.257846464065,-4.748473854825,
    -12.43748842145));
#4327 = CARTESIAN_POINT('',(-8.88868431183,-3.212836227149,
    -12.47915507985));
#4328 = CARTESIAN_POINT('',(-9.51952335498,2.8856472361E-07,
    -12.56248835632));
#4329 = CARTESIAN_POINT('',(-8.888684142952,3.212836771119,
    -12.64582163279));
#4330 = CARTESIAN_POINT('',(-8.257846206314,4.748474368229,
    -12.6874882912));
#4331 = CARTESIAN_POINT('',(-7.3301132087,6.142560148127,-12.72915501571
    ));
#4332 = CARTESIAN_POINT('',(-6.14255967882,7.330115176806,
    -12.77082174407));
#4333 = CARTESIAN_POINT('',(-4.748475477229,8.257848578817,
    -12.81248841015));
#4334 = CARTESIAN_POINT('',(-3.212838233679,8.888685911224,
    -12.85415503289));
#4335 = CARTESIAN_POINT('',(-3.8681121174E-07,9.519522710263,
    -12.93748832893));
#4336 = CARTESIAN_POINT('',(3.212838612931,8.888682031595,
    -13.02082170827));
#4337 = CARTESIAN_POINT('',(4.748477905741,8.257842789474,-13.0624884291
    ));
#4338 = CARTESIAN_POINT('',(6.14256033672,7.330117826071,-13.10415505622
    ));
#4339 = CARTESIAN_POINT('',(7.330113416385,6.142558072193,
    -13.14582173821));
#4340 = CARTESIAN_POINT('',(8.257847235148,4.748490264505,
    -13.18748775775));
#4341 = CARTESIAN_POINT('',(8.888682810782,3.212824990752,
    -13.22915483617));
#4342 = CARTESIAN_POINT('',(9.204103671922,1.606418173086,
    -13.27082299075));
#4343 = CARTESIAN_POINT('',(9.204104088457,-2.9432127586E-07,
    -13.3124876714));
#4344 = CARTESIAN_POINT('',(10.016009035937,5.26028199E-09,
    -11.34375022036));
#4345 = CARTESIAN_POINT('',(10.016010674416,-1.748123463552,
    -11.38541692698));
#4346 = CARTESIAN_POINT('',(9.672764305395,-3.49623487782,
    -11.42708356372));
#4347 = CARTESIAN_POINT('',(8.986281538859,-5.167354201205,
    -11.46875022209));
#4348 = CARTESIAN_POINT('',(7.976715402621,-6.68440390654,
    -11.51041690179));
#4349 = CARTESIAN_POINT('',(6.684399707046,-7.976717537082,
    -11.55208356813));
#4350 = CARTESIAN_POINT('',(5.167346256066,-8.986278178594,
    -11.59375023561));
#4351 = CARTESIAN_POINT('',(3.496246696981,-9.672764143694,
    -11.63541690118));
#4352 = CARTESIAN_POINT('',(1.782916812E-07,-10.35925186916,
    -11.71875023359));
#4353 = CARTESIAN_POINT('',(-3.496246681493,-9.672768147854,
    -11.80208356767));
#4354 = CARTESIAN_POINT('',(-5.167345260223,-8.986283738677,
    -11.84375023522));
#4355 = CARTESIAN_POINT('',(-6.68440357121,-7.976713112683,
    -11.8854169019));
#4356 = CARTESIAN_POINT('',(-7.976712165442,-6.684402383296,
    -11.92708356733));
#4357 = CARTESIAN_POINT('',(-8.986281236452,-5.167343222551,
    -11.96875023283));
#4358 = CARTESIAN_POINT('',(-9.672766272705,-3.496245105189,
    -12.01041689966));
#4359 = CARTESIAN_POINT('',(-10.35925261083,-2.04146735E-09,
    -12.09375023414));
#4360 = CARTESIAN_POINT('',(-9.672766364741,3.496245119177,
    -12.17708356862));
#4361 = CARTESIAN_POINT('',(-8.986281343934,5.167343263681,
    -12.21875023545));
#4362 = CARTESIAN_POINT('',(-7.976712162691,6.684402397287,
    -12.26041690095));
#4363 = CARTESIAN_POINT('',(-6.684403513745,7.97671304267,
    -12.30208356638));
#4364 = CARTESIAN_POINT('',(-5.167345254371,8.986283638811,
    -12.34375023306));
#4365 = CARTESIAN_POINT('',(-3.496246691138,9.672768128668,
    -12.38541690061));
#4366 = CARTESIAN_POINT('',(1.6942293129E-07,10.359251913964,
    -12.46875023469));
#4367 = CARTESIAN_POINT('',(3.496246687335,9.672764116599,-12.5520835671
    ));
#4368 = CARTESIAN_POINT('',(5.167346187711,8.986278110683,
    -12.59375023268));
#4369 = CARTESIAN_POINT('',(6.68439982292,7.976717316896,-12.63541690013
    ));
#4370 = CARTESIAN_POINT('',(7.976714903519,6.684404167915,
    -12.67708356651));
#4371 = CARTESIAN_POINT('',(8.986282622362,5.167354928436,
    -12.71875024617));
#4372 = CARTESIAN_POINT('',(9.672764648271,3.496234245544,
    -12.76041690457));
#4373 = CARTESIAN_POINT('',(10.016008526841,1.74812347473,-12.8020835413
    ));
#4374 = CARTESIAN_POINT('',(10.016010165429,5.9179935E-09,
    -12.84375024792));
#4375 = ADVANCED_FACE('',(#4376),#4560,.T.);
#4376 = FACE_BOUND('',#4377,.T.);
#4377 = EDGE_LOOP('',(#4378,#4379,#4463,#4471));
#4378 = ORIENTED_EDGE('',*,*,#3950,.F.);
#4379 = ORIENTED_EDGE('',*,*,#4380,.T.);
#4380 = EDGE_CURVE('',#3867,#4381,#4383,.T.);
#4381 = VERTEX_POINT('',#4382);
#4382 = CARTESIAN_POINT('',(10.,-1.722846266755E-12,-14.14700391938));
#4383 = B_SPLINE_CURVE_WITH_KNOTS('',8,(#4384,#4385,#4386,#4387,#4388,
    #4389,#4390,#4391,#4392,#4393,#4394,#4395,#4396,#4397,#4398,#4399,
    #4400,#4401,#4402,#4403,#4404,#4405,#4406,#4407,#4408,#4409,#4410,
    #4411,#4412,#4413,#4414,#4415,#4416,#4417,#4418,#4419,#4420,#4421,
    #4422,#4423,#4424,#4425,#4426,#4427,#4428,#4429,#4430,#4431,#4432,
    #4433,#4434,#4435,#4436,#4437,#4438,#4439,#4440,#4441,#4442,#4443,
    #4444,#4445,#4446,#4447,#4448,#4449,#4450,#4451,#4452,#4453,#4454,
    #4455,#4456,#4457,#4458,#4459,#4460,#4461,#4462),.UNSPECIFIED.,.F.,
  .F.,(9,7,7,7,7,7,7,7,7,7,7,9),(0.,4.992320682086E-02,0.122079849799,
    0.21463537876,0.318187014962,0.40884035864,0.546713652055,
    0.684630398964,0.789551410615,0.882276552275,0.959120445644,1.),
  .UNSPECIFIED.);
#4384 = CARTESIAN_POINT('',(10.,-3.481659405224E-12,-12.64700476703));
#4385 = CARTESIAN_POINT('',(10.,-0.392038659511,-12.65636372388));
#4386 = CARTESIAN_POINT('',(9.982434932702,-0.784083849023,
    -12.6657230177));
#4387 = CARTESIAN_POINT('',(9.94730379405,-1.175207831917,
    -12.67508237784));
#4388 = CARTESIAN_POINT('',(9.894665501196,-1.564491914501,
    -12.68444171749));
#4389 = CARTESIAN_POINT('',(9.824635530526,-1.951026126737,
    -12.69380106211));
#4390 = CARTESIAN_POINT('',(9.737384776622,-2.333909254635,
    -12.70316046176));
#4391 = CARTESIAN_POINT('',(9.633140632192,-2.712249224351,
    -12.7125198871));
#4392 = CARTESIAN_POINT('',(9.337374380816,-3.624156990644,
    -12.73540648627));
#4393 = CARTESIAN_POINT('',(9.127641519554,-4.151868453208,
    -12.7489347346));
#4394 = CARTESIAN_POINT('',(8.883857271714,-4.665600515609,
    -12.76246244949));
#4395 = CARTESIAN_POINT('',(8.607127889474,-5.162795108313,
    -12.77598958185));
#4396 = CARTESIAN_POINT('',(8.298773439757,-5.641020074898,
    -12.78951673867));
#4397 = CARTESIAN_POINT('',(7.960318146465,-6.097965751409,
    -12.80304450569));
#4398 = CARTESIAN_POINT('',(7.59349794584,-6.531451852477,
    -12.81657279239));
#4399 = CARTESIAN_POINT('',(6.695910229998,-7.462778191706,
    -12.84745184209));
#4400 = CARTESIAN_POINT('',(6.147965981952,-7.944316862079,
    -12.86480692871));
#4401 = CARTESIAN_POINT('',(5.560632691263,-8.379668085081,
    -12.88216068258));
#4402 = CARTESIAN_POINT('',(4.938498823129,-8.765124389983,
    -12.89951266348));
#4403 = CARTESIAN_POINT('',(4.286488388061,-9.097554092308,
    -12.91686461692));
#4404 = CARTESIAN_POINT('',(3.609831062262,-9.374368023653,
    -12.93421830772));
#4405 = CARTESIAN_POINT('',(2.91407516781,-9.593562324601,
    -12.95157333797));
#4406 = CARTESIAN_POINT('',(1.411986867456,-9.933153827806,
    -12.98833802742));
#4407 = CARTESIAN_POINT('',(0.601926524842,-10.03881220892,
    -13.00775679299));
#4408 = CARTESIAN_POINT('',(-0.216700499429,-10.06885115147,
    -13.02717248292));
#4409 = CARTESIAN_POINT('',(-1.035639638655,-10.02259913753,
    -13.04658540616));
#4410 = CARTESIAN_POINT('',(-1.84673311177,-9.900419155962,
    -13.06599833487));
#4411 = CARTESIAN_POINT('',(-2.641921272657,-9.703623967939,
    -13.08541406671));
#4412 = CARTESIAN_POINT('',(-3.413261258305,-9.43455878102,
    -13.10483293472));
#4413 = CARTESIAN_POINT('',(-4.800584881448,-8.801202538004,
    -13.14124107047));
#4414 = CARTESIAN_POINT('',(-5.424238978989,-8.452816646947,
    -13.15823915431));
#4415 = CARTESIAN_POINT('',(-6.018766111449,-8.054022282983,
    -13.17523596278));
#4416 = CARTESIAN_POINT('',(-6.579441280227,-7.607714200364,
    -13.1922311463));
#4417 = CARTESIAN_POINT('',(-7.1019345342,-7.117256932833,
    -13.20922633899));
#4418 = CARTESIAN_POINT('',(-7.582292138581,-6.586450004356,
    -13.22622317009));
#4419 = CARTESIAN_POINT('',(-8.016968269709,-6.019551576033,
    -13.2432212837));
#4420 = CARTESIAN_POINT('',(-8.989875946955,-4.511580852292,
    -13.28606393117));
#4421 = CARTESIAN_POINT('',(-9.464824592989,-3.528313637677,
    -13.31193572249));
#4422 = CARTESIAN_POINT('',(-9.816023688607,-2.488930455736,
    -13.33779338185));
#4423 = CARTESIAN_POINT('',(-10.03641740125,-1.411761683844,
    -13.3636422159));
#4424 = CARTESIAN_POINT('',(-10.12173400106,-0.315592246699,
    -13.38949121496));
#4425 = CARTESIAN_POINT('',(-10.07089704579,0.780343260441,
    -13.41534902787));
#4426 = CARTESIAN_POINT('',(-9.885631820586,1.856478883283,
    -13.44122092091));
#4427 = CARTESIAN_POINT('',(-9.259111062793,3.929609609451,
    -13.49292414081));
#4428 = CARTESIAN_POINT('',(-8.817183323324,4.928537056161,
    -13.51880419125));
#4429 = CARTESIAN_POINT('',(-8.252285444203,5.869455862249,
    -13.54467023195));
#4430 = CARTESIAN_POINT('',(-7.573827562951,6.735104009852,
    -13.57052698894));
#4431 = CARTESIAN_POINT('',(-6.793371171216,7.510048978775,
    -13.59638377696));
#4432 = CARTESIAN_POINT('',(-5.924892370936,8.181005436523,
    -13.62224953959));
#4433 = CARTESIAN_POINT('',(-4.9844356539,8.736610925188,-13.64812934875
    ));
#4434 = CARTESIAN_POINT('',(-3.23596018238,9.497758553071,
    -13.69365477212));
#4435 = CARTESIAN_POINT('',(-2.449303431994,9.755589557813,
    -13.71333091465));
#4436 = CARTESIAN_POINT('',(-1.639585412969,9.938754869609,
    -13.73300400439));
#4437 = CARTESIAN_POINT('',(-0.815117287437,10.044978638967,
    -13.75267439739));
#4438 = CARTESIAN_POINT('',(1.569058320421E-02,10.073075109634,
    -13.77234477038));
#4439 = CARTESIAN_POINT('',(0.844346868704,10.02285861457,
    -13.79201785036));
#4440 = CARTESIAN_POINT('',(1.662282421111,9.895234844908,
    -13.81169406033));
#4441 = CARTESIAN_POINT('',(3.166633985473,9.513287474737,
    -13.84874725249));
#4442 = CARTESIAN_POINT('',(3.857622559357,9.275330536735,-13.8661338698
    ));
#4443 = CARTESIAN_POINT('',(4.527917535881,8.980069198008,
    -13.88351888005));
#4444 = CARTESIAN_POINT('',(5.171995341028,8.629665827998,-13.9009019513
    ));
#4445 = CARTESIAN_POINT('',(5.78466903972,8.226863563444,-13.91828501073
    ));
#4446 = CARTESIAN_POINT('',(6.361074073559,7.774943407325,
    -13.93566999986));
#4447 = CARTESIAN_POINT('',(6.896699353279,7.277757035223,
    -13.95305661655));
#4448 = CARTESIAN_POINT('',(7.79417371907,6.294044674281,-13.98484617175
    ));
#4449 = CARTESIAN_POINT('',(8.170177620047,5.820163835624,
    -13.99925371917));
#4450 = CARTESIAN_POINT('',(8.513152843249,5.320719332708,
    -14.01366078372));
#4451 = CARTESIAN_POINT('',(8.821092199853,4.798416135889,
    -14.02806718985));
#4452 = CARTESIAN_POINT('',(9.092266957865,4.256114088486,
    -14.04247360881));
#4453 = CARTESIAN_POINT('',(9.325215489252,3.696818296299,-14.0568806952
    ));
#4454 = CARTESIAN_POINT('',(9.518757484156,3.12368346445,-14.07128824003
    ));
#4455 = CARTESIAN_POINT('',(9.753573909805,2.229540308999,
    -14.09335812392));
#4456 = CARTESIAN_POINT('',(9.823723216589,1.916054531691,
    -14.10102193072));
#4457 = CARTESIAN_POINT('',(9.882352905849,1.600065768793,
    -14.10868567448));
#4458 = CARTESIAN_POINT('',(9.929359922816,1.282068461514,
    -14.11634935424));
#4459 = CARTESIAN_POINT('',(9.964666915545,0.962560468026,
    -14.12401301008));
#4460 = CARTESIAN_POINT('',(9.988222245812,0.642042958392,
    -14.13167667879));
#4461 = CARTESIAN_POINT('',(10.,0.321020309501,-14.13934034949));
#4462 = CARTESIAN_POINT('',(10.,-3.442579554758E-12,-14.14700391938));
#4463 = ORIENTED_EDGE('',*,*,#4464,.T.);
#4464 = EDGE_CURVE('',#4381,#4465,#4467,.T.);
#4465 = VERTEX_POINT('',#4466);
#4466 = CARTESIAN_POINT('',(10.,-1.296041983815E-12,-14.35299403348));
#4467 = LINE('',#4468,#4469);
#4468 = CARTESIAN_POINT('',(10.,0.,0.));
#4469 = VECTOR('',#4470,1.);
#4470 = DIRECTION('',(0.,-2.22044604925E-16,-1.));
#4471 = ORIENTED_EDGE('',*,*,#4472,.F.);
#4472 = EDGE_CURVE('',#3951,#4465,#4473,.T.);
#4473 = B_SPLINE_CURVE_WITH_KNOTS('',8,(#4474,#4475,#4476,#4477,#4478,
    #4479,#4480,#4481,#4482,#4483,#4484,#4485,#4486,#4487,#4488,#4489,
    #4490,#4491,#4492,#4493,#4494,#4495,#4496,#4497,#4498,#4499,#4500,
    #4501,#4502,#4503,#4504,#4505,#4506,#4507,#4508,#4509,#4510,#4511,
    #4512,#4513,#4514,#4515,#4516,#4517,#4518,#4519,#4520,#4521,#4522,
    #4523,#4524,#4525,#4526,#4527,#4528,#4529,#4530,#4531,#4532,#4533,
    #4534,#4535,#4536,#4537,#4538,#4539,#4540,#4541,#4542,#4543,#4544,
    #4545,#4546,#4547,#4548,#4549,#4550,#4551,#4552,#4553,#4554,#4555,
    #4556,#4557,#4558,#4559),.UNSPECIFIED.,.F.,.F.,(9,7,7,7,7,7,7,7,7,7,
    7,7,9),(0.,1.418653924304E-02,4.876460247074E-02,0.122065902471,
    0.214293184105,0.317119246763,0.427491206754,0.556302912515,
    0.685973302244,0.788937638217,0.882768225501,0.957616503654,1.),
  .UNSPECIFIED.);
#4474 = CARTESIAN_POINT('',(10.,-2.618349981276E-12,-12.85299339057));
#4475 = CARTESIAN_POINT('',(10.,-0.111406468076,-12.85565308343));
#4476 = CARTESIAN_POINT('',(9.99858155448,-0.222812937272,
    -12.85831276606));
#4477 = CARTESIAN_POINT('',(9.995744663082,-0.334198331002,
    -12.86097243904));
#4478 = CARTESIAN_POINT('',(9.991489701106,-0.445541583979,
    -12.86363210299));
#4479 = CARTESIAN_POINT('',(9.985817419507,-0.556821642217,
    -12.86629175853));
#4480 = CARTESIAN_POINT('',(9.978728944899,-0.668017463033,
    -12.86895140629));
#4481 = CARTESIAN_POINT('',(9.97022577955,-0.779108015046,
    -12.87161104693));
#4482 = CARTESIAN_POINT('',(9.936140741267,-1.160534949935,
    -12.88075323456));
#4483 = CARTESIAN_POINT('',(9.9035781817,-1.430248821043,-12.88723576493
    ));
#4484 = CARTESIAN_POINT('',(9.862649497559,-1.698908357843,
    -12.89371828346));
#4485 = CARTESIAN_POINT('',(9.813395070293,-1.966210665945,
    -12.90020079925));
#4486 = CARTESIAN_POINT('',(9.755868287931,-2.231855490227,
    -12.90668331936));
#4487 = CARTESIAN_POINT('',(9.690135545078,-2.495545214833,
    -12.9131658487));
#4488 = CARTESIAN_POINT('',(9.61627624292,-2.756984863176,
    -12.91964839012));
#4489 = CARTESIAN_POINT('',(9.360778600392,-3.564712833466,
    -12.93987317304));
#4490 = CARTESIAN_POINT('',(9.151055213127,-4.102165066782,
    -12.95361653686));
#4491 = CARTESIAN_POINT('',(8.906099689783,-4.625401901617,
    -12.96735954232));
#4492 = CARTESIAN_POINT('',(8.627056829627,-5.131734514997,
    -12.98110201934));
#4493 = CARTESIAN_POINT('',(8.315299590643,-5.618607227059,
    -12.99484447985));
#4494 = CARTESIAN_POINT('',(7.972418469023,-6.083593799629,
    -13.00858745463));
#4495 = CARTESIAN_POINT('',(7.600229836332,-6.52440496355,
    -13.02233080817));
#4496 = CARTESIAN_POINT('',(6.69824693982,-7.460431515708,
    -13.05336341984));
#4497 = CARTESIAN_POINT('',(6.152426266428,-7.940457653075,
    -13.07065692225));
#4498 = CARTESIAN_POINT('',(5.567476193373,-8.374640362686,
    -13.08794884896));
#4499 = CARTESIAN_POINT('',(4.947934494837,-8.759308885865,
    -13.10523890607));
#4500 = CARTESIAN_POINT('',(4.298670382213,-9.091359926575,
    -13.12252898396));
#4501 = CARTESIAN_POINT('',(3.624855211288,-9.368225093478,
    -13.13982095814));
#4502 = CARTESIAN_POINT('',(2.931975254384,-9.587912786956,
    -13.15711450261));
#4503 = CARTESIAN_POINT('',(1.438653938159,-9.928862766958,
    -13.19368234729));
#4504 = CARTESIAN_POINT('',(0.634602034603,-10.03600352918,
    -13.2129654716));
#4505 = CARTESIAN_POINT('',(-0.178109989887,-10.068611374,
    -13.23224623137));
#4506 = CARTESIAN_POINT('',(-0.991408841123,-10.02600226159,
    -13.25152398577));
#4507 = CARTESIAN_POINT('',(-1.797301925135,-9.908499579167,
    -13.27080174879));
#4508 = CARTESIAN_POINT('',(-2.587888112835,-9.717351576624,
    -13.29008249517));
#4509 = CARTESIAN_POINT('',(-3.355384458254,-9.4548102149,
    -13.30936553379));
#4510 = CARTESIAN_POINT('',(-4.883022254671,-8.769683366908,
    -13.34933503807));
#4511 = CARTESIAN_POINT('',(-5.639049165525,-8.336517671912,
    -13.37003506347));
#4512 = CARTESIAN_POINT('',(-6.350676338972,-7.829040060841,
    -13.3907307515));
#4513 = CARTESIAN_POINT('',(-7.009489898975,-7.252716135325,
    -13.41142294311));
#4514 = CARTESIAN_POINT('',(-7.607942840658,-6.613937040754,
    -13.4321151175));
#4515 = CARTESIAN_POINT('',(-8.13939044034,-5.920027695418,
    -13.4528108414));
#4516 = CARTESIAN_POINT('',(-8.598083378267,-5.179209824326,
    -13.47351093027));
#4517 = CARTESIAN_POINT('',(-9.424707722987,-3.492581797868,
    -13.51835210894));
#4518 = CARTESIAN_POINT('',(-9.765195606658,-2.53213411707,
    -13.54251863938));
#4519 = CARTESIAN_POINT('',(-9.993289545597,-1.534625048203,
    -13.56667561069));
#4520 = CARTESIAN_POINT('',(-10.10475477868,-0.515479777975,
    -13.59082554678));
#4521 = CARTESIAN_POINT('',(-10.09757880276,0.509717811805,
    -13.61497563974));
#4522 = CARTESIAN_POINT('',(-9.972177828529,1.525259908387,
    -13.63913242756));
#4523 = CARTESIAN_POINT('',(-9.731194918643,2.515370510489,
    -13.66329878065));
#4524 = CARTESIAN_POINT('',(-9.02799571781,4.419527624036,
    -13.71175782749));
#4525 = CARTESIAN_POINT('',(-8.563799417836,5.334420118014,
    -13.73608578707));
#4526 = CARTESIAN_POINT('',(-7.993871413742,6.192659121999,
    -13.76040383381));
#4527 = CARTESIAN_POINT('',(-7.326646604638,6.980273495793,
    -13.78471512893));
#4528 = CARTESIAN_POINT('',(-6.572243254885,7.684830990806,
    -13.80902639713));
#4529 = CARTESIAN_POINT('',(-5.742589380126,8.29562334576,
    -13.83334463349));
#4530 = CARTESIAN_POINT('',(-4.851231910971,8.8035492368,-13.85767277253
    ));
#4531 = CARTESIAN_POINT('',(-3.170119211934,9.518620651482,
    -13.90128613953));
#4532 = CARTESIAN_POINT('',(-2.396591251604,9.766446607355,
    -13.92059505758));
#4533 = CARTESIAN_POINT('',(-1.601313271583,9.942246831614,
    -13.93990089845));
#4534 = CARTESIAN_POINT('',(-0.792148828535,10.043913299267,
    -13.95920405916));
#4535 = CARTESIAN_POINT('',(2.294887449297E-02,10.070350023871,
    -13.97850723204));
#4536 = CARTESIAN_POINT('',(0.835953156903,10.021392681989,
    -13.99781307389));
#4537 = CARTESIAN_POINT('',(1.638767228869,9.897890528389,
    -14.01712193675));
#4538 = CARTESIAN_POINT('',(3.138130980898,9.523396459457,
    -14.05401624618));
#4539 = CARTESIAN_POINT('',(3.838128239299,9.284601370938,
    -14.07161087774));
#4540 = CARTESIAN_POINT('',(4.517089620877,8.987059822084,
    -14.08920406988));
#4541 = CARTESIAN_POINT('',(5.16928541254,8.633000281362,-14.10679539306
    ));
#4542 = CARTESIAN_POINT('',(5.789338251024,8.225260211109,
    -14.12438673359));
#4543 = CARTESIAN_POINT('',(6.372207892229,7.767240023365,
    -14.14197995961));
#4544 = CARTESIAN_POINT('',(6.913224572706,7.262938265322,
    -14.15957460279));
#4545 = CARTESIAN_POINT('',(7.802987687611,6.281629569581,
    -14.19119778762));
#4546 = CARTESIAN_POINT('',(8.168586823197,5.819632777609,
    -14.20523107901));
#4547 = CARTESIAN_POINT('',(8.50283252415,5.333416773081,-14.21926375202
    ));
#4548 = CARTESIAN_POINT('',(8.803870956757,4.825481058941,
    -14.23329570159));
#4549 = CARTESIAN_POINT('',(9.070098745633,4.29846532196,-14.24732763044
    ));
#4550 = CARTESIAN_POINT('',(9.300153271902,3.755141204557,
    -14.26136026319));
#4551 = CARTESIAN_POINT('',(9.492924823408,3.198416052936,
    -14.27539353995));
#4552 = CARTESIAN_POINT('',(9.73517145266,2.310241728332,-14.29737167377
    ));
#4553 = CARTESIAN_POINT('',(9.810538513213,1.985800425167,
    -14.30531767125));
#4554 = CARTESIAN_POINT('',(9.873543026101,1.658570856433,
    -14.31326368731));
#4555 = CARTESIAN_POINT('',(9.924065934622,1.329103343229,
    -14.32120970561));
#4556 = CARTESIAN_POINT('',(9.962017882452,0.997952275647,
    -14.32915574903));
#4557 = CARTESIAN_POINT('',(9.987339218208,0.665675985037,
    -14.33710184092));
#4558 = CARTESIAN_POINT('',(10.,0.332836616269,-14.34504796637));
#4559 = CARTESIAN_POINT('',(10.,-2.589928271846E-12,-14.35299403348));
#4560 = CYLINDRICAL_SURFACE('',#4561,10.);
#4561 = AXIS2_PLACEMENT_3D('',#4562,#4563,#4564);
#4562 = CARTESIAN_POINT('',(0.,0.,0.));
#4563 = DIRECTION('',(0.,-2.22044604925E-16,-1.));
#4564 = DIRECTION('',(1.,0.,0.));
#4565 = ADVANCED_FACE('',(#4566),#4659,.T.);
#4566 = FACE_BOUND('',#4567,.T.);
#4567 = EDGE_LOOP('',(#4568,#4569,#4570,#4654));
#4568 = ORIENTED_EDGE('',*,*,#4380,.F.);
#4569 = ORIENTED_EDGE('',*,*,#4141,.T.);
#4570 = ORIENTED_EDGE('',*,*,#4571,.T.);
#4571 = EDGE_CURVE('',#4058,#4572,#4574,.T.);
#4572 = VERTEX_POINT('',#4573);
#4573 = CARTESIAN_POINT('',(9.266,-1.50798224E-07,-13.72321197749));
#4574 = B_SPLINE_CURVE_WITH_KNOTS('',8,(#4575,#4576,#4577,#4578,#4579,
    #4580,#4581,#4582,#4583,#4584,#4585,#4586,#4587,#4588,#4589,#4590,
    #4591,#4592,#4593,#4594,#4595,#4596,#4597,#4598,#4599,#4600,#4601,
    #4602,#4603,#4604,#4605,#4606,#4607,#4608,#4609,#4610,#4611,#4612,
    #4613,#4614,#4615,#4616,#4617,#4618,#4619,#4620,#4621,#4622,#4623,
    #4624,#4625,#4626,#4627,#4628,#4629,#4630,#4631,#4632,#4633,#4634,
    #4635,#4636,#4637,#4638,#4639,#4640,#4641,#4642,#4643,#4644,#4645,
    #4646,#4647,#4648,#4649,#4650,#4651,#4652,#4653),.UNSPECIFIED.,.F.,
  .F.,(9,7,7,7,7,7,7,7,7,7,7,9),(0.,1.978089006166E-02,
    5.248869444413E-02,0.121459200656,0.214592375492,0.319561638534,
    0.460203747972,0.601150023677,0.740986465356,0.881829907732,
    0.97660584746,1.),.UNSPECIFIED.);
#4575 = CARTESIAN_POINT('',(9.266,-2.7143697778E-07,-12.22321450958));
#4576 = CARTESIAN_POINT('',(9.266,-0.14392103158,-12.22692221041));
#4577 = CARTESIAN_POINT('',(9.263445260379,-0.287841830916,
    -12.23062997443));
#4578 = CARTESIAN_POINT('',(9.258335782229,-0.43170969185,
    -12.23433779447));
#4579 = CARTESIAN_POINT('',(9.250672880151,-0.575471710015,
    -12.23804566338));
#4580 = CARTESIAN_POINT('',(9.240459182251,-0.719075054269,
    -12.24175357408));
#4581 = CARTESIAN_POINT('',(9.227698630146,-0.862466966695,
    -12.2454615195));
#4582 = CARTESIAN_POINT('',(9.212396478957,-1.005594762605,
    -12.24916949262));
#4583 = CARTESIAN_POINT('',(9.165065424891,-1.384544672562,
    -12.25900867356));
#4584 = CARTESIAN_POINT('',(9.128640411391,-1.619818619277,
    -12.2651399295));
#4585 = CARTESIAN_POINT('',(9.085314088608,-1.853989221864,
    -12.27127122581));
#4586 = CARTESIAN_POINT('',(9.035125871039,-2.086820255717,
    -12.27740253922));
#4587 = CARTESIAN_POINT('',(8.978124755886,-2.318077720444,
    -12.28353385173));
#4588 = CARTESIAN_POINT('',(8.914369323051,-2.547529839861,
    -12.28966515054));
#4589 = CARTESIAN_POINT('',(8.843927735143,-2.774947061995,
    -12.29579642812));
#4590 = CARTESIAN_POINT('',(8.604403445988,-3.47488336643,
    -12.31485657491));
#4591 = CARTESIAN_POINT('',(8.412533720357,-3.939637364373,
    -12.32778615862));
#4592 = CARTESIAN_POINT('',(8.192003186895,-4.392197749418,
    -12.34071529892));
#4593 = CARTESIAN_POINT('',(7.943730294288,-4.830506486509,
    -12.35364395547));
#4594 = CARTESIAN_POINT('',(7.668798347432,-5.252604085642,
    -12.36657261714));
#4595 = CARTESIAN_POINT('',(7.368448673603,-5.65662719786,
    -12.37950175743));
#4596 = CARTESIAN_POINT('',(7.044085920927,-6.040813530643,
    -12.39243130984));
#4597 = CARTESIAN_POINT('',(6.229012803047,-6.893280734843,
    -12.42281842533));
#4598 = CARTESIAN_POINT('',(5.719704208406,-7.344007015995,
    -12.44028021126));
#4599 = CARTESIAN_POINT('',(5.173299268014,-7.751529911223,
    -12.4577406302));
#4600 = CARTESIAN_POINT('',(4.594117887732,-8.112336425393,
    -12.47519924058));
#4601 = CARTESIAN_POINT('',(3.986800070008,-8.423459331928,
    -12.49265783823));
#4602 = CARTESIAN_POINT('',(3.356276934799,-8.682445581992,
    -12.5101182315));
#4603 = CARTESIAN_POINT('',(2.707783007927,-8.887397374046,
    -12.52758000336));
#4604 = CARTESIAN_POINT('',(1.302047635649,-9.205797973601,
    -12.56471524898));
#4605 = CARTESIAN_POINT('',(0.541057177443,-9.304398509935,
    -12.58439830274));
#4606 = CARTESIAN_POINT('',(-0.228010048986,-9.330987354453,
    -12.60407806941));
#4607 = CARTESIAN_POINT('',(-0.997185726445,-9.284930449739,
    -12.62375489922));
#4608 = CARTESIAN_POINT('',(-1.758599828736,-9.166604607791,
    -12.64343173596));
#4609 = CARTESIAN_POINT('',(-2.504481823914,-8.977312803972,
    -12.66311154525));
#4610 = CARTESIAN_POINT('',(-3.227179796411,-8.719366645565,
    -12.68279469532));
#4611 = CARTESIAN_POINT('',(-4.846465427401,-7.963518577811,
    -12.72883576822));
#4612 = CARTESIAN_POINT('',(-5.720019342562,-7.413237618267,
    -12.75522677586));
#4613 = CARTESIAN_POINT('',(-6.520968740107,-6.753819369037,
    -12.78160247339));
#4614 = CARTESIAN_POINT('',(-7.233904528844,-5.996922388981,
    -12.80796848454));
#4615 = CARTESIAN_POINT('',(-7.845531153056,-5.156040019509,
    -12.8343344338));
#4616 = CARTESIAN_POINT('',(-8.345053807421,-4.246738537663,
    -12.86070975074));
#4617 = CARTESIAN_POINT('',(-8.723872292458,-3.286320913086,
    -12.88710045577));
#4618 = CARTESIAN_POINT('',(-9.231293558627,-1.301385827612,
    -12.93988538053));
#4619 = CARTESIAN_POINT('',(-9.359872938386,-0.274701971749,
    -12.96633341899));
#4620 = CARTESIAN_POINT('',(-9.357445208209,0.765077003597,
    -12.99276601066));
#4621 = CARTESIAN_POINT('',(-9.223258876649,1.7985165888,-13.0191885154)
  );
#4622 = CARTESIAN_POINT('',(-8.959340882636,2.80665871049,
    -13.04561153172));
#4623 = CARTESIAN_POINT('',(-8.570935549626,3.771172763841,
    -13.07204414294));
#4624 = CARTESIAN_POINT('',(-8.066041006011,4.674330463067,
    -13.09849221718));
#4625 = CARTESIAN_POINT('',(-6.853514112813,6.318483204259,
    -13.15112602025));
#4626 = CARTESIAN_POINT('',(-6.146294065157,7.06234722439,
    -13.17736483693));
#4627 = CARTESIAN_POINT('',(-5.347413396323,7.714651365172,
    -13.20358861207));
#4628 = CARTESIAN_POINT('',(-4.471073622316,8.262788672885,
    -13.22980308129));
#4629 = CARTESIAN_POINT('',(-3.532836471218,8.696536156642,
    -13.25601744035));
#4630 = CARTESIAN_POINT('',(-2.549772591071,9.008459150491,
    -13.2822417811));
#4631 = CARTESIAN_POINT('',(-1.540204057669,9.193565996555,
    -13.3084812511));
#4632 = CARTESIAN_POINT('',(0.498679346227,9.3091441797,-13.36109685135)
  );
#4633 = CARTESIAN_POINT('',(1.530155906576,9.237889640246,
    -13.38752595894));
#4634 = CARTESIAN_POINT('',(2.549304820686,9.035749865245,
    -13.41393949062));
#4635 = CARTESIAN_POINT('',(3.536952075671,8.705716975584,-13.4403426853
    ));
#4636 = CARTESIAN_POINT('',(4.474922569161,8.253411422971,
    -13.46674553502));
#4637 = CARTESIAN_POINT('',(5.346271261902,7.687481215111,
    -13.49315810504));
#4638 = CARTESIAN_POINT('',(6.135170133735,7.019154870983,
    -13.51958651815));
#4639 = CARTESIAN_POINT('',(7.294084422399,5.755917531887,
    -13.56375452276));
#4640 = CARTESIAN_POINT('',(7.71713051432,5.208035143579,-13.58152458865
    ));
#4641 = CARTESIAN_POINT('',(8.092945414555,4.624820823896,
    -13.59929320909));
#4642 = CARTESIAN_POINT('',(8.418143670101,4.011069225,-13.61705990388)
  );
#4643 = CARTESIAN_POINT('',(8.689947309065,3.371876279765,-13.634826596)
  );
#4644 = CARTESIAN_POINT('',(8.906148677062,2.712609532423,
    -13.65259518632));
#4645 = CARTESIAN_POINT('',(9.06515681121,2.038918443368,-13.67036511799
    ));
#4646 = CARTESIAN_POINT('',(9.19105055726,1.188409217146,-13.69251617978
    ));
#4647 = CARTESIAN_POINT('',(9.212438987282,1.019510418921,
    -13.69690140262));
#4648 = CARTESIAN_POINT('',(9.230279804092,0.850175033187,
    -13.70128659792));
#4649 = CARTESIAN_POINT('',(9.244562736129,0.680490017492,-13.7056717625
    ));
#4650 = CARTESIAN_POINT('',(9.255280077967,0.51054252717,-13.7100568911)
  );
#4651 = CARTESIAN_POINT('',(9.262426690312,0.340419915341,
    -13.71444197634));
#4652 = CARTESIAN_POINT('',(9.266,0.170209732909,-13.71882700874));
#4653 = CARTESIAN_POINT('',(9.266,-2.7143685344E-07,-13.72321197671));
#4654 = ORIENTED_EDGE('',*,*,#4655,.F.);
#4655 = EDGE_CURVE('',#4381,#4572,#4656,.T.);
#4656 = B_SPLINE_CURVE_WITH_KNOTS('',1,(#4657,#4658),.UNSPECIFIED.,.F.,
  .F.,(2,2),(0.,0.9375),.PIECEWISE_BEZIER_KNOTS.);
#4657 = CARTESIAN_POINT('',(10.01601452204,6.57675884E-09,-14.1562502755
    ));
#4658 = CARTESIAN_POINT('',(9.204123773914,-3.2702074829E-07,
    -13.68748630173));
#4659 = B_SPLINE_SURFACE_WITH_KNOTS('',1,9,(
    (#4660,#4661,#4662,#4663,#4664,#4665,#4666,#4667,#4668,#4669,#4670
      ,#4671,#4672,#4673,#4674,#4675,#4676,#4677,#4678,#4679,#4680,#4681
      ,#4682,#4683,#4684,#4685,#4686,#4687,#4688,#4689,#4690)
    ,(#4691,#4692,#4693,#4694,#4695,#4696,#4697,#4698,#4699,#4700,#4701
      ,#4702,#4703,#4704,#4705,#4706,#4707,#4708,#4709,#4710,#4711,#4712
      ,#4713,#4714,#4715,#4716,#4717,#4718,#4719,#4720,#4721
  )),.UNSPECIFIED.,.F.,.F.,.F.,(2,2),(10,7,7,7,10),(0.,0.9375),(0.,
    1.614938419963,3.229876839926,4.844815259889,6.459753679852),
  .UNSPECIFIED.);
#4660 = CARTESIAN_POINT('',(10.016013069838,5.91815841E-09,
    -12.65625024794));
#4661 = CARTESIAN_POINT('',(10.016015176298,-1.748124195108,
    -12.69791695457));
#4662 = CARTESIAN_POINT('',(9.672768307564,-3.496236433472,
    -12.7395835913));
#4663 = CARTESIAN_POINT('',(8.986285147534,-5.167356262497,
    -12.78125024967));
#4664 = CARTESIAN_POINT('',(7.976718814394,-6.684406669754,
    -12.82291692938));
#4665 = CARTESIAN_POINT('',(6.684402489521,-7.976720910251,
    -12.86458359571));
#4666 = CARTESIAN_POINT('',(5.167348429352,-8.986281952725,
    -12.90625026319));
#4667 = CARTESIAN_POINT('',(3.49624816187,-9.672768199374,
    -12.94791692876));
#4668 = CARTESIAN_POINT('',(1.7859247068E-07,-10.35925620178,
    -13.03125026117));
#4669 = CARTESIAN_POINT('',(-3.496248145438,-9.67277220175,
    -13.11458359525));
#4670 = CARTESIAN_POINT('',(-5.167347426269,-8.986287516405,
    -13.1562502628));
#4671 = CARTESIAN_POINT('',(-6.684406379962,-7.976716463138,
    -13.19791692948));
#4672 = CARTESIAN_POINT('',(-7.976715507545,-6.684405180339,
    -13.23958359491));
#4673 = CARTESIAN_POINT('',(-8.986284985525,-5.167345380199,
    -13.28125026041));
#4674 = CARTESIAN_POINT('',(-9.672770311367,-3.496246566703,
    -13.32291692724));
#4675 = CARTESIAN_POINT('',(-10.35925694985,-1.65416099E-09,
    -13.40625026172));
#4676 = CARTESIAN_POINT('',(-9.672770429043,3.496246586501,
    -13.4895835962));
#4677 = CARTESIAN_POINT('',(-8.986285122748,5.167345434765,
    -13.53125026303));
#4678 = CARTESIAN_POINT('',(-7.976715502754,6.684405199823,
    -13.57291692853));
#4679 = CARTESIAN_POINT('',(-6.684406304584,7.976716374374,
    -13.61458359396));
#4680 = CARTESIAN_POINT('',(-5.167347417061,8.986287388974,
    -13.65625026064));
#4681 = CARTESIAN_POINT('',(-3.496248156027,9.672772177738,
    -13.69791692819));
#4682 = CARTESIAN_POINT('',(1.691306865E-07,10.359256259383,
    -13.78125026227));
#4683 = CARTESIAN_POINT('',(3.496248151282,9.672768163883,
    -13.86458359468));
#4684 = CARTESIAN_POINT('',(5.167348343149,8.986281864442,
    -13.90625026026));
#4685 = CARTESIAN_POINT('',(6.684402640001,7.976720625903,
    -13.94791692771));
#4686 = CARTESIAN_POINT('',(7.976718173938,6.684407004311,
    -13.98958359409));
#4687 = CARTESIAN_POINT('',(8.986286541581,5.167357195826,
    -14.03125027375));
#4688 = CARTESIAN_POINT('',(9.67276874906,3.496235618733,-14.07291693215
    ));
#4689 = CARTESIAN_POINT('',(10.016012415457,1.748124207602,
    -14.11458356887));
#4690 = CARTESIAN_POINT('',(10.01601452204,6.57675884E-09,-14.1562502755
    ));
#4691 = CARTESIAN_POINT('',(9.20412151491,-2.9431966642E-07,
    -12.18748767154));
#4692 = CARTESIAN_POINT('',(9.204124738681,-1.606422028533,
    -12.22915235223));
#4693 = CARTESIAN_POINT('',(8.888700284857,-3.21283282776,
    -12.27082050679));
#4694 = CARTESIAN_POINT('',(8.25786247959,-4.748499629264,
    -12.31248758517));
#4695 = CARTESIAN_POINT('',(7.330128491901,-6.142570743915,
    -12.35415360477));
#4696 = CARTESIAN_POINT('',(6.142572216658,-7.330133385501,
    -12.39582028673));
#4697 = CARTESIAN_POINT('',(4.748487100688,-8.257859970387,
    -12.43748691386));
#4698 = CARTESIAN_POINT('',(3.212844576721,-8.888700348376,
    -12.47915363469));
#4699 = CARTESIAN_POINT('',(-9.9868159266E-07,-9.519542017807,
    -12.56248701403));
#4700 = CARTESIAN_POINT('',(-3.212845337029,-8.888703799107,
    -12.64582031007));
#4701 = CARTESIAN_POINT('',(-4.748485679936,-8.257865175702,
    -12.6874869328));
#4702 = CARTESIAN_POINT('',(-6.142572714885,-7.33012976184,
    -12.72915359889));
#4703 = CARTESIAN_POINT('',(-7.330128519616,-6.14257214457,
    -12.77082032724));
#4704 = CARTESIAN_POINT('',(-8.25786318677,-4.748483438061,
    -12.81248705176));
#4705 = CARTESIAN_POINT('',(-8.888702323584,-3.212842707905,
    -12.85415371016));
#4706 = CARTESIAN_POINT('',(-9.519542713729,3.2879484737E-07,
    -12.93748698664));
#4707 = CARTESIAN_POINT('',(-8.888702282965,3.212843357519,
    -13.02082026311));
#4708 = CARTESIAN_POINT('',(-8.257863069647,4.748484097842,
    -13.06248692151));
#4709 = CARTESIAN_POINT('',(-7.330128084529,6.142572685191,
    -13.10415364603));
#4710 = CARTESIAN_POINT('',(-6.142572087315,7.330130051398,
    -13.14582037438));
#4711 = CARTESIAN_POINT('',(-4.748485090713,8.257865308057,
    -13.18748704047));
#4712 = CARTESIAN_POINT('',(-3.212844734682,8.888703985426,
    -13.2291536632));
#4713 = CARTESIAN_POINT('',(-3.5066388605E-07,9.519542107412,
    -13.31248695924));
#4714 = CARTESIAN_POINT('',(3.212845179068,8.888700069493,
    -13.39582033858));
#4715 = CARTESIAN_POINT('',(4.748487541494,8.257859502475,
    -13.43748705941));
#4716 = CARTESIAN_POINT('',(6.142572961052,7.330132515541,
    -13.47915368652));
#4717 = CARTESIAN_POINT('',(7.330127923268,6.142570754028,
    -13.52082036854));
#4718 = CARTESIAN_POINT('',(8.257864978706,4.748500506223,
    -13.56248638807));
#4719 = CARTESIAN_POINT('',(8.88870119531,3.212830941559,-13.6041534665)
  );
#4720 = CARTESIAN_POINT('',(9.204120555834,1.606421407191,
    -13.64582162104));
#4721 = CARTESIAN_POINT('',(9.204123773914,-3.2702074829E-07,
    -13.68748630173));
#4722 = ADVANCED_FACE('',(#4723),#4734,.T.);
#4723 = FACE_BOUND('',#4724,.F.);
#4724 = EDGE_LOOP('',(#4725,#4726,#4727,#4728));
#4725 = ORIENTED_EDGE('',*,*,#4229,.F.);
#4726 = ORIENTED_EDGE('',*,*,#4215,.T.);
#4727 = ORIENTED_EDGE('',*,*,#4571,.T.);
#4728 = ORIENTED_EDGE('',*,*,#4729,.F.);
#4729 = EDGE_CURVE('',#4230,#4572,#4730,.T.);
#4730 = LINE('',#4731,#4732);
#4731 = CARTESIAN_POINT('',(9.266,0.,0.));
#4732 = VECTOR('',#4733,1.);
#4733 = DIRECTION('',(-7.E-17,0.,-1.));
#4734 = CYLINDRICAL_SURFACE('',#4735,9.266);
#4735 = AXIS2_PLACEMENT_3D('',#4736,#4737,#4738);
#4736 = CARTESIAN_POINT('',(0.,0.,0.));
#4737 = DIRECTION('',(-0.,-0.,-1.));
#4738 = DIRECTION('',(1.,0.,0.));
#4739 = ADVANCED_FACE('',(#4740),#4833,.T.);
#4740 = FACE_BOUND('',#4741,.T.);
#4741 = EDGE_LOOP('',(#4742,#4826,#4827,#4828));
#4742 = ORIENTED_EDGE('',*,*,#4743,.F.);
#4743 = EDGE_CURVE('',#4230,#4744,#4746,.T.);
#4744 = VERTEX_POINT('',#4745);
#4745 = CARTESIAN_POINT('',(9.266,-1.50796042E-07,-14.77675228709));
#4746 = B_SPLINE_CURVE_WITH_KNOTS('',8,(#4747,#4748,#4749,#4750,#4751,
    #4752,#4753,#4754,#4755,#4756,#4757,#4758,#4759,#4760,#4761,#4762,
    #4763,#4764,#4765,#4766,#4767,#4768,#4769,#4770,#4771,#4772,#4773,
    #4774,#4775,#4776,#4777,#4778,#4779,#4780,#4781,#4782,#4783,#4784,
    #4785,#4786,#4787,#4788,#4789,#4790,#4791,#4792,#4793,#4794,#4795,
    #4796,#4797,#4798,#4799,#4800,#4801,#4802,#4803,#4804,#4805,#4806,
    #4807,#4808,#4809,#4810,#4811,#4812,#4813,#4814,#4815,#4816,#4817,
    #4818,#4819,#4820,#4821,#4822,#4823,#4824,#4825),.UNSPECIFIED.,.F.,
  .F.,(9,7,7,7,7,7,7,7,7,7,7,9),(0.,4.867881170341E-02,0.119647936808,
    0.213878785934,0.318676759847,0.423557566445,0.572547551599,
    0.685717829829,0.789966988748,0.881675101528,0.958283399831,1.),
  .UNSPECIFIED.);
#4747 = CARTESIAN_POINT('',(9.266,-2.7143256709E-07,-13.27675332857));
#4748 = CARTESIAN_POINT('',(9.266,-0.354209057939,-13.28587895254));
#4749 = CARTESIAN_POINT('',(9.250525437535,-0.708423153417,
    -13.29500480246));
#4750 = CARTESIAN_POINT('',(9.219575515656,-1.061846056947,
    -13.3041306255));
#4751 = CARTESIAN_POINT('',(9.17319952514,-1.413688606654,
    -13.31325640813));
#4752 = CARTESIAN_POINT('',(9.111494176123,-1.763168753207,
    -13.32238224293));
#4753 = CARTESIAN_POINT('',(9.034602693198,-2.109511604343,
    -13.33150821379));
#4754 = CARTESIAN_POINT('',(8.942715673989,-2.451949740382,
    -13.34063429963));
#4755 = CARTESIAN_POINT('',(8.680599768166,-3.282166584589,
    -13.36306514097));
#4756 = CARTESIAN_POINT('',(8.493750363369,-3.764740071665,
    -13.37637097571));
#4757 = CARTESIAN_POINT('',(8.276269766253,-4.23506207707,-13.3896764964
    ));
#4758 = CARTESIAN_POINT('',(8.029111606342,-4.690868634559,
    -13.40298154699));
#4759 = CARTESIAN_POINT('',(7.753416247111,-5.130002827225,
    -13.41628656241));
#4760 = CARTESIAN_POINT('',(7.450502648212,-5.550412082485,
    -13.42959199716));
#4761 = CARTESIAN_POINT('',(7.121874716051,-5.9501539314,-13.44289773955
    ));
#4762 = CARTESIAN_POINT('',(6.301026326844,-6.828320755323,
    -13.47386822166));
#4763 = CARTESIAN_POINT('',(5.790351296011,-7.289738438417,
    -13.49153738136));
#4764 = CARTESIAN_POINT('',(5.241241910126,-7.707299715936,
    -13.50920480352));
#4765 = CARTESIAN_POINT('',(4.658139409398,-8.077321279254,
    -13.52687015718));
#4766 = CARTESIAN_POINT('',(4.04582515339,-8.396688943576,
    -13.54453553175));
#4767 = CARTESIAN_POINT('',(3.409389239798,-8.662824051809,
    -13.56220300577));
#4768 = CARTESIAN_POINT('',(2.754244002965,-8.873727415517,
    -13.57987222065));
#4769 = CARTESIAN_POINT('',(1.343203803759,-9.199785727689,
    -13.61718474795));
#4770 = CARTESIAN_POINT('',(0.583843766319,-9.301644648484,
    -13.6368378935));
#4771 = CARTESIAN_POINT('',(-0.18389255792,-9.331751914781,
    -13.65648791309));
#4772 = CARTESIAN_POINT('',(-0.952076770909,-9.289439942931,
    -13.67613526946));
#4773 = CARTESIAN_POINT('',(-1.712873314365,-9.175046330122,
    -13.69578262466));
#4774 = CARTESIAN_POINT('',(-2.458541058186,-8.989829942339,
    -13.7154326091));
#4775 = CARTESIAN_POINT('',(-3.181451869564,-8.736052750562,
    -13.73508565207));
#4776 = CARTESIAN_POINT('',(-4.567410908744,-8.098143644978,
    -13.77439471623));
#4777 = CARTESIAN_POINT('',(-5.230848548297,-7.713707634542,
    -13.79406312789));
#4778 = CARTESIAN_POINT('',(-5.856942212317,-7.267299481999,
    -13.81372827265));
#4779 = CARTESIAN_POINT('',(-6.438997105498,-6.76325367683,
    -13.8333905904));
#4780 = CARTESIAN_POINT('',(-6.971009261207,-6.206645077439,
    -13.85305291404));
#4781 = CARTESIAN_POINT('',(-7.447615200388,-5.603221277034,
    -13.8727180834));
#4782 = CARTESIAN_POINT('',(-7.86415700773,-4.959456200647,
    -13.89238654099));
#4783 = CARTESIAN_POINT('',(-8.717960087166,-3.321331185356,
    -13.93998043037));
#4784 = CARTESIAN_POINT('',(-9.091127217919,-2.291726431094,
    -13.96794782975));
#4785 = CARTESIAN_POINT('',(-9.32433382381,-1.215623170904,
    -13.99589435402));
#4786 = CARTESIAN_POINT('',(-9.411847615251,-0.115303550162,
    -14.02382802944));
#4787 = CARTESIAN_POINT('',(-9.351315630996,0.986829862871,
    -14.05176234459));
#4788 = CARTESIAN_POINT('',(-9.144541830713,2.068322993847,
    -14.07970834882));
#4789 = CARTESIAN_POINT('',(-8.7967095339,3.106761344911,-14.10767556128
    ));
#4790 = CARTESIAN_POINT('',(-7.956733873931,4.819466171177,
    -14.15682348965));
#4791 = CARTESIAN_POINT('',(-7.518881682751,5.522301264503,
    -14.17804899639));
#4792 = CARTESIAN_POINT('',(-7.010271844706,6.179184143308,
    -14.19926975937));
#4793 = CARTESIAN_POINT('',(-6.436690776649,6.781927176142,
    -14.22048674316));
#4794 = CARTESIAN_POINT('',(-5.804828935909,7.323263504496,
    -14.2417037044));
#4795 = CARTESIAN_POINT('',(-5.12229252794,7.796891117073,
    -14.26292450684));
#4796 = CARTESIAN_POINT('',(-4.397560023015,8.197458881453,
    -14.28415005759));
#4797 = CARTESIAN_POINT('',(-2.942722242261,8.818988327694,
    -14.32491027199));
#4798 = CARTESIAN_POINT('',(-2.217053099301,9.051827973402,
    -14.34446008304));
#4799 = CARTESIAN_POINT('',(-1.470707613121,9.216245383607,
    -14.36400662882));
#4800 = CARTESIAN_POINT('',(-0.711250756456,9.310215786099,
    -14.38355035482));
#4801 = CARTESIAN_POINT('',(5.366729735432E-02,9.332699479382,
    -14.4030940956));
#4802 = CARTESIAN_POINT('',(0.81632723141,9.283562025818,-14.4226406511)
  );
#4803 = CARTESIAN_POINT('',(1.568944317327,9.163655542934,
    -14.44219042173));
#4804 = CARTESIAN_POINT('',(2.950046617513,8.80915872615,-14.47892712155
    ));
#4805 = CARTESIAN_POINT('',(3.582868967237,8.590024268847,
    -14.49612317865));
#4806 = CARTESIAN_POINT('',(4.196858720127,8.318985350714,
    -14.51331795696));
#4807 = CARTESIAN_POINT('',(4.787067149378,7.997985344892,
    -14.53051106401));
#4808 = CARTESIAN_POINT('',(5.348843804805,7.629482991531,
    -14.54770417243));
#4809 = CARTESIAN_POINT('',(5.877824414825,7.216415167109,
    -14.56489894639));
#4810 = CARTESIAN_POINT('',(6.369957984411,6.762225141321,
    -14.58209497668));
#4811 = CARTESIAN_POINT('',(7.198829403748,5.86057530774,-14.61364967258
    ));
#4812 = CARTESIAN_POINT('',(7.547905023824,5.424219027474,
    -14.62801281998));
#4813 = CARTESIAN_POINT('',(7.866659477248,4.964198589721,-14.6423752978
    ));
#4814 = CARTESIAN_POINT('',(8.153239794439,4.482989681623,
    -14.65673699075));
#4815 = CARTESIAN_POINT('',(8.406047202489,3.983211013726,
    -14.67109868681));
#4816 = CARTESIAN_POINT('',(8.623726939583,3.467615474083,-14.6854611942
    ));
#4817 = CARTESIAN_POINT('',(8.805181189629,2.939093991194,
    -14.69982442555));
#4818 = CARTESIAN_POINT('',(9.028250351835,2.10750851238,-14.72200720514
    ));
#4819 = CARTESIAN_POINT('',(9.095919452754,1.811378124829,
    -14.72982804847));
#4820 = CARTESIAN_POINT('',(9.152483108065,1.512783782755,
    -14.73764888522));
#4821 = CARTESIAN_POINT('',(9.197837788323,1.212211955038,
    -14.74546968755));
#4822 = CARTESIAN_POINT('',(9.231905779785,0.910152624453,
    -14.75329045761));
#4823 = CARTESIAN_POINT('',(9.254635197766,0.607099172283,
    -14.76111119138));
#4824 = CARTESIAN_POINT('',(9.266,0.303548262937,-14.76893184255));
#4825 = CARTESIAN_POINT('',(9.266,-2.7143244274E-07,-14.77675228632));
#4826 = ORIENTED_EDGE('',*,*,#4308,.T.);
#4827 = ORIENTED_EDGE('',*,*,#4472,.T.);
#4828 = ORIENTED_EDGE('',*,*,#4829,.F.);
#4829 = EDGE_CURVE('',#4744,#4465,#4830,.T.);
#4830 = B_SPLINE_CURVE_WITH_KNOTS('',1,(#4831,#4832),.UNSPECIFIED.,.F.,
  .F.,(2,2),(0.,0.9375),.PIECEWISE_BEZIER_KNOTS.);
#4831 = CARTESIAN_POINT('',(9.20410441119,-3.2702404521E-07,
    -14.81248630156));
#4832 = CARTESIAN_POINT('',(10.016011294919,6.57620995E-09,
    -14.34375027547));
#4833 = B_SPLINE_SURFACE_WITH_KNOTS('',1,9,(
    (#4834,#4835,#4836,#4837,#4838,#4839,#4840,#4841,#4842,#4843,#4844
      ,#4845,#4846,#4847,#4848,#4849,#4850,#4851,#4852,#4853,#4854,#4855
      ,#4856,#4857,#4858,#4859,#4860,#4861,#4862,#4863,#4864)
    ,(#4865,#4866,#4867,#4868,#4869,#4870,#4871,#4872,#4873,#4874,#4875
      ,#4876,#4877,#4878,#4879,#4880,#4881,#4882,#4883,#4884,#4885,#4886
      ,#4887,#4888,#4889,#4890,#4891,#4892,#4893,#4894,#4895
  )),.UNSPECIFIED.,.F.,.F.,.F.,(2,2),(10,7,7,7,10),(0.,0.9375),(0.,
    1.614938419963,3.229876839926,4.844815259889,6.459753679852),
  .UNSPECIFIED.);
#4834 = CARTESIAN_POINT('',(9.204104088457,-2.9432139836E-07,
    -13.3124876714));
#4835 = CARTESIAN_POINT('',(9.204104504991,-1.606418818058,
    -13.35415235205));
#4836 = CARTESIAN_POINT('',(8.888682817891,-3.212825855624,
    -13.39582050663));
#4837 = CARTESIAN_POINT('',(8.257846909779,-4.748490754201,
    -13.43748758505));
#4838 = CARTESIAN_POINT('',(7.33011342104,-6.142558684231,-13.4791536046
    ));
#4839 = CARTESIAN_POINT('',(6.142560047656,-7.330118540982,
    -13.52082028659));
#4840 = CARTESIAN_POINT('',(4.74847756078,-8.257843403764,
    -13.56248691371));
#4841 = CARTESIAN_POINT('',(3.212838156787,-8.888682557599,
    -13.60415363454));
#4842 = CARTESIAN_POINT('',(-9.9639583766E-07,-9.519523031254,
    -13.68748701388));
#4843 = CARTESIAN_POINT('',(-3.212838915133,-8.888686021789,
    -13.77082030992));
#4844 = CARTESIAN_POINT('',(-4.748476176393,-8.257848591571,
    -13.81248693265));
#4845 = CARTESIAN_POINT('',(-6.142560381958,-7.330115058856,
    -13.85415359874));
#4846 = CARTESIAN_POINT('',(-7.330113861485,-6.142559888175,
    -13.89582032709));
#4847 = CARTESIAN_POINT('',(-8.257846770489,-4.748473991985,
    -13.93748705161));
#4848 = CARTESIAN_POINT('',(-8.888684634917,-3.212836308222,
    -13.97915371001));
#4849 = CARTESIAN_POINT('',(-9.519523688772,3.2238769845E-07,
    -14.06248698649));
#4850 = CARTESIAN_POINT('',(-8.888684443209,3.212836915356,
    -14.14582026296));
#4851 = CARTESIAN_POINT('',(-8.257846478995,4.748474564069,
    -14.18748692136));
#4852 = CARTESIAN_POINT('',(-7.330113443899,6.142560389554,
    -14.22915364588));
#4853 = CARTESIAN_POINT('',(-6.142559868158,7.330115455652,
    -14.27082037424));
#4854 = CARTESIAN_POINT('',(-4.74847561439,8.257848885242,
    -14.31248704032));
#4855 = CARTESIAN_POINT('',(-3.212838314752,8.888686234312,
    -14.35415366305));
#4856 = CARTESIAN_POINT('',(-3.5298815321E-07,9.519523044054,
    -14.43748695909));
#4857 = CARTESIAN_POINT('',(3.212838757168,8.888682331852,
    -14.52082033843));
#4858 = CARTESIAN_POINT('',(4.748478101579,8.257843062154,
    -14.56248705926));
#4859 = CARTESIAN_POINT('',(6.142560578149,7.330118061271,
    -14.60415368638));
#4860 = CARTESIAN_POINT('',(7.330113695228,6.14255826153,-14.64582036837
    ));
#4861 = CARTESIAN_POINT('',(8.257847541576,4.748490401665,
    -14.68748638792));
#4862 = CARTESIAN_POINT('',(8.888683133868,3.212825071825,
    -14.72915346634));
#4863 = CARTESIAN_POINT('',(9.204104000358,1.606418196711,
    -14.77082162092));
#4864 = CARTESIAN_POINT('',(9.20410441119,-3.2702404521E-07,
    -14.81248630156));
#4865 = CARTESIAN_POINT('',(10.016010165429,5.91787153E-09,
    -12.84375024792));
#4866 = CARTESIAN_POINT('',(10.016011804016,-1.748123660029,
    -12.88541695454));
#4867 = CARTESIAN_POINT('',(9.672765396403,-3.496235271449,
    -12.92708359127));
#4868 = CARTESIAN_POINT('',(8.986282552565,-5.16735478332,
    -12.96875024965));
#4869 = CARTESIAN_POINT('',(7.976716302584,-6.684404659807,
    -13.01041692935));
#4870 = CARTESIAN_POINT('',(6.684400461353,-7.976718436164,
    -13.05208359569));
#4871 = CARTESIAN_POINT('',(5.167346839368,-8.986279191621,
    -13.09375026316));
#4872 = CARTESIAN_POINT('',(3.496247091881,-9.672765234245,
    -13.13541692874));
#4873 = CARTESIAN_POINT('',(1.7897348524E-07,-10.35925303735,
    -13.21875026114));
#4874 = CARTESIAN_POINT('',(-3.496247075122,-9.672769238864,
    -13.30208359523));
#4875 = CARTESIAN_POINT('',(-5.167345842345,-8.986284752383,
    -13.34375026278));
#4876 = CARTESIAN_POINT('',(-6.684404324475,-7.97671401264,
    -13.38541692946));
#4877 = CARTESIAN_POINT('',(-7.976713064523,-6.684403137607,
    -13.42708359488));
#4878 = CARTESIAN_POINT('',(-8.986282249479,-5.167343805853,
    -13.46875026038));
#4879 = CARTESIAN_POINT('',(-9.672767363255,-3.49624550009,
    -13.51041692722));
#4880 = CARTESIAN_POINT('',(-10.35925377903,-2.72210156E-09,
    -13.5937502617));
#4881 = CARTESIAN_POINT('',(-9.672767455751,3.496245512807,
    -13.67708359617));
#4882 = CARTESIAN_POINT('',(-8.986282357639,5.167343845803,
    -13.71875026301));
#4883 = CARTESIAN_POINT('',(-7.97671306265,6.684403150551,
    -13.76041692851));
#4884 = CARTESIAN_POINT('',(-6.684404268057,7.976713941749,
    -13.80208359393));
#4885 = CARTESIAN_POINT('',(-5.167345837674,8.986284651838,
    -13.84375026061));
#4886 = CARTESIAN_POINT('',(-3.496247086039,9.672769219218,
    -13.88541692816));
#4887 = CARTESIAN_POINT('',(1.6874324352E-07,10.359253082157,
    -13.96875026225));
#4888 = CARTESIAN_POINT('',(3.496247080965,9.672765207609,
    -14.05208359465));
#4889 = CARTESIAN_POINT('',(5.16734676983,8.986279124388,-14.09375026023
    ));
#4890 = CARTESIAN_POINT('',(6.684400576184,7.976718216857,
    -14.13541692769));
#4891 = CARTESIAN_POINT('',(7.976715802598,6.684404922228,
    -14.17708359406));
#4892 = CARTESIAN_POINT('',(8.986283635393,5.167355511733,
    -14.21875027373));
#4893 = CARTESIAN_POINT('',(9.67276573882,3.496234640444,-14.26041693212
    ));
#4894 = CARTESIAN_POINT('',(10.016009656211,1.748123672522,
    -14.30208356885));
#4895 = CARTESIAN_POINT('',(10.016011294919,6.57620995E-09,
    -14.34375027547));
#4896 = ADVANCED_FACE('',(#4897),#5081,.T.);
#4897 = FACE_BOUND('',#4898,.T.);
#4898 = EDGE_LOOP('',(#4899,#4900,#4984,#4992));
#4899 = ORIENTED_EDGE('',*,*,#4464,.F.);
#4900 = ORIENTED_EDGE('',*,*,#4901,.T.);
#4901 = EDGE_CURVE('',#4381,#4902,#4904,.T.);
#4902 = VERTEX_POINT('',#4903);
#4903 = CARTESIAN_POINT('',(10.,-2.216398949988E-12,-15.64700307173));
#4904 = B_SPLINE_CURVE_WITH_KNOTS('',8,(#4905,#4906,#4907,#4908,#4909,
    #4910,#4911,#4912,#4913,#4914,#4915,#4916,#4917,#4918,#4919,#4920,
    #4921,#4922,#4923,#4924,#4925,#4926,#4927,#4928,#4929,#4930,#4931,
    #4932,#4933,#4934,#4935,#4936,#4937,#4938,#4939,#4940,#4941,#4942,
    #4943,#4944,#4945,#4946,#4947,#4948,#4949,#4950,#4951,#4952,#4953,
    #4954,#4955,#4956,#4957,#4958,#4959,#4960,#4961,#4962,#4963,#4964,
    #4965,#4966,#4967,#4968,#4969,#4970,#4971,#4972,#4973,#4974,#4975,
    #4976,#4977,#4978,#4979,#4980,#4981,#4982,#4983),.UNSPECIFIED.,.F.,
  .F.,(9,7,7,7,7,7,7,7,7,7,7,9),(0.,4.992315803286E-02,0.122079711153,
    0.214634934098,0.318185792697,0.408837680581,0.546709684023,
    0.684624859183,0.781489202653,0.883152751997,0.958662480318,1.),
  .UNSPECIFIED.);
#4905 = CARTESIAN_POINT('',(10.,-3.444355911597E-12,-14.14700391938));
#4906 = CARTESIAN_POINT('',(10.,-0.392038430049,-14.15636287075));
#4907 = CARTESIAN_POINT('',(9.982434953264,-0.784083390074,
    -14.16572215909));
#4908 = CARTESIAN_POINT('',(9.94730385574,-1.175207145102,
    -14.17508151375));
#4909 = CARTESIAN_POINT('',(9.89466562444,-1.564491003057,
    -14.18444084792));
#4910 = CARTESIAN_POINT('',(9.824635735479,-1.951024995488,
    -14.19380018707));
#4911 = CARTESIAN_POINT('',(9.737385083043,-2.333907909969,
    -14.20315958124));
#4912 = CARTESIAN_POINT('',(9.633141059307,-2.712247674192,
    -14.2125190011));
#4913 = CARTESIAN_POINT('',(9.337375195315,-3.624154816546,
    -14.23540558324));
#4914 = CARTESIAN_POINT('',(9.127642639738,-4.151865876807,
    -14.24893382003));
#4915 = CARTESIAN_POINT('',(8.883858752414,-4.66559756933,
    -14.26246152337));
#4916 = CARTESIAN_POINT('',(8.60712978199,-5.162791830846,
    -14.27598864419));
#4917 = CARTESIAN_POINT('',(8.298775791176,-5.641016510698,
    -14.28951578946));
#4918 = CARTESIAN_POINT('',(7.960320999028,-6.097961950214,
    -14.30304354493));
#4919 = CARTESIAN_POINT('',(7.593501336274,-6.531447868791,
    -14.31657182009));
#4920 = CARTESIAN_POINT('',(6.695915957203,-7.462772846718,
    -14.34745080767));
#4921 = CARTESIAN_POINT('',(6.147973708584,-7.944310547241,
    -14.36480584368));
#4922 = CARTESIAN_POINT('',(5.560642608566,-8.37966110514,
    -14.38215954695));
#4923 = CARTESIAN_POINT('',(4.93851107843,-8.765117077773,
    -14.39951147729));
#4924 = CARTESIAN_POINT('',(4.286503081655,-9.097546801658,
    -14.41686338016));
#4925 = CARTESIAN_POINT('',(3.609848244767,-9.374361122915,
    -14.43421702037));
#4926 = CARTESIAN_POINT('',(2.914094837382,-9.593556189404,-14.451572));
#4927 = CARTESIAN_POINT('',(1.412015017692,-9.933149352437,
    -14.48833650072));
#4928 = CARTESIAN_POINT('',(0.601960805264,-10.03880934,-14.50775512791)
  );
#4929 = CARTESIAN_POINT('',(-0.216660197415,-10.06885100032,
    -14.52717067958));
#4930 = CARTESIAN_POINT('',(-1.035593603373,-10.02260280169,
    -14.54658346465));
#4931 = CARTESIAN_POINT('',(-1.846681803854,-9.900427690557,
    -14.56599625519));
#4932 = CARTESIAN_POINT('',(-2.641865318059,-9.703638360527,
    -14.58541184875));
#4933 = CARTESIAN_POINT('',(-3.413201440252,-9.43457992311,
    -14.60483057837));
#4934 = CARTESIAN_POINT('',(-4.800514021719,-8.801240285717,
    -14.64123830968));
#4935 = CARTESIAN_POINT('',(-5.424161121525,-8.452864983627,
    -14.65823612703));
#4936 = CARTESIAN_POINT('',(-6.018682598812,-8.054082551901,
    -14.67523266911));
#4937 = CARTESIAN_POINT('',(-6.579353651889,-7.607787565543,
    -14.69222758637));
#4938 = CARTESIAN_POINT('',(-7.10184449697,-7.117344354163,
    -14.70922251281));
#4939 = CARTESIAN_POINT('',(-7.582201539118,-6.58655221572,
    -14.72621907752));
#4940 = CARTESIAN_POINT('',(-8.01687906377,-6.019669061657,
    -14.74321692466));
#4941 = CARTESIAN_POINT('',(-8.989799294295,-4.511731259844,
    -14.7860590742));
#4942 = CARTESIAN_POINT('',(-9.464760227428,-3.528481061884,
    -14.81193063259));
#4943 = CARTESIAN_POINT('',(-9.815974835615,-2.489113794061,
    -14.8377880597));
#4944 = CARTESIAN_POINT('',(-10.03638714231,-1.411959205012,
    -14.86363666174));
#4945 = CARTESIAN_POINT('',(-10.12172517857,-0.315801632641,
    -14.88948542896));
#4946 = CARTESIAN_POINT('',(-10.07091213268,0.780124866636,
    -14.91534300967));
#4947 = CARTESIAN_POINT('',(-9.885672830689,1.856254829733,
    -14.94121466983));
#4948 = CARTESIAN_POINT('',(-9.259207267127,3.929379634625,
    -14.99291737324));
#4949 = CARTESIAN_POINT('',(-8.817309399615,4.928306894146,
    -15.01879713759));
#4950 = CARTESIAN_POINT('',(-8.252442682479,5.869229926795,
    -15.04466289309));
#4951 = CARTESIAN_POINT('',(-7.574016477136,6.734887037957,
    -15.07051936534));
#4952 = CARTESIAN_POINT('',(-6.793591472669,7.509845899576,
    -15.09637586859));
#4953 = CARTESIAN_POINT('',(-5.92514292002,8.180821203518,
    -15.12224134603));
#4954 = CARTESIAN_POINT('',(-4.984714437152,8.73645038877,
    -15.14812086909));
#4955 = CARTESIAN_POINT('',(-3.294283492755,9.472396711864,
    -15.19213561024));
#4956 = CARTESIAN_POINT('',(-2.57029462355,9.715470927838,
    -15.21029922794));
#4957 = CARTESIAN_POINT('',(-1.826122221027,9.895155960846,
    -15.22846116026));
#4958 = CARTESIAN_POINT('',(-1.068269541015,10.009582887861,
    -15.24662088503));
#4959 = CARTESIAN_POINT('',(-0.303337294739,10.057674735768,
    -15.26478061116));
#4960 = CARTESIAN_POINT('',(0.461995324104,10.03909111689,
    -15.28294258222));
#4961 = CARTESIAN_POINT('',(1.220977252073,9.954286396353,
    -15.30110631727));
#4962 = CARTESIAN_POINT('',(2.749533629752,9.647664110551,
    -15.33832498335));
#4963 = CARTESIAN_POINT('',(3.51818139192,9.419183551137,-15.35738928155
    ));
#4964 = CARTESIAN_POINT('',(4.264772797137,9.12076701657,-15.37645107925
    ));
#4965 = CARTESIAN_POINT('',(4.981917319232,8.754996478505,
    -15.39550982918));
#4966 = CARTESIAN_POINT('',(5.662686906678,8.325302135382,
    -15.41456854006));
#4967 = CARTESIAN_POINT('',(6.300593707658,7.835887853959,
    -15.43363024981));
#4968 = CARTESIAN_POINT('',(6.889642817248,7.291788493715,
    -15.45269447283));
#4969 = CARTESIAN_POINT('',(7.821690951579,6.258814457057,
    -15.48590964078));
#4970 = CARTESIAN_POINT('',(8.18912194079,5.791612281304,-15.50006696473
    ));
#4971 = CARTESIAN_POINT('',(8.524564905121,5.299860243981,-15.5142238482
    ));
#4972 = CARTESIAN_POINT('',(8.826125024763,4.786131181477,
    -15.52838012916));
#4973 = CARTESIAN_POINT('',(9.092167443983,4.253141973355,
    -15.54253642147));
#4974 = CARTESIAN_POINT('',(9.321307021315,3.703744918786,
    -15.55669332322));
#4975 = CARTESIAN_POINT('',(9.512421155265,3.140931625519,
    -15.57085064057));
#4976 = CARTESIAN_POINT('',(9.748042335834,2.254117686607,
    -15.59275626959));
#4977 = CARTESIAN_POINT('',(9.819760347742,1.937290979751,
    -15.60050593872));
#4978 = CARTESIAN_POINT('',(9.879705111013,1.617876615824,
    -15.60825554255));
#4979 = CARTESIAN_POINT('',(9.927768883046,1.296385634166,
    -15.61600507937));
#4980 = CARTESIAN_POINT('',(9.963870796486,0.973332675625,
    -15.62375459121));
#4981 = CARTESIAN_POINT('',(9.987956866824,0.649235869707,
    -15.63150411711));
#4982 = CARTESIAN_POINT('',(10.,0.324616721734,-15.63925364635));
#4983 = CARTESIAN_POINT('',(10.,-4.428457600625E-12,-15.64700307173));
#4984 = ORIENTED_EDGE('',*,*,#4985,.T.);
#4985 = EDGE_CURVE('',#4902,#4986,#4988,.T.);
#4986 = VERTEX_POINT('',#4987);
#4987 = CARTESIAN_POINT('',(10.,-1.677599222715E-12,-15.85299467637));
#4988 = LINE('',#4989,#4990);
#4989 = CARTESIAN_POINT('',(10.,0.,0.));
#4990 = VECTOR('',#4991,1.);
#4991 = DIRECTION('',(0.,-2.22044604925E-16,-1.));
#4992 = ORIENTED_EDGE('',*,*,#4993,.F.);
#4993 = EDGE_CURVE('',#4465,#4986,#4994,.T.);
#4994 = B_SPLINE_CURVE_WITH_KNOTS('',8,(#4995,#4996,#4997,#4998,#4999,
    #5000,#5001,#5002,#5003,#5004,#5005,#5006,#5007,#5008,#5009,#5010,
    #5011,#5012,#5013,#5014,#5015,#5016,#5017,#5018,#5019,#5020,#5021,
    #5022,#5023,#5024,#5025,#5026,#5027,#5028,#5029,#5030,#5031,#5032,
    #5033,#5034,#5035,#5036,#5037,#5038,#5039,#5040,#5041,#5042,#5043,
    #5044,#5045,#5046,#5047,#5048,#5049,#5050,#5051,#5052,#5053,#5054,
    #5055,#5056,#5057,#5058,#5059,#5060,#5061,#5062,#5063,#5064,#5065,
    #5066,#5067,#5068,#5069,#5070,#5071,#5072,#5073,#5074,#5075,#5076,
    #5077,#5078,#5079,#5080),.UNSPECIFIED.,.F.,.F.,(9,7,7,7,7,7,7,7,7,7,
    7,7,9),(0.,1.418667605702E-02,4.876829434553E-02,0.122137725285,
    0.214577039348,0.318234912494,0.427445483888,0.576289973395,
    0.685167905783,0.788972983839,0.883078588557,0.958080118917,1.),
  .UNSPECIFIED.);
#4995 = CARTESIAN_POINT('',(10.,-2.591704628685E-12,-14.35299403348));
#4996 = CARTESIAN_POINT('',(10.,-0.111405799441,-14.35565371037));
#4997 = CARTESIAN_POINT('',(9.998581571506,-0.222811600009,
    -14.35831337704));
#4998 = CARTESIAN_POINT('',(9.995744714161,-0.334196325489,
    -14.36097303406));
#4999 = CARTESIAN_POINT('',(9.991489803254,-0.445538910972,
    -14.36363268204));
#5000 = CARTESIAN_POINT('',(9.985817589725,-0.556818302851,
    -14.36629232162));
#5001 = CARTESIAN_POINT('',(9.978729200157,-0.668013458824,
    -14.36895195342));
#5002 = CARTESIAN_POINT('',(9.970226136786,-0.779103347893,
    -14.37161157809));
#5003 = CARTESIAN_POINT('',(9.936139255343,-1.160553210087,
    -14.38075431482));
#5004 = CARTESIAN_POINT('',(9.903573270035,-1.430290543178,
    -14.38723741024));
#5005 = CARTESIAN_POINT('',(9.862639703429,-1.698973335996,
    -14.39372049381));
#5006 = CARTESIAN_POINT('',(9.813378948508,-1.966298615108,
    -14.40020357467));
#5007 = CARTESIAN_POINT('',(9.75584440937,-2.23196604729,-14.40668665983
    ));
#5008 = CARTESIAN_POINT('',(9.690102501231,-2.495677939525,
    -14.41316975424));
#5009 = CARTESIAN_POINT('',(9.616232650426,-2.757139239004,
    -14.41965286072));
#5010 = CARTESIAN_POINT('',(9.360554357815,-3.565386594055,
    -14.4398907664));
#5011 = CARTESIAN_POINT('',(9.150596354061,-4.103315796781,
    -14.45364669282));
#5012 = CARTESIAN_POINT('',(8.90534284418,-4.627000352899,
    -14.46740225897));
#5013 = CARTESIAN_POINT('',(8.625942084504,-5.133744167581,
    -14.48115729402));
#5014 = CARTESIAN_POINT('',(8.313771291692,-5.620984821578,
    -14.49491231234));
#5015 = CARTESIAN_POINT('',(7.97042596523,-6.086289847704,
    -14.50866784723));
#5016 = CARTESIAN_POINT('',(7.597728267402,-6.527364301807,
    -14.52242376274));
#5017 = CARTESIAN_POINT('',(6.693821094231,-7.464563470961,
    -14.55350841061));
#5018 = CARTESIAN_POINT('',(6.146443207914,-7.945350970574,
    -14.5708414281));
#5019 = CARTESIAN_POINT('',(5.559786600161,-8.380058021839,
    -14.58817285307));
#5020 = CARTESIAN_POINT('',(4.938423135987,-8.764992000439,
    -14.60550238837));
#5021 = CARTESIAN_POINT('',(4.287258538936,-9.097033236041,
    -14.62283194552));
#5022 = CARTESIAN_POINT('',(3.611502731039,-9.373601984941,
    -14.64016342072));
#5023 = CARTESIAN_POINT('',(2.916682720857,-9.592700902289,
    -14.65749648362));
#5024 = CARTESIAN_POINT('',(1.414791388228,-9.932823245495,
    -14.69425945409));
#5025 = CARTESIAN_POINT('',(0.603918658963,-10.03881012491,
    -14.71369857126));
#5026 = CARTESIAN_POINT('',(-0.215557412962,-10.06902287953,
    -14.73313472416));
#5027 = CARTESIAN_POINT('',(-1.035356732805,-10.02278627063,
    -14.75256834891));
#5028 = CARTESIAN_POINT('',(-1.84729636396,-9.900463773924,
    -14.77200197732));
#5029 = CARTESIAN_POINT('',(-2.643291859273,-9.703372334067,
    -14.79143810507));
#5030 = CARTESIAN_POINT('',(-3.415375987403,-9.433865543412,
    -14.81087712445));
#5031 = CARTESIAN_POINT('',(-4.935815732123,-8.739177630966,
    -14.85078419722));
#5032 = CARTESIAN_POINT('',(-5.68122513935,-8.306184844208,
    -14.87126575895));
#5033 = CARTESIAN_POINT('',(-6.382759148865,-7.80070254649,
    -14.89174321309));
#5034 = CARTESIAN_POINT('',(-7.03229550807,-7.228064987026,
    -14.91221733429));
#5035 = CARTESIAN_POINT('',(-7.622547873522,-6.594493043454,
    -14.93269143868));
#5036 = CARTESIAN_POINT('',(-8.147097686883,-5.907099546603,
    -14.95316893275));
#5037 = CARTESIAN_POINT('',(-8.600389741551,-5.173857253626,
    -14.97365054719));
#5038 = CARTESIAN_POINT('',(-9.492822992745,-3.354479210997,
    -15.02202891167));
#5039 = CARTESIAN_POINT('',(-9.868048554342,-2.234966771744,
    -15.04996902086));
#5040 = CARTESIAN_POINT('',(-10.09135273219,-1.069048629874,
    -15.07788822866));
#5041 = CARTESIAN_POINT('',(-10.15715259137,0.119158307151,
    -15.10579466497));
#5042 = CARTESIAN_POINT('',(-10.063495808,1.305494585159,-15.13370179374
    ));
#5043 = CARTESIAN_POINT('',(-9.812901114196,2.465853104313,
    -15.16162045724));
#5044 = CARTESIAN_POINT('',(-9.411515260384,3.576254972312,
    -15.18956036229));
#5045 = CARTESIAN_POINT('',(-8.477850601627,5.371878452923,
    -15.2378763651));
#5046 = CARTESIAN_POINT('',(-8.009142563271,6.092198823779,
    -15.25829562932));
#5047 = CARTESIAN_POINT('',(-7.470685701795,6.765328204654,
    -15.27871101291));
#5048 = CARTESIAN_POINT('',(-6.868163747522,7.383494988125,
    -15.29912319701));
#5049 = CARTESIAN_POINT('',(-6.2080946122,7.939796710883,-15.31953536294
    ));
#5050 = CARTESIAN_POINT('',(-5.497833488396,8.428231013045,
    -15.33995077807));
#5051 = CARTESIAN_POINT('',(-4.745542175632,8.843690318014,
    -15.36037008091));
#5052 = CARTESIAN_POINT('',(-3.211941896351,9.505152538717,
    -15.40024239769));
#5053 = CARTESIAN_POINT('',(-2.433126663642,9.758359950892,
    -15.41970888059));
#5054 = CARTESIAN_POINT('',(-1.631900520982,9.938445116106,
    -15.43917216106));
#5055 = CARTESIAN_POINT('',(-0.816314109449,10.04321770161,
    -15.45863265576));
#5056 = CARTESIAN_POINT('',(5.486820950711E-03,10.071532181542,
    -15.47809315998));
#5057 = CARTESIAN_POINT('',(0.825278456871,10.023203567764,
    -15.49755643486));
#5058 = CARTESIAN_POINT('',(1.634762129185,9.899093310987,
    -15.51702285554));
#5059 = CARTESIAN_POINT('',(3.142513272425,9.52211780941,-15.55412578842
    ));
#5060 = CARTESIAN_POINT('',(3.844451595164,9.28228052377,-15.57177176717
    ));
#5061 = CARTESIAN_POINT('',(4.525198751718,8.983362831183,-15.5894162844
    ));
#5062 = CARTESIAN_POINT('',(5.178975991805,8.627616626311,
    -15.60705890439));
#5063 = CARTESIAN_POINT('',(5.800361615712,8.217909504797,
    -15.62470154089));
#5064 = CARTESIAN_POINT('',(6.384275437367,7.757677933356,
    -15.64234608941));
#5065 = CARTESIAN_POINT('',(6.926012776472,7.25096299412,-15.65999207572
    ));
#5066 = CARTESIAN_POINT('',(7.816090845976,6.26543028344,-15.69169507005
    ));
#5067 = CARTESIAN_POINT('',(8.181465178389,5.801722842309,
    -15.70575688987));
#5068 = CARTESIAN_POINT('',(8.515306467008,5.313764166529,
    -15.71981808582));
#5069 = CARTESIAN_POINT('',(8.815755001336,4.804073129039,
    -15.73387855286));
#5070 = CARTESIAN_POINT('',(9.081203889098,4.275309319573,
    -15.74793900145));
#5071 = CARTESIAN_POINT('',(9.310289220826,3.730264741419,
    -15.76200016341));
#5072 = CARTESIAN_POINT('',(9.501902380228,3.171867574384,-15.7760619771
    ));
#5073 = CARTESIAN_POINT('',(9.740919352327,2.285357012579,-15.7979816051
    ));
#5074 = CARTESIAN_POINT('',(9.814656991347,1.964289376754,
    -15.80584056292));
#5075 = CARTESIAN_POINT('',(9.87629510035,1.64052371656,-15.81369953815)
  );
#5076 = CARTESIAN_POINT('',(9.925719757049,1.314592653384,
    -15.82155851634));
#5077 = CARTESIAN_POINT('',(9.962845447642,0.987032687708,-15.8294175194
    ));
#5078 = CARTESIAN_POINT('',(9.987615080524,0.658384076876,
    -15.83727656914));
#5079 = CARTESIAN_POINT('',(10.,0.329190712855,-15.84513565076));
#5080 = CARTESIAN_POINT('',(10.,-3.351985355948E-12,-15.85299467637));
#5081 = CYLINDRICAL_SURFACE('',#5082,10.);
#5082 = AXIS2_PLACEMENT_3D('',#5083,#5084,#5085);
#5083 = CARTESIAN_POINT('',(0.,0.,0.));
#5084 = DIRECTION('',(0.,-2.22044604925E-16,-1.));
#5085 = DIRECTION('',(1.,0.,0.));
#5086 = ADVANCED_FACE('',(#5087),#5180,.T.);
#5087 = FACE_BOUND('',#5088,.T.);
#5088 = EDGE_LOOP('',(#5089,#5090,#5091,#5175));
#5089 = ORIENTED_EDGE('',*,*,#4901,.F.);
#5090 = ORIENTED_EDGE('',*,*,#4655,.T.);
#5091 = ORIENTED_EDGE('',*,*,#5092,.T.);
#5092 = EDGE_CURVE('',#4572,#5093,#5095,.T.);
#5093 = VERTEX_POINT('',#5094);
#5094 = CARTESIAN_POINT('',(9.266,-1.65878436E-07,-15.22320944539));
#5095 = B_SPLINE_CURVE_WITH_KNOTS('',8,(#5096,#5097,#5098,#5099,#5100,
    #5101,#5102,#5103,#5104,#5105,#5106,#5107,#5108,#5109,#5110,#5111,
    #5112,#5113,#5114,#5115,#5116,#5117,#5118,#5119,#5120,#5121,#5122,
    #5123,#5124,#5125,#5126,#5127,#5128,#5129,#5130,#5131,#5132,#5133,
    #5134,#5135,#5136,#5137,#5138,#5139,#5140,#5141,#5142,#5143,#5144,
    #5145,#5146,#5147,#5148,#5149,#5150,#5151,#5152,#5153,#5154,#5155,
    #5156,#5157,#5158,#5159,#5160,#5161,#5162,#5163,#5164,#5165,#5166,
    #5167,#5168,#5169,#5170,#5171,#5172,#5173,#5174),.UNSPECIFIED.,.F.,
  .F.,(9,7,7,7,7,7,7,7,7,7,7,9),(0.,1.944324729878E-02,0.121376876658,
    0.214579842684,0.319384670415,0.425666630691,0.573470575259,
    0.681283258046,0.789184211593,0.882511878334,0.960620165894,1.),
  .UNSPECIFIED.);
#5096 = CARTESIAN_POINT('',(9.266,-3.0159644915E-07,-13.72321197749));
#5097 = CARTESIAN_POINT('',(9.266,-0.141477265445,-13.72685672126));
#5098 = CARTESIAN_POINT('',(9.263531283891,-0.28295426034,
    -13.73050152596));
#5099 = CARTESIAN_POINT('',(9.258593852283,-0.424380968761,
    -13.7341463849));
#5100 = CARTESIAN_POINT('',(9.251188932586,-0.565707138194,
    -13.73779129135));
#5101 = CARTESIAN_POINT('',(9.241318979007,-0.706882581132,
    -13.7414362386));
#5102 = CARTESIAN_POINT('',(9.228987672555,-0.847857175072,
    -13.74508121986));
#5103 = CARTESIAN_POINT('',(9.214199921039,-0.988580862517,
    -13.74872622835));
#5104 = CARTESIAN_POINT('',(9.106589186579,-1.865187491715,
    -13.77148077231));
#5105 = CARTESIAN_POINT('',(8.948842727679,-2.593312714089,
    -13.79059621315));
#5106 = CARTESIAN_POINT('',(8.724582170746,-3.30586625072,
    -13.80970904038));
#5107 = CARTESIAN_POINT('',(8.435692036283,-3.995782904784,
    -13.82881852913));
#5108 = CARTESIAN_POINT('',(8.084881607917,-4.656369420822,
    -13.84792782151));
#5109 = CARTESIAN_POINT('',(7.675613417383,-5.281289376953,
    -13.86704010561));
#5110 = CARTESIAN_POINT('',(7.212160283523,-5.864608898504,
    -13.8861549211));
#5111 = CARTESIAN_POINT('',(6.231306205405,-6.891263628844,
    -13.92273750922));
#5112 = CARTESIAN_POINT('',(5.721711232385,-7.342534366724,
    -13.94021396464));
#5113 = CARTESIAN_POINT('',(5.174943983514,-7.750540070507,
    -13.95768904738));
#5114 = CARTESIAN_POINT('',(4.5953343529,-8.111757671738,-13.97516231403
    ));
#5115 = CARTESIAN_POINT('',(3.987533483948,-8.423211627058,
    -13.99263556795));
#5116 = CARTESIAN_POINT('',(3.35648463374,-8.682442182599,
    -14.01011062537));
#5117 = CARTESIAN_POINT('',(2.707435549323,-8.887546645406,
    -14.02758706775));
#5118 = CARTESIAN_POINT('',(1.302213022462,-9.20568111705,
    -14.06470791238));
#5119 = CARTESIAN_POINT('',(0.542361089306,-9.304162070296,
    -14.08436186504));
#5120 = CARTESIAN_POINT('',(-0.225548315892,-9.330846146915,
    -14.10401255515));
#5121 = CARTESIAN_POINT('',(-0.993582457394,-9.28510098655,
    -14.1236603278));
#5122 = CARTESIAN_POINT('',(-1.753905936193,-9.167299254229,
    -14.14330810667));
#5123 = CARTESIAN_POINT('',(-2.498781940635,-8.978734659098,
    -14.16295883771));
#5124 = CARTESIAN_POINT('',(-3.220591192944,-8.721703714422,
    -14.18261288502));
#5125 = CARTESIAN_POINT('',(-4.612952164273,-8.073258573593,
    -14.22218571059));
#5126 = CARTESIAN_POINT('',(-5.283095093457,-7.679788502649,
    -14.24211731713));
#5127 = CARTESIAN_POINT('',(-5.914500055508,-7.222897235351,
    -14.26204555965));
#5128 = CARTESIAN_POINT('',(-6.500228840345,-6.707143039575,
    -14.28197087295));
#5129 = CARTESIAN_POINT('',(-7.034078109257,-6.137857918761,
    -14.301896179));
#5130 = CARTESIAN_POINT('',(-7.510524170012,-5.521075136325,
    -14.32182439216));
#5131 = CARTESIAN_POINT('',(-7.924793652123,-4.86358667534,
    -14.34175594455));
#5132 = CARTESIAN_POINT('',(-8.757447360846,-3.212869941853,
    -14.38938985297));
#5133 = CARTESIAN_POINT('',(-9.115036151065,-2.18719124901,
    -14.41713311955));
#5134 = CARTESIAN_POINT('',(-9.334396874132,-1.117417211367,
    -14.44485603625));
#5135 = CARTESIAN_POINT('',(-9.410168185056,-2.535615375828E-02,
    -14.47256765823));
#5136 = CARTESIAN_POINT('',(-9.340283057473,1.067097366994,
    -14.50027864778));
#5137 = CARTESIAN_POINT('',(-9.126690558562,2.138037846259,
    -14.52800206141));
#5138 = CARTESIAN_POINT('',(-8.774634430652,3.1656285898,-14.5557455371)
  );
#5139 = CARTESIAN_POINT('',(-7.945925937556,4.83078010372,
    -14.60366642524));
#5140 = CARTESIAN_POINT('',(-7.528318641507,5.499526359886,
    -14.62388531955));
#5141 = CARTESIAN_POINT('',(-7.046558872091,6.126614664828,
    -14.64410042959));
#5142 = CARTESIAN_POINT('',(-6.505609729776,6.70493832009,
    -14.66431231426));
#5143 = CARTESIAN_POINT('',(-5.911228716051,7.22819296445,
    -14.68452418687));
#5144 = CARTESIAN_POINT('',(-5.269891026684,7.69081393493,
    -14.70473925542));
#5145 = CARTESIAN_POINT('',(-4.588849841634,8.08805481144,
    -14.72495808287));
#5146 = CARTESIAN_POINT('',(-3.163176726154,8.744683771394,
    -14.7653982507));
#5147 = CARTESIAN_POINT('',(-2.417990344345,9.004190314597,
    -14.7856338421));
#5148 = CARTESIAN_POINT('',(-1.648893172437,9.190905721735,
    -14.80586587532));
#5149 = CARTESIAN_POINT('',(-0.864227631804,9.302398266055,-14.82609488)
  );
#5150 = CARTESIAN_POINT('',(-7.245234216356E-02,9.337362981179,
    -14.84632388855));
#5151 = CARTESIAN_POINT('',(0.717878453312,9.295524263858,
    -14.86655596568));
#5152 = CARTESIAN_POINT('',(1.498117110857,9.177735336421,
    -14.88679167219));
#5153 = CARTESIAN_POINT('',(2.918135777371,8.820680077974,
    -14.92451634743));
#5154 = CARTESIAN_POINT('',(3.562986582637,8.599885967495,
    -14.94201595414));
#5155 = CARTESIAN_POINT('',(4.188500720323,8.325265370813,
    -14.95951390436));
#5156 = CARTESIAN_POINT('',(4.789456308843,7.998853976654,
    -14.97700985506));
#5157 = CARTESIAN_POINT('',(5.36095093352,7.623239956782,-14.99450578746
    ));
#5158 = CARTESIAN_POINT('',(5.898388298586,7.20152264595,-15.01200369804
    ));
#5159 = CARTESIAN_POINT('',(6.397508292457,6.737343866417,
    -15.02950327837));
#5160 = CARTESIAN_POINT('',(7.236895311556,5.81456081312,-15.06164268497
    ));
#5161 = CARTESIAN_POINT('',(7.58989595585,5.367279713639,-15.07628732151
    ));
#5162 = CARTESIAN_POINT('',(7.911203951175,4.895611910982,
    -15.09093144543));
#5163 = CARTESIAN_POINT('',(8.198874451204,4.402196381982,-15.105574879)
  );
#5164 = CARTESIAN_POINT('',(8.451238623644,3.889823937846,
    -15.12021835815));
#5165 = CARTESIAN_POINT('',(8.666892131215,3.361427396971,
    -15.13486258978));
#5166 = CARTESIAN_POINT('',(8.8447096812,2.820085760636,-15.14950732299)
  );
#5167 = CARTESIAN_POINT('',(9.054053950677,1.991223005963,
    -15.17153304776));
#5168 = CARTESIAN_POINT('',(9.114403939801,1.710921876168,
    -15.17891566114));
#5169 = CARTESIAN_POINT('',(9.16483282675,1.42854645004,-15.18629819253)
  );
#5170 = CARTESIAN_POINT('',(9.205258348687,1.144506871458,-15.1936806293
    ));
#5171 = CARTESIAN_POINT('',(9.23561876811,0.859215898664,-15.20106298956
    ));
#5172 = CARTESIAN_POINT('',(9.255872876841,0.573088822624,
    -15.20844528363));
#5173 = CARTESIAN_POINT('',(9.266,0.286543385379,-15.21582747558));
#5174 = CARTESIAN_POINT('',(9.266,-3.015964456E-07,-15.22320944461));
#5175 = ORIENTED_EDGE('',*,*,#5176,.F.);
#5176 = EDGE_CURVE('',#4902,#5093,#5177,.T.);
#5177 = B_SPLINE_CURVE_WITH_KNOTS('',1,(#5178,#5179),.UNSPECIFIED.,.F.,
  .F.,(2,2),(0.,0.9375),.PIECEWISE_BEZIER_KNOTS.);
#5178 = CARTESIAN_POINT('',(10.016015974243,7.23445156E-09,
    -15.65625030307));
#5179 = CARTESIAN_POINT('',(9.204126032922,-3.5972259311E-07,
    -15.18748493192));
#5180 = B_SPLINE_SURFACE_WITH_KNOTS('',1,9,(
    (#5181,#5182,#5183,#5184,#5185,#5186,#5187,#5188,#5189,#5190,#5191
      ,#5192,#5193,#5194,#5195,#5196,#5197,#5198,#5199,#5200,#5201,#5202
      ,#5203,#5204,#5205,#5206,#5207,#5208,#5209,#5210,#5211)
    ,(#5212,#5213,#5214,#5215,#5216,#5217,#5218,#5219,#5220,#5221,#5222
      ,#5223,#5224,#5225,#5226,#5227,#5228,#5229,#5230,#5231,#5232,#5233
      ,#5234,#5235,#5236,#5237,#5238,#5239,#5240,#5241,#5242
  )),.UNSPECIFIED.,.F.,.F.,.F.,(2,2),(10,7,7,7,10),(0.,0.9375),(0.,
    1.614938419963,3.229876839926,4.844815259889,6.459753679852),
  .UNSPECIFIED.);
#5181 = CARTESIAN_POINT('',(10.01601452204,6.57675692E-09,-14.1562502755
    ));
#5182 = CARTESIAN_POINT('',(10.016016628622,-1.748124447908,
    -14.19791698213));
#5183 = CARTESIAN_POINT('',(9.672769710236,-3.496236939755,
    -14.23958361886));
#5184 = CARTESIAN_POINT('',(8.986286450782,-5.167357011105,
    -14.28125027723));
#5185 = CARTESIAN_POINT('',(7.976719971372,-6.684407638397,
    -14.32291695694));
#5186 = CARTESIAN_POINT('',(6.684403459201,-7.976722066345,
    -14.36458362328));
#5187 = CARTESIAN_POINT('',(5.167349179148,-8.986283255294,
    -14.40625029075));
#5188 = CARTESIAN_POINT('',(3.496248669421,-9.672769601585,
    -14.44791695632));
#5189 = CARTESIAN_POINT('',(1.7927474142E-07,-10.35925770375,
    -14.53125028873));
#5190 = CARTESIAN_POINT('',(-3.496248651718,-9.672773604422,
    -14.61458362282));
#5191 = CARTESIAN_POINT('',(-5.167348174885,-8.986288819653,
    -14.65625029037));
#5192 = CARTESIAN_POINT('',(-6.684407348602,-7.976717620109,
    -14.69791695705));
#5193 = CARTESIAN_POINT('',(-7.976716663638,-6.684406150024,
    -14.73958362247));
#5194 = CARTESIAN_POINT('',(-8.986286288094,-5.167346129996,
    -14.78125028797));
#5195 = CARTESIAN_POINT('',(-9.672771713578,-3.496247074255,
    -14.82291695481));
#5196 = CARTESIAN_POINT('',(-10.35925845183,-2.33511334E-09,
    -14.90625028928));
#5197 = CARTESIAN_POINT('',(-9.672771831714,3.496247092781,
    -14.98958362376));
#5198 = CARTESIAN_POINT('',(-8.986286425995,5.167346183381,
    -15.03125029059));
#5199 = CARTESIAN_POINT('',(-7.976716659728,6.684406168462,
    -15.0729169561));
#5200 = CARTESIAN_POINT('',(-6.68440727427,7.976717530465,
    -15.11458362152));
#5201 = CARTESIAN_POINT('',(-5.167348166859,8.986288691544,
    -15.1562502882));
#5202 = CARTESIAN_POINT('',(-3.496248663578,9.672773579949,
    -15.19791695575));
#5203 = CARTESIAN_POINT('',(1.6845156927E-07,10.359257761357,
    -15.28125028983));
#5204 = CARTESIAN_POINT('',(3.496248657562,9.672769566553,
    -15.36458362224));
#5205 = CARTESIAN_POINT('',(5.167349091765,8.986283167691,
    -15.40625028782));
#5206 = CARTESIAN_POINT('',(6.684403608634,7.976721782872,
    -15.44791695527));
#5207 = CARTESIAN_POINT('',(7.976719330036,6.684407974006,
    -15.48958362165));
#5208 = CARTESIAN_POINT('',(8.986287844151,5.167357945612,
    -15.53125030132));
#5209 = CARTESIAN_POINT('',(9.672770151272,3.496236126287,
    -15.57291695971));
#5210 = CARTESIAN_POINT('',(10.016013867552,1.748124461719,
    -15.61458359643));
#5211 = CARTESIAN_POINT('',(10.016015974243,7.23445156E-09,
    -15.65625030307));
#5212 = CARTESIAN_POINT('',(9.204123773914,-3.2702075003E-07,
    -13.68748630173));
#5213 = CARTESIAN_POINT('',(9.204126991992,-1.606422455508,
    -13.72915098242));
#5214 = CARTESIAN_POINT('',(8.888702455042,-3.21283364789,
    -13.77081913697));
#5215 = CARTESIAN_POINT('',(8.257864489486,-4.748500824035,
    -13.81248621535));
#5216 = CARTESIAN_POINT('',(7.330130269156,-6.142572277567,
    -13.85415223496));
#5217 = CARTESIAN_POINT('',(6.142573698207,-7.330135206398,
    -13.89581891692));
#5218 = CARTESIAN_POINT('',(4.748488236792,-8.257862014027,
    -13.93748554405));
#5219 = CARTESIAN_POINT('',(3.212845333684,-8.888702541389,
    -13.97915226488));
#5220 = CARTESIAN_POINT('',(-1.03250144178E-06,-9.519544354235,
    -14.06248564422));
#5221 = CARTESIAN_POINT('',(-3.212846157153,-8.888705969291,
    -14.14581894026));
#5222 = CARTESIAN_POINT('',(-4.748486874722,-8.257867185599,
    -14.18748556299));
#5223 = CARTESIAN_POINT('',(-6.142574248533,-7.330131539086,
    -14.22915222908));
#5224 = CARTESIAN_POINT('',(-7.33013034051,-6.142573626126,
    -14.27081895743));
#5225 = CARTESIAN_POINT('',(-8.257865230409,-4.748484574167,
    -14.31248568195));
#5226 = CARTESIAN_POINT('',(-8.888704516597,-3.212843464868,
    -14.35415234035));
#5227 = CARTESIAN_POINT('',(-9.519545050158,3.6261685681E-07,
    -14.43748561682));
#5228 = CARTESIAN_POINT('',(-8.888704453149,3.212844177645,
    -14.5208188933));
#5229 = CARTESIAN_POINT('',(-8.257865079543,4.748485292626,
    -14.5624855517));
#5230 = CARTESIAN_POINT('',(-7.330129861776,6.142574218836,
    -14.60415227622));
#5231 = CARTESIAN_POINT('',(-6.142573568875,7.33013187229,
    -14.64581900457));
#5232 = CARTESIAN_POINT('',(-4.74848622682,8.257867351697,
    -14.68748567066));
#5233 = CARTESIAN_POINT('',(-3.212845491645,8.88870617844,
    -14.72915229339));
#5234 = CARTESIAN_POINT('',(-3.1683917687E-07,9.519544443841,
    -14.81248558943));
#5235 = CARTESIAN_POINT('',(3.212845999192,8.888702239676,
    -14.89581896877));
#5236 = CARTESIAN_POINT('',(4.748488736277,8.257861512375,
    -14.93748568961));
#5237 = CARTESIAN_POINT('',(6.142574494689,7.330134292786,
    -14.97915231671));
#5238 = CARTESIAN_POINT('',(7.330129744169,6.142572235598,
    -15.02081899873));
#5239 = CARTESIAN_POINT('',(8.257867022348,4.748501642314,
    -15.06248501826));
#5240 = CARTESIAN_POINT('',(8.888703388325,3.212831698525,
    -15.10415209669));
#5241 = CARTESIAN_POINT('',(9.204122820555,1.606421768763,
    -15.14582025122));
#5242 = CARTESIAN_POINT('',(9.204126032922,-3.5972259311E-07,
    -15.18748493192));
#5243 = ADVANCED_FACE('',(#5244),#5255,.T.);
#5244 = FACE_BOUND('',#5245,.F.);
#5245 = EDGE_LOOP('',(#5246,#5247,#5248,#5249));
#5246 = ORIENTED_EDGE('',*,*,#4743,.F.);
#5247 = ORIENTED_EDGE('',*,*,#4729,.T.);
#5248 = ORIENTED_EDGE('',*,*,#5092,.T.);
#5249 = ORIENTED_EDGE('',*,*,#5250,.F.);
#5250 = EDGE_CURVE('',#4744,#5093,#5251,.T.);
#5251 = LINE('',#5252,#5253);
#5252 = CARTESIAN_POINT('',(9.266,0.,0.));
#5253 = VECTOR('',#5254,1.);
#5254 = DIRECTION('',(-7.E-17,0.,-1.));
#5255 = CYLINDRICAL_SURFACE('',#5256,9.266);
#5256 = AXIS2_PLACEMENT_3D('',#5257,#5258,#5259);
#5257 = CARTESIAN_POINT('',(0.,0.,0.));
#5258 = DIRECTION('',(-0.,-0.,-1.));
#5259 = DIRECTION('',(1.,0.,0.));
#5260 = ADVANCED_FACE('',(#5261),#5354,.T.);
#5261 = FACE_BOUND('',#5262,.T.);
#5262 = EDGE_LOOP('',(#5263,#5347,#5348,#5349));
#5263 = ORIENTED_EDGE('',*,*,#5264,.F.);
#5264 = EDGE_CURVE('',#4744,#5265,#5267,.T.);
#5265 = VERTEX_POINT('',#5266);
#5266 = CARTESIAN_POINT('',(9.266,-1.65875681E-07,-16.27675124561));
#5267 = B_SPLINE_CURVE_WITH_KNOTS('',8,(#5268,#5269,#5270,#5271,#5272,
    #5273,#5274,#5275,#5276,#5277,#5278,#5279,#5280,#5281,#5282,#5283,
    #5284,#5285,#5286,#5287,#5288,#5289,#5290,#5291,#5292,#5293,#5294,
    #5295,#5296,#5297,#5298,#5299,#5300,#5301,#5302,#5303,#5304,#5305,
    #5306,#5307,#5308,#5309,#5310,#5311,#5312,#5313,#5314,#5315,#5316,
    #5317,#5318,#5319,#5320,#5321,#5322,#5323,#5324,#5325,#5326,#5327,
    #5328,#5329,#5330,#5331,#5332,#5333,#5334,#5335,#5336,#5337,#5338,
    #5339,#5340,#5341,#5342,#5343,#5344,#5345,#5346),.UNSPECIFIED.,.F.,
  .F.,(9,7,7,7,7,7,7,7,7,7,7,9),(0.,4.867120064319E-02,0.119588684711,
    0.214061154144,0.319271569992,0.422162152215,0.550481906176,
    0.68602621848,0.788781897733,0.881511280772,0.957407414811,1.),
  .UNSPECIFIED.);
#5268 = CARTESIAN_POINT('',(9.266,-3.0159208464E-07,-14.77675228709));
#5269 = CARTESIAN_POINT('',(9.266,-0.354158446308,-14.78587660569));
#5270 = CARTESIAN_POINT('',(9.250529862068,-0.708321895949,
    -14.79500115011));
#5271 = CARTESIAN_POINT('',(9.219588789962,-1.061694493577,
    -14.80412566768));
#5272 = CARTESIAN_POINT('',(9.173226046005,-1.413487415813,
    -14.8132501449));
#5273 = CARTESIAN_POINT('',(9.111538284992,-1.762918946645,
    -14.82237467425));
#5274 = CARTESIAN_POINT('',(9.034668650137,-2.109214521894,
    -14.83149933958));
#5275 = CARTESIAN_POINT('',(8.942807631067,-2.451607044359,
    -14.8406241198));
#5276 = CARTESIAN_POINT('',(8.680854312154,-3.2814352962,-14.86304415095
    ));
#5277 = CARTESIAN_POINT('',(8.494181874007,-3.76367922924,
    -14.87634047808));
#5278 = CARTESIAN_POINT('',(8.276920933285,-4.233692221211,
    -14.8896364926));
#5279 = CARTESIAN_POINT('',(8.030022812461,-4.689215055482,
    -14.90293203885));
#5280 = CARTESIAN_POINT('',(7.754625058706,-5.128095228133,
    -14.91622755012));
#5281 = CARTESIAN_POINT('',(7.452043339073,-5.548284255232,
    -14.92952347919));
#5282 = CARTESIAN_POINT('',(7.123777764744,-5.947843405599,
    -14.94281971471));
#5283 = CARTESIAN_POINT('',(6.302292915698,-6.827329511729,
    -14.97382622736));
#5284 = CARTESIAN_POINT('',(5.790358714128,-7.290020694959,
    -14.99154096493));
#5285 = CARTESIAN_POINT('',(5.239786042635,-7.708631556382,
    -15.00925394397));
#5286 = CARTESIAN_POINT('',(4.655050756475,-8.079450122635,
    -15.02696482905));
#5287 = CARTESIAN_POINT('',(4.040972132437,-8.399339465007,
    -15.04467573586));
#5288 = CARTESIAN_POINT('',(3.402681009717,-8.665703596164,
    -15.06238876933));
#5289 = CARTESIAN_POINT('',(2.745633502415,-8.876532097889,
    -15.08010356554));
#5290 = CARTESIAN_POINT('',(1.329557587783,-9.202017857388,
    -15.11753921081));
#5291 = CARTESIAN_POINT('',(0.567012976521,-9.303115106312,
    -15.13727006507));
#5292 = CARTESIAN_POINT('',(-0.20385822557,-9.33187462709,
    -15.15699772552));
#5293 = CARTESIAN_POINT('',(-0.975031433337,-9.2876353874,
    -15.17672267633));
#5294 = CARTESIAN_POINT('',(-1.738578860383,-9.170757089957,
    -15.19644762291));
#5295 = CARTESIAN_POINT('',(-2.486670881797,-8.982534284126,
    -15.21617524149));
#5296 = CARTESIAN_POINT('',(-3.211595175103,-8.725280064531,
    -15.23590598751));
#5297 = CARTESIAN_POINT('',(-4.584749631089,-8.086987387886,
    -15.27491977159));
#5298 = CARTESIAN_POINT('',(-5.234730521772,-7.708611693288,
    -15.29421465885));
#5299 = CARTESIAN_POINT('',(-5.848682748106,-7.270670458147,
    -15.31350701965));
#5300 = CARTESIAN_POINT('',(-6.420294742963,-6.777255006964,
    -15.33279626641));
#5301 = CARTESIAN_POINT('',(-6.943887469505,-6.233150484234,
    -15.35208551807));
#5302 = CARTESIAN_POINT('',(-7.414375802554,-5.64376896054,
    -15.37137790013));
#5303 = CARTESIAN_POINT('',(-7.82733323215,-5.015191607141,-15.390672828
    ));
#5304 = CARTESIAN_POINT('',(-8.617939698965,-3.530115351834,
    -15.4340190616));
#5305 = CARTESIAN_POINT('',(-8.962109039269,-2.654799035034,
    -15.45809283557));
#5306 = CARTESIAN_POINT('',(-9.204163055071,-1.741907807431,
    -15.48215733416));
#5307 = CARTESIAN_POINT('',(-9.339735694291,-0.805429711426,
    -15.50621493332));
#5308 = CARTESIAN_POINT('',(-9.366489880919,0.140432932458,
    -15.53027259676));
#5309 = CARTESIAN_POINT('',(-9.284297966058,1.081286073966,
    -15.55433691636));
#5310 = CARTESIAN_POINT('',(-9.095062673935,2.00260468516,
    -15.57841063757));
#5311 = CARTESIAN_POINT('',(-8.496274471732,3.826858237238,
    -15.6278783933));
#5312 = CARTESIAN_POINT('',(-8.074416322678,4.727363635597,
    -15.65331176447));
#5313 = CARTESIAN_POINT('',(-7.54368062505,5.573682402077,
    -15.67873257818));
#5314 = CARTESIAN_POINT('',(-6.912625911757,6.350793430747,
    -15.70414530922));
#5315 = CARTESIAN_POINT('',(-6.191665231011,7.045305865799,
    -15.72955802157));
#5316 = CARTESIAN_POINT('',(-5.393260840897,7.645711367969,
    -15.75497908229));
#5317 = CARTESIAN_POINT('',(-4.53165651223,8.142211608041,
    -15.78041266037));
#5318 = CARTESIAN_POINT('',(-2.93577725936,8.820375465184,
    -15.82508786647));
#5319 = CARTESIAN_POINT('',(-2.220459523798,9.049425004669,
    -15.84435737054));
#5320 = CARTESIAN_POINT('',(-1.485081252393,9.212006017616,
    -15.86362425988));
#5321 = CARTESIAN_POINT('',(-0.736878567493,9.306177787645,
    -15.88288799714));
#5322 = CARTESIAN_POINT('',(1.68209369552E-02,9.330929115118,
    -15.90215174718));
#5323 = CARTESIAN_POINT('',(0.768621848176,9.286105411899,
    -15.92141864064));
#5324 = CARTESIAN_POINT('',(1.511072814065,9.172484411347,
    -15.94068809594));
#5325 = CARTESIAN_POINT('',(2.891461296104,8.829127137323,
    -15.97733662503));
#5326 = CARTESIAN_POINT('',(3.532828786373,8.611727993367,
    -15.99472449039));
#5327 = CARTESIAN_POINT('',(4.155277059926,8.341132209919,-16.0121110054
    ));
#5328 = CARTESIAN_POINT('',(4.753677387219,8.019318863257,
    -16.02949575682));
#5329 = CARTESIAN_POINT('',(5.323210236228,7.648806933811,
    -16.04688051291));
#5330 = CARTESIAN_POINT('',(5.859352588652,7.232615465851,
    -16.06426703399));
#5331 = CARTESIAN_POINT('',(6.357906705575,6.774293910712,
    -16.08165488896));
#5332 = CARTESIAN_POINT('',(7.189244649964,5.87183996782,-16.11326786297
    ));
#5333 = CARTESIAN_POINT('',(7.53578473098,5.440134521608,-16.12749759127
    ));
#5334 = CARTESIAN_POINT('',(7.852607999919,4.985150681334,
    -16.14172667748));
#5335 = CARTESIAN_POINT('',(8.137907862207,4.509291876122,
    -16.15595501093));
#5336 = CARTESIAN_POINT('',(8.390122256298,4.015100099805,
    -16.17018334418));
#5337 = CARTESIAN_POINT('',(8.60792403408,3.50524751176,-16.18441245035)
  );
#5338 = CARTESIAN_POINT('',(8.790233179831,2.982540136594,-16.1986422492
    ));
#5339 = CARTESIAN_POINT('',(9.018195368426,2.151037191887,
    -16.22085596082));
#5340 = CARTESIAN_POINT('',(9.088714864669,1.849005563097,
    -16.22884111952));
#5341 = CARTESIAN_POINT('',(9.147668805475,1.544352152604,-16.236826273)
  );
#5342 = CARTESIAN_POINT('',(9.194944693055,1.237594342808,
    -16.24481139084));
#5343 = CARTESIAN_POINT('',(9.230458089643,0.929253392328,
    -16.25279647674));
#5344 = CARTESIAN_POINT('',(9.254152624348,0.619854306105,
    -16.26078152822));
#5345 = CARTESIAN_POINT('',(9.266,0.309925705502,-16.26876649624));
#5346 = CARTESIAN_POINT('',(9.266,-3.0159208464E-07,-16.27675124484));
#5347 = ORIENTED_EDGE('',*,*,#4829,.T.);
#5348 = ORIENTED_EDGE('',*,*,#4993,.T.);
#5349 = ORIENTED_EDGE('',*,*,#5350,.F.);
#5350 = EDGE_CURVE('',#5265,#4986,#5351,.T.);
#5351 = B_SPLINE_CURVE_WITH_KNOTS('',1,(#5352,#5353),.UNSPECIFIED.,.F.,
  .F.,(2,2),(0.,0.9375),.PIECEWISE_BEZIER_KNOTS.);
#5352 = CARTESIAN_POINT('',(9.204104733927,-3.5972633589E-07,
    -16.31248493172));
#5353 = CARTESIAN_POINT('',(10.016012424411,7.23382806E-09,
    -15.84375030303));
#5354 = B_SPLINE_SURFACE_WITH_KNOTS('',1,9,(
    (#5355,#5356,#5357,#5358,#5359,#5360,#5361,#5362,#5363,#5364,#5365
      ,#5366,#5367,#5368,#5369,#5370,#5371,#5372,#5373,#5374,#5375,#5376
      ,#5377,#5378,#5379,#5380,#5381,#5382,#5383,#5384,#5385)
    ,(#5386,#5387,#5388,#5389,#5390,#5391,#5392,#5393,#5394,#5395,#5396
      ,#5397,#5398,#5399,#5400,#5401,#5402,#5403,#5404,#5405,#5406,#5407
      ,#5408,#5409,#5410,#5411,#5412,#5413,#5414,#5415,#5416
  )),.UNSPECIFIED.,.F.,.F.,.F.,(2,2),(10,7,7,7,10),(0.,0.9375),(0.,
    1.614938419963,3.229876839926,4.844815259889,6.459753679852),
  .UNSPECIFIED.);
#5355 = CARTESIAN_POINT('',(9.204104411191,-3.2702404607E-07,
    -14.81248630156));
#5356 = CARTESIAN_POINT('',(9.204104822023,-1.606418907088,
    -14.85415098221));
#5357 = CARTESIAN_POINT('',(8.888683118152,-3.212825999863,
    -14.89581913679));
#5358 = CARTESIAN_POINT('',(8.257847182462,-4.748490950041,
    -14.9374862152));
#5359 = CARTESIAN_POINT('',(7.330113656243,-6.142558925662,
    -14.97915223476));
#5360 = CARTESIAN_POINT('',(6.142560236995,-7.330118819833,
    -15.02081891674));
#5361 = CARTESIAN_POINT('',(4.748477697942,-8.257843710192,
    -15.06248554386));
#5362 = CARTESIAN_POINT('',(3.212838237861,-8.88868288069,
    -15.10415226469));
#5363 = CARTESIAN_POINT('',(-1.0302185972E-06,-9.51952336505,
    -15.18748564403));
#5364 = CARTESIAN_POINT('',(-3.212839059371,-8.88868632205,
    -15.27081894007));
#5365 = CARTESIAN_POINT('',(-4.748476372236,-8.257848864256,
    -15.31248556281));
#5366 = CARTESIAN_POINT('',(-6.142560623388,-7.330115294058,
    -15.35415222889));
#5367 = CARTESIAN_POINT('',(-7.330114140335,-6.142560077515,
    -15.39581895725));
#5368 = CARTESIAN_POINT('',(-8.257847076917,-4.748474129148,
    -15.43748568177));
#5369 = CARTESIAN_POINT('',(-8.888684958009,-3.212836389297,
    -15.47915234017));
#5370 = CARTESIAN_POINT('',(-9.519524022568,3.5621073768E-07,
    -15.56248561664));
#5371 = CARTESIAN_POINT('',(-8.888684743471,3.212837059594,
    -15.64581889312));
#5372 = CARTESIAN_POINT('',(-8.257846751679,4.748474759912,
    -15.68748555151));
#5373 = CARTESIAN_POINT('',(-7.330113679102,6.142560630984,
    -15.72915227604));
#5374 = CARTESIAN_POINT('',(-6.142560057498,7.330115734502,
    -15.77081900439));
#5375 = CARTESIAN_POINT('',(-4.748475751552,8.25784919167,
    -15.81248567047));
#5376 = CARTESIAN_POINT('',(-3.212838395826,8.888686557403,
    -15.85415229321));
#5377 = CARTESIAN_POINT('',(-3.1916454537E-07,9.519523377851,
    -15.93748558925));
#5378 = CARTESIAN_POINT('',(3.212838901406,8.888682632112,
    -16.02081896859));
#5379 = CARTESIAN_POINT('',(4.748478297422,8.25784333484,-16.06248568942
    ));
#5380 = CARTESIAN_POINT('',(6.142560819578,7.330118296469,
    -16.10415231654));
#5381 = CARTESIAN_POINT('',(7.330113974078,6.142558450876,
    -16.14581899853));
#5382 = CARTESIAN_POINT('',(8.257847848006,4.748490538824,
    -16.18748501808));
#5383 = CARTESIAN_POINT('',(8.888683456961,3.212825152899,-16.2291520965
    ));
#5384 = CARTESIAN_POINT('',(9.204104328801,1.606418220337,
    -16.27082025107));
#5385 = CARTESIAN_POINT('',(9.204104733927,-3.5972633589E-07,
    -16.31248493172));
#5386 = CARTESIAN_POINT('',(10.01601129492,6.57620713E-09,
    -14.34375027547));
#5387 = CARTESIAN_POINT('',(10.016012933627,-1.748123856505,
    -14.38541698209));
#5388 = CARTESIAN_POINT('',(9.672766487421,-3.496235665083,
    -14.42708361883));
#5389 = CARTESIAN_POINT('',(8.986283566278,-5.167355365439,
    -14.4687502772));
#5390 = CARTESIAN_POINT('',(7.976717202553,-6.684405413079,
    -14.51041695691));
#5391 = CARTESIAN_POINT('',(6.684401215666,-7.976719335251,
    -14.55208362325));
#5392 = CARTESIAN_POINT('',(5.167347422673,-8.986280204655,
    -14.59375029072));
#5393 = CARTESIAN_POINT('',(3.496247486784,-9.672766324802,
    -14.63541695629));
#5394 = CARTESIAN_POINT('',(1.7965526793E-07,-10.35925420555,
    -14.7187502887));
#5395 = CARTESIAN_POINT('',(-3.496247468755,-9.672770329882,
    -14.80208362279));
#5396 = CARTESIAN_POINT('',(-5.167346424471,-8.986285766095,
    -14.84375029033));
#5397 = CARTESIAN_POINT('',(-6.684405077745,-7.976714912605,
    -14.88541695702));
#5398 = CARTESIAN_POINT('',(-7.976713963608,-6.684403891922,
    -14.92708362244));
#5399 = CARTESIAN_POINT('',(-8.986283262513,-5.16734438916,
    -14.96875028794));
#5400 = CARTESIAN_POINT('',(-9.672768453813,-3.496245894993,
    -15.01041695478));
#5401 = CARTESIAN_POINT('',(-10.35925494723,-3.40282138E-09,
    -15.09375028925));
#5402 = CARTESIAN_POINT('',(-9.672768546768,3.49624590644,
    -15.17708362373));
#5403 = CARTESIAN_POINT('',(-8.986283371351,5.167344427928,
    -15.21875029056));
#5404 = CARTESIAN_POINT('',(-7.976713962616,6.68440390382,
    -15.26041695607));
#5405 = CARTESIAN_POINT('',(-6.684405022374,7.976714840833,
    -15.30208362149));
#5406 = CARTESIAN_POINT('',(-5.167346420981,8.986285664873,
    -15.34375028817));
#5407 = CARTESIAN_POINT('',(-3.496247480941,9.672770309776,
    -15.38541695572));
#5408 = CARTESIAN_POINT('',(1.6806404649E-07,10.359254250359,
    -15.4687502898));
#5409 = CARTESIAN_POINT('',(3.496247474597,9.672766298625,
    -15.55208362221));
#5410 = CARTESIAN_POINT('',(5.167347351956,8.986280138103,
    -15.59375028779));
#5411 = CARTESIAN_POINT('',(6.684401329449,7.976719116819,
    -15.63541695525));
#5412 = CARTESIAN_POINT('',(7.976716701688,6.684405676552,
    -15.67708362162));
#5413 = CARTESIAN_POINT('',(8.986284648427,5.16735609503,-15.71875030129
    ));
#5414 = CARTESIAN_POINT('',(9.672766829378,3.49623503535,-15.76041695968
    ));
#5415 = CARTESIAN_POINT('',(10.016010785593,1.748123870314,
    -15.80208359641));
#5416 = CARTESIAN_POINT('',(10.016012424411,7.23382806E-09,
    -15.84375030303));
#5417 = ADVANCED_FACE('',(#5418),#5602,.T.);
#5418 = FACE_BOUND('',#5419,.T.);
#5419 = EDGE_LOOP('',(#5420,#5421,#5505,#5513));
#5420 = ORIENTED_EDGE('',*,*,#4985,.F.);
#5421 = ORIENTED_EDGE('',*,*,#5422,.T.);
#5422 = EDGE_CURVE('',#4902,#5423,#5425,.T.);
#5423 = VERTEX_POINT('',#5424);
#5424 = CARTESIAN_POINT('',(10.,-2.172287179545E-12,-17.14700222407));
#5425 = B_SPLINE_CURVE_WITH_KNOTS('',8,(#5426,#5427,#5428,#5429,#5430,
    #5431,#5432,#5433,#5434,#5435,#5436,#5437,#5438,#5439,#5440,#5441,
    #5442,#5443,#5444,#5445,#5446,#5447,#5448,#5449,#5450,#5451,#5452,
    #5453,#5454,#5455,#5456,#5457,#5458,#5459,#5460,#5461,#5462,#5463,
    #5464,#5465,#5466,#5467,#5468,#5469,#5470,#5471,#5472,#5473,#5474,
    #5475,#5476,#5477,#5478,#5479,#5480,#5481,#5482,#5483,#5484,#5485,
    #5486,#5487,#5488,#5489,#5490,#5491,#5492,#5493,#5494,#5495,#5496,
    #5497,#5498,#5499,#5500,#5501,#5502,#5503,#5504),.UNSPECIFIED.,.F.,
  .F.,(9,7,7,7,7,7,7,7,7,7,7,9),(0.,4.992318786731E-02,0.122079741324,
    0.21463500623,0.318185977778,0.408838077008,0.546710268495,
    0.684625669459,0.781436961633,0.883012438492,0.959694957668,1.),
  .UNSPECIFIED.);
#5426 = CARTESIAN_POINT('',(10.,-4.366285111246E-12,-15.64700307173));
#5427 = CARTESIAN_POINT('',(10.,-0.392038627141,-15.6563620278));
#5428 = CARTESIAN_POINT('',(9.982434935603,-0.784083784276,
    -15.66572132084));
#5429 = CARTESIAN_POINT('',(9.947303802753,-1.175207735023,
    -15.67508068022));
#5430 = CARTESIAN_POINT('',(9.894665518583,-1.564491785919,
    -15.68444001909));
#5431 = CARTESIAN_POINT('',(9.82463555944,-1.951025967144,
    -15.69379936294));
#5432 = CARTESIAN_POINT('',(9.737384819852,-2.333909064932,
    -15.70315876182));
#5433 = CARTESIAN_POINT('',(9.633140692448,-2.71224900566,
    -15.71251818639));
#5434 = CARTESIAN_POINT('',(9.337374639629,-3.62415624024,
    -15.73540477202));
#5435 = CARTESIAN_POINT('',(9.127642022913,-4.15186722084,
    -15.74893300759));
#5436 = CARTESIAN_POINT('',(8.883858082721,-4.665598831098,
    -15.7624607097));
#5437 = CARTESIAN_POINT('',(8.60712906778,-5.162793008605,-15.7759878293
    ));
#5438 = CARTESIAN_POINT('',(8.298775040784,-5.641017603546,
    -15.78951497335));
#5439 = CARTESIAN_POINT('',(7.960320220687,-6.097962958079,
    -15.8030427276));
#5440 = CARTESIAN_POINT('',(7.593500538022,-6.531448792409,
    -15.81657100154));
#5441 = CARTESIAN_POINT('',(6.695914904838,-7.462773816322,
    -15.84744999412));
#5442 = CARTESIAN_POINT('',(6.147972387826,-7.944311610603,
    -15.86480503635));
#5443 = CARTESIAN_POINT('',(5.560640998041,-8.379662222939,
    -15.88215874585));
#5444 = CARTESIAN_POINT('',(4.938509162342,-8.765118207444,
    -15.89951068241));
#5445 = CARTESIAN_POINT('',(4.28650085014,-9.097547898285,-15.9168625915
    ));
#5446 = CARTESIAN_POINT('',(3.609845694191,-9.374362140038,
    -15.93421623793));
#5447 = CARTESIAN_POINT('',(2.914091970655,-9.593557079927,
    -15.9515712238));
#5448 = CARTESIAN_POINT('',(1.412010996459,-9.933149990357,
    -15.98833575007));
#5449 = CARTESIAN_POINT('',(0.601955925397,-10.03880974643,
    -16.00775439662));
#5450 = CARTESIAN_POINT('',(-0.216665920081,-10.06885101968,
    -16.02716996763));
#5451 = CARTESIAN_POINT('',(-1.035600127875,-10.02260228042,
    -16.04658277204));
#5452 = CARTESIAN_POINT('',(-1.84668906511,-9.900426481073,
    -16.0659955819));
#5453 = CARTESIAN_POINT('',(-2.641873227853,-9.703636324787,
    -16.08541119481));
#5454 = CARTESIAN_POINT('',(-3.413209888408,-9.434576936567,
    -16.1048299438));
#5455 = CARTESIAN_POINT('',(-4.800524038329,-8.801234951066,
    -16.14123773245));
#5456 = CARTESIAN_POINT('',(-5.424172141003,-8.452858144382,
    -16.15823558784));
#5457 = CARTESIAN_POINT('',(-6.018694430073,-8.054074015979,
    -16.17523216795));
#5458 = CARTESIAN_POINT('',(-6.579366075705,-7.607777166396,
    -16.19222712322));
#5459 = CARTESIAN_POINT('',(-7.101857270186,-7.117331954334,
    -16.20922208767));
#5460 = CARTESIAN_POINT('',(-7.582214398575,-6.58653770997,
    -16.22621869041));
#5461 = CARTESIAN_POINT('',(-8.016891730686,-6.019652380347,
    -16.24321657559));
#5462 = CARTESIAN_POINT('',(-8.989810179925,-4.511709899445,
    -16.28605879593));
#5463 = CARTESIAN_POINT('',(-9.464769366217,-3.528457288927,
    -16.3119303873));
#5464 = CARTESIAN_POINT('',(-9.815981770532,-2.489087765537,
    -16.33778784729));
#5465 = CARTESIAN_POINT('',(-10.03639143684,-1.411931167043,
    -16.36363648217));
#5466 = CARTESIAN_POINT('',(-10.12172643018,-0.31577191433,
    -16.38948528221));
#5467 = CARTESIAN_POINT('',(-10.07090999129,0.780155859761,
    -16.41534289579));
#5468 = CARTESIAN_POINT('',(-9.885667011356,1.856286622724,
    -16.44121458892));
#5469 = CARTESIAN_POINT('',(-9.259193623421,3.92941224518,
    -16.49291736505));
#5470 = CARTESIAN_POINT('',(-8.817291528379,4.928339513005,
    -16.5187971695));
#5471 = CARTESIAN_POINT('',(-8.252420405255,5.869261930315,
    -16.54466296497));
#5472 = CARTESIAN_POINT('',(-7.573989724954,6.734917757586,
    -16.57051947713));
#5473 = CARTESIAN_POINT('',(-6.793560289653,7.509874640295,
    -16.59637602029));
#5474 = CARTESIAN_POINT('',(-5.925107470139,8.180847267453,
    -16.6222415377));
#5475 = CARTESIAN_POINT('',(-4.984675007288,8.736473093162,
    -16.64812110086));
#5476 = CARTESIAN_POINT('',(-3.29462111956,9.472245834791,
    -16.69212593455));
#5477 = CARTESIAN_POINT('',(-2.571042500853,9.715216549632,
    -16.71027959371));
#5478 = CARTESIAN_POINT('',(-1.827299282932,9.894869040867,
    -16.72843157223));
#5479 = CARTESIAN_POINT('',(-1.06988384493,10.009336975642,
    -16.74658134935));
#5480 = CARTESIAN_POINT('',(-0.305385922076,10.057544242324,
    -16.76473112797));
#5481 = CARTESIAN_POINT('',(0.459526312158,10.039149766958,
    -16.78288314549));
#5482 = CARTESIAN_POINT('',(1.218112825729,9.954605493696,
    -16.80103692219));
#5483 = CARTESIAN_POINT('',(2.745683148116,9.648703440299,
    -16.83822912885));
#5484 = CARTESIAN_POINT('',(3.513751553301,9.42073535166,-16.8572768916)
  );
#5485 = CARTESIAN_POINT('',(4.259831692362,9.122944034851,-16.8763221638
    ));
#5486 = CARTESIAN_POINT('',(4.976551156938,8.757901290104,
    -16.89536440068));
#5487 = CARTESIAN_POINT('',(5.65699793964,8.32902449551,-16.91440659836)
  );
#5488 = CARTESIAN_POINT('',(6.294698311272,7.840502424917,
    -16.93345178206));
#5489 = CARTESIAN_POINT('',(6.883669258666,7.297352334502,
    -16.95249946829));
#5490 = CARTESIAN_POINT('',(7.822340351826,6.258882166238,
    -16.98591798308));
#5491 = CARTESIAN_POINT('',(8.19542865657,5.784325643512,-17.00029526887
    ));
#5492 = CARTESIAN_POINT('',(8.535514394103,5.284459837288,
    -17.01467207524));
#5493 = CARTESIAN_POINT('',(8.840614890334,4.761981352059,-17.0290482275
    ));
#5494 = CARTESIAN_POINT('',(9.109024233317,4.219739241578,
    -17.04342438904));
#5495 = CARTESIAN_POINT('',(9.339302022728,3.660725577397,
    -17.05780120729));
#5496 = CARTESIAN_POINT('',(9.530287435861,3.088079653697,
    -17.07217847629));
#5497 = CARTESIAN_POINT('',(9.760427384527,2.19868938624,-17.09411039012
    ));
#5498 = CARTESIAN_POINT('',(9.828632743819,1.889402745521,
    -17.10166648312));
#5499 = CARTESIAN_POINT('',(9.885633027839,1.577716731362,
    -17.10922251554));
#5500 = CARTESIAN_POINT('',(9.931330847512,1.264105460692,
    -17.11677848743));
#5501 = CARTESIAN_POINT('',(9.965653099322,0.949046246465,
    -17.12433443667));
#5502 = CARTESIAN_POINT('',(9.988550979799,0.633019501831,-17.1318903975
    ));
#5503 = CARTESIAN_POINT('',(10.,0.316508644318,-17.13944635909));
#5504 = CARTESIAN_POINT('',(10.,-4.339639758655E-12,-17.14700222407));
#5505 = ORIENTED_EDGE('',*,*,#5506,.T.);
#5506 = EDGE_CURVE('',#5423,#5507,#5509,.T.);
#5507 = VERTEX_POINT('',#5508);
#5508 = CARTESIAN_POINT('',(10.,-1.649377620853E-12,-17.35299531927));
#5509 = LINE('',#5510,#5511);
#5510 = CARTESIAN_POINT('',(10.,0.,0.));
#5511 = VECTOR('',#5512,1.);
#5512 = DIRECTION('',(0.,-2.22044604925E-16,-1.));
#5513 = ORIENTED_EDGE('',*,*,#5514,.F.);
#5514 = EDGE_CURVE('',#4986,#5507,#5515,.T.);
#5515 = B_SPLINE_CURVE_WITH_KNOTS('',8,(#5516,#5517,#5518,#5519,#5520,
    #5521,#5522,#5523,#5524,#5525,#5526,#5527,#5528,#5529,#5530,#5531,
    #5532,#5533,#5534,#5535,#5536,#5537,#5538,#5539,#5540,#5541,#5542,
    #5543,#5544,#5545,#5546,#5547,#5548,#5549,#5550,#5551,#5552,#5553,
    #5554,#5555,#5556,#5557,#5558,#5559,#5560,#5561,#5562,#5563,#5564,
    #5565,#5566,#5567,#5568,#5569,#5570,#5571,#5572,#5573,#5574,#5575,
    #5576,#5577,#5578,#5579,#5580,#5581,#5582,#5583,#5584,#5585,#5586,
    #5587,#5588,#5589,#5590,#5591,#5592,#5593,#5594,#5595,#5596,#5597,
    #5598,#5599,#5600,#5601),.UNSPECIFIED.,.F.,.F.,(9,7,7,7,7,7,7,7,7,7,
    7,7,9),(0.,1.418680787508E-02,4.876338228331E-02,0.122019425723,
    0.214071978033,0.317647305964,0.428049164928,0.576328475109,
    0.68485935389,0.788978841692,0.882502503931,0.958804533736,1.),
  .UNSPECIFIED.);
#5516 = CARTESIAN_POINT('',(10.,-3.291589223409E-12,-15.85299467637));
#5517 = CARTESIAN_POINT('',(10.,-0.111406904389,-15.85565437965));
#5518 = CARTESIAN_POINT('',(9.99858154337,-0.222813809895,
    -15.85831407269));
#5519 = CARTESIAN_POINT('',(9.995744629751,-0.334199639687,
    -15.86097375609));
#5520 = CARTESIAN_POINT('',(9.99148963445,-0.445543328231,
    -15.86363343046));
#5521 = CARTESIAN_POINT('',(9.985817308433,-0.556823821296,
    -15.86629309641));
#5522 = CARTESIAN_POINT('',(9.978728778331,-0.668020075951,
    -15.86895275459));
#5523 = CARTESIAN_POINT('',(9.970225546438,-0.779111060565,
    -15.87161240564));
#5524 = CARTESIAN_POINT('',(9.936141739812,-1.160522710952,
    -15.88075422721));
#5525 = CARTESIAN_POINT('',(9.903581464612,-1.430220950441,
    -15.88723638112));
#5526 = CARTESIAN_POINT('',(9.862656035321,-1.698864992899,
    -15.89371852317));
#5527 = CARTESIAN_POINT('',(9.813405825704,-1.966151996589,
    -15.90020066249));
#5528 = CARTESIAN_POINT('',(9.755884213082,-2.231781758418,
    -15.90668280611));
#5529 = CARTESIAN_POINT('',(9.690157578329,-2.495456713931,
    -15.91316495897));
#5530 = CARTESIAN_POINT('',(9.616305305874,-2.756881937319,
    -15.91964712391));
#5531 = CARTESIAN_POINT('',(9.360932112581,-3.564250917391,
    -15.93986283958));
#5532 = CARTESIAN_POINT('',(9.151370798929,-4.10137294202,
    -15.95359750924));
#5533 = CARTESIAN_POINT('',(8.906621180005,-4.624299772455,
    -15.96733182186));
#5534 = CARTESIAN_POINT('',(8.627825668241,-5.130347611286,
    -15.98106560787));
#5535 = CARTESIAN_POINT('',(8.316354281142,-5.616965436859,
    -15.99479937753));
#5536 = CARTESIAN_POINT('',(7.973794060034,-6.081731317047,
    -16.00853365986));
#5537 = CARTESIAN_POINT('',(7.601957377656,-6.522359906501,
    -16.02226831967));
#5538 = CARTESIAN_POINT('',(6.701470515438,-7.457401827082,
    -16.05325922477));
#5539 = CARTESIAN_POINT('',(6.156920586425,-7.936755184314,
    -16.07051968112));
#5540 = CARTESIAN_POINT('',(5.573368954714,-8.370460294533,
    -16.08777857574));
#5541 = CARTESIAN_POINT('',(4.955325256341,-8.754864922215,
    -16.10503561743));
#5542 = CARTESIAN_POINT('',(4.3076285107,-9.086879754178,-16.12229267906
    ));
#5543 = CARTESIAN_POINT('',(3.635418133887,-9.363946227821,
    -16.13955161898));
#5544 = CARTESIAN_POINT('',(2.944146610896,-9.584077934241,
    -16.15681211477));
#5545 = CARTESIAN_POINT('',(1.446932909393,-9.928138969339,
    -16.19348711633));
#5546 = CARTESIAN_POINT('',(0.637059680084,-10.03667040196,
    -16.21291074366));
#5547 = CARTESIAN_POINT('',(-0.181649861562,-10.06957763025,
    -16.23233142456));
#5548 = CARTESIAN_POINT('',(-1.000937741358,-10.02615975696,
    -16.2517495831));
#5549 = CARTESIAN_POINT('',(-1.81263930408,-9.906751685161,
    -16.27116774868));
#5550 = CARTESIAN_POINT('',(-2.608684852917,-9.712639246772,
    -16.29058841257));
#5551 = CARTESIAN_POINT('',(-3.381118007987,-9.446142036095,
    -16.3100119512));
#5552 = CARTESIAN_POINT('',(-4.912045609756,-8.753481888687,
    -16.35012692185));
#5553 = CARTESIAN_POINT('',(-5.666828184814,-8.317699820318,
    -16.37083225732));
#5554 = CARTESIAN_POINT('',(-6.376941226312,-7.807715338074,
    -16.39153324586));
#5555 = CARTESIAN_POINT('',(-7.033982987039,-7.229026297302,
    -16.41223073815));
#5556 = CARTESIAN_POINT('',(-7.630422063929,-6.588054135949,
    -16.43292821184));
#5557 = CARTESIAN_POINT('',(-8.159633477197,-5.892151860821,
    -16.45362924199));
#5558 = CARTESIAN_POINT('',(-8.615891691665,-5.149567711012,
    -16.47433463181));
#5559 = CARTESIAN_POINT('',(-9.503557029325,-3.322389106854,
    -16.5228304186));
#5560 = CARTESIAN_POINT('',(-9.873640531849,-2.20599329511,
    -16.55066392326));
#5561 = CARTESIAN_POINT('',(-10.09283468594,-1.044027806614,
    -16.57847694384));
#5562 = CARTESIAN_POINT('',(-10.15568172007,0.139652160539,
    -16.60627739436));
#5563 = CARTESIAN_POINT('',(-10.06031072048,1.321156421419,
    -16.63407852036));
#5564 = CARTESIAN_POINT('',(-9.809248794228,2.47665537684,
    -16.66189101113));
#5565 = CARTESIAN_POINT('',(-9.408607613049,3.582452839374,
    -16.68972430455));
#5566 = CARTESIAN_POINT('',(-8.477817102875,5.371498328154,
    -16.73786932623));
#5567 = CARTESIAN_POINT('',(-8.010667458557,6.089529919035,
    -16.75822342525));
#5568 = CARTESIAN_POINT('',(-7.474210539177,6.76068310818,
    -16.77857370986));
#5569 = CARTESIAN_POINT('',(-6.874072932486,7.377258778081,
    -16.79892084042));
#5570 = CARTESIAN_POINT('',(-6.216706124725,7.932416030267,
    -16.8192679537));
#5571 = CARTESIAN_POINT('',(-5.509389013795,8.420201931808,
    -16.83961826995));
#5572 = CARTESIAN_POINT('',(-4.760198277312,8.835546929494,
    -16.85997240982));
#5573 = CARTESIAN_POINT('',(-3.228118699847,9.499883033904,
    -16.89983864247));
#5574 = CARTESIAN_POINT('',(-2.447343816802,9.75516272172,
    -16.91936417464));
#5575 = CARTESIAN_POINT('',(-1.643903088856,9.936909031923,
    -16.93888645761));
#5576 = CARTESIAN_POINT('',(-0.825917862247,10.042899689468,
    -16.9584059152));
#5577 = CARTESIAN_POINT('',(-1.606794096492E-03,10.071969800302,
    -16.97792538065));
#5578 = CARTESIAN_POINT('',(0.820731662732,10.023925961244,
    -16.99744765603));
#5579 = CARTESIAN_POINT('',(1.632722351578,9.899633613091,
    -17.01697312777));
#5580 = CARTESIAN_POINT('',(3.138422861337,9.523113279358,
    -17.05402593173));
#5581 = CARTESIAN_POINT('',(3.836101826516,9.285106862627,-17.0715627151
    ));
#5582 = CARTESIAN_POINT('',(4.512886937522,8.988740629362,
    -17.08909808345));
#5583 = CARTESIAN_POINT('',(5.163104617242,8.636219989349,-17.1066316139
    ));
#5584 = CARTESIAN_POINT('',(5.781428731831,8.230351661939,
    -17.12416516212));
#5585 = CARTESIAN_POINT('',(6.362865673138,7.774498511632,
    -17.14170056574));
#5586 = CARTESIAN_POINT('',(6.90278704129,7.272614090649,-17.1592373633)
  );
#5587 = CARTESIAN_POINT('',(7.800225632352,6.286136143742,
    -17.19107510179));
#5588 = CARTESIAN_POINT('',(8.173126507581,5.815263570156,
    -17.20538084685));
#5589 = CARTESIAN_POINT('',(8.513443245245,5.319215197265,
    -17.21968591781));
#5590 = CARTESIAN_POINT('',(8.819212659223,4.800640244455,
    -17.23399019824));
#5591 = CARTESIAN_POINT('',(9.088742276126,4.262338564222,
    -17.24829445939));
#5592 = CARTESIAN_POINT('',(9.320599448787,3.707251437302,
    -17.26259949567));
#5593 = CARTESIAN_POINT('',(9.513624992312,3.13846571969,-17.27690523736
    ));
#5594 = CARTESIAN_POINT('',(9.749763038012,2.246502697959,-17.298932896)
  );
#5595 = CARTESIAN_POINT('',(9.820993102739,1.930710709174,-17.3066560486
    ));
#5596 = CARTESIAN_POINT('',(9.880528788342,1.612357529787,
    -17.31437921852));
#5597 = CARTESIAN_POINT('',(9.928263829742,1.291948985053,
    -17.32210239235));
#5598 = CARTESIAN_POINT('',(9.964118460085,0.969994461405,
    -17.32982558983));
#5599 = CARTESIAN_POINT('',(9.988039425526,0.647006796978,
    -17.33754883055));
#5600 = CARTESIAN_POINT('',(10.,0.323502172137,-17.34527210061));
#5601 = CARTESIAN_POINT('',(10.,-3.289812866569E-12,-17.35299531927));
#5602 = CYLINDRICAL_SURFACE('',#5603,10.);
#5603 = AXIS2_PLACEMENT_3D('',#5604,#5605,#5606);
#5604 = CARTESIAN_POINT('',(0.,0.,0.));
#5605 = DIRECTION('',(0.,-2.22044604925E-16,-1.));
#5606 = DIRECTION('',(1.,0.,0.));
#5607 = ADVANCED_FACE('',(#5608),#5708,.T.);
#5608 = FACE_BOUND('',#5609,.T.);
#5609 = EDGE_LOOP('',(#5610,#5611,#5612,#5703));
#5610 = ORIENTED_EDGE('',*,*,#5422,.F.);
#5611 = ORIENTED_EDGE('',*,*,#5176,.T.);
#5612 = ORIENTED_EDGE('',*,*,#5613,.T.);
#5613 = EDGE_CURVE('',#5093,#5614,#5616,.T.);
#5614 = VERTEX_POINT('',#5615);
#5615 = CARTESIAN_POINT('',(9.266,-1.80958081E-07,-16.72320691328));
#5616 = B_SPLINE_CURVE_WITH_KNOTS('',8,(#5617,#5618,#5619,#5620,#5621,
    #5622,#5623,#5624,#5625,#5626,#5627,#5628,#5629,#5630,#5631,#5632,
    #5633,#5634,#5635,#5636,#5637,#5638,#5639,#5640,#5641,#5642,#5643,
    #5644,#5645,#5646,#5647,#5648,#5649,#5650,#5651,#5652,#5653,#5654,
    #5655,#5656,#5657,#5658,#5659,#5660,#5661,#5662,#5663,#5664,#5665,
    #5666,#5667,#5668,#5669,#5670,#5671,#5672,#5673,#5674,#5675,#5676,
    #5677,#5678,#5679,#5680,#5681,#5682,#5683,#5684,#5685,#5686,#5687,
    #5688,#5689,#5690,#5691,#5692,#5693,#5694,#5695,#5696,#5697,#5698,
    #5699,#5700,#5701,#5702),.UNSPECIFIED.,.F.,.F.,(9,7,7,7,7,7,7,7,7,7,
    7,7,9),(0.,2.071611152638E-02,0.121807254615,0.21451684202,
    0.318719058625,0.424554945873,0.521220634405,0.573783997825,
    0.685682512494,0.789439748201,0.882043768267,0.960960329901,1.),
  .UNSPECIFIED.);
#5617 = CARTESIAN_POINT('',(9.266,-3.3175680691E-07,-15.22320944539));
#5618 = CARTESIAN_POINT('',(9.266,-0.150748335929,-15.22709303092));
#5619 = CARTESIAN_POINT('',(9.263197134559,-0.301496336882,
    -15.23097668444));
#5620 = CARTESIAN_POINT('',(9.25759139992,-0.452183500621,-15.2348603991
    ));
#5621 = CARTESIAN_POINT('',(9.249184376195,-0.602749059108,
    -15.23874416741));
#5622 = CARTESIAN_POINT('',(9.237979227354,-0.753132310259,
    -15.24262798126));
#5623 = CARTESIAN_POINT('',(9.223980701237,-0.903272617943,
    -15.24651183192));
#5624 = CARTESIAN_POINT('',(9.207195129545,-1.053109411988,
    -15.25039571004));
#5625 = CARTESIAN_POINT('',(9.092157971212,-1.931984218381,
    -15.27323236346));
#5626 = CARTESIAN_POINT('',(8.930479165617,-2.652924163297,
    -15.29219076664));
#5627 = CARTESIAN_POINT('',(8.703492062302,-3.358084731787,
    -15.31114663712));
#5628 = CARTESIAN_POINT('',(8.413081118289,-4.040586660725,
    -15.33009930086));
#5629 = CARTESIAN_POINT('',(8.061927053004,-4.693915254303,
    -15.34905178634));
#5630 = CARTESIAN_POINT('',(7.653438830277,-5.31190556717,
    -15.36800715352));
#5631 = CARTESIAN_POINT('',(7.191807765724,-5.888786231422,
    -15.38696495325));
#5632 = CARTESIAN_POINT('',(6.214813128318,-6.905793758179,
    -15.42329928242));
#5633 = CARTESIAN_POINT('',(5.706869268516,-7.353510983862,
    -15.44068419811));
#5634 = CARTESIAN_POINT('',(5.16223890879,-7.758336021677,-15.4580677757
    ));
#5635 = CARTESIAN_POINT('',(4.58519092558,-8.116809686852,
    -15.47544958298));
#5636 = CARTESIAN_POINT('',(3.980308118605,-8.426009502259,
    -15.4928313768));
#5637 = CARTESIAN_POINT('',(3.352459039638,-8.683518868266,
    -15.51021492535));
#5638 = CARTESIAN_POINT('',(2.706809874493,-8.887467092828,
    -15.52759981994));
#5639 = CARTESIAN_POINT('',(1.309382970839,-9.204305540419,
    -15.56451740333));
#5640 = CARTESIAN_POINT('',(0.553981163347,-9.302861862044,
    -15.58405938067));
#5641 = CARTESIAN_POINT('',(-0.20945430728,-9.330450489011,
    -15.60359818777));
#5642 = CARTESIAN_POINT('',(-0.973127059955,-9.286440083418,
    -15.62313415192));
#5643 = CARTESIAN_POINT('',(-1.729333752771,-9.171182144417,
    -15.64267011899));
#5644 = CARTESIAN_POINT('',(-2.470465565151,-8.985929765245,
    -15.66220895963));
#5645 = CARTESIAN_POINT('',(-3.189026423831,-8.732916721898,
    -15.68175102515));
#5646 = CARTESIAN_POINT('',(-4.5771663259,-8.093296096985,
    -15.72112959513));
#5647 = CARTESIAN_POINT('',(-5.246248333902,-7.704449939105,
    -15.74097861988));
#5648 = CARTESIAN_POINT('',(-5.877201209847,-7.25253690178,
    -15.76082435595));
#5649 = CARTESIAN_POINT('',(-6.463151694431,-6.742025787946,
    -15.78066721938));
#5650 = CARTESIAN_POINT('',(-6.99794538539,-6.178150607321,-15.800510077
    ));
#5651 = CARTESIAN_POINT('',(-7.476093259756,-5.566839265878,
    -15.82035579097));
#5652 = CARTESIAN_POINT('',(-7.892840273578,-4.91476993907,
    -15.84020477711));
#5653 = CARTESIAN_POINT('',(-8.565462279243,-3.60366684728,
    -15.87817035745));
#5654 = CARTESIAN_POINT('',(-8.832317469764,-2.949800772886,
    -15.8962975385));
#5655 = CARTESIAN_POINT('',(-9.041974568345,-2.273626887939,
    -15.91442287549));
#5656 = CARTESIAN_POINT('',(-9.192334294194,-1.581013060586,
    -15.93254595872));
#5657 = CARTESIAN_POINT('',(-9.282018233316,-0.877963466175,
    -15.95066907489));
#5658 = CARTESIAN_POINT('',(-9.310319596642,-0.170597777865,
    -15.96879448014));
#5659 = CARTESIAN_POINT('',(-9.277256570716,0.534851985277,
    -15.98692170245));
#5660 = CARTESIAN_POINT('',(-9.132870892467,1.611125904315,
    -16.01489960926));
#5661 = CARTESIAN_POINT('',(-9.064127922276,1.987833368433,
    -16.02475455246));
#5662 = CARTESIAN_POINT('',(-8.977631673407,2.361153442687,
    -16.03460941535));
#5663 = CARTESIAN_POINT('',(-8.873580944678,2.730110083175,
    -16.04446417365));
#5664 = CARTESIAN_POINT('',(-8.752236881764,3.093746131352,
    -16.05431893377));
#5665 = CARTESIAN_POINT('',(-8.613921545256,3.451123170437,
    -16.06417380058));
#5666 = CARTESIAN_POINT('',(-8.45901917569,3.801322211337,
    -16.07402874588));
#5667 = CARTESIAN_POINT('',(-7.923866996429,4.871767230886,
    -16.10486253487));
#5668 = CARTESIAN_POINT('',(-7.486458550967,5.56381976256,
    -16.12585013041));
#5669 = CARTESIAN_POINT('',(-6.980164250592,6.210521270149,
    -16.14683307579));
#5670 = CARTESIAN_POINT('',(-6.410620329578,6.803987958458,
    -16.16781226429));
#5671 = CARTESIAN_POINT('',(-5.784326512228,7.337222459756,
    -16.1887914704));
#5672 = CARTESIAN_POINT('',(-5.108654395446,7.804152788547,
    -16.20977437405));
#5673 = CARTESIAN_POINT('',(-4.391809061684,8.199621644424,
    -16.23076192531));
#5674 = CARTESIAN_POINT('',(-2.94889909222,8.81662103497,-16.27119371252
    ));
#5675 = CARTESIAN_POINT('',(-2.226825516237,9.048915232371,
    -16.29065240521));
#5676 = CARTESIAN_POINT('',(-1.484211532465,9.213446860702,
    -16.31010823204));
#5677 = CARTESIAN_POINT('',(-0.728513836654,9.308211311841,
    -16.32956149553));
#5678 = CARTESIAN_POINT('',(3.272541193088E-02,9.332171001825,
    -16.34901474497));
#5679 = CARTESIAN_POINT('',(0.791894601422,9.285177569632,
    -16.36847057408));
#5680 = CARTESIAN_POINT('',(1.541316143309,9.168050858029,
    -16.38792934248));
#5681 = CARTESIAN_POINT('',(2.926536232614,8.817495623736,
    -16.42474372182));
#5682 = CARTESIAN_POINT('',(3.566192458409,8.597845603158,
    -16.44210857313));
#5683 = CARTESIAN_POINT('',(4.186770265476,8.325213685429,
    -16.45947182858));
#5684 = CARTESIAN_POINT('',(4.783168822843,8.001591021232,
    -16.47683315771));
#5685 = CARTESIAN_POINT('',(5.350596898387,7.629504704221,
    -16.49419446836));
#5686 = CARTESIAN_POINT('',(5.884560144538,7.211978282873,
    -16.51155768493));
#5687 = CARTESIAN_POINT('',(6.380889724535,6.752561809517,
    -16.52892251238));
#5688 = CARTESIAN_POINT('',(7.223494410129,5.831780050739,
    -16.56107969446));
#5689 = CARTESIAN_POINT('',(7.58120963413,5.38062586604,-16.57587681603)
  );
#5690 = CARTESIAN_POINT('',(7.906619118398,4.904504007612,
    -16.59067339557));
#5691 = CARTESIAN_POINT('',(8.197711469179,4.406133397727,
    -16.60546924656));
#5692 = CARTESIAN_POINT('',(8.452762794282,3.888391348921,
    -16.62026514472));
#5693 = CARTESIAN_POINT('',(8.670324466467,3.354303092873,
    -16.63506183589));
#5694 = CARTESIAN_POINT('',(8.849238587753,2.807046234999,
    -16.64985905795));
#5695 = CARTESIAN_POINT('',(9.057662768846,1.974387079406,
    -16.67197385393));
#5696 = CARTESIAN_POINT('',(9.116988635928,1.696385219325,-16.679293129)
  );
#5697 = CARTESIAN_POINT('',(9.166559448517,1.416361765054,
    -16.68661232372));
#5698 = CARTESIAN_POINT('',(9.206295724329,1.134716513415,
    -16.69393142594));
#5699 = CARTESIAN_POINT('',(9.236137811663,0.851851770351,
    -16.70125045272));
#5700 = CARTESIAN_POINT('',(9.2560458949,0.568172273755,-16.70856941335)
  );
#5701 = CARTESIAN_POINT('',(9.266,0.284085116294,-16.71588827236));
#5702 = CARTESIAN_POINT('',(9.266,-3.3175687264E-07,-16.72320691251));
#5703 = ORIENTED_EDGE('',*,*,#5704,.F.);
#5704 = EDGE_CURVE('',#5423,#5614,#5705,.T.);
#5705 = B_SPLINE_CURVE_WITH_KNOTS('',1,(#5706,#5707),.UNSPECIFIED.,.F.,
  .F.,(2,2),(0.,0.9375),.PIECEWISE_BEZIER_KNOTS.);
#5706 = CARTESIAN_POINT('',(10.016017426444,7.89333769E-09,
    -17.15625033063));
#5707 = CARTESIAN_POINT('',(9.20412829193,-3.9242311448E-07,
    -16.68748356213));
#5708 = B_SPLINE_SURFACE_WITH_KNOTS('',1,9,(
    (#5709,#5710,#5711,#5712,#5713,#5714,#5715,#5716,#5717,#5718,#5719
      ,#5720,#5721,#5722,#5723,#5724,#5725,#5726,#5727,#5728,#5729,#5730
      ,#5731,#5732,#5733,#5734,#5735,#5736,#5737,#5738,#5739)
    ,(#5740,#5741,#5742,#5743,#5744,#5745,#5746,#5747,#5748,#5749,#5750
      ,#5751,#5752,#5753,#5754,#5755,#5756,#5757,#5758,#5759,#5760,#5761
      ,#5762,#5763,#5764,#5765,#5766,#5767,#5768,#5769,#5770
  )),.UNSPECIFIED.,.F.,.F.,.F.,(2,2),(10,7,7,7,10),(0.,0.9375),(0.,
    1.614938419963,3.229876839926,4.844815259889,6.459753679852),
  .UNSPECIFIED.);
#5709 = CARTESIAN_POINT('',(10.016015974243,7.23451432E-09,
    -15.65625030307));
#5710 = CARTESIAN_POINT('',(10.016018080931,-1.748124700708,
    -15.6979170097));
#5711 = CARTESIAN_POINT('',(9.672771112894,-3.496237446031,
    -15.73958364643));
#5712 = CARTESIAN_POINT('',(8.986287754019,-5.167357759705,
    -15.78125030479));
#5713 = CARTESIAN_POINT('',(7.976721128342,-6.684408607033,
    -15.8229169845));
#5714 = CARTESIAN_POINT('',(6.684404428873,-7.97672322243,
    -15.86458365084));
#5715 = CARTESIAN_POINT('',(5.167349928939,-8.986284557853,
    -15.90625031832));
#5716 = CARTESIAN_POINT('',(3.496249176969,-9.672771003785,
    -15.94791698389));
#5717 = CARTESIAN_POINT('',(1.7995725602E-07,-10.35925920571,
    -16.0312503163));
#5718 = CARTESIAN_POINT('',(-3.496249157994,-9.672775007082,
    -16.11458365038));
#5719 = CARTESIAN_POINT('',(-5.167348923496,-8.986290122892,
    -16.15625031793));
#5720 = CARTESIAN_POINT('',(-6.684408317234,-7.97671877707,
    -16.19791698461));
#5721 = CARTESIAN_POINT('',(-7.976717819722,-6.684407119704,
    -16.23958365003));
#5722 = CARTESIAN_POINT('',(-8.986287590653,-5.167346879787,
    -16.28125031554));
#5723 = CARTESIAN_POINT('',(-9.672773115778,-3.496247581803,
    -16.32291698237));
#5724 = CARTESIAN_POINT('',(-10.35925995379,-3.01573282E-09,
    -16.40625031685));
#5725 = CARTESIAN_POINT('',(-9.672773234374,3.496247599058,
    -16.48958365133));
#5726 = CARTESIAN_POINT('',(-8.986287729234,5.167346931991,
    -16.53125031816));
#5727 = CARTESIAN_POINT('',(-7.976717816689,6.68440713709,
    -16.57291698366));
#5728 = CARTESIAN_POINT('',(-6.684408243952,7.976718686549,
    -16.61458364909));
#5729 = CARTESIAN_POINT('',(-5.16734891665,8.986289994102,
    -16.65625031576));
#5730 = CARTESIAN_POINT('',(-3.496249171125,9.67277498215,
    -16.69791698332));
#5731 = CARTESIAN_POINT('',(1.6777220204E-07,10.359259263319,
    -16.7812503174));
#5732 = CARTESIAN_POINT('',(3.496249163837,9.672770969213,
    -16.86458364981));
#5733 = CARTESIAN_POINT('',(5.167349840374,8.986284470929,
    -16.90625031539));
#5734 = CARTESIAN_POINT('',(6.684404577254,7.976722939838,
    -16.94791698284));
#5735 = CARTESIAN_POINT('',(7.976720486131,6.684408943688,
    -16.98958364922));
#5736 = CARTESIAN_POINT('',(8.986289146706,5.167358695395,
    -17.03125032888));
#5737 = CARTESIAN_POINT('',(9.672771553471,3.496236633836,
    -17.07291698728));
#5738 = CARTESIAN_POINT('',(10.016015319631,1.748124715835,-17.114583624
    ));
#5739 = CARTESIAN_POINT('',(10.016017426444,7.89333769E-09,
    -17.15625033063));
#5740 = CARTESIAN_POINT('',(9.204126032922,-3.5972252821E-07,
    -15.18748493192));
#5741 = CARTESIAN_POINT('',(9.204129245283,-1.606422882481,
    -15.22914961263));
#5742 = CARTESIAN_POINT('',(8.888704625208,-3.21283446801,
    -15.27081776718));
#5743 = CARTESIAN_POINT('',(8.257866499369,-4.748502018795,
    -15.31248484555));
#5744 = CARTESIAN_POINT('',(7.330132046401,-6.142573811211,
    -15.35415086516));
#5745 = CARTESIAN_POINT('',(6.142575179746,-7.330137027281,
    -15.39581754712));
#5746 = CARTESIAN_POINT('',(4.748489372888,-8.257864057653,
    -15.43748417425));
#5747 = CARTESIAN_POINT('',(3.212846090642,-8.888704734388,
    -15.47915089508));
#5748 = CARTESIAN_POINT('',(-1.06632070951E-06,-9.519546690648,
    -15.56248427442));
#5749 = CARTESIAN_POINT('',(-3.212846977272,-8.888708139461,
    -15.64581757046));
#5750 = CARTESIAN_POINT('',(-4.748488069499,-8.257869195484,
    -15.6874841932));
#5751 = CARTESIAN_POINT('',(-6.142575782169,-7.330133316318,
    -15.72915085928));
#5752 = CARTESIAN_POINT('',(-7.330132161393,-6.142575107674,
    -15.77081758764));
#5753 = CARTESIAN_POINT('',(-8.257867274034,-4.748485710264,
    -15.81248431215));
#5754 = CARTESIAN_POINT('',(-8.888706709596,-3.212844221828,
    -15.85415097055));
#5755 = CARTESIAN_POINT('',(-9.519547386571,3.9643876318E-07,
    -15.93748424703));
#5756 = CARTESIAN_POINT('',(-8.888706623317,3.212844997764,
    -16.0208175235));
#5757 = CARTESIAN_POINT('',(-8.257867089428,4.748486487403,
    -16.06248418191));
#5758 = CARTESIAN_POINT('',(-7.33013163901,6.142575752468,
    -16.10415090642));
#5759 = CARTESIAN_POINT('',(-6.142575050427,7.330133693172,
    -16.14581763478));
#5760 = CARTESIAN_POINT('',(-4.748487362918,8.257869395322,
    -16.18748430086));
#5761 = CARTESIAN_POINT('',(-3.212846248603,8.88870837144,-16.2291509236
    ));
#5762 = CARTESIAN_POINT('',(-2.8301525158E-07,9.519546780254,
    -16.31248421964));
#5763 = CARTESIAN_POINT('',(3.212846819311,8.888704409845,
    -16.39581759898));
#5764 = CARTESIAN_POINT('',(4.748489931052,8.257863522258,
    -16.43748431981));
#5765 = CARTESIAN_POINT('',(6.142576028311,7.330136070025,
    -16.47915094692));
#5766 = CARTESIAN_POINT('',(7.330131565064,6.142573717153,
    -16.52081762893));
#5767 = CARTESIAN_POINT('',(8.257869065971,4.748502778399,
    -16.56248364847));
#5768 = CARTESIAN_POINT('',(8.888705581322,3.212832455484,-16.6041507269
    ));
#5769 = CARTESIAN_POINT('',(9.204125085256,1.606422130335,
    -16.64581888142));
#5770 = CARTESIAN_POINT('',(9.20412829193,-3.9242311448E-07,
    -16.68748356213));
#5771 = ADVANCED_FACE('',(#5772),#5783,.T.);
#5772 = FACE_BOUND('',#5773,.F.);
#5773 = EDGE_LOOP('',(#5774,#5775,#5776,#5777));
#5774 = ORIENTED_EDGE('',*,*,#5264,.F.);
#5775 = ORIENTED_EDGE('',*,*,#5250,.T.);
#5776 = ORIENTED_EDGE('',*,*,#5613,.T.);
#5777 = ORIENTED_EDGE('',*,*,#5778,.F.);
#5778 = EDGE_CURVE('',#5265,#5614,#5779,.T.);
#5779 = LINE('',#5780,#5781);
#5780 = CARTESIAN_POINT('',(9.266,0.,0.));
#5781 = VECTOR('',#5782,1.);
#5782 = DIRECTION('',(-7.E-17,0.,-1.));
#5783 = CYLINDRICAL_SURFACE('',#5784,9.266);
#5784 = AXIS2_PLACEMENT_3D('',#5785,#5786,#5787);
#5785 = CARTESIAN_POINT('',(0.,0.,0.));
#5786 = DIRECTION('',(-0.,-0.,-1.));
#5787 = DIRECTION('',(1.,0.,0.));
#5788 = ADVANCED_FACE('',(#5789),#5882,.T.);
#5789 = FACE_BOUND('',#5790,.T.);
#5790 = EDGE_LOOP('',(#5791,#5875,#5876,#5877));
#5791 = ORIENTED_EDGE('',*,*,#5792,.F.);
#5792 = EDGE_CURVE('',#5265,#5793,#5795,.T.);
#5793 = VERTEX_POINT('',#5794);
#5794 = CARTESIAN_POINT('',(9.266,-1.80955406E-07,-17.77675020414));
#5795 = B_SPLINE_CURVE_WITH_KNOTS('',8,(#5796,#5797,#5798,#5799,#5800,
    #5801,#5802,#5803,#5804,#5805,#5806,#5807,#5808,#5809,#5810,#5811,
    #5812,#5813,#5814,#5815,#5816,#5817,#5818,#5819,#5820,#5821,#5822,
    #5823,#5824,#5825,#5826,#5827,#5828,#5829,#5830,#5831,#5832,#5833,
    #5834,#5835,#5836,#5837,#5838,#5839,#5840,#5841,#5842,#5843,#5844,
    #5845,#5846,#5847,#5848,#5849,#5850,#5851,#5852,#5853,#5854,#5855,
    #5856,#5857,#5858,#5859,#5860,#5861,#5862,#5863,#5864,#5865,#5866,
    #5867,#5868,#5869,#5870,#5871,#5872,#5873,#5874),.UNSPECIFIED.,.F.,
  .F.,(9,7,7,7,7,7,7,7,7,7,7,9),(0.,4.865272787368E-02,0.119511442323,
    0.213853731093,0.319368319844,0.423933636256,0.572326295412,
    0.685031515421,0.779436062784,0.880675893302,0.957502423356,1.),
  .UNSPECIFIED.);
#5796 = CARTESIAN_POINT('',(9.266,-3.3175130021E-07,-16.27675124561));
#5797 = CARTESIAN_POINT('',(9.266,-0.354020030047,-16.2858719967));
#5798 = CARTESIAN_POINT('',(9.250541954789,-0.708045022533,
    -16.29499297325));
#5799 = CARTESIAN_POINT('',(9.219625070028,-1.061280091915,
    -16.30411392308));
#5800 = CARTESIAN_POINT('',(9.173298530282,-1.412937339812,
    -16.31323483266));
#5801 = CARTESIAN_POINT('',(9.11165883914,-1.762235961296,
    -16.32235579431));
#5802 = CARTESIAN_POINT('',(9.034848917344,-2.10840228929,
    -16.33147689171));
#5803 = CARTESIAN_POINT('',(8.943058958928,-2.450670108849,
    -16.34059810385));
#5804 = CARTESIAN_POINT('',(8.681376948947,-3.279984212005,
    -16.3630033967));
#5805 = CARTESIAN_POINT('',(8.494945253343,-3.761853504216,
    -16.3762885499));
#5806 = CARTESIAN_POINT('',(8.277974359966,-4.231518049486,
    -16.3895733922));
#5807 = CARTESIAN_POINT('',(8.031412731233,-4.686724141154,
    -16.40285776842));
#5808 = CARTESIAN_POINT('',(7.756394464235,-5.125324377547,
    -16.41614210993));
#5809 = CARTESIAN_POINT('',(7.454231224548,-5.545274984282,
    -16.42942686748));
#5810 = CARTESIAN_POINT('',(7.126418540175,-5.94464151567,
    -16.44271193009));
#5811 = CARTESIAN_POINT('',(6.306315470079,-6.823517983843,
    -16.47368266688));
#5812 = CARTESIAN_POINT('',(5.79538042865,-7.285873347636,
    -16.49137277321));
#5813 = CARTESIAN_POINT('',(5.245886982892,-7.704296047282,
    -16.50906113229));
#5814 = CARTESIAN_POINT('',(4.662289719538,-8.075086547619,
    -16.52674741068));
#5815 = CARTESIAN_POINT('',(4.049385242045,-8.395116913789,
    -16.5444337098));
#5816 = CARTESIAN_POINT('',(3.412280539209,-8.661797010475,
    -16.56212212099));
#5817 = CARTESIAN_POINT('',(2.75640664086,-8.873118744245,
    -16.57981228379));
#5818 = CARTESIAN_POINT('',(1.339543712113,-9.200753213201,
    -16.61728011963));
#5819 = CARTESIAN_POINT('',(0.574887794779,-9.302947222915,
    -16.63706786359));
#5820 = CARTESIAN_POINT('',(-0.198215251935,-9.332391093875,
    -16.65685236613));
#5821 = CARTESIAN_POINT('',(-0.971671401024,-9.288411214864,
    -16.67663412253));
#5822 = CARTESIAN_POINT('',(-1.737484137951,-9.171366395079,
    -16.69641587518));
#5823 = CARTESIAN_POINT('',(-2.487755823524,-8.982560535734,
    -16.71620033686));
#5824 = CARTESIAN_POINT('',(-3.214707086272,-8.724327771925,
    -16.73598797356));
#5825 = CARTESIAN_POINT('',(-4.600525939667,-8.079160757543,
    -16.77537230666));
#5826 = CARTESIAN_POINT('',(-5.260383399644,-7.693202263081,
    -16.79498151658));
#5827 = CARTESIAN_POINT('',(-5.882876176695,-7.245796110829,
    -16.81458751148));
#5828 = CARTESIAN_POINT('',(-6.461386710158,-6.741263093301,
    -16.8341907188));
#5829 = CARTESIAN_POINT('',(-6.989982553582,-6.184653314832,
    -16.85379393361));
#5830 = CARTESIAN_POINT('',(-7.463366728,-5.581679879704,-16.8733999575)
  );
#5831 = CARTESIAN_POINT('',(-7.876941875882,-4.938771308146,
    -16.89300921933));
#5832 = CARTESIAN_POINT('',(-8.723806637959,-3.304522085432,
    -16.94043207767));
#5833 = CARTESIAN_POINT('',(-9.093551190483,-2.278450982329,
    -16.96828685123));
#5834 = CARTESIAN_POINT('',(-9.324401243376,-1.206497146982,
    -16.99612118597));
#5835 = CARTESIAN_POINT('',(-9.410717714345,-0.110679430404,
    -17.02394288646));
#5836 = CARTESIAN_POINT('',(-9.350197297671,0.986865212993,
    -17.05176520536));
#5837 = CARTESIAN_POINT('',(-9.144622031835,2.063951847039,
    -17.07959904284));
#5838 = CARTESIAN_POINT('',(-8.799111571428,3.098435048501,
    -17.10745360673));
#5839 = CARTESIAN_POINT('',(-7.964909621938,4.805364020223,
    -17.15640247708));
#5840 = CARTESIAN_POINT('',(-7.530138895147,5.506062903044,
    -17.1775406611));
#5841 = CARTESIAN_POINT('',(-7.025110240307,6.161323278145,
    -17.19867420386));
#5842 = CARTESIAN_POINT('',(-6.455520876024,6.763046077884,
    -17.21980403687));
#5843 = CARTESIAN_POINT('',(-5.827960810324,7.304036580155,-17.240933849
    ));
#5844 = CARTESIAN_POINT('',(-5.149923455086,7.778046499659,
    -17.26206743343));
#5845 = CARTESIAN_POINT('',(-4.429764016694,8.179761441365,
    -17.28320566484));
#5846 = CARTESIAN_POINT('',(-3.046475141662,8.777790924077,
    -17.32203319519));
#5847 = CARTESIAN_POINT('',(-2.392718314791,8.997018947969,
    -17.33973507253));
#5848 = CARTESIAN_POINT('',(-1.721197783669,9.160476318606,
    -17.35743520242));
#5849 = CARTESIAN_POINT('',(-1.037487932687,9.266553765104,
    -17.37513322787));
#5850 = CARTESIAN_POINT('',(-0.34724780578,9.314304469547,-17.3928312405
    ));
#5851 = CARTESIAN_POINT('',(0.343794407835,9.303400261465,
    -17.41053131666));
#5852 = CARTESIAN_POINT('',(1.029846579718,9.234177816153,
    -17.42823308618));
#5853 = CARTESIAN_POINT('',(2.42913586742,8.972219795841,-17.46491100917
    ));
#5854 = CARTESIAN_POINT('',(3.14110730505,8.770836109234,-17.48389592532
    ));
#5855 = CARTESIAN_POINT('',(3.833673168167,8.504927629614,
    -17.50287872901));
#5856 = CARTESIAN_POINT('',(4.500039619321,8.176764729227,
    -17.52185882263));
#5857 = CARTESIAN_POINT('',(5.133823086874,7.789396994164,
    -17.54083896119));
#5858 = CARTESIAN_POINT('',(5.729031555934,7.346585597928,
    -17.55982187018));
#5859 = CARTESIAN_POINT('',(6.280111731775,6.852855374396,
    -17.57880688487));
#5860 = CARTESIAN_POINT('',(7.162970488852,5.904499534808,
    -17.61218950432));
#5861 = CARTESIAN_POINT('',(7.515702275729,5.469031085537,-17.626593617)
  );
#5862 = CARTESIAN_POINT('',(7.838083586781,5.009578846353,
    -17.64099705073));
#5863 = CARTESIAN_POINT('',(8.128230609163,4.528628655332,
    -17.65539968466));
#5864 = CARTESIAN_POINT('',(8.384515819435,4.02881243414,-17.66980231535
    ));
#5865 = CARTESIAN_POINT('',(8.605557668852,3.512899118852,
    -17.68420576261));
#5866 = CARTESIAN_POINT('',(8.790233701304,2.98379867206,-17.6986099412)
  );
#5867 = CARTESIAN_POINT('',(9.019299432276,2.146303023049,
    -17.72098007798));
#5868 = CARTESIAN_POINT('',(9.089505992795,1.84491255985,-17.72894735668
    ));
#5869 = CARTESIAN_POINT('',(9.148197483142,1.540917793255,
    -17.73691463029));
#5870 = CARTESIAN_POINT('',(9.195262405747,1.234832689442,
    -17.74488186842));
#5871 = CARTESIAN_POINT('',(9.230617074321,0.927175046626,
    -17.75284907451));
#5872 = CARTESIAN_POINT('',(9.254205620418,0.618466367506,
    -17.76081624585));
#5873 = CARTESIAN_POINT('',(9.266,0.309231731713,-17.7687833337));
#5874 = CARTESIAN_POINT('',(9.266,-3.3175136238E-07,-17.77675020336));
#5875 = ORIENTED_EDGE('',*,*,#5350,.T.);
#5876 = ORIENTED_EDGE('',*,*,#5514,.T.);
#5877 = ORIENTED_EDGE('',*,*,#5878,.F.);
#5878 = EDGE_CURVE('',#5793,#5507,#5879,.T.);
#5879 = B_SPLINE_CURVE_WITH_KNOTS('',1,(#5880,#5881),.UNSPECIFIED.,.F.,
  .F.,(2,2),(0.,0.9375),.PIECEWISE_BEZIER_KNOTS.);
#5880 = CARTESIAN_POINT('',(9.204105056666,-3.9242885833E-07,
    -17.81248356189));
#5881 = CARTESIAN_POINT('',(10.0160135539,7.89238023E-09,-17.34375033059
    ));
#5882 = B_SPLINE_SURFACE_WITH_KNOTS('',1,9,(
    (#5883,#5884,#5885,#5886,#5887,#5888,#5889,#5890,#5891,#5892,#5893
      ,#5894,#5895,#5896,#5897,#5898,#5899,#5900,#5901,#5902,#5903,#5904
      ,#5905,#5906,#5907,#5908,#5909,#5910,#5911,#5912,#5913)
    ,(#5914,#5915,#5916,#5917,#5918,#5919,#5920,#5921,#5922,#5923,#5924
      ,#5925,#5926,#5927,#5928,#5929,#5930,#5931,#5932,#5933,#5934,#5935
      ,#5936,#5937,#5938,#5939,#5940,#5941,#5942,#5943,#5944
  )),.UNSPECIFIED.,.F.,.F.,.F.,(2,2),(10,7,7,7,10),(0.,0.9375),(0.,
    1.614938419963,3.229876839926,4.844815259889,6.459753679852),
  .UNSPECIFIED.);
#5883 = CARTESIAN_POINT('',(9.204104733927,-3.5972627543E-07,
    -16.31248493172));
#5884 = CARTESIAN_POINT('',(9.204105139052,-1.606418996119,
    -16.35414961238));
#5885 = CARTESIAN_POINT('',(8.888683418413,-3.212826144102,
    -16.39581776696));
#5886 = CARTESIAN_POINT('',(8.257847455146,-4.74849114588,
    -16.43748484537));
#5887 = CARTESIAN_POINT('',(7.330113891447,-6.142559167092,
    -16.47915086493));
#5888 = CARTESIAN_POINT('',(6.142560426334,-7.330119098683,
    -16.52081754691));
#5889 = CARTESIAN_POINT('',(4.748477835105,-8.25784401662,
    -16.56248417403));
#5890 = CARTESIAN_POINT('',(3.212838318936,-8.888683203782,
    -16.60415089486));
#5891 = CARTESIAN_POINT('',(-1.06404123275E-06,-9.519523698846,
    -16.6874842742));
#5892 = CARTESIAN_POINT('',(-3.212839203609,-8.888686622311,
    -16.77081757024));
#5893 = CARTESIAN_POINT('',(-4.748476568079,-8.257849136942,
    -16.81248419298));
#5894 = CARTESIAN_POINT('',(-6.142560864817,-7.330115529259,
    -16.85415085906));
#5895 = CARTESIAN_POINT('',(-7.330114419186,-6.142560266857,
    -16.89581758741));
#5896 = CARTESIAN_POINT('',(-8.257847383344,-4.748474266309,
    -16.93748431193));
#5897 = CARTESIAN_POINT('',(-8.8886852811,-3.212836470372,
    -16.97915097033));
#5898 = CARTESIAN_POINT('',(-9.519524356365,3.9003393957E-07,
    -17.06248424681));
#5899 = CARTESIAN_POINT('',(-8.888685043731,3.212837203832,
    -17.14581752328));
#5900 = CARTESIAN_POINT('',(-8.257847024365,4.748474955755,
    -17.18748418168));
#5901 = CARTESIAN_POINT('',(-7.330113914301,6.142560872412,
    -17.2291509062));
#5902 = CARTESIAN_POINT('',(-6.142560246841,7.330116013353,
    -17.27081763456));
#5903 = CARTESIAN_POINT('',(-4.748475888714,8.257849498097,
    -17.31248430064));
#5904 = CARTESIAN_POINT('',(-3.212838476901,8.888686880495,
    -17.35415092338));
#5905 = CARTESIAN_POINT('',(-2.8534121835E-07,9.519523711647,
    -17.43748421941));
#5906 = CARTESIAN_POINT('',(3.212839045643,8.888682932374,
    -17.52081759876));
#5907 = CARTESIAN_POINT('',(4.748478493265,8.257843607525,
    -17.56248431959));
#5908 = CARTESIAN_POINT('',(6.142561061003,7.330118531673,
    -17.60415094671));
#5909 = CARTESIAN_POINT('',(7.330114252934,6.142558640215,-17.6458176287
    ));
#5910 = CARTESIAN_POINT('',(8.257848154432,4.748490675986,
    -17.68748364824));
#5911 = CARTESIAN_POINT('',(8.888683780052,3.212825233973,
    -17.72915072666));
#5912 = CARTESIAN_POINT('',(9.204104657242,1.606418243963,
    -17.77081888124));
#5913 = CARTESIAN_POINT('',(9.204105056666,-3.9242885833E-07,
    -17.81248356189));
#5914 = CARTESIAN_POINT('',(10.016012424411,7.23388816E-09,
    -15.84375030303));
#5915 = CARTESIAN_POINT('',(10.016014063226,-1.748124052981,
    -15.88541700966));
#5916 = CARTESIAN_POINT('',(9.672767578428,-3.496236058713,
    -15.92708364639));
#5917 = CARTESIAN_POINT('',(8.986284579982,-5.167355947552,
    -15.96875030476));
#5918 = CARTESIAN_POINT('',(7.976718102515,-6.684406166347,
    -16.01041698447));
#5919 = CARTESIAN_POINT('',(6.684401969972,-7.976720234331,
    -16.05208365081));
#5920 = CARTESIAN_POINT('',(5.167348005975,-8.986281217681,
    -16.09375031828));
#5921 = CARTESIAN_POINT('',(3.496247881684,-9.672767415351,
    -16.13541698385));
#5922 = CARTESIAN_POINT('',(1.8033710538E-07,-10.35925537374,
    -16.21875031626));
#5923 = CARTESIAN_POINT('',(-3.496247862383,-9.67277142089,
    -16.30208365034));
#5924 = CARTESIAN_POINT('',(-5.167347006592,-8.986286779801,
    -16.34375031789));
#5925 = CARTESIAN_POINT('',(-6.684405831008,-7.976715812561,
    -16.38541698458));
#5926 = CARTESIAN_POINT('',(-7.976714862688,-6.684404646233,-16.42708365
    ));
#5927 = CARTESIAN_POINT('',(-8.986284275538,-5.167344972461,
    -16.4687503155));
#5928 = CARTESIAN_POINT('',(-9.672769544362,-3.496246289894,
    -16.51041698233));
#5929 = CARTESIAN_POINT('',(-10.35925611542,-4.08324018E-09,
    -16.59375031681));
#5930 = CARTESIAN_POINT('',(-9.672769637776,3.496246300069,
    -16.67708365129));
#5931 = CARTESIAN_POINT('',(-8.986284385057,5.16734501005,
    -16.71875031812));
#5932 = CARTESIAN_POINT('',(-7.976714862572,6.68440465708,
    -16.76041698362));
#5933 = CARTESIAN_POINT('',(-6.684405776687,7.976715739913,
    -16.80208364905));
#5934 = CARTESIAN_POINT('',(-5.167347004283,8.986286677898,
    -16.84375031573));
#5935 = CARTESIAN_POINT('',(-3.496247875842,9.672771400326,
    -16.88541698328));
#5936 = CARTESIAN_POINT('',(1.6738453509E-07,10.359255418551,
    -16.96875031736));
#5937 = CARTESIAN_POINT('',(3.496247868226,9.672767389634,
    -17.05208364977));
#5938 = CARTESIAN_POINT('',(5.167347934077,8.986281151807,
    -17.09375031535));
#5939 = CARTESIAN_POINT('',(6.684402082703,7.97672001678,-17.13541698281
    ));
#5940 = CARTESIAN_POINT('',(7.976717600776,6.684406430865,
    -17.17708364918));
#5941 = CARTESIAN_POINT('',(8.986285661449,5.167356678327,
    -17.21875032885));
#5942 = CARTESIAN_POINT('',(9.672767919926,3.49623543025,-17.26041698724
    ));
#5943 = CARTESIAN_POINT('',(10.016011914962,1.748124068106,
    -17.30208362397));
#5944 = CARTESIAN_POINT('',(10.0160135539,7.89238023E-09,-17.34375033059
    ));
#5945 = ADVANCED_FACE('',(#5946),#6130,.T.);
#5946 = FACE_BOUND('',#5947,.T.);
#5947 = EDGE_LOOP('',(#5948,#5949,#6033,#6041));
#5948 = ORIENTED_EDGE('',*,*,#5506,.F.);
#5949 = ORIENTED_EDGE('',*,*,#5950,.T.);
#5950 = EDGE_CURVE('',#5423,#5951,#5953,.T.);
#5951 = VERTEX_POINT('',#5952);
#5952 = CARTESIAN_POINT('',(10.,-2.016016116796E-12,-18.64700137641));
#5953 = B_SPLINE_CURVE_WITH_KNOTS('',8,(#5954,#5955,#5956,#5957,#5958,
    #5959,#5960,#5961,#5962,#5963,#5964,#5965,#5966,#5967,#5968,#5969,
    #5970,#5971,#5972,#5973,#5974,#5975,#5976,#5977,#5978,#5979,#5980,
    #5981,#5982,#5983,#5984,#5985,#5986,#5987,#5988,#5989,#5990,#5991,
    #5992,#5993,#5994,#5995,#5996,#5997,#5998,#5999,#6000,#6001,#6002,
    #6003,#6004,#6005,#6006,#6007,#6008,#6009,#6010,#6011,#6012,#6013,
    #6014,#6015,#6016,#6017,#6018,#6019,#6020,#6021,#6022,#6023,#6024,
    #6025,#6026,#6027,#6028,#6029,#6030,#6031,#6032),.UNSPECIFIED.,.F.,
  .F.,(9,7,7,7,7,7,7,7,7,7,7,9),(0.,4.992319115891E-02,0.122079725219,
    0.214634894032,0.318185581667,0.408837114076,0.546708821872,
    0.684623622015,0.789303510445,0.88187149765,0.959081901929,1.),
  .UNSPECIFIED.);
#5954 = CARTESIAN_POINT('',(10.,-4.318323476582E-12,-17.14700222407));
#5955 = CARTESIAN_POINT('',(10.,-0.392038590206,-17.15636117926));
#5956 = CARTESIAN_POINT('',(9.982434938913,-0.784083710403,
    -17.16572047142));
#5957 = CARTESIAN_POINT('',(9.947303812682,-1.175207624472,
    -17.17507982991));
#5958 = CARTESIAN_POINT('',(9.89466553842,-1.564491639211,
    -17.18443916791));
#5959 = CARTESIAN_POINT('',(9.82463559243,-1.951025785056,
    -17.19379851088));
#5960 = CARTESIAN_POINT('',(9.737384869174,-2.333908848493,
    -17.20315790887));
#5961 = CARTESIAN_POINT('',(9.633140761197,-2.712248756143,
    -17.21251733256));
#5962 = CARTESIAN_POINT('',(9.337374821709,-3.624155733121,
    -17.2354039115));
#5963 = CARTESIAN_POINT('',(9.127642325548,-4.151866498341,
    -17.24893214127));
#5964 = CARTESIAN_POINT('',(8.88385853435,-4.665597907379,
    -17.26245983758));
#5965 = CARTESIAN_POINT('',(8.607129695227,-5.162791901049,
    -17.27598695137));
#5966 = CARTESIAN_POINT('',(8.298775868908,-5.641016332516,
    -17.28951408962));
#5967 = CARTESIAN_POINT('',(7.960321272056,-6.097961546689,
    -17.30304183807));
#5968 = CARTESIAN_POINT('',(7.593501832568,-6.531447266275,
    -17.31657010619));
#5969 = CARTESIAN_POINT('',(6.695917181122,-7.462771689114,
    -17.34744907218));
#5970 = CARTESIAN_POINT('',(6.147975481181,-7.944309078819,
    -17.3648040936));
#5971 = CARTESIAN_POINT('',(5.560644987596,-8.379659411474,
    -17.38215778229));
#5972 = CARTESIAN_POINT('',(4.938514109203,-8.765115252789,
    -17.39950969806));
#5973 = CARTESIAN_POINT('',(4.286506796104,-9.097544945618,
    -17.41686158636));
#5974 = CARTESIAN_POINT('',(3.609852660659,-9.374359340562,
    -17.43421521199));
#5975 = CARTESIAN_POINT('',(2.91409995748,-9.593554587897,
    -17.45157017704));
#5976 = CARTESIAN_POINT('',(1.412022447281,-9.933148169422,
    -17.48833462619));
#5977 = CARTESIAN_POINT('',(0.60196987533,-10.03880857829,
    -17.50775321632));
#5978 = CARTESIAN_POINT('',(-0.216649515107,-10.06885095744,
    -17.52716873096));
#5979 = CARTESIAN_POINT('',(-1.035581385215,-10.02260377155,
    -17.54658147903));
#5980 = CARTESIAN_POINT('',(-1.846668172365,-9.900429955792,
    -17.56599423256));
#5981 = CARTESIAN_POINT('',(-2.641850440028,-9.703642185782,
    -17.58540978909));
#5982 = CARTESIAN_POINT('',(-3.413185524651,-9.434585547385,
    -17.60482848166));
#5983 = CARTESIAN_POINT('',(-4.800495154726,-8.801250335963,
    -17.64123610498));
#5984 = CARTESIAN_POINT('',(-5.424140388308,-8.452877854948,
    -17.65823385129));
#5985 = CARTESIAN_POINT('',(-6.018660357118,-8.054098602436,
    -17.67523032237));
#5986 = CARTESIAN_POINT('',(-6.579330311963,-7.607807105661,
    -17.69222516865));
#5987 = CARTESIAN_POINT('',(-7.101820513667,-7.117367639833,
    -17.70922002412));
#5988 = CARTESIAN_POINT('',(-7.582177404584,-6.586579442675,
    -17.72621651782));
#5989 = CARTESIAN_POINT('',(-8.016855299242,-6.019700359093,
    -17.74321429393));
#5990 = CARTESIAN_POINT('',(-8.989778866416,-4.511771339592,
    -17.78605631048));
#5991 = CARTESIAN_POINT('',(-9.464743068771,-3.52852568689,
    -17.81192780653));
#5992 = CARTESIAN_POINT('',(-9.815961808392,-2.489162671689,
    -17.83778517148));
#5993 = CARTESIAN_POINT('',(-10.03637907055,-1.412011874452,
    -17.86363371142));
#5994 = CARTESIAN_POINT('',(-10.12172282268,-0.315857476176,
    -17.88948241658));
#5995 = CARTESIAN_POINT('',(-10.07091615457,0.780066611017,
    -17.91533993515));
#5996 = CARTESIAN_POINT('',(-9.885683769783,1.856195055472,
    -17.94121153297));
#5997 = CARTESIAN_POINT('',(-9.259232947266,3.929318233061,
    -17.9929140974));
#5998 = CARTESIAN_POINT('',(-8.81734307182,4.928245405901,
    -18.01879378443));
#5999 = CARTESIAN_POINT('',(-8.252484700177,5.869169534632,
    -18.04465946285));
#6000 = CARTESIAN_POINT('',(-7.574066985312,6.734829013057,
    -18.07051585815));
#6001 = CARTESIAN_POINT('',(-6.793650400812,7.509791565603,
    -18.09637228442));
#6002 = CARTESIAN_POINT('',(-5.925209968539,8.180771892224,
    -18.12223768479));
#6003 = CARTESIAN_POINT('',(-4.984789071349,8.736407405131,
    -18.14811713052));
#6004 = CARTESIAN_POINT('',(-3.238095492608,9.496866691834,
    -18.19359699067));
#6005 = CARTESIAN_POINT('',(-2.453330454606,9.754300367521,
    -18.21322786141));
#6006 = CARTESIAN_POINT('',(-1.645588406519,9.937420905923,
    -18.23285571563));
#6007 = CARTESIAN_POINT('',(-0.823122000166,10.043964755415,
    -18.25248090336));
#6008 = CARTESIAN_POINT('',(5.716962898969E-03,10.072748505635,
    -18.27210607178));
#6009 = CARTESIAN_POINT('',(0.832495610931,10.023580120622,
    -18.2917339177));
#6010 = CARTESIAN_POINT('',(1.648703082166,9.897349000114,
    -18.31136485722));
#6011 = CARTESIAN_POINT('',(3.150615385915,9.518510204951,
    -18.34834339419));
#6012 = CARTESIAN_POINT('',(3.840826299134,9.282130938877,
    -18.36570052734));
#6013 = CARTESIAN_POINT('',(4.510512745449,8.988606999364,
    -18.38305606565));
#6014 = CARTESIAN_POINT('',(5.154175465345,8.640079870368,
    -18.40040967938));
#6015 = CARTESIAN_POINT('',(5.76664843893,8.239268579651,-18.41776327949
    ));
#6016 = CARTESIAN_POINT('',(6.343084843962,7.789427196284,
    -18.43511879171));
#6017 = CARTESIAN_POINT('',(6.878987765394,7.294377373082,
    -18.45247591753));
#6018 = CARTESIAN_POINT('',(7.780074287817,6.311740523127,-18.48430472)
  );
#6019 = CARTESIAN_POINT('',(8.158935964597,5.836426951143,
    -18.49878100824));
#6020 = CARTESIAN_POINT('',(8.504507583906,5.335232495264,
    -18.51325680182));
#6021 = CARTESIAN_POINT('',(8.814747462264,4.81089704842,-18.52773192186
    ));
#6022 = CARTESIAN_POINT('',(9.087897434913,4.26631873928,-18.54220705655
    ));
#6023 = CARTESIAN_POINT('',(9.322471211841,3.704544013607,
    -18.55668287739));
#6024 = CARTESIAN_POINT('',(9.517268990483,3.128772176893,
    -18.57115917053));
#6025 = CARTESIAN_POINT('',(9.753110652053,2.231609520967,
    -18.59330499367));
#6026 = CARTESIAN_POINT('',(9.823391344372,1.917842317737,
    -18.60097602755));
#6027 = CARTESIAN_POINT('',(9.882131170184,1.6015650727,-18.60864699823)
  );
#6028 = CARTESIAN_POINT('',(9.92922668606,1.283273609255,-18.61631790471
    ));
#6029 = CARTESIAN_POINT('',(9.964600248136,0.963467184479,
    -18.62398878723));
#6030 = CARTESIAN_POINT('',(9.988200023237,0.642648383501,-18.6316596827
    ));
#6031 = CARTESIAN_POINT('',(10.,0.321323013882,-18.6393305802));
#6032 = CARTESIAN_POINT('',(10.,-4.02700095492E-12,-18.64700137641));
#6033 = ORIENTED_EDGE('',*,*,#6034,.T.);
#6034 = EDGE_CURVE('',#5951,#6035,#6037,.T.);
#6035 = VERTEX_POINT('',#6036);
#6036 = CARTESIAN_POINT('',(10.,-1.507177942535E-12,-18.85299596216));
#6037 = LINE('',#6038,#6039);
#6038 = CARTESIAN_POINT('',(10.,0.,0.));
#6039 = VECTOR('',#6040,1.);
#6040 = DIRECTION('',(0.,-2.22044604925E-16,-1.));
#6041 = ORIENTED_EDGE('',*,*,#6042,.F.);
#6042 = EDGE_CURVE('',#5507,#6035,#6043,.T.);
#6043 = B_SPLINE_CURVE_WITH_KNOTS('',8,(#6044,#6045,#6046,#6047,#6048,
    #6049,#6050,#6051,#6052,#6053,#6054,#6055,#6056,#6057,#6058,#6059,
    #6060,#6061,#6062,#6063,#6064,#6065,#6066,#6067,#6068,#6069,#6070,
    #6071,#6072,#6073,#6074,#6075,#6076,#6077,#6078,#6079,#6080,#6081,
    #6082,#6083,#6084,#6085,#6086,#6087,#6088,#6089,#6090,#6091,#6092,
    #6093,#6094,#6095,#6096,#6097,#6098,#6099,#6100,#6101,#6102,#6103,
    #6104,#6105,#6106,#6107,#6108,#6109,#6110,#6111,#6112,#6113,#6114,
    #6115,#6116,#6117,#6118,#6119,#6120,#6121,#6122,#6123,#6124,#6125,
    #6126,#6127,#6128,#6129),.UNSPECIFIED.,.F.,.F.,(9,7,7,7,7,7,7,7,7,7,
    7,7,9),(0.,1.418685691999E-02,4.876281300609E-02,0.122002777935,
    0.213985605914,0.318034410656,0.409623088767,0.547495797296,
    0.684913197957,0.78939492224,0.882157245383,0.958690373272,1.),
  .UNSPECIFIED.);
#6044 = CARTESIAN_POINT('',(10.,-3.270272941336E-12,-17.35299531927));
#6045 = CARTESIAN_POINT('',(10.,-0.111407059744,-17.35565502626));
#6046 = CARTESIAN_POINT('',(9.998581539414,-0.222814120604,
    -17.35831472301));
#6047 = CARTESIAN_POINT('',(9.995744617883,-0.334200105661,
    -17.36097441011));
#6048 = CARTESIAN_POINT('',(9.991489610716,-0.445543949296,
    -17.36363408819));
#6049 = CARTESIAN_POINT('',(9.985817268883,-0.556824597188,
    -17.36629375785));
#6050 = CARTESIAN_POINT('',(9.978728719022,-0.668021006316,
    -17.36895341974));
#6051 = CARTESIAN_POINT('',(9.970225463434,-0.779112144963,
    -17.3716130745));
#6052 = CARTESIAN_POINT('',(9.936142077611,-1.160518551712,
    -17.38075477049));
#6053 = CARTESIAN_POINT('',(9.903582585705,-1.430211422868,
    -17.3872367951));
#6054 = CARTESIAN_POINT('',(9.862658272981,-1.698850144096,
    -17.39371880787));
#6055 = CARTESIAN_POINT('',(9.813409510567,-1.966131891741,
    -17.4002008179));
#6056 = CARTESIAN_POINT('',(9.755889672109,-2.231756480576,
    -17.40668283224));
#6057 = CARTESIAN_POINT('',(9.690165133767,-2.495426363799,
    -17.41316485581));
#6058 = CARTESIAN_POINT('',(9.616315274218,-2.756846633035,
    -17.41964689145));
#6059 = CARTESIAN_POINT('',(9.360985546585,-3.564090009698,
    -17.43985943523));
#6060 = CARTESIAN_POINT('',(9.151480919132,-4.101096408498,
    -17.4535910611));
#6061 = CARTESIAN_POINT('',(8.906803326399,-4.623914679466,
    -17.46732233039));
#6062 = CARTESIAN_POINT('',(8.628094346282,-5.12986278326,
    -17.48105307371));
#6063 = CARTESIAN_POINT('',(8.316722968138,-5.6163913279,-17.49478380074
    ));
#6064 = CARTESIAN_POINT('',(7.974275025246,-6.081079887846,
    -17.50851503987));
#6065 = CARTESIAN_POINT('',(7.602561492054,-6.521644490733,
    -17.52224665605));
#6066 = CARTESIAN_POINT('',(6.702643117567,-7.456294714337,
    -17.55322141187));
#6067 = CARTESIAN_POINT('',(6.158590573564,-7.935372917706,
    -17.57046874962));
#6068 = CARTESIAN_POINT('',(5.575587641857,-8.3688796653,-17.58771453115
    ));
#6069 = CARTESIAN_POINT('',(4.95813287476,-8.753170125444,
    -17.60495846635));
#6070 = CARTESIAN_POINT('',(4.311053386452,-9.085160598928,
    -17.62220242116));
#6071 = CARTESIAN_POINT('',(3.639475987524,-9.362296498943,
    -17.63944824717));
#6072 = CARTESIAN_POINT('',(2.948839816857,-9.582593563423,
    -17.65669562335));
#6073 = CARTESIAN_POINT('',(1.448727450332,-9.928182436276,
    -17.69344624042));
#6074 = CARTESIAN_POINT('',(0.635131038639,-10.03731640169,
    -17.71295872607));
#6075 = CARTESIAN_POINT('',(-0.187385913549,-10.07012815043,
    -17.73246819329));
#6076 = CARTESIAN_POINT('',(-1.010450800329,-10.0259086968,
    -17.75197508549));
#6077 = CARTESIAN_POINT('',(-1.825786994357,-9.905003595551,
    -17.77148198359));
#6078 = CARTESIAN_POINT('',(-2.625215383424,-9.708725778055,
    -17.79099143108));
#6079 = CARTESIAN_POINT('',(-3.400673239059,-9.43944062244,
    -17.81050382524));
#6080 = CARTESIAN_POINT('',(-4.798841493762,-8.802750371522,
    -17.84718051173));
#6081 = CARTESIAN_POINT('',(-5.429022135007,-8.450821304357,
    -17.86435394771));
#6082 = CARTESIAN_POINT('',(-6.029465616796,-8.047433279754,
    -17.88152593417));
#6083 = CARTESIAN_POINT('',(-6.59529978563,-7.595574166153,
    -17.89869614208));
#6084 = CARTESIAN_POINT('',(-7.122064738791,-7.098720434728,
    -17.91586633909));
#6085 = CARTESIAN_POINT('',(-7.605692774605,-6.560800214282,
    -17.93303829813));
#6086 = CARTESIAN_POINT('',(-8.04254214201,-5.986218321563,
    -17.95021169768));
#6087 = CARTESIAN_POINT('',(-9.011967101219,-4.467289152844,
    -17.99322929163));
#6088 = CARTESIAN_POINT('',(-9.482070016731,-3.481700156877,
    -18.01910100046));
#6089 = CARTESIAN_POINT('',(-9.82814958775,-2.440605210428,
    -18.04495899344));
#6090 = CARTESIAN_POINT('',(-10.04324037255,-1.362368979246,
    -18.07080794467));
#6091 = CARTESIAN_POINT('',(-10.12316314367,-0.265796947884,
    -18.09665667547));
#6092 = CARTESIAN_POINT('',(-10.06693610546,0.829871419907,
    -18.12251459291));
#6093 = CARTESIAN_POINT('',(-9.876380710802,1.905079107468,
    -18.14838623608));
#6094 = CARTESIAN_POINT('',(-9.240825181292,3.971352774479,
    -18.19999548134));
#6095 = CARTESIAN_POINT('',(-8.796073793524,4.964614811759,
    -18.22578135272));
#6096 = CARTESIAN_POINT('',(-8.22950895731,5.899763046682,
    -18.25155361964));
#6097 = CARTESIAN_POINT('',(-7.550505000578,6.759760090696,
    -18.27731732594));
#6098 = CARTESIAN_POINT('',(-6.77055497367,7.529382933202,
    -18.30308101558));
#6099 = CARTESIAN_POINT('',(-5.903522928063,8.195531200776,
    -18.32885356754));
#6100 = CARTESIAN_POINT('',(-4.965309743506,8.74701044914,
    -18.35463967866));
#6101 = CARTESIAN_POINT('',(-3.22224703693,9.502121252374,
    -18.39998914903));
#6102 = CARTESIAN_POINT('',(-2.438560704578,9.757776068602,
    -18.41958264421));
#6103 = CARTESIAN_POINT('',(-1.632103775087,9.939364354156,
    -18.43917283036));
#6104 = CARTESIAN_POINT('',(-0.811085218569,10.044647932735,
    -18.45876014984));
#6105 = CARTESIAN_POINT('',(1.61889366623E-02,10.072460686745,
    -18.4783474787));
#6106 = CARTESIAN_POINT('',(0.841333212882,10.022620953034,
    -18.49793765986));
#6107 = CARTESIAN_POINT('',(1.655885947203,9.89602071693,-18.51753109551
    ));
#6108 = CARTESIAN_POINT('',(3.157552980312,9.516327809602,
    -18.55450899247));
#6109 = CARTESIAN_POINT('',(3.849047564961,9.278932001186,-18.5719028656
    ));
#6110 = CARTESIAN_POINT('',(4.51988595668,8.984165897659,-18.58929538149
    ));
#6111 = CARTESIAN_POINT('',(5.164535883283,8.634189358197,-18.6066861332
    ));
#6112 = CARTESIAN_POINT('',(5.77780173637,8.23174422713,-18.62407690207)
  );
#6113 = CARTESIAN_POINT('',(6.35481031215,7.780111317907,-18.64146945185
    ));
#6114 = CARTESIAN_POINT('',(6.8910419475,7.283143327813,-18.65886333799)
  );
#6115 = CARTESIAN_POINT('',(7.787805569315,6.301689312698,
    -18.69060159701));
#6116 = CARTESIAN_POINT('',(8.16276622747,5.830119073369,-18.70495065296
    ));
#6117 = CARTESIAN_POINT('',(8.504993207351,5.33315687074,-18.71929902562
    ));
#6118 = CARTESIAN_POINT('',(8.812500461682,4.81347250599,-18.73364659541
    ));
#6119 = CARTESIAN_POINT('',(9.083575703434,4.273888637858,
    -18.74799414409));
#6120 = CARTESIAN_POINT('',(9.316769336223,3.717371387372,-18.7623424777
    ));
#6121 = CARTESIAN_POINT('',(9.510908326014,3.147034585606,
    -18.77669152574));
#6122 = CARTESIAN_POINT('',(9.748380624129,2.252622735867,
    -18.79878385434));
#6123 = CARTESIAN_POINT('',(9.820002707995,1.935999122291,
    -18.80652839016));
#6124 = CARTESIAN_POINT('',(9.879867044632,1.616793084051,
    -18.81427294335));
#6125 = CARTESIAN_POINT('',(9.927866189622,1.295514604325,
    -18.82201750035));
#6126 = CARTESIAN_POINT('',(9.963919490427,0.972677277829,
    -18.82976208125));
#6127 = CARTESIAN_POINT('',(9.987973101601,0.648798199486,
    -18.83750670592));
#6128 = CARTESIAN_POINT('',(10.,0.324397853093,-18.84525136021));
#6129 = CARTESIAN_POINT('',(10.,-3.012701199623E-12,-18.85299596216));
#6130 = CYLINDRICAL_SURFACE('',#6131,10.);
#6131 = AXIS2_PLACEMENT_3D('',#6132,#6133,#6134);
#6132 = CARTESIAN_POINT('',(0.,0.,0.));
#6133 = DIRECTION('',(0.,-2.22044604925E-16,-1.));
#6134 = DIRECTION('',(1.,0.,0.));
#6135 = ADVANCED_FACE('',(#6136),#6229,.T.);
#6136 = FACE_BOUND('',#6137,.T.);
#6137 = EDGE_LOOP('',(#6138,#6139,#6140,#6224));
#6138 = ORIENTED_EDGE('',*,*,#5950,.F.);
#6139 = ORIENTED_EDGE('',*,*,#5704,.T.);
#6140 = ORIENTED_EDGE('',*,*,#6141,.T.);
#6141 = EDGE_CURVE('',#5614,#6142,#6144,.T.);
#6142 = VERTEX_POINT('',#6143);
#6143 = CARTESIAN_POINT('',(9.266,-1.9603764E-07,-18.22320438117));
#6144 = B_SPLINE_CURVE_WITH_KNOTS('',8,(#6145,#6146,#6147,#6148,#6149,
    #6150,#6151,#6152,#6153,#6154,#6155,#6156,#6157,#6158,#6159,#6160,
    #6161,#6162,#6163,#6164,#6165,#6166,#6167,#6168,#6169,#6170,#6171,
    #6172,#6173,#6174,#6175,#6176,#6177,#6178,#6179,#6180,#6181,#6182,
    #6183,#6184,#6185,#6186,#6187,#6188,#6189,#6190,#6191,#6192,#6193,
    #6194,#6195,#6196,#6197,#6198,#6199,#6200,#6201,#6202,#6203,#6204,
    #6205,#6206,#6207,#6208,#6209,#6210,#6211,#6212,#6213,#6214,#6215,
    #6216,#6217,#6218,#6219,#6220,#6221,#6222,#6223),.UNSPECIFIED.,.F.,
  .F.,(9,7,7,7,7,7,7,7,7,7,7,9),(0.,1.905301797876E-02,
    5.281469270168E-02,0.121742397761,0.272466301145,0.424344474639,
    0.572053383017,0.678423853846,0.789429580255,0.882713030452,
    0.961170598911,1.),.UNSPECIFIED.);
#6145 = CARTESIAN_POINT('',(9.266,-3.6191613972E-07,-16.72320691328));
#6146 = CARTESIAN_POINT('',(9.266,-0.138622328044,-16.72677810684));
#6147 = CARTESIAN_POINT('',(9.263629914559,-0.27724433768,
    -16.73034935928));
#6148 = CARTESIAN_POINT('',(9.25888974556,-0.415819044992,
    -16.73392066391));
#6149 = CARTESIAN_POINT('',(9.25178062489,-0.554299170417,
    -16.73749201421));
#6150 = CARTESIAN_POINT('',(9.242304814439,-0.692637500652,
    -16.74106340381));
#6151 = CARTESIAN_POINT('',(9.230465706101,-0.83078688866,
    -16.74463482653));
#6152 = CARTESIAN_POINT('',(9.216267821773,-0.968700253668,
    -16.74820627635));
#6153 = CARTESIAN_POINT('',(9.170388663713,-1.350209548491,
    -16.75810634295));
#6154 = CARTESIAN_POINT('',(9.133671656613,-1.593201054072,
    -16.76443502033));
#6155 = CARTESIAN_POINT('',(9.089597424909,-1.835042547882,-16.770763745
    ));
#6156 = CARTESIAN_POINT('',(9.038208479159,-2.075474021019,
    -16.77709248916));
#6157 = CARTESIAN_POINT('',(8.979558207635,-2.314238005704,
    -16.78342123174));
#6158 = CARTESIAN_POINT('',(8.913710876318,-2.551079575283,
    -16.78974995839));
#6159 = CARTESIAN_POINT('',(8.840741628897,-2.785746344229,
    -16.79607866149));
#6160 = CARTESIAN_POINT('',(8.59739829681,-3.492133093677,
    -16.81532794615));
#6161 = CARTESIAN_POINT('',(8.404722861892,-3.956203307979,
    -16.82824924008));
#6162 = CARTESIAN_POINT('',(8.183447797424,-4.408038531752,
    -16.84117009284));
#6163 = CARTESIAN_POINT('',(7.934493849566,-4.845586511244,
    -16.85409046462));
#6164 = CARTESIAN_POINT('',(7.65894600836,-5.266893605681,
    -16.86701084275));
#6165 = CARTESIAN_POINT('',(7.358046701935,-5.670102380627,
    -16.87993169906));
#6166 = CARTESIAN_POINT('',(7.033201071781,-6.053456507299,
    -16.89285296701));
#6167 = CARTESIAN_POINT('',(5.92675890275,-7.206582866385,
    -16.93402689381));
#6168 = CARTESIAN_POINT('',(5.05948078326,-7.896225052359,
    -16.96231845748));
#6169 = CARTESIAN_POINT('',(4.101507611498,-8.465164596494,
    -16.99058783841));
#6170 = CARTESIAN_POINT('',(3.072844814104,-8.900476892794,
    -17.01884465852));
#6171 = CARTESIAN_POINT('',(1.99471989394,-9.192522456908,
    -17.04710046268));
#6172 = CARTESIAN_POINT('',(0.889786185209,-9.335791135554,
    -17.07536889418));
#6173 = CARTESIAN_POINT('',(-0.218238232632,-9.328112436192,
    -17.10365960358));
#6174 = CARTESIAN_POINT('',(-2.397942126571,-9.018296515265,
    -17.16038185269));
#6175 = CARTESIAN_POINT('',(-3.472272649657,-8.713479068881,
    -17.18889054292));
#6176 = CARTESIAN_POINT('',(-4.50067398339,-8.262345916574,
    -17.21737622932));
#6177 = CARTESIAN_POINT('',(-5.460477808912,-7.673851161821,
    -17.24584894428));
#6178 = CARTESIAN_POINT('',(-6.331026950536,-6.959922710598,
    -17.27432175776));
#6179 = CARTESIAN_POINT('',(-7.094282154864,-6.136167692467,
    -17.30280774624));
#6180 = CARTESIAN_POINT('',(-7.734354681738,-5.221068225004,
    -17.33131690588));
#6181 = CARTESIAN_POINT('',(-8.731378985225,-3.282788033504,
    -17.38747481019));
#6182 = CARTESIAN_POINT('',(-9.096891110845,-2.260794035355,
    -17.41519708429));
#6183 = CARTESIAN_POINT('',(-9.324746199348,-1.193664428184,
    -17.44289906647));
#6184 = CARTESIAN_POINT('',(-9.409417841884,-0.103113720831,
    -17.47058981019));
#6185 = CARTESIAN_POINT('',(-9.348665273905,0.989030574983,
    -17.49827992183));
#6186 = CARTESIAN_POINT('',(-9.144250510867,2.060896990672,
    -17.52598239649));
#6187 = CARTESIAN_POINT('',(-8.801222675884,3.090655447516,
    -17.55370487726));
#6188 = CARTESIAN_POINT('',(-7.991874977314,4.752643706667,
    -17.60133232654));
#6189 = CARTESIAN_POINT('',(-7.586511837408,5.416324901734,
    -17.62127818788));
#6190 = CARTESIAN_POINT('',(-7.118320077544,6.040111869615,
    -17.64122052178));
#6191 = CARTESIAN_POINT('',(-6.591988480267,6.617131916139,
    -17.66115981677));
#6192 = CARTESIAN_POINT('',(-6.012968877547,7.141262929459,
    -17.68109909412));
#6193 = CARTESIAN_POINT('',(-5.387404035753,7.607076615361,
    -17.7010413761));
#6194 = CARTESIAN_POINT('',(-4.722184071047,8.009910293706,
    -17.72098716371));
#6195 = CARTESIAN_POINT('',(-3.29765367368,8.696924825142,
    -17.76173447421));
#6196 = CARTESIAN_POINT('',(-2.534964476873,8.975432637714,
    -17.78255093589));
#6197 = CARTESIAN_POINT('',(-1.745855391947,9.177240846014,
    -17.80336305291));
#6198 = CARTESIAN_POINT('',(-0.939376004923,9.29961083552,
    -17.82417208877));
#6199 = CARTESIAN_POINT('',(-0.124716063231,9.340996031389,
    -17.84498077479));
#6200 = CARTESIAN_POINT('',(0.688810936542,9.301073908187,
    -17.86579316782));
#6201 = CARTESIAN_POINT('',(1.49179046798,9.18071792559,-17.88660972535)
  );
#6202 = CARTESIAN_POINT('',(2.932633501757,8.815839968792,
    -17.92490392875));
#6203 = CARTESIAN_POINT('',(3.576741966004,8.594119817276,
    -17.94239329896));
#6204 = CARTESIAN_POINT('',(4.201448960527,8.318667982704,
    -17.95988101872));
#6205 = CARTESIAN_POINT('',(4.801545053292,7.991524961808,
    -17.97736674585));
#6206 = CARTESIAN_POINT('',(5.372140391699,7.615281936866,
    -17.99485245607));
#6207 = CARTESIAN_POINT('',(5.90865136235,7.193039609924,-18.01234014135
    ));
#6208 = CARTESIAN_POINT('',(6.406830553324,6.728439441174,
    -18.02982949441));
#6209 = CARTESIAN_POINT('',(7.246374223489,5.802986674862,
    -18.06202253625));
#6210 = CARTESIAN_POINT('',(7.600181030648,5.353160812569,
    -18.07673105973));
#6211 = CARTESIAN_POINT('',(7.921975075454,4.878788889468,
    -18.09143905752));
#6212 = CARTESIAN_POINT('',(8.209790785726,4.382548277649,
    -18.10614634778));
#6213 = CARTESIAN_POINT('',(8.461943760581,3.867270185186,
    -18.12085368225));
#6214 = CARTESIAN_POINT('',(8.677018932941,3.335929601727,
    -18.13556178338));
#6215 = CARTESIAN_POINT('',(8.853885516074,2.791649540913,
    -18.15027039547));
#6216 = CARTESIAN_POINT('',(9.059963610354,1.9635743434,-18.17225596215)
  );
#6217 = CARTESIAN_POINT('',(9.118636481015,1.68705007016,-18.1795345355)
  );
#6218 = CARTESIAN_POINT('',(9.167660209434,1.408537637612,-18.1868130657
    ));
#6219 = CARTESIAN_POINT('',(9.206957059864,1.128430292494,
    -18.19409154082));
#6220 = CARTESIAN_POINT('',(9.236468697508,0.847123650602,
    -18.20136994119));
#6221 = CARTESIAN_POINT('',(9.25615618852,0.565015696787,-18.20864823935
    ));
#6222 = CARTESIAN_POINT('',(9.266,0.282506784959,-18.21592640008));
#6223 = CARTESIAN_POINT('',(9.266,-3.6191616459E-07,-18.22320438039));
#6224 = ORIENTED_EDGE('',*,*,#6225,.F.);
#6225 = EDGE_CURVE('',#5951,#6142,#6226,.T.);
#6226 = B_SPLINE_CURVE_WITH_KNOTS('',1,(#6227,#6228),.UNSPECIFIED.,.F.,
  .F.,(2,2),(0.,0.9375),.PIECEWISE_BEZIER_KNOTS.);
#6227 = CARTESIAN_POINT('',(10.016018878647,8.55256858E-09,
    -18.6562503582));
#6228 = CARTESIAN_POINT('',(9.204130550942,-4.2512328061E-07,
    -18.18748219233));
#6229 = B_SPLINE_SURFACE_WITH_KNOTS('',1,9,(
    (#6230,#6231,#6232,#6233,#6234,#6235,#6236,#6237,#6238,#6239,#6240
      ,#6241,#6242,#6243,#6244,#6245,#6246,#6247,#6248,#6249,#6250,#6251
      ,#6252,#6253,#6254,#6255,#6256,#6257,#6258,#6259,#6260)
    ,(#6261,#6262,#6263,#6264,#6265,#6266,#6267,#6268,#6269,#6270,#6271
      ,#6272,#6273,#6274,#6275,#6276,#6277,#6278,#6279,#6280,#6281,#6282
      ,#6283,#6284,#6285,#6286,#6287,#6288,#6289,#6290,#6291
  )),.UNSPECIFIED.,.F.,.F.,.F.,(2,2),(10,7,7,7,10),(0.,0.9375),(0.,
    1.614938419963,3.229876839926,4.844815259889,6.459753679852),
  .UNSPECIFIED.);
#6230 = CARTESIAN_POINT('',(10.016017426445,7.89336152E-09,
    -17.15625033063));
#6231 = CARTESIAN_POINT('',(10.016019533247,-1.748124953508,
    -17.19791703727));
#6232 = CARTESIAN_POINT('',(9.672772515559,-3.49623795231,-17.239583674)
  );
#6233 = CARTESIAN_POINT('',(8.986289057263,-5.167358508308,
    -17.28125033236));
#6234 = CARTESIAN_POINT('',(7.976722285314,-6.684409575671,
    -17.32291701207));
#6235 = CARTESIAN_POINT('',(6.684405398551,-7.97672437852,
    -17.36458367841));
#6236 = CARTESIAN_POINT('',(5.167350678732,-8.986285860417,
    -17.40625034588));
#6237 = CARTESIAN_POINT('',(3.496249684519,-9.672772405991,
    -17.44791701146));
#6238 = CARTESIAN_POINT('',(1.8064016809E-07,-10.35926070768,
    -17.53125034387));
#6239 = CARTESIAN_POINT('',(-3.496249664271,-9.672776409748,
    -17.61458367795));
#6240 = CARTESIAN_POINT('',(-5.167349672109,-8.986291426135,
    -17.6562503455));
#6241 = CARTESIAN_POINT('',(-6.684409285868,-7.976719934037,
    -17.69791701218));
#6242 = CARTESIAN_POINT('',(-7.976718975811,-6.684408089385,
    -17.7395836776));
#6243 = CARTESIAN_POINT('',(-8.986288893216,-5.167347629581,
    -17.78125034311));
#6244 = CARTESIAN_POINT('',(-9.672774517984,-3.496248089354,
    -17.82291700994));
#6245 = CARTESIAN_POINT('',(-10.35926145576,-3.69725194E-09,
    -17.90625034442));
#6246 = CARTESIAN_POINT('',(-9.672774637039,3.496248105335,
    -17.98958367889));
#6247 = CARTESIAN_POINT('',(-8.986289032477,5.167347680603,
    -18.03125034573));
#6248 = CARTESIAN_POINT('',(-7.976718973657,6.684408105723,
    -18.07291701123));
#6249 = CARTESIAN_POINT('',(-6.684409213636,7.976719842636,
    -18.11458367666));
#6250 = CARTESIAN_POINT('',(-5.167349666446,8.986291296666,
    -18.15625034333));
#6251 = CARTESIAN_POINT('',(-3.496249678675,9.672776384356,
    -18.19791701088));
#6252 = CARTESIAN_POINT('',(1.6709226359E-07,10.359260765287,
    -18.28125034497));
#6253 = CARTESIAN_POINT('',(3.496249670115,9.672772371878,
    -18.36458367738));
#6254 = CARTESIAN_POINT('',(5.167350588985,8.986285774173,
    -18.40625034295));
#6255 = CARTESIAN_POINT('',(6.684405545883,7.976724096805,
    -18.44791701041));
#6256 = CARTESIAN_POINT('',(7.976721642225,6.684409913379,
    -18.48958367678));
#6257 = CARTESIAN_POINT('',(8.98629044927,5.167359445179,-18.53125035645
    ));
#6258 = CARTESIAN_POINT('',(9.672772955676,3.496237141387,
    -18.57291701485));
#6259 = CARTESIAN_POINT('',(10.016016771718,1.748124969952,
    -18.61458365156));
#6260 = CARTESIAN_POINT('',(10.016018878647,8.55256858E-09,
    -18.6562503582));
#6261 = CARTESIAN_POINT('',(9.20412829193,-3.9242309136E-07,
    -16.68748356213));
#6262 = CARTESIAN_POINT('',(9.204131498587,-1.606423309456,
    -16.72914824284));
#6263 = CARTESIAN_POINT('',(8.888706795386,-3.212835288136,
    -16.77081639738));
#6264 = CARTESIAN_POINT('',(8.257868509263,-4.748503213561,
    -16.81248347576));
#6265 = CARTESIAN_POINT('',(7.330133823653,-6.14257534486,
    -16.85414949537));
#6266 = CARTESIAN_POINT('',(6.142576661293,-7.330138848173,
    -16.89581617732));
#6267 = CARTESIAN_POINT('',(4.748490508991,-8.257866101289,
    -16.93748280446));
#6268 = CARTESIAN_POINT('',(3.212846847605,-8.888706927396,
    -16.97914952528));
#6269 = CARTESIAN_POINT('',(-1.10013946679E-06,-9.519549027073,
    -17.06248290462));
#6270 = CARTESIAN_POINT('',(-3.212847797394,-8.888710309641,
    -17.14581620066));
#6271 = CARTESIAN_POINT('',(-4.748489264281,-8.257871205379,
    -17.1874828234));
#6272 = CARTESIAN_POINT('',(-6.142577315813,-7.330135093559,
    -17.22914948948));
#6273 = CARTESIAN_POINT('',(-7.330133982283,-6.14257658923,
    -17.27081621784));
#6274 = CARTESIAN_POINT('',(-8.257869317669,-4.748486846367,
    -17.31248294236));
#6275 = CARTESIAN_POINT('',(-8.888708902605,-3.212844978791,
    -17.35414960075));
#6276 = CARTESIAN_POINT('',(-9.519549722996,4.3025994558E-07,
    -17.43748287723));
#6277 = CARTESIAN_POINT('',(-8.888708793497,3.212845817888,
    -17.52081615371));
#6278 = CARTESIAN_POINT('',(-8.257869099322,4.748487682184,
    -17.56248281211));
#6279 = CARTESIAN_POINT('',(-7.330133416253,6.142577286109,
    -17.60414953662));
#6280 = CARTESIAN_POINT('',(-6.142576531986,7.33013551406,
    -17.64581626498));
#6281 = CARTESIAN_POINT('',(-4.748488499023,8.257871438958,
    -17.68748293106));
#6282 = CARTESIAN_POINT('',(-3.212847005565,8.888710564449,
    -17.7291495538));
#6283 = CARTESIAN_POINT('',(-2.4919161429E-07,9.519549116678,
    -17.81248284984));
#6284 = CARTESIAN_POINT('',(3.212847639434,8.888706580024,
    -17.89581622918));
#6285 = CARTESIAN_POINT('',(4.748491125831,8.257865532154,
    -17.93748295001));
#6286 = CARTESIAN_POINT('',(6.142577561944,7.330137847267,
    -17.97914957712));
#6287 = CARTESIAN_POINT('',(7.330133385963,6.142575198721,
    -18.02081625913));
#6288 = CARTESIAN_POINT('',(8.257871109607,4.748503914488,
    -18.06248227867));
#6289 = CARTESIAN_POINT('',(8.88870777433,3.212833212448,-18.1041493571)
  );
#6290 = CARTESIAN_POINT('',(9.204127349971,1.606422491908,
    -18.14581751162));
#6291 = CARTESIAN_POINT('',(9.204130550942,-4.2512328061E-07,
    -18.18748219233));
#6292 = ADVANCED_FACE('',(#6293),#6304,.T.);
#6293 = FACE_BOUND('',#6294,.F.);
#6294 = EDGE_LOOP('',(#6295,#6296,#6297,#6298));
#6295 = ORIENTED_EDGE('',*,*,#5792,.F.);
#6296 = ORIENTED_EDGE('',*,*,#5778,.T.);
#6297 = ORIENTED_EDGE('',*,*,#6141,.T.);
#6298 = ORIENTED_EDGE('',*,*,#6299,.F.);
#6299 = EDGE_CURVE('',#5793,#6142,#6300,.T.);
#6300 = LINE('',#6301,#6302);
#6301 = CARTESIAN_POINT('',(9.266,0.,0.));
#6302 = VECTOR('',#6303,1.);
#6303 = DIRECTION('',(-7.E-17,0.,-1.));
#6304 = CYLINDRICAL_SURFACE('',#6305,9.266);
#6305 = AXIS2_PLACEMENT_3D('',#6306,#6307,#6308);
#6306 = CARTESIAN_POINT('',(0.,0.,0.));
#6307 = DIRECTION('',(-0.,-0.,-1.));
#6308 = DIRECTION('',(1.,0.,0.));
#6309 = ADVANCED_FACE('',(#6310),#6403,.T.);
#6310 = FACE_BOUND('',#6311,.T.);
#6311 = EDGE_LOOP('',(#6312,#6396,#6397,#6398));
#6312 = ORIENTED_EDGE('',*,*,#6313,.F.);
#6313 = EDGE_CURVE('',#5793,#6314,#6316,.T.);
#6314 = VERTEX_POINT('',#6315);
#6315 = CARTESIAN_POINT('',(9.266,-1.96035039E-07,-19.27674916266));
#6316 = B_SPLINE_CURVE_WITH_KNOTS('',8,(#6317,#6318,#6319,#6320,#6321,
    #6322,#6323,#6324,#6325,#6326,#6327,#6328,#6329,#6330,#6331,#6332,
    #6333,#6334,#6335,#6336,#6337,#6338,#6339,#6340,#6341,#6342,#6343,
    #6344,#6345,#6346,#6347,#6348,#6349,#6350,#6351,#6352,#6353,#6354,
    #6355,#6356,#6357,#6358,#6359,#6360,#6361,#6362,#6363,#6364,#6365,
    #6366,#6367,#6368,#6369,#6370,#6371,#6372,#6373,#6374,#6375,#6376,
    #6377,#6378,#6379,#6380,#6381,#6382,#6383,#6384,#6385,#6386,#6387,
    #6388,#6389,#6390,#6391,#6392,#6393,#6394,#6395),.UNSPECIFIED.,.F.,
  .F.,(9,7,7,7,7,7,7,7,7,7,7,9),(0.,4.889267887346E-02,0.120452105544,
    0.213894085113,0.319119827212,0.423069999912,0.5537606166,
    0.68643111121,0.789335705957,0.880092539582,0.957785738178,1.),
  .UNSPECIFIED.);
#6317 = CARTESIAN_POINT('',(9.266,-3.6191078934E-07,-17.77675020414));
#6318 = CARTESIAN_POINT('',(9.266,-0.355770052765,-17.78591604031));
#6319 = CARTESIAN_POINT('',(9.250388752369,-0.711545130199,
    -17.79508210521));
#6320 = CARTESIAN_POINT('',(9.219165445212,-1.066518487481,
    -17.80424814194));
#6321 = CARTESIAN_POINT('',(9.172380249219,-1.419890504679,
    -17.8134141375));
#6322 = CARTESIAN_POINT('',(9.110131585603,-1.770868813085,
    -17.82258018668));
#6323 = CARTESIAN_POINT('',(9.032565203545,-2.118668340949,
    -17.83174637479));
#6324 = CARTESIAN_POINT('',(8.939875067134,-2.462511640515,
    -17.8409126794));
#6325 = CARTESIAN_POINT('',(8.674867816865,-3.297963096788,
    -17.86349457749));
#6326 = CARTESIAN_POINT('',(8.485542450232,-3.784220122672,
    -17.87691129247));
#6327 = CARTESIAN_POINT('',(8.265096360211,-4.257958489385,
    -17.89032767728));
#6328 = CARTESIAN_POINT('',(8.014512340599,-4.716859135743,
    -17.90374356997));
#6329 = CARTESIAN_POINT('',(7.734965844251,-5.158714220546,
    -17.91715942481));
#6330 = CARTESIAN_POINT('',(7.427816446305,-5.581424259247,
    -17.93057571667));
#6331 = CARTESIAN_POINT('',(7.094614497041,-5.983004200752,
    -17.94399233026));
#6332 = CARTESIAN_POINT('',(6.270312118591,-6.855965115837,
    -17.97492597033));
#6333 = CARTESIAN_POINT('',(5.761948402515,-7.311283049366,
    -17.99244731401));
#6334 = CARTESIAN_POINT('',(5.215976347671,-7.723320301393,
    -18.00996698885));
#6335 = CARTESIAN_POINT('',(4.636740055932,-8.088502412395,
    -18.02748468078));
#6336 = CARTESIAN_POINT('',(4.0289110827,-8.403806383349,-18.04500239618
    ));
#6337 = CARTESIAN_POINT('',(3.397458712737,-8.666728593378,
    -18.0625221283));
#6338 = CARTESIAN_POINT('',(2.747662628666,-8.87532665859,
    -18.08004353188));
#6339 = CARTESIAN_POINT('',(1.339127571535,-9.200639380259,
    -18.11728884637));
#6340 = CARTESIAN_POINT('',(0.5765763271,-9.302543265585,-18.1370225718)
  );
#6341 = CARTESIAN_POINT('',(-0.194378855841,-9.332096865338,
    -18.1567531027));
#6342 = CARTESIAN_POINT('',(-0.965710556063,-9.28863060745,
    -18.17648092153));
#6343 = CARTESIAN_POINT('',(-1.729487177753,-9.172496333399,
    -18.19620873764));
#6344 = CARTESIAN_POINT('',(-2.477874395634,-8.984981344445,
    -18.21593923023));
#6345 = CARTESIAN_POINT('',(-3.203154227208,-8.728392195053,
    -18.23567285126));
#6346 = CARTESIAN_POINT('',(-4.584013705702,-8.088122012104,
    -18.27488815025));
#6347 = CARTESIAN_POINT('',(-5.240757715501,-7.705821843913,
    -18.29438208175));
#6348 = CARTESIAN_POINT('',(-5.860712090364,-7.262718115006,
    -18.31387289348));
#6349 = CARTESIAN_POINT('',(-6.437365326004,-6.763039150332,
    -18.33336099047));
#6350 = CARTESIAN_POINT('',(-6.964872830265,-6.211728123916,
    -18.35284909346));
#6351 = CARTESIAN_POINT('',(-7.438009242115,-5.614378751915,
    -18.37233993014));
#6352 = CARTESIAN_POINT('',(-7.852230281193,-4.977286080292,
    -18.39183390835));
#6353 = CARTESIAN_POINT('',(-8.645956521211,-3.465623905698,
    -18.43582326997));
#6354 = CARTESIAN_POINT('',(-8.989626817445,-2.571162377445,
    -18.46034320714));
#6355 = CARTESIAN_POINT('',(-9.22699316571,-1.638587669787,
    -18.48485287364));
#6356 = CARTESIAN_POINT('',(-9.353594128947,-0.682728391131,
    -18.50935509462));
#6357 = CARTESIAN_POINT('',(-9.367133708936,0.281383376057,
    -18.53385740961));
#6358 = CARTESIAN_POINT('',(-9.267700879349,1.238541310251,
    -18.55836688941));
#6359 = CARTESIAN_POINT('',(-9.057556314847,2.173426501069,
    -18.58288666446));
#6360 = CARTESIAN_POINT('',(-8.422493072345,3.981498036496,
    -18.63226027502));
#6361 = CARTESIAN_POINT('',(-7.993864285215,4.854971828091,
    -18.65715271178));
#6362 = CARTESIAN_POINT('',(-7.461918877876,5.674760213159,
    -18.68203397629));
#6363 = CARTESIAN_POINT('',(-6.834888762083,6.426905349931,
    -18.70690783356));
#6364 = CARTESIAN_POINT('',(-6.12270907651,7.098983756693,
    -18.73178166571));
#6365 = CARTESIAN_POINT('',(-5.337169084131,7.680315257888,
    -18.75666313677));
#6366 = CARTESIAN_POINT('',(-4.491694455283,8.161825373934,
    -18.78155575344));
#6367 = CARTESIAN_POINT('',(-2.912361503203,8.828226632383,
    -18.82572022517));
#6368 = CARTESIAN_POINT('',(-2.195384672012,9.055696362516,
    -18.8450177352));
#6369 = CARTESIAN_POINT('',(-1.458468731793,9.216448772747,
    -18.86431261268));
#6370 = CARTESIAN_POINT('',(-0.708886906634,9.308554791765,
    -18.8836043176));
#6371 = CARTESIAN_POINT('',(4.59983311793E-02,9.331020473913,
    -18.90289603766));
#6372 = CARTESIAN_POINT('',(0.798758903468,9.283713401704,
    -18.92219092526));
#6373 = CARTESIAN_POINT('',(1.541913349847,9.167439010693,
    -18.94148839354));
#6374 = CARTESIAN_POINT('',(2.908236820618,8.822529717913,
    -18.97779514336));
#6375 = CARTESIAN_POINT('',(3.535494859998,8.60870860411,-18.99481291702
    ));
#6376 = CARTESIAN_POINT('',(4.144565266612,8.34396753261,-19.01182948048
    ));
#6377 = CARTESIAN_POINT('',(4.730642098988,8.030163894574,
    -19.02884446167));
#6378 = CARTESIAN_POINT('',(5.289202369281,7.669651501808,
    -19.04585944942));
#6379 = CARTESIAN_POINT('',(5.815994881284,7.265245502038,
    -19.06287602309));
#6380 = CARTESIAN_POINT('',(6.307065495659,6.82024914263,-19.07989379092
    ));
#6381 = CARTESIAN_POINT('',(7.145546295454,5.92617300555,-19.11147397676
    ));
#6382 = CARTESIAN_POINT('',(7.503557394724,5.486797917914,
    -19.12604080682));
#6383 = CARTESIAN_POINT('',(7.830593513952,5.022806841822,
    -19.14060692208));
#6384 = CARTESIAN_POINT('',(8.124699824816,4.536766358036,-19.1551721928
    ));
#6385 = CARTESIAN_POINT('',(8.384189278473,4.031396099551,-19.1697374592
    ));
#6386 = CARTESIAN_POINT('',(8.60763161497,3.509559028012,-19.18430358727
    ));
#6387 = CARTESIAN_POINT('',(8.793867380523,2.974265793123,
    -19.19887048582));
#6388 = CARTESIAN_POINT('',(9.022559679234,2.13225866391,-19.22135023954
    ));
#6389 = CARTESIAN_POINT('',(9.09184209137,1.832771212048,-19.22926448906
    ));
#6390 = CARTESIAN_POINT('',(9.14975856245,1.530730873229,-19.237178733)
  );
#6391 = CARTESIAN_POINT('',(9.196200531288,1.226641541236,
    -19.24509294193));
#6392 = CARTESIAN_POINT('',(9.231086511943,0.921010826301,
    -19.25300711877));
#6393 = CARTESIAN_POINT('',(9.254362103525,0.61434993154,-19.26092126022
    ));
#6394 = CARTESIAN_POINT('',(9.266,0.307173529398,-19.26883531831));
#6395 = CARTESIAN_POINT('',(9.266,-3.6191081954E-07,-19.27674916188));
#6396 = ORIENTED_EDGE('',*,*,#5878,.T.);
#6397 = ORIENTED_EDGE('',*,*,#6042,.T.);
#6398 = ORIENTED_EDGE('',*,*,#6399,.F.);
#6399 = EDGE_CURVE('',#6314,#6035,#6400,.T.);
#6400 = B_SPLINE_CURVE_WITH_KNOTS('',1,(#6401,#6402),.UNSPECIFIED.,.F.,
  .F.,(2,2),(0.,0.9375),.PIECEWISE_BEZIER_KNOTS.);
#6401 = CARTESIAN_POINT('',(9.204105379407,-4.2513117119E-07,
    -19.31248219205));
#6402 = CARTESIAN_POINT('',(10.016014683391,8.55125408E-09,
    -18.84375035815));
#6403 = B_SPLINE_SURFACE_WITH_KNOTS('',1,9,(
    (#6404,#6405,#6406,#6407,#6408,#6409,#6410,#6411,#6412,#6413,#6414
      ,#6415,#6416,#6417,#6418,#6419,#6420,#6421,#6422,#6423,#6424,#6425
      ,#6426,#6427,#6428,#6429,#6430,#6431,#6432,#6433,#6434)
    ,(#6435,#6436,#6437,#6438,#6439,#6440,#6441,#6442,#6443,#6444,#6445
      ,#6446,#6447,#6448,#6449,#6450,#6451,#6452,#6453,#6454,#6455,#6456
      ,#6457,#6458,#6459,#6460,#6461,#6462,#6463,#6464,#6465
  )),.UNSPECIFIED.,.F.,.F.,.F.,(2,2),(10,7,7,7,10),(0.,0.9375),(0.,
    1.614938419963,3.229876839926,4.844815259889,6.459753679852),
  .UNSPECIFIED.);
#6404 = CARTESIAN_POINT('',(9.204105056666,-3.9242883343E-07,
    -17.81248356189));
#6405 = CARTESIAN_POINT('',(9.204105456087,-1.606419085151,
    -17.85414824254));
#6406 = CARTESIAN_POINT('',(8.888683718677,-3.212826288342,
    -17.89581639712));
#6407 = CARTESIAN_POINT('',(8.257847727833,-4.748491341723,
    -17.93748347553));
#6408 = CARTESIAN_POINT('',(7.330114126652,-6.142559408524,
    -17.97914949509));
#6409 = CARTESIAN_POINT('',(6.142560615676,-7.330119377538,
    -18.02081617707));
#6410 = CARTESIAN_POINT('',(4.748477972268,-8.257844323051,
    -18.06248280419));
#6411 = CARTESIAN_POINT('',(3.212838400011,-8.888683526877,
    -18.10414952502));
#6412 = CARTESIAN_POINT('',(-1.09786418139E-06,-9.519524032646,
    -18.18748290436));
#6413 = CARTESIAN_POINT('',(-3.212839347848,-8.888686922576,
    -18.2708162004));
#6414 = CARTESIAN_POINT('',(-4.748476763924,-8.25784940963,
    -18.31248282314));
#6415 = CARTESIAN_POINT('',(-6.142561106249,-7.330115764463,
    -18.35414948922));
#6416 = CARTESIAN_POINT('',(-7.33011469804,-6.1425604562,-18.39581621758
    ));
#6417 = CARTESIAN_POINT('',(-8.257847689775,-4.748474403473,
    -18.4374829421));
#6418 = CARTESIAN_POINT('',(-8.888685604195,-3.212836551447,
    -18.4791496005));
#6419 = CARTESIAN_POINT('',(-9.519524690165,4.238572192E-07,
    -18.56248287697));
#6420 = CARTESIAN_POINT('',(-8.888685343996,3.212837348071,
    -18.64581615344));
#6421 = CARTESIAN_POINT('',(-8.257847297054,4.7484751516,-18.68748281185
    ));
#6422 = CARTESIAN_POINT('',(-7.330114149505,6.142561113843,
    -18.72914953636));
#6423 = CARTESIAN_POINT('',(-6.142560436185,7.330116292207,
    -18.77081626472));
#6424 = CARTESIAN_POINT('',(-4.748476025878,8.257849804528,
    -18.8124829308));
#6425 = CARTESIAN_POINT('',(-3.212838557976,8.88868720359,
    -18.85414955354));
#6426 = CARTESIAN_POINT('',(-2.5151753517E-07,9.519524045447,
    -18.93748284958));
#6427 = CARTESIAN_POINT('',(3.212839189883,8.888683232638,
    -19.02081622892));
#6428 = CARTESIAN_POINT('',(4.74847868911,8.257843880213,-19.06248294975
    ));
#6429 = CARTESIAN_POINT('',(6.142561302433,7.330118766875,
    -19.10414957687));
#6430 = CARTESIAN_POINT('',(7.330114531789,6.142558829563,
    -19.14581625886));
#6431 = CARTESIAN_POINT('',(8.257848460863,4.748490813147,
    -19.18748227841));
#6432 = CARTESIAN_POINT('',(8.888684103148,3.212825315048,
    -19.22914935683));
#6433 = CARTESIAN_POINT('',(9.204104985687,1.60641826759,-19.2708175114)
  );
#6434 = CARTESIAN_POINT('',(9.204105379407,-4.2513117119E-07,
    -19.31248219205));
#6435 = CARTESIAN_POINT('',(10.016013553901,7.89240584E-09,
    -17.34375033059));
#6436 = CARTESIAN_POINT('',(10.016015192831,-1.748124249457,
    -17.38541703722));
#6437 = CARTESIAN_POINT('',(9.672768669441,-3.496236452345,
    -17.42708367395));
#6438 = CARTESIAN_POINT('',(8.986285593692,-5.167356529668,
    -17.46875033232));
#6439 = CARTESIAN_POINT('',(7.97671900248,-6.684406919616,
    -17.51041701203));
#6440 = CARTESIAN_POINT('',(6.684402724282,-7.976721133414,
    -17.55208367837));
#6441 = CARTESIAN_POINT('',(5.167348589278,-8.986282230711,
    -17.59375034584));
#6442 = CARTESIAN_POINT('',(3.496248276587,-9.672768505904,
    -17.63541701141));
#6443 = CARTESIAN_POINT('',(1.8101935201E-07,-10.35925654194,
    -17.71875034382));
#6444 = CARTESIAN_POINT('',(-3.496248256013,-9.672772511903,
    -17.80208367791));
#6445 = CARTESIAN_POINT('',(-5.167347588716,-8.98628779351,
    -17.84375034546));
#6446 = CARTESIAN_POINT('',(-6.684406584274,-7.976716712521,
    -17.88541701214));
#6447 = CARTESIAN_POINT('',(-7.976715761771,-6.684405400547,
    -17.92708367756));
#6448 = CARTESIAN_POINT('',(-8.986285288567,-5.167345555766,
    -17.96875034306));
#6449 = CARTESIAN_POINT('',(-9.672770634915,-3.496246684796,
    -18.0104170099));
#6450 = CARTESIAN_POINT('',(-10.35925728362,-4.76435931E-09,
    -18.09375034437));
#6451 = CARTESIAN_POINT('',(-9.672770728789,3.496246693699,
    -18.17708367885));
#6452 = CARTESIAN_POINT('',(-8.986285398765,5.167345592173,
    -18.21875034568));
#6453 = CARTESIAN_POINT('',(-7.976715762534,6.684405410345,
    -18.26041701118));
#6454 = CARTESIAN_POINT('',(-6.684406531002,7.976716638994,
    -18.30208367661));
#6455 = CARTESIAN_POINT('',(-5.167347587588,8.986287690928,
    -18.34375034329));
#6456 = CARTESIAN_POINT('',(-3.496248270743,9.672772490879,
    -18.38541701084));
#6457 = CARTESIAN_POINT('',(1.6670456719E-07,10.359256586748,
    -18.46875034492));
#6458 = CARTESIAN_POINT('',(3.496248261856,9.672768480647,
    -18.55208367733));
#6459 = CARTESIAN_POINT('',(5.167348516198,8.986282165517,
    -18.59375034291));
#6460 = CARTESIAN_POINT('',(6.684402835964,7.976720916739,
    -18.63541701037));
#6461 = CARTESIAN_POINT('',(7.976718499863,6.684407185187,
    -18.67708367674));
#6462 = CARTESIAN_POINT('',(8.986286674479,5.167357261622,
    -18.71875035641));
#6463 = CARTESIAN_POINT('',(9.672769010479,3.496235825154,-18.7604170148
    ));
#6464 = CARTESIAN_POINT('',(10.016013044337,1.748124265899,
    -18.80208365153));
#6465 = CARTESIAN_POINT('',(10.016014683391,8.55125408E-09,
    -18.84375035815));
#6466 = ADVANCED_FACE('',(#6467),#6651,.T.);
#6467 = FACE_BOUND('',#6468,.T.);
#6468 = EDGE_LOOP('',(#6469,#6470,#6554,#6562));
#6469 = ORIENTED_EDGE('',*,*,#6034,.F.);
#6470 = ORIENTED_EDGE('',*,*,#6471,.T.);
#6471 = EDGE_CURVE('',#5951,#6472,#6474,.T.);
#6472 = VERTEX_POINT('',#6473);
#6473 = CARTESIAN_POINT('',(10.,-2.904742536918E-12,-20.14700052874));
#6474 = B_SPLINE_CURVE_WITH_KNOTS('',8,(#6475,#6476,#6477,#6478,#6479,
    #6480,#6481,#6482,#6483,#6484,#6485,#6486,#6487,#6488,#6489,#6490,
    #6491,#6492,#6493,#6494,#6495,#6496,#6497,#6498,#6499,#6500,#6501,
    #6502,#6503,#6504,#6505,#6506,#6507,#6508,#6509,#6510,#6511,#6512,
    #6513,#6514,#6515,#6516,#6517,#6518,#6519,#6520,#6521,#6522,#6523,
    #6524,#6525,#6526,#6527,#6528,#6529,#6530,#6531,#6532,#6533,#6534,
    #6535,#6536,#6537,#6538,#6539,#6540,#6541,#6542,#6543,#6544,#6545,
    #6546,#6547,#6548,#6549,#6550,#6551,#6552,#6553),.UNSPECIFIED.,.F.,
  .F.,(9,7,7,7,7,7,7,7,7,7,7,9),(0.,4.992315779885E-02,0.122079641826,
    0.214634497976,0.318184280133,0.408834030076,0.546704211727,
    0.684617117141,0.78960102344,0.882584638447,0.959675648535,1.),
  .UNSPECIFIED.);
#6475 = CARTESIAN_POINT('',(10.,-4.2650327714E-12,-18.64700137641));
#6476 = CARTESIAN_POINT('',(10.,-0.392038220325,-18.65636032276));
#6477 = CARTESIAN_POINT('',(9.982434972057,-0.784082970605,
    -18.66571960609));
#6478 = CARTESIAN_POINT('',(9.947303912123,-1.175206517367,
    -18.67507895575));
#6479 = CARTESIAN_POINT('',(9.894665737083,-1.564490170016,
    -18.68443828491));
#6480 = CARTESIAN_POINT('',(9.824635922803,-1.95102396155,
    -18.69379761905));
#6481 = CARTESIAN_POINT('',(9.737385363104,-2.333906680972,
    -18.70315700822));
#6482 = CARTESIAN_POINT('',(9.633141449681,-2.712246257377,
    -18.71251642307));
#6483 = CARTESIAN_POINT('',(9.337376063492,-3.624152447939,
    -18.73540298008));
#6484 = CARTESIAN_POINT('',(9.127643960504,-4.151862774877,
    -18.74893119674));
#6485 = CARTESIAN_POINT('',(8.883860623494,-4.665593785414,
    -18.76245887995));
#6486 = CARTESIAN_POINT('',(8.607132295339,-5.162787427383,
    -18.77598598063));
#6487 = CARTESIAN_POINT('',(8.298779031774,-5.64101156038,
    -18.78951310578));
#6488 = CARTESIAN_POINT('',(7.96032504376,-6.097956535175,
    -18.80304084112));
#6489 = CARTESIAN_POINT('',(7.593506252747,-6.531442079727,
    -18.81656909614));
#6490 = CARTESIAN_POINT('',(6.695924509433,-7.462764855222,
    -18.84744798563));
#6491 = CARTESIAN_POINT('',(6.147985325527,-7.944301040066,
    -18.8648029436));
#6492 = CARTESIAN_POINT('',(5.560657586797,-8.379650550668,
    -18.88215656886));
#6493 = CARTESIAN_POINT('',(4.938529646951,-8.765105987854,
    -18.89950842124));
#6494 = CARTESIAN_POINT('',(4.286525397068,-9.097535720701,
    -18.91686024615));
#6495 = CARTESIAN_POINT('',(3.609874387186,-9.374350617908,
    -18.93421380836));
#6496 = CARTESIAN_POINT('',(2.914124806111,-9.593546838767,
    -18.95156870996));
#6497 = CARTESIAN_POINT('',(1.412058011032,-9.933142513458,
    -18.98833292063));
#6498 = CARTESIAN_POINT('',(0.602013206396,-10.03880494909,
    -19.00775133542));
#6499 = CARTESIAN_POINT('',(-0.216598553515,-10.06885076323,
    -19.02716667484));
#6500 = CARTESIAN_POINT('',(-1.035523157601,-10.02260840317,
    -19.04657924781));
#6501 = CARTESIAN_POINT('',(-1.846603261609,-9.900440750418,
    -19.06599182624));
#6502 = CARTESIAN_POINT('',(-2.641779638542,-9.703660395066,
    -19.08540720753));
#6503 = CARTESIAN_POINT('',(-3.413109824137,-9.434612301357,
    -19.10482572474));
#6504 = CARTESIAN_POINT('',(-4.800405400156,-8.80129814252,
    -19.14123283411));
#6505 = CARTESIAN_POINT('',(-5.424041711546,-8.452939106837,
    -19.15823024128));
#6506 = CARTESIAN_POINT('',(-6.018554464218,-8.054175010479,
    -19.17522637335));
#6507 = CARTESIAN_POINT('',(-6.579219159693,-7.607900152811,
    -19.1922208808));
#6508 = CARTESIAN_POINT('',(-7.101706271903,-7.117478549489,
    -19.20921539742));
#6509 = CARTESIAN_POINT('',(-7.582062421357,-6.586709150826,
    -19.22621155213));
#6510 = CARTESIAN_POINT('',(-8.016742061625,-6.019849484203,
    -19.24320898912));
#6511 = CARTESIAN_POINT('',(-8.989681567606,-4.511962256663,
    -19.28605037365));
#6512 = CARTESIAN_POINT('',(-9.464661381719,-3.528738169502,
    -19.31192157493));
#6513 = CARTESIAN_POINT('',(-9.815899818559,-2.489395316751,
    -19.33777864596));
#6514 = CARTESIAN_POINT('',(-10.03634068,-1.412262482854,-19.36362689229
    ));
#6515 = CARTESIAN_POINT('',(-10.12171162978,-0.316123105817,
    -19.38947530405));
#6516 = CARTESIAN_POINT('',(-10.07093528891,0.779789584093,
    -19.41533252876));
#6517 = CARTESIAN_POINT('',(-9.885735778713,1.855910876824,
    -19.44120383187));
#6518 = CARTESIAN_POINT('',(-9.259354964474,3.929026508118,
    -19.49290574043));
#6519 = CARTESIAN_POINT('',(-8.817503005819,4.927953386776,
    -19.51878506313));
#6520 = CARTESIAN_POINT('',(-8.252684201074,5.868882826615,
    -19.54465037837));
#6521 = CARTESIAN_POINT('',(-7.574306717023,6.734553634302,
    -19.57050641107));
#6522 = CARTESIAN_POINT('',(-6.793930007279,7.509533780346,
    -19.59636247472));
#6523 = CARTESIAN_POINT('',(-5.925528011556,8.180537997553,
    -19.62222751191));
#6524 = CARTESIAN_POINT('',(-4.985143001506,8.736203568811,
    -19.6481065933));
#6525 = CARTESIAN_POINT('',(-3.236306678587,9.497683340022,
    -19.69364308026));
#6526 = CARTESIAN_POINT('',(-2.449181034723,9.75569269661,
    -19.71333102994));
#6527 = CARTESIAN_POINT('',(-1.638965031284,9.938946454787,
    -19.7330159171));
#6528 = CARTESIAN_POINT('',(-0.813984924383,10.045164775521,
    -19.75269809967));
#6529 = CARTESIAN_POINT('',(1.733372672558E-02,10.07316048878,
    -19.7723802622));
#6530 = CARTESIAN_POINT('',(0.846484307979,10.022748795271,
    -19.79206513909));
#6531 = CARTESIAN_POINT('',(1.664882324099,9.894838871782,
    -19.81175315489));
#6532 = CARTESIAN_POINT('',(3.171560663728,9.511801736367,
    -19.84886658956));
#6533 = CARTESIAN_POINT('',(3.864360827258,9.272801399416,
    -19.86630170623));
#6534 = CARTESIAN_POINT('',(4.536317222747,8.976187046527,
    -19.88373519464));
#6535 = CARTESIAN_POINT('',(5.181861270735,8.624143161345,
    -19.90116671846));
#6536 = CARTESIAN_POINT('',(5.795765361564,8.219441082682,
    -19.91859823142));
#6537 = CARTESIAN_POINT('',(6.373128318067,7.765395407122,
    -19.93603170135));
#6538 = CARTESIAN_POINT('',(6.909407051827,7.265897297392,-19.9534668211
    ));
#6539 = CARTESIAN_POINT('',(7.80764593867,6.277511682353,-19.98535116228
    ));
#6540 = CARTESIAN_POINT('',(8.183839241821,5.801286992551,
    -19.99980505939));
#6541 = CARTESIAN_POINT('',(8.526733766,5.299406486812,-20.01425846404)
  );
#6542 = CARTESIAN_POINT('',(8.83430909449,4.774606027117,-20.02871119742
    ));
#6543 = CARTESIAN_POINT('',(9.104827251055,4.229777596963,
    -20.04316394133));
#6544 = CARTESIAN_POINT('',(9.33682110245,3.667959541058,-20.05761736112
    ));
#6545 = CARTESIAN_POINT('',(9.52910886268,3.092340925493,-20.07207124579
    ));
#6546 = CARTESIAN_POINT('',(9.760198634489,2.199726427062,
    -20.09408335887));
#6547 = CARTESIAN_POINT('',(9.828468883786,1.890298537256,
    -20.10164307145));
#6548 = CARTESIAN_POINT('',(9.88552355393,1.578467839273,-20.10920272336
    ));
#6549 = CARTESIAN_POINT('',(9.931265069403,1.264709123349,
    -20.11676231465));
#6550 = CARTESIAN_POINT('',(9.96562018669,0.949500383528,-20.12432188326
    ));
#6551 = CARTESIAN_POINT('',(9.988540008837,0.633322721551,
    -20.13188146351));
#6552 = CARTESIAN_POINT('',(10.,0.316660250762,-20.13944104453));
#6553 = CARTESIAN_POINT('',(10.,-5.806910507999E-12,-20.14700052874));
#6554 = ORIENTED_EDGE('',*,*,#6555,.T.);
#6555 = EDGE_CURVE('',#6472,#6556,#6558,.T.);
#6556 = VERTEX_POINT('',#6557);
#6557 = CARTESIAN_POINT('',(10.,-2.200125714441E-12,-20.35299660505));
#6558 = LINE('',#6559,#6560);
#6559 = CARTESIAN_POINT('',(10.,0.,0.));
#6560 = VECTOR('',#6561,1.);
#6561 = DIRECTION('',(0.,-2.22044604925E-16,-1.));
#6562 = ORIENTED_EDGE('',*,*,#6563,.F.);
#6563 = EDGE_CURVE('',#6035,#6556,#6564,.T.);
#6564 = B_SPLINE_CURVE_WITH_KNOTS('',8,(#6565,#6566,#6567,#6568,#6569,
    #6570,#6571,#6572,#6573,#6574,#6575,#6576,#6577,#6578,#6579,#6580,
    #6581,#6582,#6583,#6584,#6585,#6586,#6587,#6588,#6589,#6590,#6591,
    #6592,#6593,#6594,#6595,#6596,#6597,#6598,#6599,#6600,#6601,#6602,
    #6603,#6604,#6605,#6606,#6607,#6608,#6609,#6610,#6611,#6612,#6613,
    #6614,#6615,#6616,#6617,#6618,#6619,#6620,#6621,#6622,#6623,#6624,
    #6625,#6626,#6627,#6628,#6629,#6630,#6631,#6632,#6633,#6634,#6635,
    #6636,#6637,#6638,#6639,#6640,#6641,#6642,#6643,#6644,#6645,#6646,
    #6647,#6648,#6649,#6650),.UNSPECIFIED.,.F.,.F.,(9,7,7,7,7,7,7,7,7,7,
    7,7,9),(0.,1.418667429487E-02,4.876811743027E-02,0.122134400488,
    0.214564705156,0.318200587682,0.426996093001,0.57566077032,
    0.68515887441,0.789888229851,0.881785423163,0.95891312001,1.),
  .UNSPECIFIED.);
#6565 = CARTESIAN_POINT('',(10.,-3.248956659263E-12,-18.85299596216));
#6566 = CARTESIAN_POINT('',(10.,-0.111405827188,-18.85565563972));
#6567 = CARTESIAN_POINT('',(9.998581570799,-0.2228116555,-18.85831530705
    ));
#6568 = CARTESIAN_POINT('',(9.995744712041,-0.33419640871,
    -18.86097496473));
#6569 = CARTESIAN_POINT('',(9.991489799015,-0.445539021892,
    -18.86363461338));
#6570 = CARTESIAN_POINT('',(9.985817582661,-0.556818441422,
    -18.86629425361));
#6571 = CARTESIAN_POINT('',(9.978729189565,-0.668013624983,
    -18.86895388608));
#6572 = CARTESIAN_POINT('',(9.970226121962,-0.779103541562,
    -18.87161351142));
#6573 = CARTESIAN_POINT('',(9.936139342985,-1.160552161603,
    -18.88075621839));
#6574 = CARTESIAN_POINT('',(9.903573543865,-1.430288231963,
    -18.88723928339));
#6575 = CARTESIAN_POINT('',(9.862640241858,-1.698969773193,
    -18.89372233655));
#6576 = CARTESIAN_POINT('',(9.813379829324,-1.966293816115,
    -18.90020538699));
#6577 = CARTESIAN_POINT('',(9.755845709493,-2.231960031709,
    -18.90668844173));
#6578 = CARTESIAN_POINT('',(9.690104296471,-2.495670731111,
    -18.91317150573));
#6579 = CARTESIAN_POINT('',(9.616235015237,-2.757130865616,
    -18.91965458179));
#6580 = CARTESIAN_POINT('',(9.360565303523,-3.565353897229,
    -18.93989187205));
#6581 = CARTESIAN_POINT('',(9.150618306512,-4.103260909987,
    -18.95364721323));
#6582 = CARTESIAN_POINT('',(8.905378754738,-4.626924644411,
    -18.96740219422));
#6583 = CARTESIAN_POINT('',(8.625994742937,-5.133649344564,
    -18.98115664425));
#6584 = CARTESIAN_POINT('',(8.313843288802,-5.620872905214,
    -18.99491107755));
#6585 = CARTESIAN_POINT('',(7.970519658149,-6.086163149344,
    -19.00866602732));
#6586 = CARTESIAN_POINT('',(7.597845742883,-6.527225397091,
    -19.02242135762));
#6587 = CARTESIAN_POINT('',(6.694023816328,-7.464374821952,
    -19.05350373799));
#6588 = CARTESIAN_POINT('',(6.146713225582,-7.945130939013,
    -19.07083507143));
#6589 = CARTESIAN_POINT('',(5.5601301929,-8.379816797589,-19.08816481307
    ));
#6590 = CARTESIAN_POINT('',(4.938845119786,-8.764740697971,
    -19.10549266589));
#6591 = CARTESIAN_POINT('',(4.287762163965,-9.096783658949,
    -19.12282054053));
#6592 = CARTESIAN_POINT('',(3.612089595007,-9.373366410648,
    -19.14015033226));
#6593 = CARTESIAN_POINT('',(2.917352677523,-9.592491841649,
    -19.15748171097));
#6594 = CARTESIAN_POINT('',(1.415724403239,-9.932676179918,
    -19.19423888325));
#6595 = CARTESIAN_POINT('',(0.605035299992,-10.03871863645,
    -19.21367387867));
#6596 = CARTESIAN_POINT('',(-0.214261101615,-10.06902018453,
    -19.23310591331));
#6597 = CARTESIAN_POINT('',(-1.033890076794,-10.0229050957,
    -19.25253542215));
#6598 = CARTESIAN_POINT('',(-1.8456738272,-9.900735501326,
    -19.27196493481));
#6599 = CARTESIAN_POINT('',(-2.641532826158,-9.703826252609,
    -19.29139694472));
#6600 = CARTESIAN_POINT('',(-3.413504512588,-9.434527998382,
    -19.31083184276));
#6601 = CARTESIAN_POINT('',(-4.930972101965,-8.741592372009,
    -19.35065699456));
#6602 = CARTESIAN_POINT('',(-5.673769352698,-8.310696166815,
    -19.37106060868));
#6603 = CARTESIAN_POINT('',(-6.373075071675,-7.807836538763,
    -19.39146019534));
#6604 = CARTESIAN_POINT('',(-7.020854941922,-7.23827942366,
    -19.4118565041));
#6605 = CARTESIAN_POINT('',(-7.609897476587,-6.608165980437,
    -19.43225279584));
#6606 = CARTESIAN_POINT('',(-8.133844505621,-5.92451710926,
    -19.45265241958));
#6607 = CARTESIAN_POINT('',(-8.587187597244,-5.195202817446,
    -19.4730560832));
#6608 = CARTESIAN_POINT('',(-9.48268663744,-3.382539806323,
    -19.52132294071));
#6609 = CARTESIAN_POINT('',(-9.860780880966,-2.265532307853,
    -19.54922912779));
#6610 = CARTESIAN_POINT('',(-10.08746964419,-1.1017748266,
    -19.57711456721));
#6611 = CARTESIAN_POINT('',(-10.15711284205,8.472128089683E-02,
    -19.60498727963));
#6612 = CARTESIAN_POINT('',(-10.06768726429,1.269890664505,
    -19.63286068574));
#6613 = CARTESIAN_POINT('',(-9.821617745829,2.429704593118,
    -19.66074557901));
#6614 = CARTESIAN_POINT('',(-9.424942884919,3.540250322512,
    -19.68865157406));
#6615 = CARTESIAN_POINT('',(-8.496805644419,5.342628071794,
    -19.73705013638));
#6616 = CARTESIAN_POINT('',(-8.027868497727,6.068697810472,
    -19.75758587873));
#6617 = CARTESIAN_POINT('',(-7.488221735394,6.7472642726,-19.77811762591
    ));
#6618 = CARTESIAN_POINT('',(-6.88362442247,7.37040451277,-19.79864609105
    ));
#6619 = CARTESIAN_POINT('',(-6.220689602743,7.931081908891,
    -19.81917453963));
#6620 = CARTESIAN_POINT('',(-5.506888802239,8.423178907752,
    -19.8397063206));
#6621 = CARTESIAN_POINT('',(-4.750518804831,8.841490352196,
    -19.86024211568));
#6622 = CARTESIAN_POINT('',(-3.205820017778,9.507844102039,
    -19.90040397344));
#6623 = CARTESIAN_POINT('',(-2.419806418369,9.762727994859,
    -19.92004399793));
#6624 = CARTESIAN_POINT('',(-1.611047778391,9.943149419233,
    -19.9396806706));
#6625 = CARTESIAN_POINT('',(-0.78781636045,10.046870082491,
    -19.95931445137));
#6626 = CARTESIAN_POINT('',(4.152010450208E-02,10.072734051022,
    -19.97894824353));
#6627 = CARTESIAN_POINT('',(0.868516023244,10.020578881235,
    -19.99858491624));
#6628 = CARTESIAN_POINT('',(1.68465142469,9.891326053262,-20.01822488738
    ));
#6629 = CARTESIAN_POINT('',(3.180440143452,9.508185240585,
    -20.05508709547));
#6630 = CARTESIAN_POINT('',(3.864888952084,9.271425836024,
    -20.07231866217));
#6631 = CARTESIAN_POINT('',(4.52894522304,8.978411573615,-20.08954893473
    ));
#6632 = CARTESIAN_POINT('',(5.167234516102,8.631251846437,
    -20.10677752373));
#6633 = CARTESIAN_POINT('',(5.774707176909,8.232616606861,-20.1240061291
    ));
#6634 = CARTESIAN_POINT('',(6.346624793534,7.785695687945,
    -20.14123643378));
#6635 = CARTESIAN_POINT('',(6.878589649027,7.294229949428,
    -20.15846801211));
#6636 = CARTESIAN_POINT('',(7.776210078387,6.316438547433,
    -20.19015561249));
#6637 = CARTESIAN_POINT('',(8.154957423517,5.841868761176,
    -20.20461621221));
#6638 = CARTESIAN_POINT('',(8.500502380043,5.341452655802,
    -20.21907610417));
#6639 = CARTESIAN_POINT('',(8.810808010099,4.817919965288,
    -20.23353516283));
#6640 = CARTESIAN_POINT('',(9.084119585825,4.274158227493,
    -20.24799419925));
#6641 = CARTESIAN_POINT('',(9.318953010662,3.713202931464,
    -20.26245405006));
#6642 = CARTESIAN_POINT('',(9.51410933936,3.138241975894,-20.27691464126
    ));
#6643 = CARTESIAN_POINT('',(9.75107595954,2.240674045962,-20.29907672086
    ));
#6644 = CARTESIAN_POINT('',(9.821933696548,1.925674308787,
    -20.30677951103));
#6645 = CARTESIAN_POINT('',(9.881157249394,1.608133494358,
    -20.31448231846));
#6646 = CARTESIAN_POINT('',(9.928641467013,1.288553490143,
    -20.32218512983));
#6647 = CARTESIAN_POINT('',(9.964307419564,0.967439696138,-20.3298879646
    ));
#6648 = CARTESIAN_POINT('',(9.988102412393,0.645300917092,
    -20.33759084211));
#6649 = CARTESIAN_POINT('',(10.,0.322649254733,-20.34529374875));
#6650 = CARTESIAN_POINT('',(10.,-4.394706820676E-12,-20.35299660505));
#6651 = CYLINDRICAL_SURFACE('',#6652,10.);
#6652 = AXIS2_PLACEMENT_3D('',#6653,#6654,#6655);
#6653 = CARTESIAN_POINT('',(0.,0.,0.));
#6654 = DIRECTION('',(0.,-2.22044604925E-16,-1.));
#6655 = DIRECTION('',(1.,0.,0.));
#6656 = ADVANCED_FACE('',(#6657),#6750,.T.);
#6657 = FACE_BOUND('',#6658,.T.);
#6658 = EDGE_LOOP('',(#6659,#6660,#6661,#6745));
#6659 = ORIENTED_EDGE('',*,*,#6471,.F.);
#6660 = ORIENTED_EDGE('',*,*,#6225,.T.);
#6661 = ORIENTED_EDGE('',*,*,#6662,.T.);
#6662 = EDGE_CURVE('',#6142,#6663,#6665,.T.);
#6663 = VERTEX_POINT('',#6664);
#6664 = CARTESIAN_POINT('',(9.266,-2.11118324E-07,-19.72320184904));
#6665 = B_SPLINE_CURVE_WITH_KNOTS('',8,(#6666,#6667,#6668,#6669,#6670,
    #6671,#6672,#6673,#6674,#6675,#6676,#6677,#6678,#6679,#6680,#6681,
    #6682,#6683,#6684,#6685,#6686,#6687,#6688,#6689,#6690,#6691,#6692,
    #6693,#6694,#6695,#6696,#6697,#6698,#6699,#6700,#6701,#6702,#6703,
    #6704,#6705,#6706,#6707,#6708,#6709,#6710,#6711,#6712,#6713,#6714,
    #6715,#6716,#6717,#6718,#6719,#6720,#6721,#6722,#6723,#6724,#6725,
    #6726,#6727,#6728,#6729,#6730,#6731,#6732,#6733,#6734,#6735,#6736,
    #6737,#6738,#6739,#6740,#6741,#6742,#6743,#6744),.UNSPECIFIED.,.F.,
  .F.,(9,7,7,7,7,7,7,7,7,7,7,9),(0.,1.915993252278E-02,
    5.350819230168E-02,0.214369426056,0.319450953803,0.424192202431,
    0.514558471399,0.651498090025,0.789362758916,0.882757719804,
    0.961308560508,1.),.UNSPECIFIED.);
#6666 = CARTESIAN_POINT('',(9.266,-3.9207551694E-07,-18.22320438117));
#6667 = CARTESIAN_POINT('',(9.266,-0.139403470962,-18.22679569809));
#6668 = CARTESIAN_POINT('',(9.263603129581,-0.278806589,-18.23038707443)
  );
#6669 = CARTESIAN_POINT('',(9.258809390196,-0.418161600372,
    -18.23397850352));
#6670 = CARTESIAN_POINT('',(9.251619939252,-0.557420424667,
    -18.23756997878));
#6671 = CARTESIAN_POINT('',(9.242037090106,-0.696535046876,
    -18.24116149378));
#6672 = CARTESIAN_POINT('',(9.230064312066,-0.835457517395,
    -18.24475304214));
#6673 = CARTESIAN_POINT('',(9.215706230392,-0.974139952025,
    -18.24834461761));
#6674 = CARTESIAN_POINT('',(9.168962906134,-1.360636292155,
    -18.25837491563));
#6675 = CARTESIAN_POINT('',(9.131309613126,-1.60781428251,
    -18.26481370039));
#6676 = CARTESIAN_POINT('',(9.086042248281,-1.853792024352,
    -18.27125253305));
#6677 = CARTESIAN_POINT('',(9.033205964338,-2.098295775259,
    -18.2776913851));
#6678 = CARTESIAN_POINT('',(8.972857565765,-2.341054529068,
    -18.28413023475));
#6679 = CARTESIAN_POINT('',(8.905065508758,-2.581800015879,
    -18.29056906698));
#6680 = CARTESIAN_POINT('',(8.829909901241,-2.820266702052,
    -18.29700787354));
#6681 = CARTESIAN_POINT('',(8.361454998623,-4.161086215692,
    -18.33360101885));
#6682 = CARTESIAN_POINT('',(7.815256502144,-5.212182598934,
    -18.36380736663));
#6683 = CARTESIAN_POINT('',(7.118411120463,-6.179139289999,
    -18.39398092073));
#6684 = CARTESIAN_POINT('',(6.287093523824,-7.037889842326,
    -18.42413939926));
#6685 = CARTESIAN_POINT('',(5.340393593844,-7.767479309701,
    -18.45429850424));
#6686 = CARTESIAN_POINT('',(4.301278494679,-8.351292757194,
    -18.48447389348));
#6687 = CARTESIAN_POINT('',(3.195477893779,-8.775961050112,
    -18.51468097605));
#6688 = CARTESIAN_POINT('',(1.308689725145,-9.204924141845,
    -18.56453331944));
#6689 = CARTESIAN_POINT('',(0.546945792368,-9.304170989317,
    -18.58423749135));
#6690 = CARTESIAN_POINT('',(-0.222941918095,-9.33125602643,
    -18.60393835653));
#6691 = CARTESIAN_POINT('',(-0.992979679105,-9.285538098504,
    -18.62363627047));
#6692 = CARTESIAN_POINT('',(-1.755272004455,-9.167391238855,
    -18.64333419053));
#6693 = CARTESIAN_POINT('',(-2.502022871318,-8.978119448004,
    -18.66303509586));
#6694 = CARTESIAN_POINT('',(-3.22555491249,-8.720039700567,
    -18.68273936001));
#6695 = CARTESIAN_POINT('',(-4.608958873075,-8.074466848069,
    -18.72207175514));
#6696 = CARTESIAN_POINT('',(-5.26946505641,-7.687192213305,
    -18.74171232424));
#6697 = CARTESIAN_POINT('',(-5.892419900986,-7.238313974085,
    -18.76134978002));
#6698 = CARTESIAN_POINT('',(-6.471179130489,-6.732181434542,
    -18.78098449669));
#6699 = CARTESIAN_POINT('',(-6.999788956763,-6.173876831122,
    -18.80061920772));
#6700 = CARTESIAN_POINT('',(-7.472935849116,-5.569148442111,
    -18.82025663932));
#6701 = CARTESIAN_POINT('',(-7.886011316706,-4.924463408227,
    -18.83989716222));
#6702 = CARTESIAN_POINT('',(-8.536678169829,-3.66280893772,
    -18.87647107927));
#6703 = CARTESIAN_POINT('',(-8.790707894698,-3.053917728524,
    -18.89341358038));
#6704 = CARTESIAN_POINT('',(-8.994984287623,-2.425108773404,
    -18.91035474759));
#6705 = CARTESIAN_POINT('',(-9.147739067932,-1.781148892327,
    -18.92729429709));
#6706 = CARTESIAN_POINT('',(-9.247753516401,-1.126920006369,
    -18.94423387621));
#6707 = CARTESIAN_POINT('',(-9.294325667368,-0.467404628385,
    -18.96117510149));
#6708 = CARTESIAN_POINT('',(-9.287306143817,0.192315262317,
    -18.97811762843));
#6709 = CARTESIAN_POINT('',(-9.136122726838,1.839214535321,
    -19.02072729296));
#6710 = CARTESIAN_POINT('',(-8.923034190057,2.821097857293,
    -19.04642079842));
#6711 = CARTESIAN_POINT('',(-8.589286247944,3.773745711109,
    -19.07210105052));
#6712 = CARTESIAN_POINT('',(-8.140062261133,4.680102224972,
    -19.09777261501));
#6713 = CARTESIAN_POINT('',(-7.582789670284,5.524336567807,
    -19.12344381085));
#6714 = CARTESIAN_POINT('',(-6.927412814421,6.292064981144,
    -19.14912372352));
#6715 = CARTESIAN_POINT('',(-6.186063709259,6.970226704161,
    -19.17481694751));
#6716 = CARTESIAN_POINT('',(-4.557335240712,8.129919805695,
    -19.22633005422));
#6717 = CARTESIAN_POINT('',(-3.667483241277,8.611174227168,
    -19.25219761995));
#6718 = CARTESIAN_POINT('',(-2.720456037083,8.980300791798,
    -19.27805141465));
#6719 = CARTESIAN_POINT('',(-1.732913549706,9.229991136289,
    -19.30389656131));
#6720 = CARTESIAN_POINT('',(-0.72205554641,9.355496747683,
    -19.32974217329));
#6721 = CARTESIAN_POINT('',(0.294367056722,9.355004141495,
    -19.35559636834));
#6722 = CARTESIAN_POINT('',(1.298177914718,9.229281324203,
    -19.38146436027));
#6723 = CARTESIAN_POINT('',(2.929465427276,8.816956864763,-19.4248151919
    ));
#6724 = CARTESIAN_POINT('',(3.57444209269,8.595189652966,-19.44232588528
    ));
#6725 = CARTESIAN_POINT('',(4.199987369199,8.319552568318,-19.4598349187
    ));
#6726 = CARTESIAN_POINT('',(4.800872100377,7.992092151712,
    -19.47734194772));
#6727 = CARTESIAN_POINT('',(5.372188178962,7.61540833232,-19.49484895974
    ));
#6728 = CARTESIAN_POINT('',(5.909335119703,7.192612961359,
    -19.51235795869));
#6729 = CARTESIAN_POINT('',(6.408050235075,6.727361280205,
    -19.52986863531));
#6730 = CARTESIAN_POINT('',(7.248369628222,5.800562145751,
    -19.56210080128));
#6731 = CARTESIAN_POINT('',(7.602450343053,5.350064862049,-19.5768271544
    ));
#6732 = CARTESIAN_POINT('',(7.924431367895,4.874973478485,
    -19.59155297818));
#6733 = CARTESIAN_POINT('',(8.212341030303,4.377975933513,
    -19.60627808967));
#6734 = CARTESIAN_POINT('',(8.464490264587,3.861914593086,
    -19.62100324508));
#6735 = CARTESIAN_POINT('',(8.679460685183,3.329776130364,
    -19.63572917128));
#6736 = CARTESIAN_POINT('',(8.856119644695,2.784695789373,
    -19.65045561124));
#6737 = CARTESIAN_POINT('',(9.061411041234,1.956740180372,
    -19.67243329914));
#6738 = CARTESIAN_POINT('',(9.119673090598,1.68115024363,-19.6796861759)
  );
#6739 = CARTESIAN_POINT('',(9.168352649643,1.403593045087,
    -19.68693900945));
#6740 = CARTESIAN_POINT('',(9.207373072421,1.124457731559,
    -19.69419178795));
#6741 = CARTESIAN_POINT('',(9.236676842073,0.844135773976,
    -19.70144449195));
#6742 = CARTESIAN_POINT('',(9.256225570827,0.563020967384,
    -19.70869709439));
#6743 = CARTESIAN_POINT('',(9.266,0.281509430942,-19.71594956059));
#6744 = CARTESIAN_POINT('',(9.266,-3.9207527891E-07,-19.72320184827));
#6745 = ORIENTED_EDGE('',*,*,#6746,.F.);
#6746 = EDGE_CURVE('',#6472,#6663,#6747,.T.);
#6747 = B_SPLINE_CURVE_WITH_KNOTS('',1,(#6748,#6749),.UNSPECIFIED.,.F.,
  .F.,(2,2),(0.,0.9375),.PIECEWISE_BEZIER_KNOTS.);
#6748 = CARTESIAN_POINT('',(10.01602033085,9.2098323E-09,-20.15625038577
    ));
#6749 = CARTESIAN_POINT('',(9.204132809958,-4.5782552422E-07,
    -19.68748082254));
#6750 = B_SPLINE_SURFACE_WITH_KNOTS('',1,9,(
    (#6751,#6752,#6753,#6754,#6755,#6756,#6757,#6758,#6759,#6760,#6761
      ,#6762,#6763,#6764,#6765,#6766,#6767,#6768,#6769,#6770,#6771,#6772
      ,#6773,#6774,#6775,#6776,#6777,#6778,#6779,#6780,#6781)
    ,(#6782,#6783,#6784,#6785,#6786,#6787,#6788,#6789,#6790,#6791,#6792
      ,#6793,#6794,#6795,#6796,#6797,#6798,#6799,#6800,#6801,#6802,#6803
      ,#6804,#6805,#6806,#6807,#6808,#6809,#6810,#6811,#6812
  )),.UNSPECIFIED.,.F.,.F.,.F.,(2,2),(10,7,7,7,10),(0.,0.9375),(0.,
    1.614938419963,3.229876839926,4.844815259889,6.459753679852),
  .UNSPECIFIED.);
#6751 = CARTESIAN_POINT('',(10.016018878647,8.55233218E-09,
    -18.6562503582));
#6752 = CARTESIAN_POINT('',(10.016020985578,-1.748125206308,
    -18.69791706484));
#6753 = CARTESIAN_POINT('',(9.672773918236,-3.496238458595,
    -18.73958370157));
#6754 = CARTESIAN_POINT('',(8.986290360516,-5.167359256918,
    -18.78125035993));
#6755 = CARTESIAN_POINT('',(7.976723442295,-6.684410544318,
    -18.82291703964));
#6756 = CARTESIAN_POINT('',(6.684406368235,-7.976725534619,
    -18.86458370598));
#6757 = CARTESIAN_POINT('',(5.16735142853,-8.98628716299,-18.90625037345
    ));
#6758 = CARTESIAN_POINT('',(3.496250192072,-9.672773808207,
    -18.94791703903));
#6759 = CARTESIAN_POINT('',(1.813223448E-07,-10.35926220966,
    -19.03125037144));
#6760 = CARTESIAN_POINT('',(-3.496250170552,-9.672777812424,
    -19.11458370552));
#6761 = CARTESIAN_POINT('',(-5.167350420728,-8.986292729388,
    -19.15625037307));
#6762 = CARTESIAN_POINT('',(-6.684410254511,-7.976721091012,
    -19.19791703975));
#6763 = CARTESIAN_POINT('',(-7.976720131908,-6.684409059074,
    -19.23958370517));
#6764 = CARTESIAN_POINT('',(-8.986290195789,-5.167348379381,
    -19.28125037068));
#6765 = CARTESIAN_POINT('',(-9.6727759202,-3.496248596907,
    -19.32291703751));
#6766 = CARTESIAN_POINT('',(-10.35926295774,-4.37795601E-09,
    -19.40625037199));
#6767 = CARTESIAN_POINT('',(-9.672776039715,3.496248611618,
    -19.48958370646));
#6768 = CARTESIAN_POINT('',(-8.986290335729,5.167348429222,
    -19.5312503733));
#6769 = CARTESIAN_POINT('',(-7.976720130633,6.684409074363,
    -19.5729170388));
#6770 = CARTESIAN_POINT('',(-6.684410183327,7.976720998733,
    -19.61458370423));
#6771 = CARTESIAN_POINT('',(-5.167350416246,8.986292599239,
    -19.6562503709));
#6772 = CARTESIAN_POINT('',(-3.496250186228,9.672777786572,
    -19.69791703846));
#6773 = CARTESIAN_POINT('',(1.6641313506E-07,10.359262267266,
    -19.78125037254));
#6774 = CARTESIAN_POINT('',(3.496250176397,9.672773774553,
    -19.86458370495));
#6775 = CARTESIAN_POINT('',(5.167351337602,8.986287077425,
    -19.90625037052));
#6776 = CARTESIAN_POINT('',(6.684406514519,7.976725253785,
    -19.94791703798));
#6777 = CARTESIAN_POINT('',(7.976722798327,6.68441088307,-19.98958370435
    ));
#6778 = CARTESIAN_POINT('',(8.986291751844,5.167360194972,
    -20.03125038403));
#6779 = CARTESIAN_POINT('',(9.672774357893,3.496237648943,
    -20.07291704242));
#6780 = CARTESIAN_POINT('',(10.016018223818,1.74812522407,
    -20.11458367913));
#6781 = CARTESIAN_POINT('',(10.01602033085,9.2098323E-09,-20.15625038577
    ));
#6782 = CARTESIAN_POINT('',(9.204130550942,-4.2512351683E-07,
    -18.18748219233));
#6783 = CARTESIAN_POINT('',(9.204133751914,-1.606423736432,
    -18.22914687303));
#6784 = CARTESIAN_POINT('',(8.888708965586,-3.212836108272,
    -18.27081502758));
#6785 = CARTESIAN_POINT('',(8.257870519173,-4.74850440834,
    -18.31248210595));
#6786 = CARTESIAN_POINT('',(7.33013560092,-6.142576878523,
    -18.35414812556));
#6787 = CARTESIAN_POINT('',(6.142578142853,-7.330140669081,
    -18.39581480752));
#6788 = CARTESIAN_POINT('',(4.748491645102,-8.257868144941,
    -18.43748143465));
#6789 = CARTESIAN_POINT('',(3.212847604573,-8.888709120424,
    -18.47914815548));
#6790 = CARTESIAN_POINT('',(-1.13395936171E-06,-9.519551363517,
    -18.56248153482));
#6791 = CARTESIAN_POINT('',(-3.212848617523,-8.88871247984,
    -18.64581483086));
#6792 = CARTESIAN_POINT('',(-4.748490459074,-8.257873215291,
    -18.6874814536));
#6793 = CARTESIAN_POINT('',(-6.14257884947,-7.330136870816,
    -18.72914811968));
#6794 = CARTESIAN_POINT('',(-7.330135803189,-6.142578070796,
    -18.77081484803));
#6795 = CARTESIAN_POINT('',(-8.257871361321,-4.74848798248,
    -18.81248157255));
#6796 = CARTESIAN_POINT('',(-8.888711095632,-3.21284573576,
    -18.85414823095));
#6797 = CARTESIAN_POINT('',(-9.51955205944,4.6408210434E-07,
    -18.93748150743));
#6798 = CARTESIAN_POINT('',(-8.888710963695,3.212846638018,
    -19.0208147839));
#6799 = CARTESIAN_POINT('',(-8.257871109233,4.748488876976,
    -19.0624814423));
#6800 = CARTESIAN_POINT('',(-7.330135193512,6.142578819762,
    -19.10414816682));
#6801 = CARTESIAN_POINT('',(-6.142578013556,7.330137334965,
    -19.14581489518));
#6802 = CARTESIAN_POINT('',(-4.748489635137,8.257873482611,
    -19.18748156126));
#6803 = CARTESIAN_POINT('',(-3.212847762533,8.888712757478,
    -19.22914818399));
#6804 = CARTESIAN_POINT('',(-2.1536706024E-07,9.519551453122,
    -19.31248148003));
#6805 = CARTESIAN_POINT('',(3.212848459564,8.888708750221,
    -19.39581485937));
#6806 = CARTESIAN_POINT('',(4.748492320621,8.257867542064,
    -19.43748158021));
#6807 = CARTESIAN_POINT('',(6.142579095591,7.33013962453,-19.47914820731
    ));
#6808 = CARTESIAN_POINT('',(7.330135206876,6.142576680294,
    -19.52081488933));
#6809 = CARTESIAN_POINT('',(8.257873153262,4.748505050591,
    -19.56248090887));
#6810 = CARTESIAN_POINT('',(8.88870996736,3.21283396942,-19.6041479873)
  );
#6811 = CARTESIAN_POINT('',(9.204129614708,1.606422853483,
    -19.64581614181));
#6812 = CARTESIAN_POINT('',(9.204132809958,-4.5782552422E-07,
    -19.68748082254));
#6813 = ADVANCED_FACE('',(#6814),#6825,.T.);
#6814 = FACE_BOUND('',#6815,.F.);
#6815 = EDGE_LOOP('',(#6816,#6817,#6818,#6819));
#6816 = ORIENTED_EDGE('',*,*,#6313,.F.);
#6817 = ORIENTED_EDGE('',*,*,#6299,.T.);
#6818 = ORIENTED_EDGE('',*,*,#6662,.T.);
#6819 = ORIENTED_EDGE('',*,*,#6820,.F.);
#6820 = EDGE_CURVE('',#6314,#6663,#6821,.T.);
#6821 = LINE('',#6822,#6823);
#6822 = CARTESIAN_POINT('',(9.266,0.,0.));
#6823 = VECTOR('',#6824,1.);
#6824 = DIRECTION('',(-7.E-17,0.,-1.));
#6825 = CYLINDRICAL_SURFACE('',#6826,9.266);
#6826 = AXIS2_PLACEMENT_3D('',#6827,#6828,#6829);
#6827 = CARTESIAN_POINT('',(0.,0.,0.));
#6828 = DIRECTION('',(-0.,-0.,-1.));
#6829 = DIRECTION('',(1.,0.,0.));
#6830 = ADVANCED_FACE('',(#6831),#6924,.T.);
#6831 = FACE_BOUND('',#6832,.T.);
#6832 = EDGE_LOOP('',(#6833,#6917,#6918,#6919));
#6833 = ORIENTED_EDGE('',*,*,#6834,.F.);
#6834 = EDGE_CURVE('',#6314,#6835,#6837,.T.);
#6835 = VERTEX_POINT('',#6836);
#6836 = CARTESIAN_POINT('',(9.266,-2.11114718E-07,-20.77674812118));
#6837 = B_SPLINE_CURVE_WITH_KNOTS('',8,(#6838,#6839,#6840,#6841,#6842,
    #6843,#6844,#6845,#6846,#6847,#6848,#6849,#6850,#6851,#6852,#6853,
    #6854,#6855,#6856,#6857,#6858,#6859,#6860,#6861,#6862,#6863,#6864,
    #6865,#6866,#6867,#6868,#6869,#6870,#6871,#6872,#6873,#6874,#6875,
    #6876,#6877,#6878,#6879,#6880,#6881,#6882,#6883,#6884,#6885,#6886,
    #6887,#6888,#6889,#6890,#6891,#6892,#6893,#6894,#6895,#6896,#6897,
    #6898,#6899,#6900,#6901,#6902,#6903,#6904,#6905,#6906,#6907,#6908,
    #6909,#6910,#6911,#6912,#6913,#6914,#6915,#6916),.UNSPECIFIED.,.F.,
  .F.,(9,7,7,7,7,7,7,7,7,7,7,9),(0.,4.823109466031E-02,0.120531522191,
    0.213374979124,0.318434153516,0.42232117736,0.571365373912,
    0.686640899439,0.789453738673,0.880230598823,0.958618942156,1.),
  .UNSPECIFIED.);
#6838 = CARTESIAN_POINT('',(9.266,-3.9207031577E-07,-19.27674916266));
#6839 = CARTESIAN_POINT('',(9.266,-0.350951485029,-19.28579085472));
#6840 = CARTESIAN_POINT('',(9.250808770924,-0.701907507112,
    -19.29483276143));
#6841 = CARTESIAN_POINT('',(9.220425579816,-1.052093996227,
    -19.30387464326));
#6842 = CARTESIAN_POINT('',(9.174897901789,-1.400743444374,
    -19.31291648888));
#6843 = CARTESIAN_POINT('',(9.114318914891,-1.74709508476,
    -19.32195838742));
#6844 = CARTESIAN_POINT('',(9.038826662119,-2.090394938026,
    -19.33100041858));
#6845 = CARTESIAN_POINT('',(8.948604880585,-2.429896117599,
    -19.34004256057));
#6846 = CARTESIAN_POINT('',(8.686906764532,-3.266983351202,
    -19.36263903522));
#6847 = CARTESIAN_POINT('',(8.497335084465,-3.758957889944,
    -19.37619453591));
#6848 = CARTESIAN_POINT('',(8.275950518646,-4.238259889551,
    -19.3897496898));
#6849 = CARTESIAN_POINT('',(8.023759316996,-4.702494190584,
    -19.40330432728));
#6850 = CARTESIAN_POINT('',(7.74196866668,-5.149381102209,
    -19.41685892684));
#6851 = CARTESIAN_POINT('',(7.431977604952,-5.576753378481,
    -19.43041398854));
#6852 = CARTESIAN_POINT('',(7.095384096491,-5.982562663698,
    -19.44396939152));
#6853 = CARTESIAN_POINT('',(6.269953197817,-6.855861985907,
    -19.47492933329));
#6854 = CARTESIAN_POINT('',(5.764897577994,-7.308257552971,
    -19.4923381329));
#6855 = CARTESIAN_POINT('',(5.222711181353,-7.717935400619,
    -19.50974531348));
#6856 = CARTESIAN_POINT('',(4.647653161091,-8.081388018838,
    -19.5271505713));
#6857 = CARTESIAN_POINT('',(4.044302506422,-8.395645101568,
    -19.54455585101));
#6858 = CARTESIAN_POINT('',(3.41752940067,-8.658242685084,
    -19.56196308479));
#6859 = CARTESIAN_POINT('',(2.772507489045,-8.867263418199,
    -19.57937193969));
#6860 = CARTESIAN_POINT('',(1.370485561983,-9.195919075683,
    -19.61647332225));
#6861 = CARTESIAN_POINT('',(0.609517054595,-9.300268536028,
    -19.63617550361));
#6862 = CARTESIAN_POINT('',(-0.160077980694,-9.332529895071,
    -19.65587452426));
#6863 = CARTESIAN_POINT('',(-0.930313150842,-9.292008392114,
    -19.67557085044));
#6864 = CARTESIAN_POINT('',(-1.693293395762,-9.179024795845,
    -19.69526717708));
#6865 = CARTESIAN_POINT('',(-2.44121695194,-8.994829991377,
    -19.71496617095));
#6866 = CARTESIAN_POINT('',(-3.166393847477,-8.741687924414,
    -19.73466826748));
#6867 = CARTESIAN_POINT('',(-4.548478381168,-8.108115328628,
    -19.77383999084));
#6868 = CARTESIAN_POINT('',(-5.206482613573,-7.728941620859,
    -19.79332180898));
#6869 = CARTESIAN_POINT('',(-5.828011178438,-7.288879168102,
    -19.81280051684));
#6870 = CARTESIAN_POINT('',(-6.406546039605,-6.792119445756,
    -19.83227651762));
#6871 = CARTESIAN_POINT('',(-6.936231272442,-6.243570168046,
    -19.85175252188));
#6872 = CARTESIAN_POINT('',(-7.411825840141,-5.648790736641,
    -19.87123125114));
#6873 = CARTESIAN_POINT('',(-7.828764857068,-5.014043084099,
    -19.89071311666));
#6874 = CARTESIAN_POINT('',(-8.692067008112,-3.388642133542,
    -19.93813084454));
#6875 = CARTESIAN_POINT('',(-9.073318206007,-2.361569302287,
    -19.96610845887));
#6876 = CARTESIAN_POINT('',(-9.314867924083,-1.286884641094,
    -19.9940651784));
#6877 = CARTESIAN_POINT('',(-9.410806864954,-0.186850361163,
    -20.02200902509));
#6878 = CARTESIAN_POINT('',(-9.358608124788,0.916125322705,
    -20.04995348905));
#6879 = CARTESIAN_POINT('',(-9.159907797544,1.999550744171,
    -20.07790969684));
#6880 = CARTESIAN_POINT('',(-8.81972508861,3.040948456628,
    -20.10588713246));
#6881 = CARTESIAN_POINT('',(-7.985686918554,4.774006132355,
    -20.1554398764));
#6882 = CARTESIAN_POINT('',(-7.543582526186,5.492547290981,
    -20.17706092012));
#6883 = CARTESIAN_POINT('',(-7.027790751426,6.163769823918,
    -20.19867672981));
#6884 = CARTESIAN_POINT('',(-6.444396496721,6.778994722089,
    -20.22028844189));
#6885 = CARTESIAN_POINT('',(-5.800453923811,7.330527575836,
    -20.24190012749));
#6886 = CARTESIAN_POINT('',(-5.104004378992,7.811712398529,
    -20.26351597971));
#6887 = CARTESIAN_POINT('',(-4.364023439222,8.216911029797,
    -20.28513706837));
#6888 = CARTESIAN_POINT('',(-2.901116037583,8.831871015624,
    -20.32602265954));
#6889 = CARTESIAN_POINT('',(-2.184508309655,9.058229039194,
    -20.34530268076));
#6890 = CARTESIAN_POINT('',(-1.448080672304,9.217966729261,
    -20.36458008085));
#6891 = CARTESIAN_POINT('',(-0.699088802781,9.309168980953,
    -20.38385432314));
#6892 = CARTESIAN_POINT('',(5.512370276079E-02,9.33085256506,
    -20.40312858154));
#6893 = CARTESIAN_POINT('',(0.807148760716,9.282892901417,
    -20.42240599415));
#6894 = CARTESIAN_POINT('',(1.549526033502,9.166099971105,
    -20.44168597604));
#6895 = CARTESIAN_POINT('',(2.915062890607,8.820286870805,-20.4779787873
    ));
#6896 = CARTESIAN_POINT('',(3.542285721549,8.605934668784,
    -20.49500008811));
#6897 = CARTESIAN_POINT('',(4.151273666555,8.340655484798,
    -20.51202017706));
#6898 = CARTESIAN_POINT('',(4.737219249419,8.026311652145,
    -20.52903868147));
#6899 = CARTESIAN_POINT('',(5.295598581891,7.665262102503,
    -20.54605719166));
#6900 = CARTESIAN_POINT('',(5.822160159707,7.260327247651,-20.5630772887
    ));
#6901 = CARTESIAN_POINT('',(6.312950181835,6.814815754454,
    -20.58009858068));
#6902 = CARTESIAN_POINT('',(7.154191753755,5.916217908105,
    -20.61181240821));
#6903 = CARTESIAN_POINT('',(7.514754316787,5.472356735747,
    -20.62650942083));
#6904 = CARTESIAN_POINT('',(7.843743220343,5.003487010263,
    -20.64120568848));
#6905 = CARTESIAN_POINT('',(8.139155522928,4.512248711958,
    -20.65590107641));
#6906 = CARTESIAN_POINT('',(8.399266150952,4.00143960322,-20.67059646262
    ));
#6907 = CARTESIAN_POINT('',(8.622616272212,3.474005022926,
    -20.68529274997));
#6908 = CARTESIAN_POINT('',(8.808028095123,2.93304235924,-20.69998984019
    ));
#6909 = CARTESIAN_POINT('',(9.032045457206,2.0908310683,-20.72244341713)
  );
#6910 = CARTESIAN_POINT('',(9.098638473783,1.796965190402,
    -20.73020134883));
#6911 = CARTESIAN_POINT('',(9.154299913433,1.500694054906,
    -20.73795927397));
#6912 = CARTESIAN_POINT('',(9.198929529029,1.20249263752,-20.74571716525
    ));
#6913 = CARTESIAN_POINT('',(9.232452070447,0.902839292357,
    -20.75347502404));
#6914 = CARTESIAN_POINT('',(9.254817298688,0.602215642435,
    -20.76123284564));
#6915 = CARTESIAN_POINT('',(9.266,0.30110647018,-20.76899058469));
#6916 = CARTESIAN_POINT('',(9.266,-3.9207007774E-07,-20.77674812041));
#6917 = ORIENTED_EDGE('',*,*,#6399,.T.);
#6918 = ORIENTED_EDGE('',*,*,#6563,.T.);
#6919 = ORIENTED_EDGE('',*,*,#6920,.F.);
#6920 = EDGE_CURVE('',#6835,#6556,#6921,.T.);
#6921 = B_SPLINE_CURVE_WITH_KNOTS('',1,(#6922,#6923),.UNSPECIFIED.,.F.,
  .F.,(2,2),(0.,0.9375),.PIECEWISE_BEZIER_KNOTS.);
#6922 = CARTESIAN_POINT('',(9.204105702151,-4.5783341658E-07,
    -20.81248082221));
#6923 = CARTESIAN_POINT('',(10.016015812883,9.20851602E-09,
    -20.34375038572));
#6924 = B_SPLINE_SURFACE_WITH_KNOTS('',1,9,(
    (#6925,#6926,#6927,#6928,#6929,#6930,#6931,#6932,#6933,#6934,#6935
      ,#6936,#6937,#6938,#6939,#6940,#6941,#6942,#6943,#6944,#6945,#6946
      ,#6947,#6948,#6949,#6950,#6951,#6952,#6953,#6954,#6955)
    ,(#6956,#6957,#6958,#6959,#6960,#6961,#6962,#6963,#6964,#6965,#6966
      ,#6967,#6968,#6969,#6970,#6971,#6972,#6973,#6974,#6975,#6976,#6977
      ,#6978,#6979,#6980,#6981,#6982,#6983,#6984,#6985,#6986
  )),.UNSPECIFIED.,.F.,.F.,.F.,(2,2),(10,7,7,7,10),(0.,0.9375),(0.,
    1.614938419963,3.229876839926,4.844815259889,6.459753679852),
  .UNSPECIFIED.);
#6925 = CARTESIAN_POINT('',(9.204105379407,-4.251314083E-07,
    -19.31248219205));
#6926 = CARTESIAN_POINT('',(9.204105773128,-1.606419174182,
    -19.35414687269));
#6927 = CARTESIAN_POINT('',(8.888684018946,-3.212826432584,
    -19.39581502727));
#6928 = CARTESIAN_POINT('',(8.257848000525,-4.748491537567,
    -19.43748210568));
#6929 = CARTESIAN_POINT('',(7.330114361862,-6.14255964996,
    -19.47914812524));
#6930 = CARTESIAN_POINT('',(6.142560805021,-7.330119656396,
    -19.52081480722));
#6931 = CARTESIAN_POINT('',(4.748478109434,-8.257844629487,
    -19.56248143434));
#6932 = CARTESIAN_POINT('',(3.212838481089,-8.888683849977,
    -19.60414815518));
#6933 = CARTESIAN_POINT('',(-1.13168709213E-06,-9.519524366451,
    -19.68748153452));
#6934 = CARTESIAN_POINT('',(-3.212839492089,-8.888687222845,
    -19.77081483056));
#6935 = CARTESIAN_POINT('',(-4.748476959772,-8.257849682322,
    -19.81248145329));
#6936 = CARTESIAN_POINT('',(-6.142561347685,-7.33011599967,
    -19.85414811938));
#6937 = CARTESIAN_POINT('',(-7.330114976897,-6.142560645546,
    -19.89581484773));
#6938 = CARTESIAN_POINT('',(-8.257847996211,-4.74847454064,
    -19.93748157225));
#6939 = CARTESIAN_POINT('',(-8.888685927295,-3.212836632524,
    -19.97914823065));
#6940 = CARTESIAN_POINT('',(-9.51952502397,4.5768042075E-07,
    -20.06248150712));
#6941 = CARTESIAN_POINT('',(-8.888685644265,3.212837492312,
    -20.1458147836));
#6942 = CARTESIAN_POINT('',(-8.257847569746,4.748475347447,-20.187481442
    ));
#6943 = CARTESIAN_POINT('',(-7.330114384713,6.142561355277,
    -20.22914816651));
#6944 = CARTESIAN_POINT('',(-6.142560625531,7.330116571064,
    -20.27081489487));
#6945 = CARTESIAN_POINT('',(-4.748476163044,8.257850110963,
    -20.31248156095));
#6946 = CARTESIAN_POINT('',(-3.212838639054,8.88868752669,
    -20.35414818369));
#6947 = CARTESIAN_POINT('',(-2.1769395405E-07,9.519524379252,
    -20.43748147973));
#6948 = CARTESIAN_POINT('',(3.212839334123,8.888683532907,
    -20.52081485907));
#6949 = CARTESIAN_POINT('',(4.748478884956,8.257844152905,-20.5624815799
    ));
#6950 = CARTESIAN_POINT('',(6.142561543868,7.330119002086,
    -20.60414820702));
#6951 = CARTESIAN_POINT('',(7.330114810646,6.142559018908,
    -20.64581488901));
#6952 = CARTESIAN_POINT('',(8.2578487673,4.748490950314,-20.68748090856)
  );
#6953 = CARTESIAN_POINT('',(8.888684426248,3.212825396125,
    -20.72914798698));
#6954 = CARTESIAN_POINT('',(9.204105314139,1.606418291217,
    -20.77081614155));
#6955 = CARTESIAN_POINT('',(9.204105702151,-4.5783341658E-07,
    -20.81248082221));
#6956 = CARTESIAN_POINT('',(10.016014683391,8.55101501E-09,
    -18.84375035815));
#6957 = CARTESIAN_POINT('',(10.016016322446,-1.748124445933,
    -18.88541706478));
#6958 = CARTESIAN_POINT('',(9.672769760462,-3.496236845981,
    -18.92708370152));
#6959 = CARTESIAN_POINT('',(8.986286607408,-5.16735711179,
    -18.96875035988));
#6960 = CARTESIAN_POINT('',(7.976719902452,-6.684407672891,
    -19.01041703959));
#6961 = CARTESIAN_POINT('',(6.684403478597,-7.976722032504,
    -19.05208370593));
#6962 = CARTESIAN_POINT('',(5.167349172585,-8.986283243748,
    -19.0937503734));
#6963 = CARTESIAN_POINT('',(3.496248671491,-9.672769596465,
    -19.13541703898));
#6964 = CARTESIAN_POINT('',(1.8170104412E-07,-10.35925771015,
    -19.21875037139));
#6965 = CARTESIAN_POINT('',(-3.496248649647,-9.672773602924,
    -19.30208370547));
#6966 = CARTESIAN_POINT('',(-5.167348170844,-8.986288807227,
    -19.34375037302));
#6967 = CARTESIAN_POINT('',(-6.684407337547,-7.976717612487,
    -19.3854170397));
#6968 = CARTESIAN_POINT('',(-7.976716660859,-6.684406154866,
    -19.42708370512));
#6969 = CARTESIAN_POINT('',(-8.986286301604,-5.167346139074,
    -19.46875037063));
#6970 = CARTESIAN_POINT('',(-9.672771725477,-3.496247079701,
    -19.51041703746));
#6971 = CARTESIAN_POINT('',(-10.35925845182,-5.44491577E-09,
    -19.59375037194));
#6972 = CARTESIAN_POINT('',(-9.67277181981,3.496247087333,
    -19.67708370641));
#6973 = CARTESIAN_POINT('',(-8.986286412481,5.1673461743,-19.71875037325
    ));
#6974 = CARTESIAN_POINT('',(-7.9767166625,6.684406163616,-19.76041703875
    ));
#6975 = CARTESIAN_POINT('',(-6.684407285323,7.976717538083,
    -19.80208370418));
#6976 = CARTESIAN_POINT('',(-5.167348170897,8.986288703964,
    -19.84375037085));
#6977 = CARTESIAN_POINT('',(-3.496248665648,9.672773581441,
    -19.8854170384));
#6978 = CARTESIAN_POINT('',(1.660253188E-07,10.359257754954,
    -19.96875037249));
#6979 = CARTESIAN_POINT('',(3.49624865549,9.672769571668,-20.0520837049)
  );
#6980 = CARTESIAN_POINT('',(5.167349098325,8.986283179232,
    -20.09375037047));
#6981 = CARTESIAN_POINT('',(6.684403589232,7.976721816711,
    -20.13541703793));
#6982 = CARTESIAN_POINT('',(7.976719398955,6.684407939506,-20.1770837043
    ));
#6983 = CARTESIAN_POINT('',(8.986287687517,5.167357844926,
    -20.21875038397));
#6984 = CARTESIAN_POINT('',(9.672770101041,3.49623622006,-20.26041704237
    ));
#6985 = CARTESIAN_POINT('',(10.016014173723,1.748124463693,
    -20.30208367909));
#6986 = CARTESIAN_POINT('',(10.016015812883,9.20851602E-09,
    -20.34375038572));
#6987 = ADVANCED_FACE('',(#6988),#7172,.T.);
#6988 = FACE_BOUND('',#6989,.T.);
#6989 = EDGE_LOOP('',(#6990,#6991,#7075,#7083));
#6990 = ORIENTED_EDGE('',*,*,#6555,.F.);
#6991 = ORIENTED_EDGE('',*,*,#6992,.T.);
#6992 = EDGE_CURVE('',#6472,#6993,#6995,.T.);
#6993 = VERTEX_POINT('',#6994);
#6994 = CARTESIAN_POINT('',(10.,-3.674654764206E-12,-21.64699968107));
#6995 = B_SPLINE_CURVE_WITH_KNOTS('',8,(#6996,#6997,#6998,#6999,#7000,
    #7001,#7002,#7003,#7004,#7005,#7006,#7007,#7008,#7009,#7010,#7011,
    #7012,#7013,#7014,#7015,#7016,#7017,#7018,#7019,#7020,#7021,#7022,
    #7023,#7024,#7025,#7026,#7027,#7028,#7029,#7030,#7031,#7032,#7033,
    #7034,#7035,#7036,#7037,#7038,#7039,#7040,#7041,#7042,#7043,#7044,
    #7045,#7046,#7047,#7048,#7049,#7050,#7051,#7052,#7053,#7054,#7055,
    #7056,#7057,#7058,#7059,#7060,#7061,#7062,#7063,#7064,#7065,#7066,
    #7067,#7068,#7069,#7070,#7071,#7072,#7073,#7074),.UNSPECIFIED.,.F.,
  .F.,(9,7,7,7,7,7,7,7,7,7,7,9),(0.,4.992311713061E-02,0.122079512548,
    0.214634202703,0.31818366118,0.408832875462,0.546702532896,
    0.684614821404,0.78983623838,0.874640642557,0.959180134896,1.),
  .UNSPECIFIED.);
#6996 = CARTESIAN_POINT('',(10.,-5.808686864839E-12,-20.14700052874));
#6997 = CARTESIAN_POINT('',(10.,-0.39203822375,-20.15635947518));
#6998 = CARTESIAN_POINT('',(9.982434971751,-0.784082977453,
    -20.16571875859));
#6999 = CARTESIAN_POINT('',(9.947303911202,-1.175206527615,
    -20.17507810833));
#7000 = CARTESIAN_POINT('',(9.894665735244,-1.564490183614,
    -20.18443743757));
#7001 = CARTESIAN_POINT('',(9.824635919745,-1.951023978427,
    -20.19379677179));
#7002 = CARTESIAN_POINT('',(9.737385358533,-2.333906701033,
    -20.20315616105));
#7003 = CARTESIAN_POINT('',(9.633141443309,-2.712246280504,
    -20.21251557598));
#7004 = CARTESIAN_POINT('',(9.337376124311,-3.62415225539,-20.2354021276
    ));
#7005 = CARTESIAN_POINT('',(9.127644118899,-4.151862372715,
    -20.24893033878));
#7006 = CARTESIAN_POINT('',(8.883860906722,-4.665593185958,
    -20.26245801651));
#7007 = CARTESIAN_POINT('',(8.607132729213,-5.162786646023,
    -20.27598511172));
#7008 = CARTESIAN_POINT('',(8.298779640325,-5.641010615357,
    -20.28951223139));
#7009 = CARTESIAN_POINT('',(7.960325848931,-6.097955447373,
    -20.30303996126));
#7010 = CARTESIAN_POINT('',(7.593507274062,-6.531440872445,
    -20.3165682108));
#7011 = CARTESIAN_POINT('',(6.695926347494,-7.462763137361,
    -20.34744707798));
#7012 = CARTESIAN_POINT('',(6.147987824731,-7.944298994344,
    -20.3648020191));
#7013 = CARTESIAN_POINT('',(5.560660811229,-8.379648278166,
    -20.38215562752));
#7014 = CARTESIAN_POINT('',(4.938533646109,-8.765103599044,
    -20.39950746307));
#7015 = CARTESIAN_POINT('',(4.286530204824,-9.09753333309,
    -20.41685927114));
#7016 = CARTESIAN_POINT('',(3.609880020899,-9.374348353882,
    -20.43421281652));
#7017 = CARTESIAN_POINT('',(2.914131265698,-9.593544823189,
    -20.45156770127));
#7018 = CARTESIAN_POINT('',(1.412067237563,-9.933141048573,
    -20.48833185041));
#7019 = CARTESIAN_POINT('',(0.602024417293,-10.03880401365,
    -20.50775022043));
#7020 = CARTESIAN_POINT('',(-0.216585394277,-10.06885071684,
    -20.52716551513));
#7021 = CARTESIAN_POINT('',(-1.035508144226,-10.02260960089,
    -20.5465780434));
#7022 = CARTESIAN_POINT('',(-1.846586544017,-9.90044353346,
    -20.56599057713));
#7023 = CARTESIAN_POINT('',(-2.641761420105,-9.703665082718,
    -20.58540591369));
#7024 = CARTESIAN_POINT('',(-3.413090359107,-9.434619181725,
    -20.60482438613));
#7025 = CARTESIAN_POINT('',(-4.800382359468,-8.80131041652,
    -20.64123136437));
#7026 = CARTESIAN_POINT('',(-5.424016400809,-8.45295482074,
    -20.65822868504));
#7027 = CARTESIAN_POINT('',(-6.01852731943,-8.054194600182,
    -20.67522473064));
#7028 = CARTESIAN_POINT('',(-6.579190680756,-7.607923996014,
    -20.69221915165));
#7029 = CARTESIAN_POINT('',(-7.101677013018,-7.117506957617,
    -20.70921358185));
#7030 = CARTESIAN_POINT('',(-7.582032982104,-6.586742361928,
    -20.72620965009));
#7031 = CARTESIAN_POINT('',(-8.016713076981,-6.01988765528,
    -20.74320700057));
#7032 = CARTESIAN_POINT('',(-8.989656623447,-4.512011181461,
    -20.7860482217));
#7033 = CARTESIAN_POINT('',(-9.46464040489,-3.528792693304,
    -20.81191934558));
#7034 = CARTESIAN_POINT('',(-9.815883874276,-2.48945508779,
    -20.83777633942));
#7035 = CARTESIAN_POINT('',(-10.03633078783,-1.412326941199,
    -20.86362450865));
#7036 = CARTESIAN_POINT('',(-10.121708732,-0.316191497137,
    -20.88947284338));
#7037 = CARTESIAN_POINT('',(-10.07094020735,0.779718193124,
    -20.91532999093));
#7038 = CARTESIAN_POINT('',(-9.88574918494,1.855837582938,
    -20.94120121665));
#7039 = CARTESIAN_POINT('',(-9.259386465865,3.928951179358,
    -20.99290295376));
#7040 = CARTESIAN_POINT('',(-8.817544312214,4.927877950188,
    -21.01878218158));
#7041 = CARTESIAN_POINT('',(-8.252735746366,5.868808733305,
    -21.04464740223));
#7042 = CARTESIAN_POINT('',(-7.574368679377,6.734482443844,
    -21.0705033405));
#7043 = CARTESIAN_POINT('',(-6.794002300456,7.509467116836,
    -21.09635930969));
#7044 = CARTESIAN_POINT('',(-5.925610268266,8.180477494981,
    -21.1222242523));
#7045 = CARTESIAN_POINT('',(-4.985234565953,8.736150828419,
    -21.1481032388));
#7046 = CARTESIAN_POINT('',(-3.23469949591,9.498392959996,
    -21.19368417425));
#7047 = CARTESIAN_POINT('',(-2.44572275384,9.756834220241,
    -21.21341673763));
#7048 = CARTESIAN_POINT('',(-1.633568609039,9.940172579487,
    -21.23314620212));
#7049 = CARTESIAN_POINT('',(-0.806621207998,10.046115619074,
    -21.25287293191));
#7050 = CARTESIAN_POINT('',(2.663591304977E-02,10.073473458391,
    -21.27259964102));
#7051 = CARTESIAN_POINT('',(0.85763820821,10.022067242988,
    -21.29232909354));
#7052 = CARTESIAN_POINT('',(1.677743373677,9.892821970873,-21.3120617208
    ));
#7053 = CARTESIAN_POINT('',(3.123434031393,9.523006667065,
    -21.34768633178));
#7054 = CARTESIAN_POINT('',(3.756141880734,9.308839108706,
    -21.36358687126));
#7055 = CARTESIAN_POINT('',(4.371878642108,9.046671527883,
    -21.37948635334));
#7056 = CARTESIAN_POINT('',(4.966407509017,8.738114035065,
    -21.39538456579));
#7057 = CARTESIAN_POINT('',(5.535719635135,8.385189125061,
    -21.41128275381));
#7058 = CARTESIAN_POINT('',(6.076026115874,7.990306251417,
    -21.42718217564));
#7059 = CARTESIAN_POINT('',(6.583775724516,7.556281717867,
    -21.44308264963));
#7060 = CARTESIAN_POINT('',(7.526146890137,6.617993859255,
    -21.47482987183));
#7061 = CARTESIAN_POINT('',(7.961120017926,6.113826654243,
    -21.49068087522));
#7062 = CARTESIAN_POINT('',(8.35734691381,5.577127115534,-21.50653107252
    ));
#7063 = CARTESIAN_POINT('',(8.712021111748,5.011399890305,
    -21.52238021341));
#7064 = CARTESIAN_POINT('',(9.022736753441,4.420386416596,
    -21.53822940124));
#7065 = CARTESIAN_POINT('',(9.28746915369,3.80804742976,-21.55407970139)
  );
#7066 = CARTESIAN_POINT('',(9.504599729816,3.178570987915,
    -21.56993078404));
#7067 = CARTESIAN_POINT('',(9.754290208043,2.226336878474,
    -21.59343219735));
#7068 = CARTESIAN_POINT('',(9.824236360432,1.91328684105,-21.60108481627
    ));
#7069 = CARTESIAN_POINT('',(9.882695753725,1.597744715996,
    -21.60873737238));
#7070 = CARTESIAN_POINT('',(9.929565932707,1.280202810107,
    -21.61638986479));
#7071 = CARTESIAN_POINT('',(9.964769995906,0.961156820887,
    -21.62404233332));
#7072 = CARTESIAN_POINT('',(9.988256605963,0.641105732313,
    -21.63169481458));
#7073 = CARTESIAN_POINT('',(10.,0.320551710607,-21.63934729783));
#7074 = CARTESIAN_POINT('',(10.,-7.343459174081E-12,-21.64699968107));
#7075 = ORIENTED_EDGE('',*,*,#7076,.T.);
#7076 = EDGE_CURVE('',#6993,#7077,#7079,.T.);
#7077 = VERTEX_POINT('',#7078);
#7078 = CARTESIAN_POINT('',(10.,-2.769131225428E-12,-21.85299724794));
#7079 = LINE('',#7080,#7081);
#7080 = CARTESIAN_POINT('',(10.,0.,0.));
#7081 = VECTOR('',#7082,1.);
#7082 = DIRECTION('',(0.,-2.22044604925E-16,-1.));
#7083 = ORIENTED_EDGE('',*,*,#7084,.F.);
#7084 = EDGE_CURVE('',#6556,#7077,#7085,.T.);
#7085 = B_SPLINE_CURVE_WITH_KNOTS('',8,(#7086,#7087,#7088,#7089,#7090,
    #7091,#7092,#7093,#7094,#7095,#7096,#7097,#7098,#7099,#7100,#7101,
    #7102,#7103,#7104,#7105,#7106,#7107,#7108,#7109,#7110,#7111,#7112,
    #7113,#7114,#7115,#7116,#7117,#7118,#7119,#7120,#7121,#7122,#7123,
    #7124,#7125,#7126,#7127,#7128,#7129,#7130,#7131,#7132,#7133,#7134,
    #7135,#7136,#7137,#7138,#7139,#7140,#7141,#7142,#7143,#7144,#7145,
    #7146,#7147,#7148,#7149,#7150,#7151,#7152,#7153,#7154,#7155,#7156,
    #7157,#7158,#7159,#7160,#7161,#7162,#7163,#7164,#7165,#7166,#7167,
    #7168,#7169,#7170,#7171),.UNSPECIFIED.,.F.,.F.,(9,7,7,7,7,7,7,7,7,7,
    7,7,9),(0.,1.418671649907E-02,4.87669197885E-02,0.122105691144,
    0.214453707276,0.317362432577,0.427650719539,0.576688684854,
    0.684497475307,0.788924672142,0.881572904844,0.95849759017,1.),
  .UNSPECIFIED.);
#7086 = CARTESIAN_POINT('',(10.,-4.398259534355E-12,-20.35299660505));
#7087 = CARTESIAN_POINT('',(10.,-0.111406092438,-20.35565628895));
#7088 = CARTESIAN_POINT('',(9.998581564045,-0.222812185997,
    -20.3583159626));
#7089 = CARTESIAN_POINT('',(9.995744691778,-0.334197204304,
    -20.36097562662));
#7090 = CARTESIAN_POINT('',(9.991489758493,-0.445540082281,
    -20.3636352816));
#7091 = CARTESIAN_POINT('',(9.985817515136,-0.556819766158,
    -20.36629492817));
#7092 = CARTESIAN_POINT('',(9.978729088304,-0.668015213464,
    -20.36895456696));
#7093 = CARTESIAN_POINT('',(9.970225980246,-0.779105393034,
    -20.37161419863));
#7094 = CARTESIAN_POINT('',(9.936139977676,-1.160544411681,
    -20.38075667565));
#7095 = CARTESIAN_POINT('',(9.903575614202,-1.430270671339,
    -20.38723950437));
#7096 = CARTESIAN_POINT('',(9.862644356999,-1.698942488093,
    -20.39372232124));
#7097 = CARTESIAN_POINT('',(9.813386593599,-1.966256925822,
    -20.40020513539));
#7098 = CARTESIAN_POINT('',(9.755855720509,-2.231913688163,
    -20.40668795384));
#7099 = CARTESIAN_POINT('',(9.690118143213,-2.495615118522,
    -20.41317078154));
#7100 = CARTESIAN_POINT('',(9.616253276168,-2.757066200064,
    -20.41965362131));
#7101 = CARTESIAN_POINT('',(9.36065803938,-3.565075454246,
    -20.43988550942));
#7102 = CARTESIAN_POINT('',(9.150807638051,-4.102786287229,
    -20.45363568271));
#7103 = CARTESIAN_POINT('',(8.905690754185,-4.626265882155,
    -20.46738549661));
#7104 = CARTESIAN_POINT('',(8.626454059247,-5.132821475676,
    -20.48113478062));
#7105 = CARTESIAN_POINT('',(8.31447281771,-5.619893735895,
    -20.49488404802));
#7106 = CARTESIAN_POINT('',(7.971340235695,-6.085053048984,
    -20.50863383093));
#7107 = CARTESIAN_POINT('',(7.598875821328,-6.526007070146,
    -20.5223839936));
#7108 = CARTESIAN_POINT('',(6.695822371997,-7.462698628135,
    -20.55344577148));
#7109 = CARTESIAN_POINT('',(6.14912516102,-7.94316217812,-20.57076165395
    ));
#7110 = CARTESIAN_POINT('',(5.563213490113,-8.377648577102,
    -20.58807595122));
#7111 = CARTESIAN_POINT('',(4.942644378879,-8.762474640534,
    -20.60538836753));
#7112 = CARTESIAN_POINT('',(4.292307660597,-9.094527748035,
    -20.62270080522));
#7113 = CARTESIAN_POINT('',(3.617396481524,-9.371233020634,
    -20.6400151515));
#7114 = CARTESIAN_POINT('',(2.923420139218,-9.590595538303,
    -20.6573310779));
#7115 = CARTESIAN_POINT('',(1.428229070088,-9.930419466607,
    -20.69393647684));
#7116 = CARTESIAN_POINT('',(0.623425745275,-10.03679281927,
    -20.71323493399));
#7117 = CARTESIAN_POINT('',(-0.189974318212,-10.06850558488,
    -20.73253054109));
#7118 = CARTESIAN_POINT('',(-1.003871739582,-10.02488139692,
    -20.75182370055));
#7119 = CARTESIAN_POINT('',(-1.81025843635,-9.906253545333,
    -20.77111686731));
#7120 = CARTESIAN_POINT('',(-2.601219257134,-9.713883266828,
    -20.79041245787));
#7121 = CARTESIAN_POINT('',(-3.368949776019,-9.450039497552,
    -20.80971082607));
#7122 = CARTESIAN_POINT('',(-4.895529075396,-8.76264145794,
    -20.84967950278));
#7123 = CARTESIAN_POINT('',(-5.65034885354,-8.328741818045,
    -20.87036348832));
#7124 = CARTESIAN_POINT('',(-6.360733984539,-7.820708645716,
    -20.89104315073));
#7125 = CARTESIAN_POINT('',(-7.018297842723,-7.244006093273,
    -20.91171933161));
#7126 = CARTESIAN_POINT('',(-7.615518951504,-6.605020166505,
    -20.93239549356));
#7127 = CARTESIAN_POINT('',(-8.145776513364,-5.911066557899,
    -20.95307519401));
#7128 = CARTESIAN_POINT('',(-8.603343755837,-5.170354578162,
    -20.97375923262));
#7129 = CARTESIAN_POINT('',(-9.497812301071,-3.340858327707,
    -21.02237590706));
#7130 = CARTESIAN_POINT('',(-9.871899205615,-2.219310447812,
    -21.05035251961));
#7131 = CARTESIAN_POINT('',(-10.09359057536,-1.05146355905,
    -21.0783080745));
#7132 = CARTESIAN_POINT('',(-10.15732308611,0.138461177181,
    -21.10625080089));
#7133 = CARTESIAN_POINT('',(-10.06117897108,1.326206510067,
    -21.13419422174));
#7134 = CARTESIAN_POINT('',(-9.807736550646,2.487576520532,
    -21.16214923114));
#7135 = CARTESIAN_POINT('',(-9.403217162868,3.598510782545,
    -21.19012563592));
#7136 = CARTESIAN_POINT('',(-8.468238016438,5.385692830929,
    -21.23827747275));
#7137 = CARTESIAN_POINT('',(-8.00306987492,6.098139116887,
    -21.25849594071));
#7138 = CARTESIAN_POINT('',(-7.469590952299,6.764233008194,
    -21.27871072623));
#7139 = CARTESIAN_POINT('',(-6.873323515765,7.376434765741,
    -21.29892245032));
#7140 = CARTESIAN_POINT('',(-6.220594159686,7.928041714132,
    -21.31913415796));
#7141 = CARTESIAN_POINT('',(-5.518535059928,8.413215726705,
    -21.3393489745));
#7142 = CARTESIAN_POINT('',(-4.775056620438,8.826980044643,
    -21.35956748162));
#7143 = CARTESIAN_POINT('',(-3.247473835424,9.493492390884,
    -21.39935599817));
#7144 = CARTESIAN_POINT('',(-2.464882594976,9.751097901673,
    -21.41893928807));
#7145 = CARTESIAN_POINT('',(-1.659346882628,9.934775700854,-21.438519282
    ));
#7146 = CARTESIAN_POINT('',(-0.839056701957,10.042268921641,
    -21.45809641025));
#7147 = CARTESIAN_POINT('',(-1.230195083907E-02,10.072390414473,
    -21.4776735447));
#7148 = CARTESIAN_POINT('',(0.8125455642,10.024935283801,-21.49725352861
    ));
#7149 = CARTESIAN_POINT('',(1.627035073328,9.900769703405,
    -21.51683675823));
#7150 = CARTESIAN_POINT('',(3.128535684234,9.525838408441,
    -21.55378309025));
#7151 = CARTESIAN_POINT('',(3.819896184528,9.290849529235,
    -21.57115557619));
#7152 = CARTESIAN_POINT('',(4.490827840898,8.99856889029,-21.58852671483
    ));
#7153 = CARTESIAN_POINT('',(5.135812109929,8.651131131751,
    -21.60589610205));
#7154 = CARTESIAN_POINT('',(5.749663599504,8.251251134735,-21.6232655089
    ));
#7155 = CARTESIAN_POINT('',(6.327516056487,7.802181258205,
    -21.64063668896));
#7156 = CARTESIAN_POINT('',(6.864853139397,7.307744141021,
    -21.65800919994));
#7157 = CARTESIAN_POINT('',(7.766692314694,6.327985528527,
    -21.68979953921));
#7158 = CARTESIAN_POINT('',(8.145154667734,5.855244624561,
    -21.70422206112));
#7159 = CARTESIAN_POINT('',(8.490629821566,5.356742618377,
    -21.71864388391));
#7160 = CARTESIAN_POINT('',(8.801092542309,4.835184388178,
    -21.73306488282));
#7161 = CARTESIAN_POINT('',(9.07479655646,4.293431493871,-21.74748585799
    ));
#7162 = CARTESIAN_POINT('',(9.310263182413,3.734492446465,
    -21.76190763604));
#7163 = CARTESIAN_POINT('',(9.506295612825,3.161527182289,
    -21.77633014488));
#7164 = CARTESIAN_POINT('',(9.746034654895,2.262968694437,
    -21.79853205151));
#7165 = CARTESIAN_POINT('',(9.81832196323,1.944939760006,-21.80631274241
    ));
#7166 = CARTESIAN_POINT('',(9.878744018729,1.624292225835,
    -21.81409345092));
#7167 = CARTESIAN_POINT('',(9.927191357113,1.30154317666,-21.8218741628)
  );
#7168 = CARTESIAN_POINT('',(9.963581814683,0.977213379821,
    -21.82965489853));
#7169 = CARTESIAN_POINT('',(9.987860539074,0.651827170223,
    -21.83743567876));
#7170 = CARTESIAN_POINT('',(10.,0.325912335302,-21.84521648958));
#7171 = CARTESIAN_POINT('',(10.,-5.533351554732E-12,-21.85299724794));
#7172 = CYLINDRICAL_SURFACE('',#7173,10.);
#7173 = AXIS2_PLACEMENT_3D('',#7174,#7175,#7176);
#7174 = CARTESIAN_POINT('',(0.,0.,0.));
#7175 = DIRECTION('',(0.,-2.22044604925E-16,-1.));
#7176 = DIRECTION('',(1.,0.,0.));
#7177 = ADVANCED_FACE('',(#7178),#7271,.T.);
#7178 = FACE_BOUND('',#7179,.T.);
#7179 = EDGE_LOOP('',(#7180,#7181,#7182,#7266));
#7180 = ORIENTED_EDGE('',*,*,#6992,.F.);
#7181 = ORIENTED_EDGE('',*,*,#6746,.T.);
#7182 = ORIENTED_EDGE('',*,*,#7183,.T.);
#7183 = EDGE_CURVE('',#6663,#7184,#7186,.T.);
#7184 = VERTEX_POINT('',#7185);
#7185 = CARTESIAN_POINT('',(9.266,-2.26198907E-07,-21.22319931691));
#7186 = B_SPLINE_CURVE_WITH_KNOTS('',8,(#7187,#7188,#7189,#7190,#7191,
    #7192,#7193,#7194,#7195,#7196,#7197,#7198,#7199,#7200,#7201,#7202,
    #7203,#7204,#7205,#7206,#7207,#7208,#7209,#7210,#7211,#7212,#7213,
    #7214,#7215,#7216,#7217,#7218,#7219,#7220,#7221,#7222,#7223,#7224,
    #7225,#7226,#7227,#7228,#7229,#7230,#7231,#7232,#7233,#7234,#7235,
    #7236,#7237,#7238,#7239,#7240,#7241,#7242,#7243,#7244,#7245,#7246,
    #7247,#7248,#7249,#7250,#7251,#7252,#7253,#7254,#7255,#7256,#7257,
    #7258,#7259,#7260,#7261,#7262,#7263,#7264,#7265),.UNSPECIFIED.,.F.,
  .F.,(9,7,7,7,7,7,7,7,7,7,7,9),(0.,2.071146397482E-02,
    5.430781239851E-02,0.121936082603,0.272604346666,0.424047721705,
    0.524398979623,0.686910930132,0.790267792969,0.882468359994,
    0.960786840123,1.),.UNSPECIFIED.);
#7187 = CARTESIAN_POINT('',(9.266,-4.2223665098E-07,-19.72320184904));
#7188 = CARTESIAN_POINT('',(9.266,-0.150684392419,-19.72708378577));
#7189 = CARTESIAN_POINT('',(9.26319951453,-0.301368368701,
    -19.73096579067));
#7190 = CARTESIAN_POINT('',(9.257598540616,-0.451991585534,
    -19.73484785667));
#7191 = CARTESIAN_POINT('',(9.24919865603,-0.602493347393,
    -19.73872997615));
#7192 = CARTESIAN_POINT('',(9.238003019286,-0.752813028782,
    -19.74261214101));
#7193 = CARTESIAN_POINT('',(9.224016369641,-0.902890074233,
    -19.74649434262));
#7194 = CARTESIAN_POINT('',(9.207245027098,-1.052663998305,
    -19.75037657183));
#7195 = CARTESIAN_POINT('',(9.155987596281,-1.444435014226,
    -19.76055626511));
#7196 = CARTESIAN_POINT('',(9.116971639976,-1.68584055899,
    -19.76685377876));
#7197 = CARTESIAN_POINT('',(9.070682862912,-1.926032801834,
    -19.77315133069));
#7198 = CARTESIAN_POINT('',(9.017165751498,-2.164756079991,
    -19.77944889704));
#7199 = CARTESIAN_POINT('',(8.956475439126,-2.401757285966,
    -19.78574645935));
#7200 = CARTESIAN_POINT('',(8.888677706171,-2.636785867535,
    -19.79204400454));
#7201 = CARTESIAN_POINT('',(8.813848979994,-2.869593827747,
    -19.79834152495));
#7202 = CARTESIAN_POINT('',(8.567470870513,-3.563605879346,
    -19.81731565138));
#7203 = CARTESIAN_POINT('',(8.374718237534,-4.017312721845,
    -19.82999290174));
#7204 = CARTESIAN_POINT('',(8.154533926075,-4.459024028388,
    -19.8426697487));
#7205 = CARTESIAN_POINT('',(7.907801939048,-4.88680861527,
    -19.85534616042));
#7206 = CARTESIAN_POINT('',(7.635558029062,-5.29882752601,
    -19.86802258202));
#7207 = CARTESIAN_POINT('',(7.338983651753,-5.693331839713,
    -19.88069944246));
#7208 = CARTESIAN_POINT('',(7.019410635588,-6.068667100884,
    -19.89337668034));
#7209 = CARTESIAN_POINT('',(5.918461481852,-7.213332205536,
    -19.93429536117));
#7210 = CARTESIAN_POINT('',(5.050752540372,-7.901703457417,
    -19.96257556336));
#7211 = CARTESIAN_POINT('',(4.092558376584,-8.4693689613,-19.99083362903
    ));
#7212 = CARTESIAN_POINT('',(3.063873914849,-8.90344084256,
    -20.01907915227));
#7213 = CARTESIAN_POINT('',(1.985911379983,-9.194313517657,
    -20.04732365406));
#7214 = CARTESIAN_POINT('',(0.881302193992,-9.336504984725,
    -20.0755807707));
#7215 = CARTESIAN_POINT('',(-0.22626213383,-9.327869818923,
    -20.10386011319));
#7216 = CARTESIAN_POINT('',(-2.402114721161,-9.016794852097,
    -20.1604887077));
#7217 = CARTESIAN_POINT('',(-3.473133498747,-8.712420319719,
    -20.18891446858));
#7218 = CARTESIAN_POINT('',(-4.49844886243,-8.262609692541,
    -20.21731758814));
#7219 = CARTESIAN_POINT('',(-5.455588700332,-7.676235438803,
    -20.24570788147));
#7220 = CARTESIAN_POINT('',(-6.324072340622,-6.96511811586,
    -20.27409827218));
#7221 = CARTESIAN_POINT('',(-7.086002124229,-6.144712869451,
    -20.30250169425));
#7222 = CARTESIAN_POINT('',(-7.725609826231,-5.233325337251,
    -20.33092792215));
#7223 = CARTESIAN_POINT('',(-8.566735855632,-3.605944021907,
    -20.37812564283));
#7224 = CARTESIAN_POINT('',(-8.843646164852,-2.927000931513,
    -20.39694084637));
#7225 = CARTESIAN_POINT('',(-9.058883661406,-2.224070135873,
    -20.41575384003));
#7226 = CARTESIAN_POINT('',(-9.210116680887,-1.503722418191,
    -20.43456412654));
#7227 = CARTESIAN_POINT('',(-9.295849855411,-0.772680647007,
    -20.45337444889));
#7228 = CARTESIAN_POINT('',(-9.315362637814,-3.779418346187E-02,
    -20.47218751737));
#7229 = CARTESIAN_POINT('',(-9.268775719512,0.693965817994,
    -20.49100276769));
#7230 = CARTESIAN_POINT('',(-8.976629577423,2.583949282134,
    -20.54027526951));
#7231 = CARTESIAN_POINT('',(-8.625289927664,3.728193062216,
    -20.57079262792));
#7232 = CARTESIAN_POINT('',(-8.107176993482,4.815592664744,
    -20.60127622926));
#7233 = CARTESIAN_POINT('',(-7.434289183743,5.818761245962,
    -20.63174238961));
#7234 = CARTESIAN_POINT('',(-6.622142913111,6.712933281049,
    -20.66220842835));
#7235 = CARTESIAN_POINT('',(-5.691050983686,7.477097397492,
    -20.69269143557));
#7236 = CARTESIAN_POINT('',(-4.664715942002,8.09302742792,
    -20.72320850069));
#7237 = CARTESIAN_POINT('',(-2.880084151709,8.839078471563,
    -20.77304440815));
#7238 = CARTESIAN_POINT('',(-2.159198967104,9.064847781243,
    -20.79242393506));
#7239 = CARTESIAN_POINT('',(-1.418459553824,9.223253133314,
    -20.81180110648));
#7240 = CARTESIAN_POINT('',(-0.665240187386,9.312370198329,
    -20.83117521416));
#7241 = CARTESIAN_POINT('',(9.299838727254E-02,9.331225916718,
    -20.85054930387));
#7242 = CARTESIAN_POINT('',(0.848732862286,9.279722940728,
    -20.86992646314));
#7243 = CARTESIAN_POINT('',(1.594390293657,9.158717828248,
    -20.88930604031));
#7244 = CARTESIAN_POINT('',(2.971734136761,8.8021309634,-20.92596235397)
  );
#7245 = CARTESIAN_POINT('',(3.607332304414,8.580249783185,
    -20.94324802367));
#7246 = CARTESIAN_POINT('',(4.223763488914,8.305966806725,
    -20.96053213162));
#7247 = CARTESIAN_POINT('',(4.81600617077,7.98127022042,-20.97781435815)
  );
#7248 = CARTESIAN_POINT('',(5.379345127901,7.608673285822,
    -20.99509657046));
#7249 = CARTESIAN_POINT('',(5.909358840604,7.191175977527,
    -21.01238064858));
#7250 = CARTESIAN_POINT('',(6.401947546985,6.732294011348,
    -21.02966630268));
#7251 = CARTESIAN_POINT('',(7.236883566621,5.814717152594,
    -21.06162932645));
#7252 = CARTESIAN_POINT('',(7.590785518612,5.36628660237,-21.07631132441
    ));
#7253 = CARTESIAN_POINT('',(7.912831270499,4.893345678883,
    -21.09099280221));
#7254 = CARTESIAN_POINT('',(8.201061325701,4.398553888022,
    -21.10567358029));
#7255 = CARTESIAN_POINT('',(8.453795059769,3.884724007542,
    -21.12035440421));
#7256 = CARTESIAN_POINT('',(8.669619026548,3.35481211735,-21.13503599001
    ));
#7257 = CARTESIAN_POINT('',(8.847401736135,2.811921827303,
    -21.14971808387));
#7258 = CARTESIAN_POINT('',(9.055897139978,1.982642693001,
    -21.17174886876));
#7259 = CARTESIAN_POINT('',(9.115724077682,1.703513128764,
    -21.17909920132));
#7260 = CARTESIAN_POINT('',(9.165714710676,1.422336231345,
    -21.18644945303));
#7261 = CARTESIAN_POINT('',(9.2057881996,1.139516858178,-21.19379961124)
  );
#7262 = CARTESIAN_POINT('',(9.235883876417,0.855462423399,-21.2011496934
    ));
#7263 = CARTESIAN_POINT('',(9.255961248048,0.570582818628,
    -21.20849970924));
#7264 = CARTESIAN_POINT('',(9.266,0.285290333762,-21.2158496231));
#7265 = CARTESIAN_POINT('',(9.266,-4.222366492E-07,-21.22319931613));
#7266 = ORIENTED_EDGE('',*,*,#7267,.F.);
#7267 = EDGE_CURVE('',#6993,#7184,#7268,.T.);
#7268 = B_SPLINE_CURVE_WITH_KNOTS('',1,(#7269,#7270),.UNSPECIFIED.,.F.,
  .F.,(2,2),(0.,0.9375),.PIECEWISE_BEZIER_KNOTS.);
#7269 = CARTESIAN_POINT('',(10.016021783053,9.86745382E-09,
    -21.65625041335));
#7270 = CARTESIAN_POINT('',(9.204135068975,-4.9052738589E-07,
    -21.18747945275));
#7271 = B_SPLINE_SURFACE_WITH_KNOTS('',1,9,(
    (#7272,#7273,#7274,#7275,#7276,#7277,#7278,#7279,#7280,#7281,#7282
      ,#7283,#7284,#7285,#7286,#7287,#7288,#7289,#7290,#7291,#7292,#7293
      ,#7294,#7295,#7296,#7297,#7298,#7299,#7300,#7301,#7302)
    ,(#7303,#7304,#7305,#7306,#7307,#7308,#7309,#7310,#7311,#7312,#7313
      ,#7314,#7315,#7316,#7317,#7318,#7319,#7320,#7321,#7322,#7323,#7324
      ,#7325,#7326,#7327,#7328,#7329,#7330,#7331,#7332,#7333
  )),.UNSPECIFIED.,.F.,.F.,.F.,(2,2),(10,7,7,7,10),(0.,0.9375),(0.,
    1.614938419963,3.229876839926,4.844815259889,6.459753679852),
  .UNSPECIFIED.);
#7272 = CARTESIAN_POINT('',(10.016020330851,9.20982757E-09,
    -20.15625038577));
#7273 = CARTESIAN_POINT('',(10.016022437895,-1.748125459109,
    -20.19791709242));
#7274 = CARTESIAN_POINT('',(9.672775320901,-3.496238964876,
    -20.23958372914));
#7275 = CARTESIAN_POINT('',(8.98629166376,-5.167360005523,-20.2812503875
    ));
#7276 = CARTESIAN_POINT('',(7.976724599269,-6.684411512959,
    -20.32291706722));
#7277 = CARTESIAN_POINT('',(6.684407337912,-7.976726690709,
    -20.36458373355));
#7278 = CARTESIAN_POINT('',(5.167352178323,-8.986288465556,
    -20.40625040103));
#7279 = CARTESIAN_POINT('',(3.496250699621,-9.672775210413,
    -20.4479170666));
#7280 = CARTESIAN_POINT('',(1.8200401727E-07,-10.35926371163,
    -20.53125039901));
#7281 = CARTESIAN_POINT('',(-3.496250676831,-9.67277921509,
    -20.61458373309));
#7282 = CARTESIAN_POINT('',(-5.167351169342,-8.986294032632,
    -20.65625040064));
#7283 = CARTESIAN_POINT('',(-6.684411223148,-7.976722247978,
    -20.69791706732));
#7284 = CARTESIAN_POINT('',(-7.976721287998,-6.684410028756,
    -20.73958373275));
#7285 = CARTESIAN_POINT('',(-8.986291498354,-5.167349129175,
    -20.78125039825));
#7286 = CARTESIAN_POINT('',(-9.672777322407,-3.496249104457,
    -20.82291706508));
#7287 = CARTESIAN_POINT('',(-10.3592644597,-5.05808817E-09,
    -20.90625039956));
#7288 = CARTESIAN_POINT('',(-9.672777442381,3.496249117897,
    -20.98958373404));
#7289 = CARTESIAN_POINT('',(-8.986291638973,5.167349177836,
    -21.03125040087));
#7290 = CARTESIAN_POINT('',(-7.976721287601,6.684410042998,
    -21.07291706637));
#7291 = CARTESIAN_POINT('',(-6.684411153011,7.976722154822,
    -21.1145837318));
#7292 = CARTESIAN_POINT('',(-5.16735116604,8.986293901804,
    -21.15625039848));
#7293 = CARTESIAN_POINT('',(-3.496250693776,9.67277918878,
    -21.19791706603));
#7294 = CARTESIAN_POINT('',(1.6573460035E-07,10.359263769235,
    -21.28125040011));
#7295 = CARTESIAN_POINT('',(3.496250682675,9.672775177219,
    -21.36458373252));
#7296 = CARTESIAN_POINT('',(5.167352086216,8.986288380669,-21.4062503981
    ));
#7297 = CARTESIAN_POINT('',(6.684407483147,7.976726410753,
    -21.44791706555));
#7298 = CARTESIAN_POINT('',(7.976723954423,6.684411852758,
    -21.48958373193));
#7299 = CARTESIAN_POINT('',(8.986293054408,5.167360944757,-21.5312504116
    ));
#7300 = CARTESIAN_POINT('',(9.6727757601,3.496238156494,-21.57291706999)
  );
#7301 = CARTESIAN_POINT('',(10.016019675906,1.748125478186,
    -21.6145837067));
#7302 = CARTESIAN_POINT('',(10.016021783053,9.86745382E-09,
    -21.65625041335));
#7303 = CARTESIAN_POINT('',(9.204132809958,-4.5782552771E-07,
    -19.68748082254));
#7304 = CARTESIAN_POINT('',(9.204136005225,-1.606424163409,
    -19.72914550325));
#7305 = CARTESIAN_POINT('',(8.88871113577,-3.2128369284,-19.77081365778)
  );
#7306 = CARTESIAN_POINT('',(8.257872529072,-4.748505603111,
    -19.81248073616));
#7307 = CARTESIAN_POINT('',(7.330137378177,-6.142578412178,
    -19.85414675577));
#7308 = CARTESIAN_POINT('',(6.142579624404,-7.330142489979,
    -19.89581343773));
#7309 = CARTESIAN_POINT('',(4.748492781206,-8.257870188584,
    -19.93748006486));
#7310 = CARTESIAN_POINT('',(3.212848361537,-8.888711313439,
    -19.97914678569));
#7311 = CARTESIAN_POINT('',(-1.16777963241E-06,-9.519553699948,
    -20.06248016503));
#7312 = CARTESIAN_POINT('',(-3.212849437649,-8.888714650026,
    -20.14581346107));
#7313 = CARTESIAN_POINT('',(-4.748491653861,-8.257875225191,
    -20.18748008381));
#7314 = CARTESIAN_POINT('',(-6.142580383119,-7.330138648061,
    -20.22914674989));
#7315 = CARTESIAN_POINT('',(-7.330137624086,-6.142579552355,
    -20.27081347824));
#7316 = CARTESIAN_POINT('',(-8.257873404962,-4.748489118586,
    -20.31248020276));
#7317 = CARTESIAN_POINT('',(-8.888713288648,-3.212846492724,
    -20.35414686116));
#7318 = CARTESIAN_POINT('',(-9.519554395871,4.979046696E-07,
    -20.43748013764));
#7319 = CARTESIAN_POINT('',(-8.888713133881,3.212847458145,
    -20.52081341411));
#7320 = CARTESIAN_POINT('',(-8.257873119132,4.748490071761,
    -20.56248007251));
#7321 = CARTESIAN_POINT('',(-7.330136970759,6.142580353408,
    -20.60414679703));
#7322 = CARTESIAN_POINT('',(-6.142579495118,7.330139155859,
    -20.64581352539));
#7323 = CARTESIAN_POINT('',(-4.748490771244,8.257875526253,
    -20.68748019146));
#7324 = CARTESIAN_POINT('',(-3.212848519496,8.888714950494,
    -20.7291468142));
#7325 = CARTESIAN_POINT('',(-1.8154210003E-07,9.519553789553,
    -20.81248011024));
#7326 = CARTESIAN_POINT('',(3.21284927969,8.888710920407,-20.89581348958
    ));
#7327 = CARTESIAN_POINT('',(4.748493515406,8.257869551963,
    -20.93748021042));
#7328 = CARTESIAN_POINT('',(6.142580629229,7.330141401779,
    -20.97914683752));
#7329 = CARTESIAN_POINT('',(7.330137027782,6.142578161862,
    -21.02081351954));
#7330 = CARTESIAN_POINT('',(8.257875196904,4.748506186684,
    -21.06247953908));
#7331 = CARTESIAN_POINT('',(8.888712160376,3.212834726386,-21.1041466175
    ));
#7332 = CARTESIAN_POINT('',(9.20413187943,1.606423215055,-21.14581477202
    ));
#7333 = CARTESIAN_POINT('',(9.204135068975,-4.9052738589E-07,
    -21.18747945275));
#7334 = ADVANCED_FACE('',(#7335),#7346,.T.);
#7335 = FACE_BOUND('',#7336,.F.);
#7336 = EDGE_LOOP('',(#7337,#7338,#7339,#7340));
#7337 = ORIENTED_EDGE('',*,*,#6834,.F.);
#7338 = ORIENTED_EDGE('',*,*,#6820,.T.);
#7339 = ORIENTED_EDGE('',*,*,#7183,.T.);
#7340 = ORIENTED_EDGE('',*,*,#7341,.F.);
#7341 = EDGE_CURVE('',#6835,#7184,#7342,.T.);
#7342 = LINE('',#7343,#7344);
#7343 = CARTESIAN_POINT('',(9.266,0.,0.));
#7344 = VECTOR('',#7345,1.);
#7345 = DIRECTION('',(-7.E-17,0.,-1.));
#7346 = CYLINDRICAL_SURFACE('',#7347,9.266);
#7347 = AXIS2_PLACEMENT_3D('',#7348,#7349,#7350);
#7348 = CARTESIAN_POINT('',(0.,0.,0.));
#7349 = DIRECTION('',(-0.,-0.,-1.));
#7350 = DIRECTION('',(1.,0.,0.));
#7351 = ADVANCED_FACE('',(#7352),#7445,.T.);
#7352 = FACE_BOUND('',#7353,.T.);
#7353 = EDGE_LOOP('',(#7354,#7438,#7439,#7440));
#7354 = ORIENTED_EDGE('',*,*,#7355,.F.);
#7355 = EDGE_CURVE('',#6835,#7356,#7358,.T.);
#7356 = VERTEX_POINT('',#7357);
#7357 = CARTESIAN_POINT('',(9.266,-2.26194278E-07,-22.27674707971));
#7358 = B_SPLINE_CURVE_WITH_KNOTS('',8,(#7359,#7360,#7361,#7362,#7363,
    #7364,#7365,#7366,#7367,#7368,#7369,#7370,#7371,#7372,#7373,#7374,
    #7375,#7376,#7377,#7378,#7379,#7380,#7381,#7382,#7383,#7384,#7385,
    #7386,#7387,#7388,#7389,#7390,#7391,#7392,#7393,#7394,#7395,#7396,
    #7397,#7398,#7399,#7400,#7401,#7402,#7403,#7404,#7405,#7406,#7407,
    #7408,#7409,#7410,#7411,#7412,#7413,#7414,#7415,#7416,#7417,#7418,
    #7419,#7420,#7421,#7422,#7423,#7424,#7425,#7426,#7427,#7428,#7429,
    #7430,#7431,#7432,#7433,#7434,#7435,#7436,#7437),.UNSPECIFIED.,.F.,
  .F.,(9,7,7,7,7,7,7,7,7,7,7,9),(0.,4.791176807711E-02,0.120743963507,
    0.213735973669,0.317054593703,0.421913582002,0.511082982504,
    0.650006245041,0.788889514538,0.881351244032,0.897326613695,1.),
  .UNSPECIFIED.);
#7359 = CARTESIAN_POINT('',(9.266,-4.2222943897E-07,-20.77674812118));
#7360 = CARTESIAN_POINT('',(9.266,-0.348623724732,-20.7857298408));
#7361 = CARTESIAN_POINT('',(9.251009623648,-0.697251599919,
    -20.79471176484));
#7362 = CARTESIAN_POINT('',(9.221028195919,-1.045125137857,
    -20.80369366441));
#7363 = CARTESIAN_POINT('',(9.176101925825,-1.391492097083,
    -20.81267553072));
#7364 = CARTESIAN_POINT('',(9.116321521405,-1.73560670077,
    -20.82165745102));
#7365 = CARTESIAN_POINT('',(9.041821404083,-2.076729685909,
    -20.83063950211));
#7366 = CARTESIAN_POINT('',(8.952780522392,-2.414128605523,
    -20.83962166136));
#7367 = CARTESIAN_POINT('',(8.692310406345,-3.253205882422,
    -20.86225767056));
#7368 = CARTESIAN_POINT('',(8.502101831575,-3.749101727478,
    -20.87591272642));
#7369 = CARTESIAN_POINT('',(8.279591288275,-4.232184328843,
    -20.88956742324));
#7370 = CARTESIAN_POINT('',(8.02580436176,-4.70000387809,-20.90322158496
    ));
#7371 = CARTESIAN_POINT('',(7.741973549342,-5.150229363106,
    -20.91687570797));
#7372 = CARTESIAN_POINT('',(7.429528756155,-5.580645425865,
    -20.93053031187));
#7373 = CARTESIAN_POINT('',(7.09010471257,-5.98915906347,-20.94418527224
    ));
#7374 = CARTESIAN_POINT('',(6.260122093657,-6.86494564581,
    -20.97527236223));
#7375 = CARTESIAN_POINT('',(5.753598958274,-7.31732748866,
    -20.99270881629));
#7376 = CARTESIAN_POINT('',(5.209889975893,-7.726799802457,
    -21.01014363981));
#7377 = CARTESIAN_POINT('',(4.633280152769,-8.089844899746,
    -21.02757652722));
#7378 = CARTESIAN_POINT('',(4.028375411314,-8.403486233186,
    -21.04500943834));
#7379 = CARTESIAN_POINT('',(3.400073732573,-8.665257198274,
    -21.06244431996));
#7380 = CARTESIAN_POINT('',(2.753577462431,-8.87324180974,
    -21.07988083553));
#7381 = CARTESIAN_POINT('',(1.362120722076,-9.196117033423,
    -21.11668330664));
#7382 = CARTESIAN_POINT('',(0.613818655676,-9.29819255979,
    -21.13605832271));
#7383 = CARTESIAN_POINT('',(-0.142795091017,-9.330566429989,
    -21.15543092416));
#7384 = CARTESIAN_POINT('',(-0.900133709389,-9.292574324004,
    -21.17480045358));
#7385 = CARTESIAN_POINT('',(-1.650684054776,-9.184503381361,
    -21.1941699889));
#7386 = CARTESIAN_POINT('',(-2.387017590434,-9.00751380618,
    -21.21354257284));
#7387 = CARTESIAN_POINT('',(-3.101816129511,-8.763713698451,
    -21.23291750644));
#7388 = CARTESIAN_POINT('',(-4.484237569419,-8.144478619438,
    -21.27194468053));
#7389 = CARTESIAN_POINT('',(-5.151429421534,-7.766942343013,
    -21.29160875959));
#7390 = CARTESIAN_POINT('',(-5.781930631624,-7.327082247777,
    -21.3112695718));
#7391 = CARTESIAN_POINT('',(-6.369006778015,-6.829161057054,
    -21.33092755847));
#7392 = CARTESIAN_POINT('',(-6.906606021465,-6.278188310598,
    -21.35058554784));
#7393 = CARTESIAN_POINT('',(-7.389309527541,-5.679852252973,
    -21.3702463761));
#7394 = CARTESIAN_POINT('',(-7.812395880218,-5.040574024346,
    -21.38991048916));
#7395 = CARTESIAN_POINT('',(-8.477877263772,-3.79543599211,
    -21.42628509236));
#7396 = CARTESIAN_POINT('',(-8.737969741299,-3.198639076233,
    -21.44300451054));
#7397 = CARTESIAN_POINT('',(-8.949933271085,-2.581677346726,
    -21.45972275177));
#7398 = CARTESIAN_POINT('',(-9.111993648015,-1.949102468596,
    -21.47643946584));
#7399 = CARTESIAN_POINT('',(-9.222896043713,-1.305584656943,
    -21.49315614733));
#7400 = CARTESIAN_POINT('',(-9.28187492036,-0.655898704667,
    -21.50987432818));
#7401 = CARTESIAN_POINT('',(-9.288687197919,-4.923684814649E-03,
    -21.52659372893));
#7402 = CARTESIAN_POINT('',(-9.173633479194,1.650766881468,
    -21.56935439421));
#7403 = CARTESIAN_POINT('',(-8.977762211985,2.651430252125,
    -21.5954235843));
#7404 = CARTESIAN_POINT('',(-8.657050586657,3.624467976581,
    -21.62147826204));
#7405 = CARTESIAN_POINT('',(-8.216589384159,4.551967004635,
    -21.64752357349));
#7406 = CARTESIAN_POINT('',(-7.663847323238,5.417262738484,
    -21.67356935019));
#7407 = CARTESIAN_POINT('',(-7.008991720035,6.205185669695,
    -21.69962436795));
#7408 = CARTESIAN_POINT('',(-6.264509309821,6.901920101412,
    -21.72569387085));
#7409 = CARTESIAN_POINT('',(-4.629197327092,8.090149618049,
    -21.77777485244));
#7410 = CARTESIAN_POINT('',(-3.736826816117,8.582854045035,
    -21.80383666827));
#7411 = CARTESIAN_POINT('',(-2.785446950659,8.962213741774,
    -21.82988395592));
#7412 = CARTESIAN_POINT('',(-1.792039796325,9.22062609375,
    -21.85592178636));
#7413 = CARTESIAN_POINT('',(-0.774158192988,9.353110155368,
    -21.8819590535));
#7414 = CARTESIAN_POINT('',(0.250056930006,9.357709623974,
    -21.90800597236));
#7415 = CARTESIAN_POINT('',(1.262011988918,9.235113076896,
    -21.93406735316));
#7416 = CARTESIAN_POINT('',(2.895317617111,8.827713366056,
    -21.97743773726));
#7417 = CARTESIAN_POINT('',(3.534715718348,8.610687790899,-21.9947749822
    ));
#7418 = CARTESIAN_POINT('',(4.155286013116,8.340783328368,
    -22.01211089686));
#7419 = CARTESIAN_POINT('',(4.751945094306,8.019963026549,
    -22.02944507327));
#7420 = CARTESIAN_POINT('',(5.319915152078,7.650723648747,
    -22.04677925412));
#7421 = CARTESIAN_POINT('',(5.854711526911,7.236056509959,
    -22.06411517517));
#7422 = CARTESIAN_POINT('',(6.352170937914,6.779477367237,
    -22.08145241135));
#7423 = CARTESIAN_POINT('',(6.887367615165,6.199712122786,
    -22.10178113162));
#7424 = CARTESIAN_POINT('',(6.964990275176,6.11316841228,-22.10477603288
    ));
#7425 = CARTESIAN_POINT('',(7.041369434919,6.025514741449,
    -22.10777093016));
#7426 = CARTESIAN_POINT('',(7.116486593513,5.936771976835,-22.1107658234
    ));
#7427 = CARTESIAN_POINT('',(7.190323680731,5.846961342475,
    -22.11376071262));
#7428 = CARTESIAN_POINT('',(7.262863057004,5.756104419902,
    -22.11675559795));
#7429 = CARTESIAN_POINT('',(7.334087513417,5.664223148143,-22.1197504796
    ));
#7430 = CARTESIAN_POINT('',(7.853179653233,4.974380526309,
    -22.14199338153));
#7431 = CARTESIAN_POINT('',(8.247502749828,4.335854862346,-22.1612467882
    ));
#7432 = CARTESIAN_POINT('',(8.582248471452,3.661902561153,-22.1804975891
    ));
#7433 = CARTESIAN_POINT('',(8.853798421306,2.959062517264,
    -22.19974552942));
#7434 = CARTESIAN_POINT('',(9.059411415367,2.234185471453,
    -22.21899390343));
#7435 = CARTESIAN_POINT('',(9.197158718909,1.494393686494,-22.2382456251
    ));
#7436 = CARTESIAN_POINT('',(9.266,0.74708761763,-22.25749955436));
#7437 = CARTESIAN_POINT('',(9.266,-4.2222943364E-07,-22.27674707893));
#7438 = ORIENTED_EDGE('',*,*,#6920,.T.);
#7439 = ORIENTED_EDGE('',*,*,#7084,.T.);
#7440 = ORIENTED_EDGE('',*,*,#7441,.F.);
#7441 = EDGE_CURVE('',#7356,#7077,#7442,.T.);
#7442 = B_SPLINE_CURVE_WITH_KNOTS('',1,(#7443,#7444),.UNSPECIFIED.,.F.,
  .F.,(2,2),(0.,0.9375),.PIECEWISE_BEZIER_KNOTS.);
#7443 = CARTESIAN_POINT('',(9.204106024897,-4.9053539903E-07,
    -22.31247945237));
#7444 = CARTESIAN_POINT('',(10.016016942373,9.86611889E-09,
    -21.84375041329));
#7445 = B_SPLINE_SURFACE_WITH_KNOTS('',1,9,(
    (#7446,#7447,#7448,#7449,#7450,#7451,#7452,#7453,#7454,#7455,#7456
      ,#7457,#7458,#7459,#7460,#7461,#7462,#7463,#7464,#7465,#7466,#7467
      ,#7468,#7469,#7470,#7471,#7472,#7473,#7474,#7475,#7476)
    ,(#7477,#7478,#7479,#7480,#7481,#7482,#7483,#7484,#7485,#7486,#7487
      ,#7488,#7489,#7490,#7491,#7492,#7493,#7494,#7495,#7496,#7497,#7498
      ,#7499,#7500,#7501,#7502,#7503,#7504,#7505,#7506,#7507
  )),.UNSPECIFIED.,.F.,.F.,.F.,(2,2),(10,7,7,7,10),(0.,0.9375),(0.,
    1.614938419963,3.229876839926,4.844815259889,6.459753679852),
  .UNSPECIFIED.);
#7446 = CARTESIAN_POINT('',(9.204105702151,-4.5783342006E-07,
    -20.81248082221));
#7447 = CARTESIAN_POINT('',(9.204106090167,-1.606419263214,
    -20.85414550285));
#7448 = CARTESIAN_POINT('',(8.888684319214,-3.212826576826,
    -20.89581365743));
#7449 = CARTESIAN_POINT('',(8.257848273216,-4.748491733411,
    -20.93748073584));
#7450 = CARTESIAN_POINT('',(7.330114597072,-6.142559891396,
    -20.9791467554));
#7451 = CARTESIAN_POINT('',(6.142560994367,-7.330119935253,
    -21.02081343739));
#7452 = CARTESIAN_POINT('',(4.748478246601,-8.257844935922,
    -21.06248006451));
#7453 = CARTESIAN_POINT('',(3.212838562167,-8.888684173076,
    -21.10414678534));
#7454 = CARTESIAN_POINT('',(-1.16550943526E-06,-9.519524700256,
    -21.18748016468));
#7455 = CARTESIAN_POINT('',(-3.212839636329,-8.888687523114,
    -21.27081346072));
#7456 = CARTESIAN_POINT('',(-4.748477155618,-8.257849955016,
    -21.31248008345));
#7457 = CARTESIAN_POINT('',(-6.14256158912,-7.330116234878,
    -21.35414674954));
#7458 = CARTESIAN_POINT('',(-7.330115255754,-6.142560834893,
    -21.39581347789));
#7459 = CARTESIAN_POINT('',(-8.257848302646,-4.748474677806,
    -21.43748020241));
#7460 = CARTESIAN_POINT('',(-8.888686250394,-3.212836713602,
    -21.47914686081));
#7461 = CARTESIAN_POINT('',(-9.519525357775,4.9150315518E-07,
    -21.56248013729));
#7462 = CARTESIAN_POINT('',(-8.888685944535,3.212837636553,
    -21.64581341376));
#7463 = CARTESIAN_POINT('',(-8.257847842439,4.748475543294,
    -21.68748007216));
#7464 = CARTESIAN_POINT('',(-7.330114619922,6.142561596712,
    -21.72914679667));
#7465 = CARTESIAN_POINT('',(-6.142560814879,7.330116849921,
    -21.77081352504));
#7466 = CARTESIAN_POINT('',(-4.748476300211,8.257850417399,
    -21.81248019112));
#7467 = CARTESIAN_POINT('',(-3.212838720131,8.88868784979,
    -21.85414681385));
#7468 = CARTESIAN_POINT('',(-1.8387091503E-07,9.519524713057,
    -21.93748010989));
#7469 = CARTESIAN_POINT('',(3.212839478364,8.888683833176,
    -22.02081348923));
#7470 = CARTESIAN_POINT('',(4.748479080803,8.257844425598,
    -22.06248021007));
#7471 = CARTESIAN_POINT('',(6.1425617853,7.330119237294,-22.10414683718)
  );
#7472 = CARTESIAN_POINT('',(7.330115089504,6.142559208256,
    -22.14581351918));
#7473 = CARTESIAN_POINT('',(8.257849073736,4.74849108748,-22.18747953872
    ));
#7474 = CARTESIAN_POINT('',(8.888684749348,3.212825477203,
    -22.22914661714));
#7475 = CARTESIAN_POINT('',(9.204105642589,1.606418314845,
    -22.27081477171));
#7476 = CARTESIAN_POINT('',(9.204106024897,-4.9053539903E-07,
    -22.31247945237));
#7477 = CARTESIAN_POINT('',(10.016015812883,9.20851306E-09,
    -20.34375038572));
#7478 = CARTESIAN_POINT('',(10.016017452052,-1.74812464241,
    -20.38541709235));
#7479 = CARTESIAN_POINT('',(9.672770851475,-3.496237239613,
    -20.42708372908));
#7480 = CARTESIAN_POINT('',(8.986287621117,-5.167357693907,
    -20.46875038745));
#7481 = CARTESIAN_POINT('',(7.976720802418,-6.684408426161,
    -20.51041706716));
#7482 = CARTESIAN_POINT('',(6.684404232906,-7.976722931589,
    -20.5520837335));
#7483 = CARTESIAN_POINT('',(5.167349755889,-8.986284256778,
    -20.59375040097));
#7484 = CARTESIAN_POINT('',(3.496249066393,-9.67277068702,
    -20.63541706654));
#7485 = CARTESIAN_POINT('',(1.8238232497E-07,-10.35925887835,
    -20.71875039895));
#7486 = CARTESIAN_POINT('',(-3.496249043278,-9.672774693938,
    -20.80208373303));
#7487 = CARTESIAN_POINT('',(-5.167348752969,-8.986289820936,
    -20.84375040059));
#7488 = CARTESIAN_POINT('',(-6.684408090815,-7.976718512448,
    -20.88541706726));
#7489 = CARTESIAN_POINT('',(-7.976717559943,-6.684406909179,
    -20.92708373269));
#7490 = CARTESIAN_POINT('',(-8.986287314635,-5.167346722378,
    -20.96875039819));
#7491 = CARTESIAN_POINT('',(-9.672772816031,-3.496247474603,
    -21.01041706502));
#7492 = CARTESIAN_POINT('',(-10.35925962002,-6.1250678E-09,
    -21.0937503995));
#7493 = CARTESIAN_POINT('',(-9.672772910823,3.496247480965,
    -21.17708373398));
#7494 = CARTESIAN_POINT('',(-8.986287426191,5.167346756424,
    -21.21875040082));
#7495 = CARTESIAN_POINT('',(-7.976717562461,6.684406916882,
    -21.26041706631));
#7496 = CARTESIAN_POINT('',(-6.684408039638,7.976718437165,
    -21.30208373174));
#7497 = CARTESIAN_POINT('',(-5.167348754201,8.986289716996,
    -21.34375039842));
#7498 = CARTESIAN_POINT('',(-3.496249060549,9.672774671996,
    -21.38541706597));
#7499 = CARTESIAN_POINT('',(1.6534646799E-07,10.359258923152,
    -21.46875040005));
#7500 = CARTESIAN_POINT('',(3.496249049121,9.672770662681,
    -21.55208373246));
#7501 = CARTESIAN_POINT('',(5.167349680449,8.986284192942,
    -21.59375039804));
#7502 = CARTESIAN_POINT('',(6.684404342493,7.976722716672,-21.6354170655
    ));
#7503 = CARTESIAN_POINT('',(7.976720298044,6.684408693824,
    -21.67708373187));
#7504 = CARTESIAN_POINT('',(8.986288700547,5.167358428223,
    -21.71875041154));
#7505 = CARTESIAN_POINT('',(9.672771191595,3.496236614963,
    -21.76041706993));
#7506 = CARTESIAN_POINT('',(10.016015303099,1.748124661484,
    -21.80208370665));
#7507 = CARTESIAN_POINT('',(10.016016942373,9.86611889E-09,
    -21.84375041329));
#7508 = ADVANCED_FACE('',(#7509),#7686,.T.);
#7509 = FACE_BOUND('',#7510,.T.);
#7510 = EDGE_LOOP('',(#7511,#7512,#7596,#7604));
#7511 = ORIENTED_EDGE('',*,*,#7076,.F.);
#7512 = ORIENTED_EDGE('',*,*,#7513,.T.);
#7513 = EDGE_CURVE('',#6993,#7514,#7516,.T.);
#7514 = VERTEX_POINT('',#7515);
#7515 = CARTESIAN_POINT('',(10.,-3.741494174212E-12,-23.1469988334));
#7516 = B_SPLINE_CURVE_WITH_KNOTS('',8,(#7517,#7518,#7519,#7520,#7521,
    #7522,#7523,#7524,#7525,#7526,#7527,#7528,#7529,#7530,#7531,#7532,
    #7533,#7534,#7535,#7536,#7537,#7538,#7539,#7540,#7541,#7542,#7543,
    #7544,#7545,#7546,#7547,#7548,#7549,#7550,#7551,#7552,#7553,#7554,
    #7555,#7556,#7557,#7558,#7559,#7560,#7561,#7562,#7563,#7564,#7565,
    #7566,#7567,#7568,#7569,#7570,#7571,#7572,#7573,#7574,#7575,#7576,
    #7577,#7578,#7579,#7580,#7581,#7582,#7583,#7584,#7585,#7586,#7587,
    #7588,#7589,#7590,#7591,#7592,#7593,#7594,#7595),.UNSPECIFIED.,.F.,
  .F.,(9,7,7,7,7,7,7,7,7,7,7,9),(0.,4.992319201644E-02,0.122079649242,
    0.214634577014,0.318184605082,0.408834855598,0.54670546251,
    0.684618896204,0.789280893493,0.882418075312,0.958381135739,1.),
  .UNSPECIFIED.);
#7517 = CARTESIAN_POINT('',(10.,-7.40563166346E-12,-21.64699968107));
#7518 = CARTESIAN_POINT('',(10.,-0.392038592008,-21.6563586363));
#7519 = CARTESIAN_POINT('',(9.982434938751,-0.784083714006,
    -21.6657179285));
#7520 = CARTESIAN_POINT('',(9.947303812198,-1.175207629862,
    -21.67507728704));
#7521 = CARTESIAN_POINT('',(9.894665537453,-1.564491646361,
    -21.68443662508));
#7522 = CARTESIAN_POINT('',(9.824635590821,-1.951025793931,
    -21.69379596809));
#7523 = CARTESIAN_POINT('',(9.737384866769,-2.333908859043,
    -21.70315536613));
#7524 = CARTESIAN_POINT('',(9.633140757847,-2.712248768303,
    -21.71251478986));
#7525 = CARTESIAN_POINT('',(9.337375004838,-3.62415516585,
    -21.73540135427));
#7526 = CARTESIAN_POINT('',(9.127642771546,-4.15186537424,
    -21.74892956946));
#7527 = CARTESIAN_POINT('',(8.883859315702,-4.665596259441,
    -21.76245725119));
#7528 = CARTESIAN_POINT('',(8.607130880557,-5.162789770438,
    -21.7759843504));
#7529 = CARTESIAN_POINT('',(8.298777522088,-5.641013767984,
    -21.78951147407));
#7530 = CARTESIAN_POINT('',(7.960323451379,-6.097958604012,
    -21.80303920794));
#7531 = CARTESIAN_POINT('',(7.593504589876,-6.531444007647,
    -21.81656746149));
#7532 = CARTESIAN_POINT('',(6.695922135527,-7.462767058567,
    -21.84744636749));
#7533 = CARTESIAN_POINT('',(6.147982218767,-7.944303563606,
    -21.86480134346));
#7534 = CARTESIAN_POINT('',(5.56065368125,-8.379653284239,
    -21.88215498673));
#7535 = CARTESIAN_POINT('',(4.938524892471,-8.765108811511,
    -21.89950685709));
#7536 = CARTESIAN_POINT('',(4.28651976038,-9.097538507253,
    -21.91685869999));
#7537 = CARTESIAN_POINT('',(3.609867852797,-9.374353235235,
    -21.9342122802));
#7538 = CARTESIAN_POINT('',(2.91411737728,-9.593549152413,-21.9515671998
    ));
#7539 = CARTESIAN_POINT('',(1.412047466504,-9.933144187994,
    -21.98833147965));
#7540 = CARTESIAN_POINT('',(0.60200038904,-10.03880601914,
    -22.00774994571));
#7541 = CARTESIAN_POINT('',(-0.216613602599,-10.06885081688,
    -22.02716533637));
#7542 = CARTESIAN_POINT('',(-1.035540330712,-10.02260703372,
    -22.04657796054));
#7543 = CARTESIAN_POINT('',(-1.846622387195,-9.900437566962,
    -22.06599059016));
#7544 = CARTESIAN_POINT('',(-2.641800483802,-9.703655031839,
    -22.0854060227));
#7545 = CARTESIAN_POINT('',(-3.413132098028,-9.434604428268,
    -22.10482459118));
#7546 = CARTESIAN_POINT('',(-4.800431744933,-8.801284106558,
    -22.14123185007));
#7547 = CARTESIAN_POINT('',(-5.424070632897,-8.452921148448,
    -22.15822935563));
#7548 = CARTESIAN_POINT('',(-6.018585465428,-8.05415263431,
    -22.17522558606));
#7549 = CARTESIAN_POINT('',(-6.579251671411,-7.607872929782,
    -22.19222019182));
#7550 = CARTESIAN_POINT('',(-7.101739663065,-7.117446125975,
    -22.20921480675));
#7551 = CARTESIAN_POINT('',(-7.582096009341,-6.586671256721,
    -22.22621105981));
#7552 = CARTESIAN_POINT('',(-8.016775123618,-6.019805941646,
    -22.24320859519));
#7553 = CARTESIAN_POINT('',(-8.989709986004,-4.51190650466,
    -22.28605016453));
#7554 = CARTESIAN_POINT('',(-9.464685257111,-3.528676085165,
    -22.31192145278));
#7555 = CARTESIAN_POINT('',(-9.815917949159,-2.489327306102,
    -22.33777861053));
#7556 = CARTESIAN_POINT('',(-10.03635191695,-1.412189186324,
    -22.36362694348));
#7557 = CARTESIAN_POINT('',(-10.12171491262,-0.316045382765,
    -22.38947544182));
#7558 = CARTESIAN_POINT('',(-10.07092969426,0.779870673185,
    -22.41533275322));
#7559 = CARTESIAN_POINT('',(-9.885720553707,1.855994087974,
    -22.44120414329));
#7560 = CARTESIAN_POINT('',(-9.259319230046,3.929111943172,
    -22.49290624428));
#7561 = CARTESIAN_POINT('',(-8.817456172104,4.928038897134,
    -22.5187856734));
#7562 = CARTESIAN_POINT('',(-8.252625787516,5.868966771986,
    -22.54465109472));
#7563 = CARTESIAN_POINT('',(-7.574236531496,6.734634254251,
    -22.57050723333));
#7564 = CARTESIAN_POINT('',(-6.793848155977,7.509609242574,
    -22.59636340289));
#7565 = CARTESIAN_POINT('',(-5.925434917071,8.18060646071,
    -22.62222854616));
#7566 = CARTESIAN_POINT('',(-4.985039411254,8.736263229605,
    -22.64810773396));
#7567 = CARTESIAN_POINT('',(-3.238507168003,9.496714153558,
    -22.69358398294));
#7568 = CARTESIAN_POINT('',(-2.453889364157,9.754139227874,-22.713211494
    ));
#7569 = CARTESIAN_POINT('',(-1.646298819016,9.937277905879,
    -22.73283599124));
#7570 = CARTESIAN_POINT('',(-0.823983795684,10.043867327567,
    -22.75245782427));
#7571 = CARTESIAN_POINT('',(4.708271520664E-03,10.072724035208,
    -22.77207963807));
#7572 = CARTESIAN_POINT('',(0.831348843907,10.023655299821,
    -22.79170412717));
#7573 = CARTESIAN_POINT('',(1.647431348967,9.897549093332,
    -22.81133170716));
#7574 = CARTESIAN_POINT('',(3.153595477131,9.51786571308,-22.84841359839
    ));
#7575 = CARTESIAN_POINT('',(3.847996335626,9.279768605378,
    -22.86587753986));
#7576 = CARTESIAN_POINT('',(4.521590841273,8.983827283858,
    -22.88333984035));
#7577 = CARTESIAN_POINT('',(5.168778722941,8.632227176108,
    -22.90080015945));
#7578 = CARTESIAN_POINT('',(5.784301990589,8.227744948833,
    -22.91826046602));
#7579 = CARTESIAN_POINT('',(6.363230336594,7.773704449477,-22.9357227442
    ));
#7580 = CARTESIAN_POINT('',(6.900993036182,7.274010403697,
    -22.95318668493));
#7581 = CARTESIAN_POINT('',(7.795113221288,6.292221555416,-22.9848883625
    ));
#7582 = CARTESIAN_POINT('',(8.16673724226,5.82376138158,-22.99913070645)
  );
#7583 = CARTESIAN_POINT('',(8.506089513494,5.330320906098,
    -23.01337259698));
#7584 = CARTESIAN_POINT('',(8.811230350176,4.814512108375,
    -23.02761386796));
#7585 = CARTESIAN_POINT('',(9.080485822305,4.279095341895,
    -23.04185515281));
#7586 = CARTESIAN_POINT('',(9.312437157551,3.726970348269,
    -23.05609706852));
#7587 = CARTESIAN_POINT('',(9.505934003723,3.161180331697,
    -23.07033941589));
#7588 = CARTESIAN_POINT('',(9.744613755055,2.269210876185,
    -23.09238278593));
#7589 = CARTESIAN_POINT('',(9.817303948187,1.95033441138,-23.10018520666
    ));
#7590 = CARTESIAN_POINT('',(9.878063803172,1.628817309666,
    -23.10798756141));
#7591 = CARTESIAN_POINT('',(9.926782611131,1.305181008164,
    -23.11578984744));
#7592 = CARTESIAN_POINT('',(9.96337728438,0.979950655034,-23.1235921077)
  );
#7593 = CARTESIAN_POINT('',(9.987792359432,0.653654993615,
    -23.13139438248));
#7594 = CARTESIAN_POINT('',(10.,0.326826246564,-23.13919666106));
#7595 = CARTESIAN_POINT('',(10.,-7.476685937036E-12,-23.1469988334));
#7596 = ORIENTED_EDGE('',*,*,#7597,.T.);
#7597 = EDGE_CURVE('',#7514,#7598,#7600,.T.);
#7598 = VERTEX_POINT('',#7599);
#7599 = CARTESIAN_POINT('',(10.,-2.877972706835E-12,-23.35299789082));
#7600 = LINE('',#7601,#7602);
#7601 = CARTESIAN_POINT('',(10.,0.,0.));
#7602 = VECTOR('',#7603,1.);
#7603 = DIRECTION('',(0.,-2.22044604925E-16,-1.));
#7604 = ORIENTED_EDGE('',*,*,#7605,.F.);
#7605 = EDGE_CURVE('',#7077,#7598,#7606,.T.);
#7606 = B_SPLINE_CURVE_WITH_KNOTS('',8,(#7607,#7608,#7609,#7610,#7611,
    #7612,#7613,#7614,#7615,#7616,#7617,#7618,#7619,#7620,#7621,#7622,
    #7623,#7624,#7625,#7626,#7627,#7628,#7629,#7630,#7631,#7632,#7633,
    #7634,#7635,#7636,#7637,#7638,#7639,#7640,#7641,#7642,#7643,#7644,
    #7645,#7646,#7647,#7648,#7649,#7650,#7651,#7652,#7653,#7654,#7655,
    #7656,#7657,#7658,#7659,#7660,#7661,#7662,#7663,#7664,#7665,#7666,
    #7667,#7668,#7669,#7670,#7671,#7672,#7673,#7674,#7675,#7676,#7677,
    #7678,#7679,#7680,#7681,#7682,#7683,#7684,#7685),.UNSPECIFIED.,.F.,
  .F.,(9,7,7,7,7,7,7,7,7,7,7,9),(0.,1.418794625363E-02,4.87627615331E-02
    ,0.121920132337,0.213176936982,0.317878679315,0.427723623146,
    0.576911733437,0.684821538443,0.820350423384,0.958220432572,1.),
  .UNSPECIFIED.);
#7607 = CARTESIAN_POINT('',(10.,-5.595524044111E-12,-21.85299724794));
#7608 = CARTESIAN_POINT('',(10.,-0.111407821313,-21.85565697311));
#7609 = CARTESIAN_POINT('',(9.998581520021,-0.222815643734,
    -21.85831668804));
#7610 = CARTESIAN_POINT('',(9.995744559705,-0.33420238992,
    -21.86097639332));
#7611 = CARTESIAN_POINT('',(9.991489494369,-0.445546993822,
    -21.86363608958));
#7612 = CARTESIAN_POINT('',(9.985817075005,-0.556828400688,
    -21.86629577742));
#7613 = CARTESIAN_POINT('',(9.978728428282,-0.668025567065,
    -21.86895545749));
#7614 = CARTESIAN_POINT('',(9.970225056542,-0.779117460799,
    -21.87161513043));
#7615 = CARTESIAN_POINT('',(9.936143858253,-1.160496767276,
    -21.88075617737));
#7616 = CARTESIAN_POINT('',(9.903588417348,-1.430161934605,
    -21.88723753476));
#7617 = CARTESIAN_POINT('',(9.862669875443,-1.698773195349,
    -21.8937188803));
#7618 = CARTESIAN_POINT('',(9.813428590047,-1.966027819151,
    -21.9002002231));
#7619 = CARTESIAN_POINT('',(9.755917915831,-2.231625712976,
    -21.9066815702));
#7620 = CARTESIAN_POINT('',(9.690204204623,-2.495269421107,
    -21.91316292653));
#7621 = CARTESIAN_POINT('',(9.616366805407,-2.756664125144,
    -21.91964429493));
#7622 = CARTESIAN_POINT('',(9.36127076579,-3.563229691352,
    -21.93983972805));
#7623 = CARTESIAN_POINT('',(9.152071881174,-4.099610969724,
    -21.95355490416));
#7624 = CARTESIAN_POINT('',(8.907782892571,-4.621842238555,
    -21.96726972617));
#7625 = CARTESIAN_POINT('',(8.62954087805,-5.127250947739,
    -21.98098402563));
#7626 = CARTESIAN_POINT('',(8.31870928271,-5.613296502676,
    -21.99469830909));
#7627 = CARTESIAN_POINT('',(7.976867424927,-6.077566611863,
    -22.00841310166));
#7628 = CARTESIAN_POINT('',(7.605818737762,-6.517784717028,
    -22.02212826888));
#7629 = CARTESIAN_POINT('',(6.710900193313,-7.448308427532,
    -22.05294927698));
#7630 = CARTESIAN_POINT('',(6.171794387655,-7.92420459321,
    -22.07005918859));
#7631 = CARTESIAN_POINT('',(5.594298721724,-8.355308549752,
    -22.0871676011));
#7632 = CARTESIAN_POINT('',(4.982798722614,-8.738054895705,
    -22.10427423538));
#7633 = CARTESIAN_POINT('',(4.341999644488,-9.069421049913,
    -22.12138088612));
#7634 = CARTESIAN_POINT('',(3.676898861896,-9.34689676461,
    -22.13848933526));
#7635 = CARTESIAN_POINT('',(2.992798063266,-9.568523382942,
    -22.1555992766));
#7636 = CARTESIAN_POINT('',(1.495157620142,-9.921715188374,
    -22.1923336111));
#7637 = CARTESIAN_POINT('',(0.676976935438,-10.03529951335,
    -22.2119673084));
#7638 = CARTESIAN_POINT('',(-0.150582288106,-10.07164498465,
    -22.23159789491));
#7639 = CARTESIAN_POINT('',(-0.978992601296,-10.02999359158,
    -22.25122582998));
#7640 = CARTESIAN_POINT('',(-1.799821419911,-9.910668504398,
    -22.27085377299));
#7641 = CARTESIAN_POINT('',(-2.604733056564,-9.714983355411,
    -22.29048434958));
#7642 = CARTESIAN_POINT('',(-3.385507762046,-9.445330344644,
    -22.31011797479));
#7643 = CARTESIAN_POINT('',(-4.919486500874,-8.748863820383,
    -22.35033679945));
#7644 = CARTESIAN_POINT('',(-5.670012482519,-8.314727529272,
    -22.37093603663));
#7645 = CARTESIAN_POINT('',(-6.376278029311,-7.807184321158,
    -22.39153104223));
#7646 = CARTESIAN_POINT('',(-7.030012301449,-7.231650482755,
    -22.41212262939));
#7647 = CARTESIAN_POINT('',(-7.623798005741,-6.594448603706,
    -22.43271419868));
#7648 = CARTESIAN_POINT('',(-8.151105388604,-5.902814288385,
    -22.45330924411));
#7649 = CARTESIAN_POINT('',(-8.606286516484,-5.164861857482,
    -22.47390853492));
#7650 = CARTESIAN_POINT('',(-9.499189503857,-3.337324818695,
    -22.52246677591));
#7651 = CARTESIAN_POINT('',(-9.873195941031,-2.21455727603,
    -22.55046970871));
#7652 = CARTESIAN_POINT('',(-10.0944952589,-1.045467167247,
    -22.57845147429));
#7653 = CARTESIAN_POINT('',(-10.15752230644,0.145652597056,
    -22.60642036644));
#7654 = CARTESIAN_POINT('',(-10.06036833897,1.334475442778,
    -22.63438995577));
#7655 = CARTESIAN_POINT('',(-9.805638881037,2.496739579103,
    -22.66237117327));
#7656 = CARTESIAN_POINT('',(-9.399593208163,3.608321729348,
    -22.69037389834));
#7657 = CARTESIAN_POINT('',(-8.46171586597,5.39604931623,-22.7385693815)
  );
#7658 = CARTESIAN_POINT('',(-7.99526438623,6.108545803278,
    -22.75880537425));
#7659 = CARTESIAN_POINT('',(-7.460440751288,6.774523516539,
    -22.77903766738));
#7660 = CARTESIAN_POINT('',(-6.862791513584,7.386430241946,
    -22.79926688646));
#7661 = CARTESIAN_POINT('',(-6.208668982569,7.937554692983,
    -22.81949608852));
#7662 = CARTESIAN_POINT('',(-5.505232593755,8.422054291961,
    -22.83972841132));
#7663 = CARTESIAN_POINT('',(-4.760421283566,8.834951774592,
    -22.85996444098));
#7664 = CARTESIAN_POINT('',(-3.007057647488,9.596361390062,
    -22.9055993585));
#7665 = CARTESIAN_POINT('',(-1.978497007617,9.901908733306,
    -22.93102774454));
#7666 = CARTESIAN_POINT('',(-0.915565598934,10.080838445598,
    -22.9564431068));
#7667 = CARTESIAN_POINT('',(0.163495607619,10.12928395422,
    -22.98185009471));
#7668 = CARTESIAN_POINT('',(1.240431177179,10.046038682151,
    -23.0072571838));
#7669 = CARTESIAN_POINT('',(2.297034017157,9.832897972693,
    -23.03267288454));
#7670 = CARTESIAN_POINT('',(3.315198028031,9.49431459642,-23.05810165698
    ));
#7671 = CARTESIAN_POINT('',(5.255726330345,8.576091973013,
    -23.10935366609));
#7672 = CARTESIAN_POINT('',(6.177931149435,7.991538373533,
    -23.13522358454));
#7673 = CARTESIAN_POINT('',(7.024643850782,7.294038313894,-23.1610795572
    ));
#7674 = CARTESIAN_POINT('',(7.780202265839,6.495435657266,-23.186926294)
  );
#7675 = CARTESIAN_POINT('',(8.431068814386,5.609429126485,
    -23.21277226604));
#7676 = CARTESIAN_POINT('',(8.966181986723,4.65178466701,-23.23862686672
    ));
#7677 = CARTESIAN_POINT('',(9.376684566831,3.640027363929,
    -23.26449582921));
#7678 = CARTESIAN_POINT('',(9.742681025508,2.277672775537,
    -23.29817289493));
#7679 = CARTESIAN_POINT('',(9.815919206916,1.957647726493,
    -23.30600498528));
#7680 = CARTESIAN_POINT('',(9.87713851819,1.634952107997,-23.31383709281
    ));
#7681 = CARTESIAN_POINT('',(9.92622658574,1.310113164338,-23.32166920337
    ));
#7682 = CARTESIAN_POINT('',(9.963099057768,0.983661953839,
    -23.32950133855));
#7683 = CARTESIAN_POINT('',(9.987699618099,0.656133229092,
    -23.33733351981));
#7684 = CARTESIAN_POINT('',(10.,0.328065317196,-23.34516573266));
#7685 = CARTESIAN_POINT('',(10.,-5.751843445978E-12,-23.35299789082));
#7686 = CYLINDRICAL_SURFACE('',#7687,10.);
#7687 = AXIS2_PLACEMENT_3D('',#7688,#7689,#7690);
#7688 = CARTESIAN_POINT('',(0.,0.,0.));
#7689 = DIRECTION('',(0.,-2.22044604925E-16,-1.));
#7690 = DIRECTION('',(1.,0.,0.));
#7691 = ADVANCED_FACE('',(#7692),#7792,.T.);
#7692 = FACE_BOUND('',#7693,.T.);
#7693 = EDGE_LOOP('',(#7694,#7695,#7696,#7787));
#7694 = ORIENTED_EDGE('',*,*,#7513,.F.);
#7695 = ORIENTED_EDGE('',*,*,#7267,.T.);
#7696 = ORIENTED_EDGE('',*,*,#7697,.T.);
#7697 = EDGE_CURVE('',#7184,#7698,#7700,.T.);
#7698 = VERTEX_POINT('',#7699);
#7699 = CARTESIAN_POINT('',(9.266,-2.41278712E-07,-22.72319678477));
#7700 = B_SPLINE_CURVE_WITH_KNOTS('',8,(#7701,#7702,#7703,#7704,#7705,
    #7706,#7707,#7708,#7709,#7710,#7711,#7712,#7713,#7714,#7715,#7716,
    #7717,#7718,#7719,#7720,#7721,#7722,#7723,#7724,#7725,#7726,#7727,
    #7728,#7729,#7730,#7731,#7732,#7733,#7734,#7735,#7736,#7737,#7738,
    #7739,#7740,#7741,#7742,#7743,#7744,#7745,#7746,#7747,#7748,#7749,
    #7750,#7751,#7752,#7753,#7754,#7755,#7756,#7757,#7758,#7759,#7760,
    #7761,#7762,#7763,#7764,#7765,#7766,#7767,#7768,#7769,#7770,#7771,
    #7772,#7773,#7774,#7775,#7776,#7777,#7778,#7779,#7780,#7781,#7782,
    #7783,#7784,#7785,#7786),.UNSPECIFIED.,.F.,.F.,(9,7,7,7,7,7,7,7,7,7,
    7,7,9),(0.,1.938690494724E-02,5.369401960161E-02,0.120717093771,
    0.215005327293,0.319665268593,0.423531487133,0.572015327711,
    0.685852330523,0.790262325343,0.882274880507,0.961719757664,1.),
  .UNSPECIFIED.);
#7701 = CARTESIAN_POINT('',(9.266,-4.5239787383E-07,-21.22319931691));
#7702 = CARTESIAN_POINT('',(9.266,-0.141068372061,-21.22683352417));
#7703 = CARTESIAN_POINT('',(9.263545538475,-0.282136323575,
    -21.23046779203));
#7704 = CARTESIAN_POINT('',(9.258636616138,-0.423154423655,
    -21.23410211384));
#7705 = CARTESIAN_POINT('',(9.251274446316,-0.564072853711,
    -21.23773648291));
#7706 = CARTESIAN_POINT('',(9.24146145495,-0.70484185984,-21.24137089256
    ));
#7707 = CARTESIAN_POINT('',(9.229201280597,-0.845411752833,
    -21.24500533611));
#7708 = CARTESIAN_POINT('',(9.214498774428,-0.985732908171,
    -21.24863980685));
#7709 = CARTESIAN_POINT('',(9.167031183276,-1.373540559518,
    -21.25870590269));
#7710 = CARTESIAN_POINT('',(9.129072998071,-1.62039258338,-21.2651375873
    ));
#7711 = CARTESIAN_POINT('',(9.083519225581,-1.866036363953,
    -21.27156931804));
#7712 = CARTESIAN_POINT('',(9.030415245323,-2.110199154084,
    -21.27800106738));
#7713 = CARTESIAN_POINT('',(8.96981803536,-2.35261093313,-21.28443281416
    ));
#7714 = CARTESIAN_POINT('',(8.901796172306,-2.593004406954,
    -21.29086454361));
#7715 = CARTESIAN_POINT('',(8.82642983132,-2.831115007929,
    -21.29729624732));
#7716 = CARTESIAN_POINT('',(8.582404545731,-3.526887183803,
    -21.31629297562));
#7717 = CARTESIAN_POINT('',(8.393307634753,-3.977409547446,
    -21.3288586201));
#7718 = CARTESIAN_POINT('',(8.177209178922,-4.416266951511,
    -21.34142387516));
#7719 = CARTESIAN_POINT('',(7.934961270115,-4.841574891533,
    -21.35398870857));
#7720 = CARTESIAN_POINT('',(7.667562993434,-5.251537121446,
    -21.36655354691));
#7721 = CARTESIAN_POINT('',(7.376154665798,-5.644443599921,
    -21.3791188029));
#7722 = CARTESIAN_POINT('',(7.06202228603,-6.018674654515,
    -21.39168442064));
#7723 = CARTESIAN_POINT('',(6.254756417781,-6.870771118761,
    -21.42192593825));
#7724 = CARTESIAN_POINT('',(5.740655904727,-7.329005419469,
    -21.43960617492));
#7725 = CARTESIAN_POINT('',(5.18837220093,-7.743069733594,
    -21.45728495554));
#7726 = CARTESIAN_POINT('',(4.602379716647,-8.109304338805,
    -21.4749618123));
#7727 = CARTESIAN_POINT('',(3.987489852082,-8.424622311973,
    -21.49263865615));
#7728 = CARTESIAN_POINT('',(3.348819722908,-8.686475622475,
    -21.51031741266));
#7729 = CARTESIAN_POINT('',(2.691805487993,-8.892899329469,
    -21.52799764024));
#7730 = CARTESIAN_POINT('',(1.279065082864,-9.20883924102,-21.5652950353
    ));
#7731 = CARTESIAN_POINT('',(0.520025490614,-9.3052882259,-21.5849219183)
  );
#7732 = CARTESIAN_POINT('',(-0.246872389294,-9.330119710021,
    -21.60454556363));
#7733 = CARTESIAN_POINT('',(-1.01372725327,-9.282722924135,
    -21.62416630707));
#7734 = CARTESIAN_POINT('',(-1.772736789891,-9.163486443069,
    -21.64378705843));
#7735 = CARTESIAN_POINT('',(-2.516198743974,-8.973714895676,
    -21.66341074784));
#7736 = CARTESIAN_POINT('',(-3.236529915539,-8.7157100334,
    -21.68303772668));
#7737 = CARTESIAN_POINT('',(-4.610907033423,-8.072762829507,
    -21.72213077919));
#7738 = CARTESIAN_POINT('',(-5.265834920289,-7.688601239812,
    -21.7416089191));
#7739 = CARTESIAN_POINT('',(-5.883833455254,-7.243858284862,
    -21.76108407782));
#7740 = CARTESIAN_POINT('',(-6.458421059385,-6.742773014441,
    -21.78055659895));
#7741 = CARTESIAN_POINT('',(-6.983783133077,-6.190294916297,
    -21.80002911528));
#7742 = CARTESIAN_POINT('',(-7.45472441116,-5.592020072477,
    -21.81950425181));
#7743 = CARTESIAN_POINT('',(-7.866730687843,-4.954241504984,
    -21.8389823474));
#7744 = CARTESIAN_POINT('',(-8.71569576264,-3.326070981965,
    -21.88629117449));
#7745 = CARTESIAN_POINT('',(-9.088195764437,-2.300268899284,
    -21.91416288953));
#7746 = CARTESIAN_POINT('',(-9.321739261118,-1.228187889081,
    -21.94201370193));
#7747 = CARTESIAN_POINT('',(-9.410625075876,-0.131874441152,
    -21.96985305443));
#7748 = CARTESIAN_POINT('',(-9.352494084107,0.966499233447,
    -21.99769175979));
#7749 = CARTESIAN_POINT('',(-9.149083195524,2.044703395872,
    -22.02554308335));
#7750 = CARTESIAN_POINT('',(-8.805473579207,3.080540539241,
    -22.05341500623));
#7751 = CARTESIAN_POINT('',(-7.970736785927,4.797107144841,
    -22.10259308659));
#7752 = CARTESIAN_POINT('',(-7.532229386198,5.505348321644,
    -22.12394375498));
#7753 = CARTESIAN_POINT('',(-7.021997196,6.167276736827,-22.14528933897)
  );
#7754 = CARTESIAN_POINT('',(-6.445911847315,6.774545353557,
    -22.16663086941));
#7755 = CARTESIAN_POINT('',(-5.810770300018,7.319746880193,
    -22.18797241918));
#7756 = CARTESIAN_POINT('',(-5.124308405019,7.796460795793,
    -22.20931795359));
#7757 = CARTESIAN_POINT('',(-4.395154606464,8.199237453634,
    -22.23066857011));
#7758 = CARTESIAN_POINT('',(-2.934254987332,8.821909790488,-22.271584014
    ));
#7759 = CARTESIAN_POINT('',(-2.207225810534,9.054399556074,
    -22.29116424165));
#7760 = CARTESIAN_POINT('',(-1.459525290376,9.218232950324,
    -22.31074151062));
#7761 = CARTESIAN_POINT('',(-0.69875595711,9.311383972636,
    -22.33031613431));
#7762 = CARTESIAN_POINT('',(6.739523309073E-02,9.332817923238,
    -22.3498907425));
#7763 = CARTESIAN_POINT('',(0.831173083781,9.282410724387,
    -22.36946800876));
#7764 = CARTESIAN_POINT('',(1.584757962428,9.161030864779,
    -22.38904830358));
#7765 = CARTESIAN_POINT('',(2.968481746755,8.803131720194,
    -22.42587222203));
#7766 = CARTESIAN_POINT('',(3.60295378111,8.581917829686,-22.44312516982
    ));
#7767 = CARTESIAN_POINT('',(4.218353501621,8.308493439635,
    -22.46037656985));
#7768 = CARTESIAN_POINT('',(4.809686990539,7.984832969607,
    -22.47762610526));
#7769 = CARTESIAN_POINT('',(5.372263968435,7.613432207047,
    -22.49487562595));
#7770 = CARTESIAN_POINT('',(5.901685363964,7.19727036327,-22.51212699476
    ));
#7771 = CARTESIAN_POINT('',(6.393871028267,6.739838806272,
    -22.52937992501));
#7772 = CARTESIAN_POINT('',(7.234748579647,5.818190164063,
    -22.56152359139));
#7773 = CARTESIAN_POINT('',(7.5939625308,5.363318949033,-22.57641903671)
  );
#7774 = CARTESIAN_POINT('',(7.920386566238,4.883213075728,
    -22.59131391883));
#7775 = CARTESIAN_POINT('',(8.211975050731,4.380650779194,
    -22.60620804501));
#7776 = CARTESIAN_POINT('',(8.466977977854,3.858572036129,-22.6211022167
    ));
#7777 = CARTESIAN_POINT('',(8.683928215964,3.32006772044,-22.63599720473
    ));
#7778 = CARTESIAN_POINT('',(8.861657617343,2.768384157344,
    -22.65089273928));
#7779 = CARTESIAN_POINT('',(9.065684734837,1.936414611198,-22.6729630293
    ));
#7780 = CARTESIAN_POINT('',(9.122733681708,1.663605280769,-22.6801395037
    ));
#7781 = CARTESIAN_POINT('',(9.170397024554,1.388889962924,
    -22.68731593466));
#7782 = CARTESIAN_POINT('',(9.208601293244,1.112645753714,
    -22.69449231128));
#7783 = CARTESIAN_POINT('',(9.237291354108,0.835251966998,
    -22.70166861487));
#7784 = CARTESIAN_POINT('',(9.256430409942,0.557090134449,
    -22.70884481897));
#7785 = CARTESIAN_POINT('',(9.266,0.278544005552,-22.71602088935));
#7786 = CARTESIAN_POINT('',(9.266,-4.5239781521E-07,-22.723196784));
#7787 = ORIENTED_EDGE('',*,*,#7788,.F.);
#7788 = EDGE_CURVE('',#7514,#7698,#7789,.T.);
#7789 = B_SPLINE_CURVE_WITH_KNOTS('',1,(#7790,#7791),.UNSPECIFIED.,.F.,
  .F.,(2,2),(0.,0.9375),.PIECEWISE_BEZIER_KNOTS.);
#7790 = CARTESIAN_POINT('',(10.016023235254,1.052659752E-08,
    -23.15625044092));
#7791 = CARTESIAN_POINT('',(9.204137327993,-5.2322749159E-07,
    -22.68747808296));
#7792 = B_SPLINE_SURFACE_WITH_KNOTS('',1,9,(
    (#7793,#7794,#7795,#7796,#7797,#7798,#7799,#7800,#7801,#7802,#7803
      ,#7804,#7805,#7806,#7807,#7808,#7809,#7810,#7811,#7812,#7813,#7814
      ,#7815,#7816,#7817,#7818,#7819,#7820,#7821,#7822,#7823)
    ,(#7824,#7825,#7826,#7827,#7828,#7829,#7830,#7831,#7832,#7833,#7834
      ,#7835,#7836,#7837,#7838,#7839,#7840,#7841,#7842,#7843,#7844,#7845
      ,#7846,#7847,#7848,#7849,#7850,#7851,#7852,#7853,#7854
  )),.UNSPECIFIED.,.F.,.F.,.F.,(2,2),(10,7,7,7,10),(0.,0.9375),(0.,
    1.614938419963,3.229876839926,4.844815259889,6.459753679852),
  .UNSPECIFIED.);
#7793 = CARTESIAN_POINT('',(10.016021783053,9.86739224E-09,
    -21.65625041335));
#7794 = CARTESIAN_POINT('',(10.016023890197,-1.748125711908,-21.69791712
    ));
#7795 = CARTESIAN_POINT('',(9.672776723553,-3.496239471149,
    -21.73958375671));
#7796 = CARTESIAN_POINT('',(8.986292966992,-5.16736075412,
    -21.78125041507));
#7797 = CARTESIAN_POINT('',(7.976725756234,-6.684412481591,
    -21.82291709479));
#7798 = CARTESIAN_POINT('',(6.684408307582,-7.97672784679,
    -21.86458376113));
#7799 = CARTESIAN_POINT('',(5.167352928111,-8.98628976811,-21.9062504286
    ));
#7800 = CARTESIAN_POINT('',(3.496251207167,-9.672776612608,
    -21.94791709418));
#7801 = CARTESIAN_POINT('',(1.8268675162E-07,-10.35926521358,
    -22.03125042658));
#7802 = CARTESIAN_POINT('',(-3.496251183105,-9.672780617745,
    -22.11458376067));
#7803 = CARTESIAN_POINT('',(-5.16735191795,-8.986295335865,
    -22.15625042822));
#7804 = CARTESIAN_POINT('',(-6.684412191776,-7.976723404937,
    -22.1979170949));
#7805 = CARTESIAN_POINT('',(-7.976722444078,-6.68441099843,
    -22.23958376032));
#7806 = CARTESIAN_POINT('',(-8.986292800907,-5.167349878963,
    -22.28125042583));
#7807 = CARTESIAN_POINT('',(-9.672778724601,-3.496249612003,
    -22.32291709266));
#7808 = CARTESIAN_POINT('',(-10.35926596166,-5.73928709E-09,
    -22.40625042714));
#7809 = CARTESIAN_POINT('',(-9.672778845035,3.496249624171,
    -22.48958376161));
#7810 = CARTESIAN_POINT('',(-8.986292942206,5.167349926442,
    -22.53125042845));
#7811 = CARTESIAN_POINT('',(-7.97672244456,6.684411011624,
    -22.57291709395));
#7812 = CARTESIAN_POINT('',(-6.684412122688,7.9767233109,-22.61458375938
    ));
#7813 = CARTESIAN_POINT('',(-5.167351915829,8.986295204359,
    -22.65625042605));
#7814 = CARTESIAN_POINT('',(-3.496251201322,9.672780590975,
    -22.6979170936));
#7815 = CARTESIAN_POINT('',(1.6505482182E-07,10.359265271191,
    -22.78125042769));
#7816 = CARTESIAN_POINT('',(3.496251188949,9.672776579874,
    -22.86458376009));
#7817 = CARTESIAN_POINT('',(5.167352834821,8.986289683902,
    -22.90625042567));
#7818 = CARTESIAN_POINT('',(6.684408451768,7.976727567714,
    -22.94791709313));
#7819 = CARTESIAN_POINT('',(7.97672511051,6.684412822439,-22.9895837595)
  );
#7820 = CARTESIAN_POINT('',(8.986294356961,5.167361694536,
    -23.03125043918));
#7821 = CARTESIAN_POINT('',(9.672777162292,3.496238664039,
    -23.07291709757));
#7822 = CARTESIAN_POINT('',(10.016021127978,1.748125732302,
    -23.11458373428));
#7823 = CARTESIAN_POINT('',(10.016023235254,1.052659752E-08,
    -23.15625044092));
#7824 = CARTESIAN_POINT('',(9.204135068975,-4.9052744622E-07,
    -21.18747945275));
#7825 = CARTESIAN_POINT('',(9.204138258514,-1.606424590384,
    -21.22914413348));
#7826 = CARTESIAN_POINT('',(8.888713305936,-3.21283774852,
    -21.27081228801));
#7827 = CARTESIAN_POINT('',(8.257874538956,-4.748506797871,
    -21.31247936638));
#7828 = CARTESIAN_POINT('',(7.330139155422,-6.142579945821,-21.354145386
    ));
#7829 = CARTESIAN_POINT('',(6.142581105944,-7.330144310864,
    -21.39581206795));
#7830 = CARTESIAN_POINT('',(4.748493917304,-8.257872232211,
    -21.43747869509));
#7831 = CARTESIAN_POINT('',(3.212849118496,-8.888713506439,
    -21.47914541591));
#7832 = CARTESIAN_POINT('',(-1.20159819785E-06,-9.519556036362,
    -21.56247879525));
#7833 = CARTESIAN_POINT('',(-3.212850257767,-8.888716820197,
    -21.64581209129));
#7834 = CARTESIAN_POINT('',(-4.748492848638,-8.257877235076,
    -21.68747871403));
#7835 = CARTESIAN_POINT('',(-6.142581916757,-7.330140425296,
    -21.72914538011));
#7836 = CARTESIAN_POINT('',(-7.330139444968,-6.142581033904,
    -21.77081210847));
#7837 = CARTESIAN_POINT('',(-8.257875448588,-4.748490254685,
    -21.81247883298));
#7838 = CARTESIAN_POINT('',(-8.888715481648,-3.212847249684,
    -21.85414549138));
#7839 = CARTESIAN_POINT('',(-9.519556732286,5.3172573626E-07,
    -21.93747876786));
#7840 = CARTESIAN_POINT('',(-8.888715304051,3.212848278265,
    -22.02081204434));
#7841 = CARTESIAN_POINT('',(-8.257875129017,4.748491266537,
    -22.06247870274));
#7842 = CARTESIAN_POINT('',(-7.330138747995,6.142581887043,
    -22.10414542725));
#7843 = CARTESIAN_POINT('',(-6.14258097667,7.330140976739,
    -22.14581215561));
#7844 = CARTESIAN_POINT('',(-4.748491907344,8.25787756988,
    -22.18747882169));
#7845 = CARTESIAN_POINT('',(-3.212849276454,8.888717143494,
    -22.22914544443));
#7846 = CARTESIAN_POINT('',(-1.4771871651E-07,9.519556125967,
    -22.31247874047));
#7847 = CARTESIAN_POINT('',(3.212850099809,8.888713090577,
    -22.39581211981));
#7848 = CARTESIAN_POINT('',(4.74849471018,8.257871561849,-22.43747884064
    ));
#7849 = CARTESIAN_POINT('',(6.142582162854,7.330143179017,
    -22.47914546775));
#7850 = CARTESIAN_POINT('',(7.330138848674,6.142579643419,
    -22.52081214976));
#7851 = CARTESIAN_POINT('',(8.257877240531,4.748507322768,
    -22.56247816931));
#7852 = CARTESIAN_POINT('',(8.888714353372,3.212835483344,
    -22.60414524773));
#7853 = CARTESIAN_POINT('',(9.20413414413,1.606423576628,-22.64581340224
    ));
#7854 = CARTESIAN_POINT('',(9.204137327993,-5.2322749159E-07,
    -22.68747808296));
#7855 = ADVANCED_FACE('',(#7856),#7867,.T.);
#7856 = FACE_BOUND('',#7857,.F.);
#7857 = EDGE_LOOP('',(#7858,#7859,#7860,#7861));
#7858 = ORIENTED_EDGE('',*,*,#7355,.F.);
#7859 = ORIENTED_EDGE('',*,*,#7341,.T.);
#7860 = ORIENTED_EDGE('',*,*,#7697,.T.);
#7861 = ORIENTED_EDGE('',*,*,#7862,.F.);
#7862 = EDGE_CURVE('',#7356,#7698,#7863,.T.);
#7863 = LINE('',#7864,#7865);
#7864 = CARTESIAN_POINT('',(9.266,0.,0.));
#7865 = VECTOR('',#7866,1.);
#7866 = DIRECTION('',(-7.E-17,0.,-1.));
#7867 = CYLINDRICAL_SURFACE('',#7868,9.266);
#7868 = AXIS2_PLACEMENT_3D('',#7869,#7870,#7871);
#7869 = CARTESIAN_POINT('',(0.,0.,0.));
#7870 = DIRECTION('',(-0.,-0.,-1.));
#7871 = DIRECTION('',(1.,0.,0.));
#7872 = ADVANCED_FACE('',(#7873),#7966,.T.);
#7873 = FACE_BOUND('',#7874,.T.);
#7874 = EDGE_LOOP('',(#7875,#7959,#7960,#7961));
#7875 = ORIENTED_EDGE('',*,*,#7876,.F.);
#7876 = EDGE_CURVE('',#7356,#7877,#7879,.T.);
#7877 = VERTEX_POINT('',#7878);
#7878 = CARTESIAN_POINT('',(9.266,-2.41274296E-07,-23.77674603823));
#7879 = B_SPLINE_CURVE_WITH_KNOTS('',8,(#7880,#7881,#7882,#7883,#7884,
    #7885,#7886,#7887,#7888,#7889,#7890,#7891,#7892,#7893,#7894,#7895,
    #7896,#7897,#7898,#7899,#7900,#7901,#7902,#7903,#7904,#7905,#7906,
    #7907,#7908,#7909,#7910,#7911,#7912,#7913,#7914,#7915,#7916,#7917,
    #7918,#7919,#7920,#7921,#7922,#7923,#7924,#7925,#7926,#7927,#7928,
    #7929,#7930,#7931,#7932,#7933,#7934,#7935,#7936,#7937,#7938,#7939,
    #7940,#7941,#7942,#7943,#7944,#7945,#7946,#7947,#7948,#7949,#7950,
    #7951,#7952,#7953,#7954,#7955,#7956,#7957,#7958),.UNSPECIFIED.,.F.,
  .F.,(9,7,7,7,7,7,7,7,7,7,7,9),(0.,4.927785403488E-02,0.119250911741,
    0.217042755482,0.319842163024,0.421786938022,0.570988527301,
    0.686592909606,0.789455933243,0.880928996398,0.957745489961,1.),
  .UNSPECIFIED.);
#7880 = CARTESIAN_POINT('',(9.266,-4.5238861546E-07,-22.27674707971));
#7881 = CARTESIAN_POINT('',(9.266,-0.358568267664,-22.28598500305));
#7882 = CARTESIAN_POINT('',(9.250142222049,-0.717141436079,
    -22.29522315574));
#7883 = CARTESIAN_POINT('',(9.218425853907,-1.074893723473,
    -22.30446127634));
#7884 = CARTESIAN_POINT('',(9.170902670246,-1.43100661024,
    -22.31369935492));
#7885 = CARTESIAN_POINT('',(9.107674201142,-1.78466903736,
    -22.32293749123));
#7886 = CARTESIAN_POINT('',(9.028890792979,-2.135077456902,
    -22.3321757729));
#7887 = CARTESIAN_POINT('',(8.934752561799,-2.481436186998,
    -22.34141417373));
#7888 = CARTESIAN_POINT('',(8.670394294983,-3.307908785685,
    -22.36377057546));
#7889 = CARTESIAN_POINT('',(8.484812206254,-3.783149256366,
    -22.37688960524));
#7890 = CARTESIAN_POINT('',(8.269487777862,-4.246400318796,
    -22.39000834335));
#7891 = CARTESIAN_POINT('',(8.025340051931,-4.695494453674,
    -22.40312664289));
#7892 = CARTESIAN_POINT('',(7.753464508851,-5.128365496643,
    -22.41624490839));
#7893 = CARTESIAN_POINT('',(7.455125587854,-5.543046140761,
    -22.42936356276));
#7894 = CARTESIAN_POINT('',(7.131762527027,-5.937673231776,
    -22.44248250117));
#7895 = CARTESIAN_POINT('',(6.300397523712,-6.831551414502,
    -22.47393382214));
#7896 = CARTESIAN_POINT('',(5.769939420248,-7.31019508911,-22.4922712715
    ));
#7897 = CARTESIAN_POINT('',(5.198130041591,-7.74152625714,
    -22.51060665036));
#7898 = CARTESIAN_POINT('',(4.589948108523,-8.121440290394,
    -22.52893955842));
#7899 = CARTESIAN_POINT('',(3.950761412396,-8.446494543198,
    -22.54727249869));
#7900 = CARTESIAN_POINT('',(3.286287991578,-8.713866297836,
    -22.56560795874));
#7901 = CARTESIAN_POINT('',(2.602612305303,-8.921407667549,
    -22.5839454989));
#7902 = CARTESIAN_POINT('',(1.174242657637,-9.221683334075,
    -22.62155097984));
#7903 = CARTESIAN_POINT('',(0.427816601235,-9.308078497524,
    -22.64082877458));
#7904 = CARTESIAN_POINT('',(-0.325439158244,-9.3253222704,
    -22.66010421194));
#7905 = CARTESIAN_POINT('',(-1.078040416291,-9.272909867507,
    -22.67937663979));
#7906 = CARTESIAN_POINT('',(-1.822593232048,-9.151267665966,
    -22.69864905404));
#7907 = CARTESIAN_POINT('',(-2.551803046345,-8.961676923245,
    -22.71792442865));
#7908 = CARTESIAN_POINT('',(-3.258501055616,-8.706345942751,
    -22.73720209529));
#7909 = CARTESIAN_POINT('',(-4.607244771748,-8.073556786868,
    -22.77558602941));
#7910 = CARTESIAN_POINT('',(-5.250165177504,-7.696950500349,
    -22.79470309378));
#7911 = CARTESIAN_POINT('',(-5.857574397307,-7.261968564781,
    -22.81381774391));
#7912 = CARTESIAN_POINT('',(-6.423342816663,-6.772602557775,
    -22.8329294189));
#7913 = CARTESIAN_POINT('',(-6.941951300312,-6.233512369204,
    -22.85204109945));
#7914 = CARTESIAN_POINT('',(-7.408454538024,-5.649962911491,
    -22.87115577248));
#7915 = CARTESIAN_POINT('',(-7.818542304121,-5.027864068201,
    -22.89027287983));
#7916 = CARTESIAN_POINT('',(-8.681171000505,-3.416823071125,
    -22.93735598863));
#7917 = CARTESIAN_POINT('',(-9.066145537147,-2.389876098574,
    -22.96536330902));
#7918 = CARTESIAN_POINT('',(-9.311269053749,-1.314769273141,
    -22.99334961382));
#7919 = CARTESIAN_POINT('',(-9.410546311674,-0.213817764404,
    -23.02132299612));
#7920 = CARTESIAN_POINT('',(-9.361375055289,0.890506705629,
    -23.04929698195));
#7921 = CARTESIAN_POINT('',(-9.165334695529,1.975636903066,
    -23.07728278045));
#7922 = CARTESIAN_POINT('',(-8.827399620026,3.01900966009,
    -23.10528991045));
#7923 = CARTESIAN_POINT('',(-7.995943185417,4.757230525576,
    -23.15493381981));
#7924 = CARTESIAN_POINT('',(-7.554060244754,5.4787668637,-23.17661665876
    ));
#7925 = CARTESIAN_POINT('',(-7.037968756558,6.152860304324,
    -23.19829418257));
#7926 = CARTESIAN_POINT('',(-6.453790469859,6.770745932099,
    -23.21996755844));
#7927 = CARTESIAN_POINT('',(-5.808628066885,7.32465242,-23.24164090765)
  );
#7928 = CARTESIAN_POINT('',(-5.110584223451,7.80785753604,-23.2633184765
    ));
#7929 = CARTESIAN_POINT('',(-4.368707072174,8.214666459799,
    -23.28500136142));
#7930 = CARTESIAN_POINT('',(-2.903442946892,8.831137209185,
    -23.32595801634));
#7931 = CARTESIAN_POINT('',(-2.186540264796,9.057791043432,
    -23.3452474613));
#7932 = CARTESIAN_POINT('',(-1.449781666125,9.217763877478,
    -23.36453427888));
#7933 = CARTESIAN_POINT('',(-0.700433100044,9.309136157391,
    -23.38381793064));
#7934 = CARTESIAN_POINT('',(5.415124908532E-02,9.330921996364,
    -23.40310159788));
#7935 = CARTESIAN_POINT('',(0.806552476823,9.282995735058,
    -23.42238842638));
#7936 = CARTESIAN_POINT('',(1.549299218401,9.166168067113,
    -23.44167783023));
#7937 = CARTESIAN_POINT('',(2.920096222491,8.819002620784,
    -23.47811057107));
#7938 = CARTESIAN_POINT('',(3.552027959108,8.602593605822,-23.4952625079
    ));
#7939 = CARTESIAN_POINT('',(4.165403008527,8.33448291483,-23.51241318352
    ));
#7940 = CARTESIAN_POINT('',(4.755303934504,8.016581443572,
    -23.52956221133));
#7941 = CARTESIAN_POINT('',(5.317106590822,7.651311378011,
    -23.54671124327));
#7942 = CARTESIAN_POINT('',(5.846468343078,7.241569477885,
    -23.56386192203));
#7943 = CARTESIAN_POINT('',(6.339354640379,6.790755019523,-23.581013842)
  );
#7944 = CARTESIAN_POINT('',(7.172310002287,5.893143961293,
    -23.61256349335));
#7945 = CARTESIAN_POINT('',(7.524305053763,5.45717605195,-23.62696568443
    ));
#7946 = CARTESIAN_POINT('',(7.845919845386,4.997278790549,
    -23.64136719624));
#7947 = CARTESIAN_POINT('',(8.135275260476,4.51593996134,-23.65576790953
    ));
#7948 = CARTESIAN_POINT('',(8.390748551545,4.015792964784,
    -23.67016862127));
#7949 = CARTESIAN_POINT('',(8.610963021303,3.499607780571,
    -23.68457015061));
#7950 = CARTESIAN_POINT('',(8.794801144784,2.970294940996,
    -23.69897241135));
#7951 = CARTESIAN_POINT('',(9.022103507977,2.134229492897,
    -23.72129504232));
#7952 = CARTESIAN_POINT('',(9.091515231309,1.834474907707,
    -23.72921673058));
#7953 = CARTESIAN_POINT('',(9.149540146808,1.532160239339,-23.7371384139
    ));
#7954 = CARTESIAN_POINT('',(9.196069277899,1.227790809629,
    -23.74506006212));
#7955 = CARTESIAN_POINT('',(9.231020832593,0.9218756602,-23.75298167797)
  );
#7956 = CARTESIAN_POINT('',(9.254340208861,0.614927430602,
    -23.76090325828));
#7957 = CARTESIAN_POINT('',(9.266,0.307462236461,-23.76882475521));
#7958 = CARTESIAN_POINT('',(9.266,-4.5238855861E-07,-23.77674603745));
#7959 = ORIENTED_EDGE('',*,*,#7441,.T.);
#7960 = ORIENTED_EDGE('',*,*,#7605,.T.);
#7961 = ORIENTED_EDGE('',*,*,#7962,.F.);
#7962 = EDGE_CURVE('',#7877,#7598,#7963,.T.);
#7963 = B_SPLINE_CURVE_WITH_KNOTS('',1,(#7964,#7965),.UNSPECIFIED.,.F.,
  .F.,(2,2),(0.,0.9375),.PIECEWISE_BEZIER_KNOTS.);
#7964 = CARTESIAN_POINT('',(9.204106347645,-5.2323842595E-07,
    -23.81247808254));
#7965 = CARTESIAN_POINT('',(10.016018071863,1.052477498E-08,
    -23.34375044085));
#7966 = B_SPLINE_SURFACE_WITH_KNOTS('',1,9,(
    (#7967,#7968,#7969,#7970,#7971,#7972,#7973,#7974,#7975,#7976,#7977
      ,#7978,#7979,#7980,#7981,#7982,#7983,#7984,#7985,#7986,#7987,#7988
      ,#7989,#7990,#7991,#7992,#7993,#7994,#7995,#7996,#7997)
    ,(#7998,#7999,#8000,#8001,#8002,#8003,#8004,#8005,#8006,#8007,#8008
      ,#8009,#8010,#8011,#8012,#8013,#8014,#8015,#8016,#8017,#8018,#8019
      ,#8020,#8021,#8022,#8023,#8024,#8025,#8026,#8027,#8028
  )),.UNSPECIFIED.,.F.,.F.,.F.,(2,2),(10,7,7,7,10),(0.,0.9375),(0.,
    1.614938419963,3.229876839926,4.844815259889,6.459753679852),
  .UNSPECIFIED.);
#7967 = CARTESIAN_POINT('',(9.204106024897,-4.9053545936E-07,
    -22.31247945237));
#7968 = CARTESIAN_POINT('',(9.204106407205,-1.606419352247,
    -22.35414413303));
#7969 = CARTESIAN_POINT('',(8.888684619483,-3.212826721067,
    -22.39581228761));
#7970 = CARTESIAN_POINT('',(8.257848545908,-4.748491929255,
    -22.43747936602));
#7971 = CARTESIAN_POINT('',(7.330114832282,-6.142560132832,
    -22.47914538558));
#7972 = CARTESIAN_POINT('',(6.142561183712,-7.33012021411,
    -22.52081206756));
#7973 = CARTESIAN_POINT('',(4.748478383768,-8.257845242358,
    -22.56247869468));
#7974 = CARTESIAN_POINT('',(3.212838643244,-8.888684496176,
    -22.60414541551));
#7975 = CARTESIAN_POINT('',(-1.19933172948E-06,-9.519525034061,
    -22.68747879485));
#7976 = CARTESIAN_POINT('',(-3.212839780569,-8.888687823384,
    -22.77081209089));
#7977 = CARTESIAN_POINT('',(-4.748477351465,-8.257850227708,
    -22.81247871363));
#7978 = CARTESIAN_POINT('',(-6.142561830554,-7.330116470087,
    -22.85414537971));
#7979 = CARTESIAN_POINT('',(-7.330115534611,-6.14256102424,
    -22.89581210807));
#7980 = CARTESIAN_POINT('',(-8.257848609081,-4.748474814973,
    -22.93747883259));
#7981 = CARTESIAN_POINT('',(-8.888686573494,-3.21283679468,
    -22.97914549099));
#7982 = CARTESIAN_POINT('',(-9.51952569158,5.2532585126E-07,
    -23.06247876746));
#7983 = CARTESIAN_POINT('',(-8.888686244804,3.212837780793,
    -23.14581204393));
#7984 = CARTESIAN_POINT('',(-8.257848115132,4.748475739141,
    -23.18747870234));
#7985 = CARTESIAN_POINT('',(-7.33011485513,6.142561838147,
    -23.22914542685));
#7986 = CARTESIAN_POINT('',(-6.142561004226,7.330117128777,
    -23.27081215521));
#7987 = CARTESIAN_POINT('',(-4.748476437378,8.257850723834,
    -23.31247882129));
#7988 = CARTESIAN_POINT('',(-3.212838801209,8.888688172889,
    -23.35414544403));
#7989 = CARTESIAN_POINT('',(-1.5004791335E-07,9.519525046862,
    -23.43747874007));
#7990 = CARTESIAN_POINT('',(3.212839622604,8.888684133445,
    -23.52081211941));
#7991 = CARTESIAN_POINT('',(4.74847927665,8.25784469829,-23.56247884024)
  );
#7992 = CARTESIAN_POINT('',(6.142562026733,7.330119472503,
    -23.60414546736));
#7993 = CARTESIAN_POINT('',(7.330115368364,6.142559397604,
    -23.64581214935));
#7994 = CARTESIAN_POINT('',(8.257849380171,4.748491224645,-23.6874781689
    ));
#7995 = CARTESIAN_POINT('',(8.888685072447,3.21282555828,-23.72914524732
    ));
#7996 = CARTESIAN_POINT('',(9.204105971038,1.606418338473,
    -23.77081340189));
#7997 = CARTESIAN_POINT('',(9.204106347645,-5.2323842595E-07,
    -23.81247808254));
#7998 = CARTESIAN_POINT('',(10.016016942373,9.86605819E-09,
    -21.84375041329));
#7999 = CARTESIAN_POINT('',(10.016018581645,-1.748124838886,
    -21.88541711992));
#8000 = CARTESIAN_POINT('',(9.672771942478,-3.49623763324,
    -21.92708375665));
#8001 = CARTESIAN_POINT('',(8.986288634818,-5.167358276018,
    -21.96875041501));
#8002 = CARTESIAN_POINT('',(7.976721702377,-6.684409179425,
    -22.01041709472));
#8003 = CARTESIAN_POINT('',(6.684404987209,-7.976723830665,
    -22.05208376106));
#8004 = CARTESIAN_POINT('',(5.167350339188,-8.986285269801,
    -22.09375042854));
#8005 = CARTESIAN_POINT('',(3.496249461291,-9.672771777564,
    -22.13541709411));
#8006 = CARTESIAN_POINT('',(1.8306451271E-07,-10.35926004653,
    -22.21875042652));
#8007 = CARTESIAN_POINT('',(-3.496249436905,-9.672775784943,
    -22.3020837606));
#8008 = CARTESIAN_POINT('',(-5.167349335088,-8.986290834637,
    -22.34375042815));
#8009 = CARTESIAN_POINT('',(-6.684408844075,-7.976719412402,
    -22.38541709483));
#8010 = CARTESIAN_POINT('',(-7.976718459019,-6.684407663487,
    -22.42708376026));
#8011 = CARTESIAN_POINT('',(-8.986288327656,-5.167347305678,
    -22.46875042576));
#8012 = CARTESIAN_POINT('',(-9.672773906576,-3.496247869502,
    -22.51041709259));
#8013 = CARTESIAN_POINT('',(-10.35926078821,-6.80591433E-09,
    -22.59375042707));
#8014 = CARTESIAN_POINT('',(-9.672774001828,3.496247874593,
    -22.67708376155));
#8015 = CARTESIAN_POINT('',(-8.986288439891,5.167347338543,
    -22.71875042838));
#8016 = CARTESIAN_POINT('',(-7.976718462416,6.684407670141,
    -22.76041709388));
#8017 = CARTESIAN_POINT('',(-6.684408793947,7.97671933624,
    -22.80208375931));
#8018 = CARTESIAN_POINT('',(-5.167349337502,8.986290730017,
    -22.84375042598));
#8019 = CARTESIAN_POINT('',(-3.496249455448,9.672775762541,
    -22.88541709354));
#8020 = CARTESIAN_POINT('',(1.6466656002E-07,10.35926009134,
    -22.96875042762));
#8021 = CARTESIAN_POINT('',(3.496249442749,9.672771753685,
    -23.05208376003));
#8022 = CARTESIAN_POINT('',(5.167350262566,8.986285206642,-23.0937504256
    ));
#8023 = CARTESIAN_POINT('',(6.684405095747,7.976723616628,
    -23.13541709306));
#8024 = CARTESIAN_POINT('',(7.976721197125,6.684409448136,
    -23.17708375943));
#8025 = CARTESIAN_POINT('',(8.986289713568,5.167359011515,
    -23.21875043911));
#8026 = CARTESIAN_POINT('',(9.672772282138,3.496237009861,-23.2604170975
    ));
#8027 = CARTESIAN_POINT('',(10.016016432463,1.748124859276,
    -23.30208373422));
#8028 = CARTESIAN_POINT('',(10.016018071863,1.052477498E-08,
    -23.34375044085));
#8029 = ADVANCED_FACE('',(#8030),#8179,.T.);
#8030 = FACE_BOUND('',#8031,.T.);
#8031 = EDGE_LOOP('',(#8032,#8033,#8103,#8111));
#8032 = ORIENTED_EDGE('',*,*,#7597,.F.);
#8033 = ORIENTED_EDGE('',*,*,#8034,.T.);
#8034 = EDGE_CURVE('',#7514,#8035,#8037,.T.);
#8035 = VERTEX_POINT('',#8036);
#8036 = CARTESIAN_POINT('',(2.588190451033,9.659258262889,
    -24.33449845393));
#8037 = B_SPLINE_CURVE_WITH_KNOTS('',8,(#8038,#8039,#8040,#8041,#8042,
    #8043,#8044,#8045,#8046,#8047,#8048,#8049,#8050,#8051,#8052,#8053,
    #8054,#8055,#8056,#8057,#8058,#8059,#8060,#8061,#8062,#8063,#8064,
    #8065,#8066,#8067,#8068,#8069,#8070,#8071,#8072,#8073,#8074,#8075,
    #8076,#8077,#8078,#8079,#8080,#8081,#8082,#8083,#8084,#8085,#8086,
    #8087,#8088,#8089,#8090,#8091,#8092,#8093,#8094,#8095,#8096,#8097,
    #8098,#8099,#8100,#8101,#8102),.UNSPECIFIED.,.F.,.F.,(9,7,7,7,7,7,7,
    7,7,9),(0.,4.347891913259E-02,0.127217579464,0.186966016491,
    0.37451376162,0.501878364383,0.631077984325,0.75007255563,
    0.95798489707,1.),.UNSPECIFIED.);
#8038 = CARTESIAN_POINT('',(10.,-7.121414569156E-12,-23.1469988334));
#8039 = CARTESIAN_POINT('',(10.,-0.270266978125,-23.15345090011));
#8040 = CARTESIAN_POINT('',(9.991652030401,-0.540534994768,
    -23.15990292576));
#8041 = CARTESIAN_POINT('',(9.974956160857,-0.810501715752,
    -23.16635494648));
#8042 = CARTESIAN_POINT('',(9.949925406369,-1.079866207013,
    -23.1728069874));
#8043 = CARTESIAN_POINT('',(9.916585727279,-1.348328934613,
    -23.17925906262));
#8044 = CARTESIAN_POINT('',(9.874976029277,-1.615591764737,
    -23.18571117524));
#8045 = CARTESIAN_POINT('',(9.825148163396,-1.881357963691,
    -23.19216331732));
#8046 = CARTESIAN_POINT('',(9.655497380416,-2.653736021555,-23.211042058
    ));
#8047 = CARTESIAN_POINT('',(9.513577908156,-3.155523098162,
    -23.22346937555));
#8048 = CARTESIAN_POINT('',(9.341872790898,-3.648554415809,
    -23.23589645777));
#8049 = CARTESIAN_POINT('',(9.141025208176,-4.130769182281,
    -23.24832317707));
#8050 = CARTESIAN_POINT('',(8.911840157432,-4.600178426447,
    -23.26074985106));
#8051 = CARTESIAN_POINT('',(8.655278431091,-5.054863590146,
    -23.27317682952));
#8052 = CARTESIAN_POINT('',(8.372461650664,-5.492980110571,
    -23.28560406034));
#8053 = CARTESIAN_POINT('',(7.845088795061,-6.212287746586,
    -23.30689712925));
#8054 = CARTESIAN_POINT('',(7.612772887114,-6.502492501714,
    -23.31576373254));
#8055 = CARTESIAN_POINT('',(7.368205947742,-6.782744359712,
    -23.32463027756));
#8056 = CARTESIAN_POINT('',(7.111887994085,-7.0524414033,-23.33349675666
    ));
#8057 = CARTESIAN_POINT('',(6.844351905092,-7.31101408464,
    -23.34236324035));
#8058 = CARTESIAN_POINT('',(6.566162736714,-7.557924760381,
    -23.35122979712));
#8059 = CARTESIAN_POINT('',(6.277918193902,-7.792668373895,
    -23.36009641406));
#8060 = CARTESIAN_POINT('',(5.045883559899,-8.711955078412,
    -23.39679448927));
#8061 = CARTESIAN_POINT('',(4.017442672266,-9.285529136233,
    -23.42466133604));
#8062 = CARTESIAN_POINT('',(2.915772378668,-9.719092244873,
    -23.45250745776));
#8063 = CARTESIAN_POINT('',(1.763364331047,-10.00277970063,
    -23.48034136939));
#8064 = CARTESIAN_POINT('',(0.583418360181,-10.13025695927,
    -23.50817506407));
#8065 = CARTESIAN_POINT('',(-0.600098163642,-10.09954354242,
    -23.5360208431));
#8066 = CARTESIAN_POINT('',(-1.762676102836,-9.912218473736,
    -23.56388749599));
#8067 = CARTESIAN_POINT('',(-3.637298696256,-9.348628440366,
    -23.61061960898));
#8068 = CARTESIAN_POINT('',(-4.375061852947,-9.052023977904,
    -23.62952524661));
#8069 = CARTESIAN_POINT('',(-5.084833633593,-8.688967053368,
    -23.6484287071));
#8070 = CARTESIAN_POINT('',(-5.759671567608,-8.262632170977,
    -23.66732941496));
#8071 = CARTESIAN_POINT('',(-6.393154002478,-7.776970069153,
    -23.68623012919));
#8072 = CARTESIAN_POINT('',(-6.979352455264,-7.236638973403,
    -23.70513359978));
#8073 = CARTESIAN_POINT('',(-7.512886549834,-6.64705432478,
    -23.7240392342));
#8074 = CARTESIAN_POINT('',(-8.472097064569,-5.37294687974,
    -23.76211262502));
#8075 = CARTESIAN_POINT('',(-8.89638155426,-4.68681616907,
    -23.78129080809));
#8076 = CARTESIAN_POINT('',(-9.256900872048,-3.962711087484,
    -23.80046651652));
#8077 = CARTESIAN_POINT('',(-9.549790189239,-3.207602315512,
    -23.81963918374));
#8078 = CARTESIAN_POINT('',(-9.772116405517,-2.428792677687,
    -23.83881185911));
#8079 = CARTESIAN_POINT('',(-9.921809484481,-1.633874873926,
    -23.85798758717));
#8080 = CARTESIAN_POINT('',(-9.997742704483,-0.830739243278,
    -23.87716579019));
#8081 = CARTESIAN_POINT('',(-10.00200566412,0.7120413161,-23.91399711722
    ));
#8082 = CARTESIAN_POINT('',(-9.941521653099,1.452040910139,
    -23.93165922974));
#8083 = CARTESIAN_POINT('',(-9.818449626404,2.185968189862,
    -23.94931978543));
#8084 = CARTESIAN_POINT('',(-9.633558461109,2.90765171435,
    -23.96697835884));
#8085 = CARTESIAN_POINT('',(-9.388303939611,3.611116050782,
    -23.98463692042));
#8086 = CARTESIAN_POINT('',(-9.084779283337,4.290578161729,
    -24.0022974478));
#8087 = CARTESIAN_POINT('',(-8.725758357215,4.940471762953,
    -24.01995953322));
#8088 = CARTESIAN_POINT('',(-7.59684286041,6.630102358368,
    -24.06847158379));
#8089 = CARTESIAN_POINT('',(-6.718752453519,7.600719471998,-24.099384124
    ));
#8090 = CARTESIAN_POINT('',(-5.700047798339,8.435911363727,
    -24.13026013098));
#8091 = CARTESIAN_POINT('',(-4.566008581487,9.113644776788,
    -24.1611182444));
#8092 = CARTESIAN_POINT('',(-3.344206878619,9.616206374311,
    -24.19197738838));
#8093 = CARTESIAN_POINT('',(-2.065338284566,9.932117085291,
    -24.22285295481));
#8094 = CARTESIAN_POINT('',(-0.76218544665,10.054320065722,
    -24.25376522729));
#8095 = CARTESIAN_POINT('',(0.789204602139,9.972229676168,
    -24.29085376315));
#8096 = CARTESIAN_POINT('',(1.0495966493,9.950645038594,-24.29708870836)
  );
#8097 = CARTESIAN_POINT('',(1.309305373131,9.921290386497,
    -24.30332368061));
#8098 = CARTESIAN_POINT('',(1.568060149123,9.884191404438,
    -24.30955867583));
#8099 = CARTESIAN_POINT('',(1.825592157526,9.839384988265,
    -24.31579367993));
#8100 = CARTESIAN_POINT('',(2.081634383345,9.786919245117,
    -24.32202866876));
#8101 = CARTESIAN_POINT('',(2.335921616341,9.72685349342,-24.32826360816
    ));
#8102 = CARTESIAN_POINT('',(2.588190451033,9.659258262889,
    -24.33449845393));
#8103 = ORIENTED_EDGE('',*,*,#8104,.T.);
#8104 = EDGE_CURVE('',#8035,#8105,#8107,.T.);
#8105 = VERTEX_POINT('',#8106);
#8106 = CARTESIAN_POINT('',(2.588190451031,9.659258262889,
    -24.54049817861));
#8107 = LINE('',#8108,#8109);
#8108 = CARTESIAN_POINT('',(2.588190451241,9.659258262833,
    -2.204774040012E-15));
#8109 = VECTOR('',#8110,1.);
#8110 = DIRECTION('',(0.,-2.22044604925E-16,-1.));
#8111 = ORIENTED_EDGE('',*,*,#8112,.F.);
#8112 = EDGE_CURVE('',#7598,#8105,#8113,.T.);
#8113 = B_SPLINE_CURVE_WITH_KNOTS('',8,(#8114,#8115,#8116,#8117,#8118,
    #8119,#8120,#8121,#8122,#8123,#8124,#8125,#8126,#8127,#8128,#8129,
    #8130,#8131,#8132,#8133,#8134,#8135,#8136,#8137,#8138,#8139,#8140,
    #8141,#8142,#8143,#8144,#8145,#8146,#8147,#8148,#8149,#8150,#8151,
    #8152,#8153,#8154,#8155,#8156,#8157,#8158,#8159,#8160,#8161,#8162,
    #8163,#8164,#8165,#8166,#8167,#8168,#8169,#8170,#8171,#8172,#8173,
    #8174,#8175,#8176,#8177,#8178),.UNSPECIFIED.,.F.,.F.,(9,7,7,7,7,7,7,
    7,7,9),(0.,4.342344474703E-02,0.126798473604,0.250587461079,
    0.374318453626,0.501176095772,0.688217167276,0.877044417833,
    0.958697500133,1.),.UNSPECIFIED.);
#8114 = CARTESIAN_POINT('',(10.,-5.394795721259E-12,-23.35299789082));
#8115 = CARTESIAN_POINT('',(10.,-0.269937147703,-23.3594422274));
#8116 = CARTESIAN_POINT('',(9.991672393946,-0.539875323223,
    -23.36588663181));
#8117 = CARTESIAN_POINT('',(9.975017251072,-0.809513304717,
    -23.37233105928));
#8118 = CARTESIAN_POINT('',(9.950047522886,-1.078551261196,
    -23.3787754765));
#8119 = CARTESIAN_POINT('',(9.91678904317,-1.346690752529,
    -23.38521986158));
#8120 = CARTESIAN_POINT('',(9.875280527984,-1.613634729447,
    -23.39166420411));
#8121 = CARTESIAN_POINT('',(9.825573575661,-1.879087533539,
    -23.39810850507));
#8122 = CARTESIAN_POINT('',(9.656675437874,-2.649008470336,
    -23.41692607788));
#8123 = CARTESIAN_POINT('',(9.515625435502,-3.148709502911,
    -23.42929990492));
#8124 = CARTESIAN_POINT('',(9.34504042859,-3.639746594462,
    -23.44167340161));
#8125 = CARTESIAN_POINT('',(9.145553998844,-4.120084992034,
    -23.45404655675));
#8126 = CARTESIAN_POINT('',(8.917958880616,-4.587760375176,
    -23.46641975472));
#8127 = CARTESIAN_POINT('',(8.66320108727,-5.040877489923,
    -23.47879334791));
#8128 = CARTESIAN_POINT('',(8.382384824055,-5.477613631792,
    -23.49116725112));
#8129 = CARTESIAN_POINT('',(7.623061229561,-6.517752666734,
    -23.5219115158));
#8130 = CARTESIAN_POINT('',(7.114563026758,-7.099526150892,
    -23.54028690385));
#8131 = CARTESIAN_POINT('',(6.555511924092,-7.635678335512,
    -23.5586603504));
#8132 = CARTESIAN_POINT('',(5.95075071488,-8.121145282904,
    -23.57703132237));
#8133 = CARTESIAN_POINT('',(5.305627098908,-8.551528594612,
    -23.59540224131));
#8134 = CARTESIAN_POINT('',(4.625946357548,-8.923054349755,
    -23.61377556958));
#8135 = CARTESIAN_POINT('',(3.91799624585,-9.232630599558,
    -23.63215086686));
#8136 = CARTESIAN_POINT('',(2.45963365759,-9.723261279875,
    -23.66888416017));
#8137 = CARTESIAN_POINT('',(1.708886697353,-9.904495130534,
    -23.68725089415));
#8138 = CARTESIAN_POINT('',(0.943226617223,-10.01935313496,
    -23.70561572992));
#8139 = CARTESIAN_POINT('',(0.169521652929,-10.06649933495,
    -23.72397817647));
#8140 = CARTESIAN_POINT('',(-0.605332057418,-10.04543114162,
    -23.74234063564));
#8141 = CARTESIAN_POINT('',(-1.374425359482,-9.956418657063,
    -23.76070550117));
#8142 = CARTESIAN_POINT('',(-2.130848918002,-9.800565825096,
    -23.77907226172));
#8143 = CARTESIAN_POINT('',(-3.623179218372,-9.353847190774,
    -23.81626096584));
#8144 = CARTESIAN_POINT('',(-4.358475381187,-9.05955203715,
    -23.83509220436));
#8145 = CARTESIAN_POINT('',(-5.066107883902,-8.69928404994,
    -23.85392118487));
#8146 = CARTESIAN_POINT('',(-5.739210458723,-8.276167939419,
    -23.87274737471));
#8147 = CARTESIAN_POINT('',(-6.371427886437,-7.794093837213,
    -23.89157355503));
#8148 = CARTESIAN_POINT('',(-6.956889121394,-7.257650068046,
    -23.91040251764));
#8149 = CARTESIAN_POINT('',(-7.490260830858,-6.672171882682,
    -23.92923375095));
#8150 = CARTESIAN_POINT('',(-8.66961877046,-5.117580441963,
    -23.97581802725));
#8151 = CARTESIAN_POINT('',(-9.250144949464,-4.096710669209,
    -24.00361082524));
#8152 = CARTESIAN_POINT('',(-9.692034079379,-3.001838281091,
    -24.03138329727));
#8153 = CARTESIAN_POINT('',(-9.985303413729,-1.855188733211,
    -24.0591438965));
#8154 = CARTESIAN_POINT('',(-10.1234645849,-0.679721327625,
    -24.08690425885));
#8155 = CARTESIAN_POINT('',(-10.10432651975,0.500806013754,
    -24.11467636005));
#8156 = CARTESIAN_POINT('',(-9.929222295883,1.66206606069,
    -24.14246884677));
#8157 = CARTESIAN_POINT('',(-9.279899481019,3.906575052707,
    -24.19824940545));
#8158 = CARTESIAN_POINT('',(-8.802001894912,4.991871437099,
    -24.22630866905));
#8159 = CARTESIAN_POINT('',(-8.179260891082,6.008642373746,
    -24.25434648021));
#8160 = CARTESIAN_POINT('',(-7.423950532496,6.935023529649,
    -24.28237209708));
#8161 = CARTESIAN_POINT('',(-6.551092525179,7.751598443455,
    -24.31039782588));
#8162 = CARTESIAN_POINT('',(-5.579036507494,8.442059540798,
    -24.33843565643));
#8163 = CARTESIAN_POINT('',(-4.528761272967,8.992673935653,
    -24.36649500642));
#8164 = CARTESIAN_POINT('',(-2.949104711506,9.568721258433,
    -24.40663574894));
#8165 = CARTESIAN_POINT('',(-2.462125042293,9.714964351047,
    -24.4187540828));
#8166 = CARTESIAN_POINT('',(-1.966938727503,9.832853241802,
    -24.43087218726));
#8167 = CARTESIAN_POINT('',(-1.465476982795,9.921862475061,
    -24.44299001347));
#8168 = CARTESIAN_POINT('',(-0.959695434911,9.981624892068,
    -24.45510786835));
#8169 = CARTESIAN_POINT('',(-0.451572346051,10.011926611209,
    -24.46722603436));
#8170 = CARTESIAN_POINT('',(5.689163378338E-02,10.012712343667,
    -24.47934440931));
#8171 = CARTESIAN_POINT('',(0.820016504657,9.969628618593,
    -24.49759167916));
#8172 = CARTESIAN_POINT('',(1.075936974139,9.947634155732,
    -24.50372118873));
#8173 = CARTESIAN_POINT('',(1.33117491649,9.918132310427,-24.50985068306
    ));
#8174 = CARTESIAN_POINT('',(1.585473331493,9.881148208744,
    -24.51598015993));
#8175 = CARTESIAN_POINT('',(1.83857689714,9.836717448272,-24.52210962655
    ));
#8176 = CARTESIAN_POINT('',(2.090231969636,9.784886098125,
    -24.52823909958));
#8177 = CARTESIAN_POINT('',(2.340186583392,9.725710698943,-24.5343686051
    ));
#8178 = CARTESIAN_POINT('',(2.588190451031,9.659258262889,
    -24.54049817861));
#8179 = CYLINDRICAL_SURFACE('',#8180,10.);
#8180 = AXIS2_PLACEMENT_3D('',#8181,#8182,#8183);
#8181 = CARTESIAN_POINT('',(0.,0.,0.));
#8182 = DIRECTION('',(0.,-2.22044604925E-16,-1.));
#8183 = DIRECTION('',(1.,0.,0.));
#8184 = ADVANCED_FACE('',(#8185),#8264,.T.);
#8185 = FACE_BOUND('',#8186,.T.);
#8186 = EDGE_LOOP('',(#8187,#8188,#8189,#8259));
#8187 = ORIENTED_EDGE('',*,*,#8034,.F.);
#8188 = ORIENTED_EDGE('',*,*,#7788,.T.);
#8189 = ORIENTED_EDGE('',*,*,#8190,.T.);
#8190 = EDGE_CURVE('',#7698,#8191,#8193,.T.);
#8191 = VERTEX_POINT('',#8192);
#8192 = CARTESIAN_POINT('',(2.398217751076,8.950268578005,
    -23.91069565126));
#8193 = B_SPLINE_CURVE_WITH_KNOTS('',8,(#8194,#8195,#8196,#8197,#8198,
    #8199,#8200,#8201,#8202,#8203,#8204,#8205,#8206,#8207,#8208,#8209,
    #8210,#8211,#8212,#8213,#8214,#8215,#8216,#8217,#8218,#8219,#8220,
    #8221,#8222,#8223,#8224,#8225,#8226,#8227,#8228,#8229,#8230,#8231,
    #8232,#8233,#8234,#8235,#8236,#8237,#8238,#8239,#8240,#8241,#8242,
    #8243,#8244,#8245,#8246,#8247,#8248,#8249,#8250,#8251,#8252,#8253,
    #8254,#8255,#8256,#8257,#8258),.UNSPECIFIED.,.F.,.F.,(9,7,7,7,7,7,7,
    7,7,9),(0.,4.123941854526E-02,0.154980481666,0.270963736919,
    0.383910019691,0.497569662882,0.637773119083,0.798987219987,
    0.960649985774,1.),.UNSPECIFIED.);
#8194 = CARTESIAN_POINT('',(9.266,-4.8255706631E-07,-22.72319678477));
#8195 = CARTESIAN_POINT('',(9.266,-0.237563166062,-22.7293171984));
#8196 = CARTESIAN_POINT('',(9.259039210694,-0.475126585508,
    -22.7354376121));
#8197 = CARTESIAN_POINT('',(9.245117679805,-0.712451716833,
    -22.74155805249));
#8198 = CARTESIAN_POINT('',(9.224245173058,-0.94930053335,
    -22.74767853698));
#8199 = CARTESIAN_POINT('',(9.196441174179,-1.185436005743,
    -22.7537990738));
#8200 = CARTESIAN_POINT('',(9.161734884892,-1.420622102072,
    -22.75991966194));
#8201 = CARTESIAN_POINT('',(9.120165224922,-1.65462378777,-22.7660402912
    ));
#8202 = CARTESIAN_POINT('',(8.938333453634,-2.528687087022,
    -22.78904210528));
#8203 = CARTESIAN_POINT('',(8.753022513882,-3.159494101314,
    -22.8059264055));
#8204 = CARTESIAN_POINT('',(8.516870056787,-3.774566871366,
    -22.82280947393));
#8205 = CARTESIAN_POINT('',(8.231485395424,-4.369138193611,
    -22.83969083779));
#8206 = CARTESIAN_POINT('',(7.898970639362,-4.938693618779,
    -22.85657205115));
#8207 = CARTESIAN_POINT('',(7.521886767398,-5.478962295835,
    -22.87345476843));
#8208 = CARTESIAN_POINT('',(7.103280245556,-5.985939899132,
    -22.89033876074));
#8209 = CARTESIAN_POINT('',(6.181260894019,-6.935212622328,
    -22.92443376892));
#8210 = CARTESIAN_POINT('',(5.676169237568,-7.376210296454,
    -22.94165082992));
#8211 = CARTESIAN_POINT('',(5.135290535987,-7.7749806232,-22.95886652088
    ));
#8212 = CARTESIAN_POINT('',(4.562784777006,-8.128181231025,
    -22.9760804896));
#8213 = CARTESIAN_POINT('',(3.963112494134,-8.43298716475,
    -22.99329447355));
#8214 = CARTESIAN_POINT('',(3.341008270526,-8.687061673385,
    -23.01051020403));
#8215 = CARTESIAN_POINT('',(2.701491873682,-8.888594035881,
    -23.02772730988));
#8216 = CARTESIAN_POINT('',(1.41540338019,-9.180344461176,-23.0617043924
    ));
#8217 = CARTESIAN_POINT('',(0.769231559819,-9.273389692854,
    -23.07847031183));
#8218 = CARTESIAN_POINT('',(0.11632341786,-9.314393880905,
    -23.09523496246));
#8219 = CARTESIAN_POINT('',(-0.538421145471,-9.302847826678,
    -23.11199804993));
#8220 = CARTESIAN_POINT('',(-1.190125917777,-9.238780471766,
    -23.12876114206));
#8221 = CARTESIAN_POINT('',(-1.833943912839,-9.122725638477,
    -23.14552580804));
#8222 = CARTESIAN_POINT('',(-2.465066717316,-8.955754410769,
    -23.16229175663));
#8223 = CARTESIAN_POINT('',(-3.696284474712,-8.522026515639,
    -23.19592406532));
#8224 = CARTESIAN_POINT('',(-4.296369975051,-8.254571683836,
    -23.21279606415));
#8225 = CARTESIAN_POINT('',(-4.874124903091,-7.938892119799,
    -23.22966683765));
#8226 = CARTESIAN_POINT('',(-5.425048435867,-7.577212524314,
    -23.2465360416));
#8227 = CARTESIAN_POINT('',(-5.944954899971,-7.17221110941,
    -23.26340523457));
#8228 = CARTESIAN_POINT('',(-6.429960222342,-6.726987345015,
    -23.28027598319));
#8229 = CARTESIAN_POINT('',(-6.876508103028,-6.245085182246,
    -23.29714795805));
#8230 = CARTESIAN_POINT('',(-7.780929630337,-5.09590003552,
    -23.33482564432));
#8231 = CARTESIAN_POINT('',(-8.217398913094,-4.411219312695,
    -23.3556424405));
#8232 = CARTESIAN_POINT('',(-8.584669259542,-3.684194967527,
    -23.37645482549));
#8233 = CARTESIAN_POINT('',(-8.878114237641,-2.923073504888,
    -23.39726353214));
#8234 = CARTESIAN_POINT('',(-9.094241269116,-2.136495512722,
    -23.41807226453));
#8235 = CARTESIAN_POINT('',(-9.230726507095,-1.333486373225,
    -23.43888461847));
#8236 = CARTESIAN_POINT('',(-9.286392287158,-0.523428073565,
    -23.45970143507));
#8237 = CARTESIAN_POINT('',(-9.233203003536,1.212094910425,
    -23.50443704963));
#8238 = CARTESIAN_POINT('',(-9.098410263117,2.137727678286,
    -23.52838064247));
#8239 = CARTESIAN_POINT('',(-8.857483799897,3.045524207123,
    -23.55231514822));
#8240 = CARTESIAN_POINT('',(-8.513513668699,3.921405146555,
    -23.57624314447));
#8241 = CARTESIAN_POINT('',(-8.071422934266,4.752090803837,
    -23.60017103526));
#8242 = CARTESIAN_POINT('',(-7.538104216534,5.525208652002,
    -23.6241053129));
#8243 = CARTESIAN_POINT('',(-6.922249091696,6.229259545849,
    -23.64804870478));
#8244 = CARTESIAN_POINT('',(-5.546413278636,7.480863098058,
    -23.6959690509));
#8245 = CARTESIAN_POINT('',(-4.785077374139,8.028847054991,
    -23.71997926375));
#8246 = CARTESIAN_POINT('',(-3.962460514303,8.487620588852,
    -23.7439802486));
#8247 = CARTESIAN_POINT('',(-3.090939189377,8.849560352685,
    -23.76797469204));
#8248 = CARTESIAN_POINT('',(-2.183594592077,9.108935766226,
    -23.79196929656));
#8249 = CARTESIAN_POINT('',(-1.254231122941,9.262086895402,
    -23.81597006574));
#8250 = CARTESIAN_POINT('',(-0.317280250199,9.307273734991,
    -23.83998032814));
#8251 = CARTESIAN_POINT('',(0.838140464601,9.230799036589,
    -23.86981412989));
#8252 = CARTESIAN_POINT('',(1.063906268345,9.209504665811,
    -23.87565436334));
#8253 = CARTESIAN_POINT('',(1.28904699523,9.181900265553,-23.8814946046)
  );
#8254 = CARTESIAN_POINT('',(1.513356832284,9.148007571594,
    -23.88733484719));
#8255 = CARTESIAN_POINT('',(1.736631298184,9.107856306951,
    -23.89317507552));
#8256 = CARTESIAN_POINT('',(1.958667243254,9.061484181889,
    -23.89901526487));
#8257 = CARTESIAN_POINT('',(2.179262849465,9.008936893913,
    -23.90485538139));
#8258 = CARTESIAN_POINT('',(2.398217630437,8.950268127773,
    -23.91069538214));
#8259 = ORIENTED_EDGE('',*,*,#8260,.F.);
#8260 = EDGE_CURVE('',#8035,#8191,#8261,.T.);
#8261 = B_SPLINE_CURVE_WITH_KNOTS('',1,(#8262,#8263),.UNSPECIFIED.,.F.,
  .F.,(2,2),(0.,0.9375),.PIECEWISE_BEZIER_KNOTS.);
#8262 = CARTESIAN_POINT('',(2.592337727272,9.674736150369,
    -24.34375045327));
#8263 = CARTESIAN_POINT('',(2.382206815492,8.890514791399,
    -23.87497746978));
#8264 = B_SPLINE_SURFACE_WITH_KNOTS('',1,10,(
    (#8265,#8266,#8267,#8268,#8269,#8270,#8271,#8272,#8273,#8274,#8275
      ,#8276,#8277,#8278,#8279,#8280,#8281,#8282,#8283)
    ,(#8284,#8285,#8286,#8287,#8288,#8289,#8290,#8291,#8292,#8293,#8294
      ,#8295,#8296,#8297,#8298,#8299,#8300,#8301,#8302
  )),.UNSPECIFIED.,.F.,.F.,.F.,(2,2),(11,8,11),(0.,0.9375),(0.,
    2.556985831608,5.113971663216),.UNSPECIFIED.);
#8265 = CARTESIAN_POINT('',(10.016023235254,1.052695175E-08,
    -23.15625044092));
#8266 = CARTESIAN_POINT('',(10.016024528996,-2.491079319009,
    -23.21562546545));
#8267 = CARTESIAN_POINT('',(9.327639948312,-4.982148251034,
    -23.2750004398));
#8268 = CARTESIAN_POINT('',(7.950812389757,-7.259252325257,
    -23.33437541647));
#8269 = CARTESIAN_POINT('',(5.961722232387,-9.108240202218,
    -23.39375049013));
#8270 = CARTESIAN_POINT('',(3.512258888175,-10.34680308692,
    -23.45312542809));
#8271 = CARTESIAN_POINT('',(0.815026784288,-10.85532318464,
    -23.51250044941));
#8272 = CARTESIAN_POINT('',(-1.888691268228,-10.5992980932,
    -23.57187544581));
#8273 = CARTESIAN_POINT('',(-4.367160122401,-9.630913329752,
    -23.63125044753));
#8274 = CARTESIAN_POINT('',(-8.492384269265,-6.516435651632,
    -23.7500004471));
#8275 = CARTESIAN_POINT('',(-10.43305208549,-1.725688956548,
    -23.86875044667));
#8276 = CARTESIAN_POINT('',(-10.72696462449,0.918964742248,
    -23.92812544838));
#8277 = CARTESIAN_POINT('',(-10.27449467826,3.596818219212,
    -23.9875004448));
#8278 = CARTESIAN_POINT('',(-9.085202102758,6.070535383241,
    -24.04687546609));
#8279 = CARTESIAN_POINT('',(-7.254877929896,8.115961545923,
    -24.10625040409));
#8280 = CARTESIAN_POINT('',(-4.95407861328,9.55873149919,-24.16562547771
    ));
#8281 = CARTESIAN_POINT('',(-2.398213923927,10.299283772559,
    -24.2250004544));
#8282 = CARTESIAN_POINT('',(0.186139532676,10.319473673985,
    -24.28437542875));
#8283 = CARTESIAN_POINT('',(2.592337727272,9.674736150369,
    -24.34375045327));
#8284 = CARTESIAN_POINT('',(9.204137327993,-5.2322713451E-07,
    -22.68747808296));
#8285 = CARTESIAN_POINT('',(9.204139206312,-2.289159515142,
    -22.74685186512));
#8286 = CARTESIAN_POINT('',(8.571552254436,-4.578290955222,
    -22.80622813862));
#8287 = CARTESIAN_POINT('',(7.306334004345,-6.670846246224,
    -22.86560429746));
#8288 = CARTESIAN_POINT('',(5.478461522494,-8.369918540152,
    -22.92497563944));
#8289 = CARTESIAN_POINT('',(3.227574097725,-9.508118761541,
    -22.98435372041));
#8290 = CARTESIAN_POINT('',(0.748950332614,-9.975399358003,
    -23.04372766157));
#8291 = CARTESIAN_POINT('',(-1.735594314309,-9.740133462397,
    -23.10310284048));
#8292 = CARTESIAN_POINT('',(-4.01316389816,-8.850244308074,
    -23.16247775503));
#8293 = CARTESIAN_POINT('',(-7.804003119394,-5.988221485548,
    -23.28122777637));
#8294 = CARTESIAN_POINT('',(-9.587362915504,-1.585805731041,
    -23.39997779772));
#8295 = CARTESIAN_POINT('',(-9.857450580273,0.844478160435,
    -23.45935271226));
#8296 = CARTESIAN_POINT('',(-9.441656155436,3.305252467189,
    -23.51872789119));
#8297 = CARTESIAN_POINT('',(-8.348774920195,5.578486796995,
    -23.57810183231));
#8298 = CARTESIAN_POINT('',(-6.666790569307,7.458073319675,
    -23.63747991334));
#8299 = CARTESIAN_POINT('',(-4.552524767463,8.783925089045,
    -23.69685125527));
#8300 = CARTESIAN_POINT('',(-2.203806013838,9.464433775197,
    -23.75622741413));
#8301 = CARTESIAN_POINT('',(0.171048539518,9.482990924972,
    -23.81560368763));
#8302 = CARTESIAN_POINT('',(2.382206815492,8.890514791399,
    -23.87497746978));
#8303 = ADVANCED_FACE('',(#8304),#8394,.T.);
#8304 = FACE_BOUND('',#8305,.F.);
#8305 = EDGE_LOOP('',(#8306,#8307,#8308,#8309,#8317,#8378,#8386,#8393));
#8306 = ORIENTED_EDGE('',*,*,#7876,.F.);
#8307 = ORIENTED_EDGE('',*,*,#7862,.T.);
#8308 = ORIENTED_EDGE('',*,*,#8190,.T.);
#8309 = ORIENTED_EDGE('',*,*,#8310,.T.);
#8310 = EDGE_CURVE('',#8191,#8311,#8313,.T.);
#8311 = VERTEX_POINT('',#8312);
#8312 = CARTESIAN_POINT('',(2.398217751067,8.950268578008,
    -24.96424557201));
#8313 = LINE('',#8314,#8315);
#8314 = CARTESIAN_POINT('',(2.398217751281,8.95026857795,-6.E-17));
#8315 = VECTOR('',#8316,1.);
#8316 = DIRECTION('',(-0.,-0.,-1.));
#8317 = ORIENTED_EDGE('',*,*,#8318,.F.);
#8318 = EDGE_CURVE('',#7877,#8311,#8319,.T.);
#8319 = B_SPLINE_CURVE_WITH_KNOTS('',8,(#8320,#8321,#8322,#8323,#8324,
    #8325,#8326,#8327,#8328,#8329,#8330,#8331,#8332,#8333,#8334,#8335,
    #8336,#8337,#8338,#8339,#8340,#8341,#8342,#8343,#8344,#8345,#8346,
    #8347,#8348,#8349,#8350,#8351,#8352,#8353,#8354,#8355,#8356,#8357,
    #8358,#8359,#8360,#8361,#8362,#8363,#8364,#8365,#8366,#8367,#8368,
    #8369,#8370,#8371,#8372,#8373,#8374,#8375,#8376,#8377),
  .UNSPECIFIED.,.F.,.F.,(9,7,7,7,7,7,7,7,9),(0.,4.000851189665E-02,
    0.2070166345,0.374258264427,0.496444684967,0.637314914354,
    0.797764478065,0.959237446124,1.),.UNSPECIFIED.);
#8320 = CARTESIAN_POINT('',(9.266,-4.8254823781E-07,-23.77674603823));
#8321 = CARTESIAN_POINT('',(9.266,-0.230454294874,-23.78268342236));
#8322 = CARTESIAN_POINT('',(9.259449573303,-0.460908739695,
    -23.78862089903));
#8323 = CARTESIAN_POINT('',(9.246348760471,-0.691145671151,
    -23.79455842623));
#8324 = CARTESIAN_POINT('',(9.226706209752,-0.920947801848,
    -23.80049597165));
#8325 = CARTESIAN_POINT('',(9.20053917708,-1.150098702857,
    -23.80643351271));
#8326 = CARTESIAN_POINT('',(9.167873526071,-1.378382803712,
    -23.81237103656));
#8327 = CARTESIAN_POINT('',(9.128743728029,-1.605585392416,
    -23.81830854003));
#8328 = CARTESIAN_POINT('',(8.893049208303,-2.77450047577,-23.8490309806
    ));
#8329 = CARTESIAN_POINT('',(8.590865998172,-3.695697564494,
    -23.8738353864));
#8330 = CARTESIAN_POINT('',(8.179694607914,-4.578354823969,
    -23.89862856791));
#8331 = CARTESIAN_POINT('',(7.665677263733,-5.407662204091,
    -23.92341479818));
#8332 = CARTESIAN_POINT('',(7.056833859479,-6.170075666032,
    -23.94820085236));
#8333 = CARTESIAN_POINT('',(6.363233755076,-6.85349681992,
    -23.97299442505));
#8334 = CARTESIAN_POINT('',(5.596768373978,-7.447171634658,
    -23.99779898577));
#8335 = CARTESIAN_POINT('',(3.946427347932,-8.438748920518,
    -24.04740340128));
#8336 = CARTESIAN_POINT('',(3.061071009947,-8.837168419725,
    -24.07224275371));
#8337 = CARTESIAN_POINT('',(2.130579843881,-9.12880454112,
    -24.09707101328));
#8338 = CARTESIAN_POINT('',(1.170097862836,-9.308189432001,
    -24.12189181626));
#8339 = CARTESIAN_POINT('',(0.195100797728,-9.372106440112,
    -24.14671271989));
#8340 = CARTESIAN_POINT('',(-0.778620925982,-9.319841812691,
    -24.1715411917));
#8341 = CARTESIAN_POINT('',(-1.735041072599,-9.152945172116,
    -24.19638071509));
#8342 = CARTESIAN_POINT('',(-3.332123717785,-8.674737004244,
    -24.239333475));
#8343 = CARTESIAN_POINT('',(-3.988986678908,-8.414279124651,
    -24.25747066879));
#8344 = CARTESIAN_POINT('',(-4.622304380846,-8.097047510395,
    -24.27560597854));
#8345 = CARTESIAN_POINT('',(-5.226380612156,-7.725595850155,
    -24.29373897666));
#8346 = CARTESIAN_POINT('',(-5.795920979945,-7.303093554626,
    -24.31187197854));
#8347 = CARTESIAN_POINT('',(-6.326013763543,-6.833275662584,
    -24.33000729599));
#8348 = CARTESIAN_POINT('',(-6.812169264895,-6.320479271582,
    -24.34814449528));
#8349 = CARTESIAN_POINT('',(-7.755679623914,-5.134842947228,
    -24.38718360868));
#8350 = CARTESIAN_POINT('',(-8.197602315009,-4.44909560674,
    -24.40809809124));
#8351 = CARTESIAN_POINT('',(-8.569878107781,-3.720266836414,
    -24.42900813219));
#8352 = CARTESIAN_POINT('',(-8.867777327853,-2.956698891911,
    -24.44991467105));
#8353 = CARTESIAN_POINT('',(-9.087722540508,-2.167139488106,
    -24.47082118749));
#8354 = CARTESIAN_POINT('',(-9.227325641952,-1.360732896993,
    -24.49173125258));
#8355 = CARTESIAN_POINT('',(-9.285363510067,-0.546990478523,
    -24.5126457098));
#8356 = CARTESIAN_POINT('',(-9.235892459073,1.187942317255,
    -24.55736327246));
#8357 = CARTESIAN_POINT('',(-9.104223185062,2.109399235157,
    -24.58119093649));
#8358 = CARTESIAN_POINT('',(-8.867406205721,3.013489238232,
    -24.60500961388));
#8359 = CARTESIAN_POINT('',(-8.528441213351,3.886327001556,
    -24.62882193905));
#8360 = CARTESIAN_POINT('',(-8.092132636816,4.714806190453,
    -24.65263437737));
#8361 = CARTESIAN_POINT('',(-7.565219292304,5.486701959867,
    -24.67645328379));
#8362 = CARTESIAN_POINT('',(-6.956211806459,6.190640434545,
    -24.70028113243));
#8363 = CARTESIAN_POINT('',(-5.592063206206,7.446654995052,
    -24.74805639738));
#8364 = CARTESIAN_POINT('',(-4.835072014053,7.998601830814,
    -24.77203658271));
#8365 = CARTESIAN_POINT('',(-4.016406941528,8.461944183233,
    -24.7960074427));
#8366 = CARTESIAN_POINT('',(-3.148349582325,8.829009924452,
    -24.81997173361));
#8367 = CARTESIAN_POINT('',(-2.243895275282,9.094006684303,
    -24.84393592958));
#8368 = CARTESIAN_POINT('',(-1.316772313081,9.253197400169,
    -24.86790726443));
#8369 = CARTESIAN_POINT('',(-0.381345630202,9.304752290232,
    -24.89188778536));
#8370 = CARTESIAN_POINT('',(0.781522560722,9.235967696315,
    -24.92190068133));
#8371 = CARTESIAN_POINT('',(1.015509299405,9.215315636882,
    -24.92795006273));
#8372 = CARTESIAN_POINT('',(1.248864909237,9.187889397859,
    -24.93399941595));
#8373 = CARTESIAN_POINT('',(1.481360512336,9.153711851654,
    -24.94004873421));
#8374 = CARTESIAN_POINT('',(1.712768725982,9.112815073092,
    -24.94609801985));
#8375 = CARTESIAN_POINT('',(1.942863662617,9.065240339417,
    -24.95214728432));
#8376 = CARTESIAN_POINT('',(2.171420929844,9.011038130288,
    -24.95819654818));
#8377 = CARTESIAN_POINT('',(2.39821763043,8.950268127784,-24.9642458411)
  );
#8378 = ORIENTED_EDGE('',*,*,#8379,.T.);
#8379 = EDGE_CURVE('',#7877,#8380,#8382,.T.);
#8380 = VERTEX_POINT('',#8381);
#8381 = CARTESIAN_POINT('',(9.266,0.,-25.));
#8382 = LINE('',#8383,#8384);
#8383 = CARTESIAN_POINT('',(9.266,0.,0.));
#8384 = VECTOR('',#8385,1.);
#8385 = DIRECTION('',(-7.E-17,0.,-1.));
#8386 = ORIENTED_EDGE('',*,*,#8387,.F.);
#8387 = EDGE_CURVE('',#8380,#8380,#8388,.T.);
#8388 = CIRCLE('',#8389,9.266);
#8389 = AXIS2_PLACEMENT_3D('',#8390,#8391,#8392);
#8390 = CARTESIAN_POINT('',(0.,0.,-25.));
#8391 = DIRECTION('',(0.,0.,1.));
#8392 = DIRECTION('',(1.,0.,0.));
#8393 = ORIENTED_EDGE('',*,*,#8379,.F.);
#8394 = CYLINDRICAL_SURFACE('',#8395,9.266);
#8395 = AXIS2_PLACEMENT_3D('',#8396,#8397,#8398);
#8396 = CARTESIAN_POINT('',(0.,0.,0.));
#8397 = DIRECTION('',(-0.,-0.,-1.));
#8398 = DIRECTION('',(1.,0.,0.));
#8399 = ADVANCED_FACE('',(#8400),#8411,.T.);
#8400 = FACE_BOUND('',#8401,.T.);
#8401 = EDGE_LOOP('',(#8402,#8403,#8404,#8405));
#8402 = ORIENTED_EDGE('',*,*,#8318,.F.);
#8403 = ORIENTED_EDGE('',*,*,#7962,.T.);
#8404 = ORIENTED_EDGE('',*,*,#8112,.T.);
#8405 = ORIENTED_EDGE('',*,*,#8406,.F.);
#8406 = EDGE_CURVE('',#8311,#8105,#8407,.T.);
#8407 = LINE('',#8408,#8409);
#8408 = CARTESIAN_POINT('',(2.382198572863,8.890484029444,
    -24.99997746933));
#8409 = VECTOR('',#8410,1.);
#8410 = DIRECTION('',(0.224146966014,0.836530126862,0.499975483879));
#8411 = B_SPLINE_SURFACE_WITH_KNOTS('',1,10,(
    (#8412,#8413,#8414,#8415,#8416,#8417,#8418,#8419,#8420,#8421,#8422
      ,#8423,#8424,#8425,#8426,#8427,#8428,#8429,#8430)
    ,(#8431,#8432,#8433,#8434,#8435,#8436,#8437,#8438,#8439,#8440,#8441
      ,#8442,#8443,#8444,#8445,#8446,#8447,#8448,#8449
  )),.UNSPECIFIED.,.F.,.F.,.F.,(2,2),(11,8,11),(0.,0.9375),(0.,
    2.556985831608,5.113971663216),.UNSPECIFIED.);
#8412 = CARTESIAN_POINT('',(9.204106347645,-5.2323807154E-07,
    -23.81247808254));
#8413 = CARTESIAN_POINT('',(9.204106504463,-2.289151702389,
    -23.87185186464));
#8414 = CARTESIAN_POINT('',(8.571523541513,-4.578274853317,
    -23.93122813819));
#8415 = CARTESIAN_POINT('',(7.30631130223,-6.670824742681,
    -23.99060429709));
#8416 = CARTESIAN_POINT('',(5.478438871466,-8.369889413792,
    -24.0499756389));
#8417 = CARTESIAN_POINT('',(3.227566220779,-9.508085260796,
    -24.10935372002));
#8418 = CARTESIAN_POINT('',(0.74894640776,-9.97536639995,-24.16872766112
    ));
#8419 = CARTESIAN_POINT('',(-1.735588172055,-9.740099990251,
    -24.22810284004));
#8420 = CARTESIAN_POINT('',(-4.013150178963,-8.850214080908,
    -24.28747775459));
#8421 = CARTESIAN_POINT('',(-7.803976481214,-5.988201051797,
    -24.40622777593));
#8422 = CARTESIAN_POINT('',(-9.587330220159,-1.585800334636,
    -24.52497779728));
#8423 = CARTESIAN_POINT('',(-9.85741721462,0.844475126537,
    -24.58435271182));
#8424 = CARTESIAN_POINT('',(-9.441622525727,3.305242225767,
    -24.64372789075));
#8425 = CARTESIAN_POINT('',(-8.348748252677,5.578464999055,
    -24.70310183184));
#8426 = CARTESIAN_POINT('',(-6.666767331801,7.458051827017,
    -24.76247991297));
#8427 = CARTESIAN_POINT('',(-4.552508588481,8.783892624935,
    -24.82185125478));
#8428 = CARTESIAN_POINT('',(-2.203799091515,9.464401072664,
    -24.88122741368));
#8429 = CARTESIAN_POINT('',(0.171048288997,9.482959803769,
    -24.94060368722));
#8430 = CARTESIAN_POINT('',(2.382198572863,8.890484029444,
    -24.99997746933));
#8431 = CARTESIAN_POINT('',(10.016018071863,1.052513277E-08,
    -23.34375044085));
#8432 = CARTESIAN_POINT('',(10.016019078688,-2.491078016883,
    -23.40312546537));
#8433 = CARTESIAN_POINT('',(9.327635162825,-4.982145567383,
    -23.46250043973));
#8434 = CARTESIAN_POINT('',(7.950808606071,-7.259248741333,
    -23.52187541641));
#8435 = CARTESIAN_POINT('',(5.961718457216,-9.108235347825,
    -23.58125049003));
#8436 = CARTESIAN_POINT('',(3.51225757535,-10.34679750346,
    -23.64062542802));
#8437 = CARTESIAN_POINT('',(0.815026130146,-10.85531769164,
    -23.70000044933));
#8438 = CARTESIAN_POINT('',(-1.88869024452,-10.59929251451,
    -23.75937544574));
#8439 = CARTESIAN_POINT('',(-4.367157835868,-9.630908291891,
    -23.81875044745));
#8440 = CARTESIAN_POINT('',(-8.492379829568,-6.516432246006,
    -23.93750044702));
#8441 = CARTESIAN_POINT('',(-10.43304663626,-1.725688057147,
    -24.0562504466));
#8442 = CARTESIAN_POINT('',(-10.72695906354,0.918964236599,
    -24.11562544831));
#8443 = CARTESIAN_POINT('',(-10.27448907331,3.596816512307,
    -24.17500044473));
#8444 = CARTESIAN_POINT('',(-9.085197658171,6.070531750252,
    -24.23437546601));
#8445 = CARTESIAN_POINT('',(-7.25487405698,8.115957963812,
    -24.29375040403));
#8446 = CARTESIAN_POINT('',(-4.954075916782,9.558726088506,
    -24.35312547763));
#8447 = CARTESIAN_POINT('',(-2.398212770207,10.299278322136,
    -24.41250045432));
#8448 = CARTESIAN_POINT('',(0.186139490922,10.319468487118,
    -24.47187542868));
#8449 = CARTESIAN_POINT('',(2.592336353501,9.674731023377,-24.5312504532
    ));
#8450 = ADVANCED_FACE('',(#8451),#8457,.T.);
#8451 = FACE_BOUND('',#8452,.T.);
#8452 = EDGE_LOOP('',(#8453,#8454,#8455,#8456));
#8453 = ORIENTED_EDGE('',*,*,#8260,.T.);
#8454 = ORIENTED_EDGE('',*,*,#8310,.T.);
#8455 = ORIENTED_EDGE('',*,*,#8406,.T.);
#8456 = ORIENTED_EDGE('',*,*,#8104,.F.);
#8457 = PLANE('',#8458);
#8458 = AXIS2_PLACEMENT_3D('',#8459,#8460,#8461);
#8459 = CARTESIAN_POINT('',(2.330402109261,8.697176473052,
    -24.43747180381));
#8460 = DIRECTION('',(0.965926001202,-0.258818392317,-8.87604E-12));
#8461 = DIRECTION('',(0.258818392317,0.965926001202,4.038967834732E-28)
  );
#8462 = ADVANCED_FACE('',(#8463,#8474),#8477,.T.);
#8463 = FACE_BOUND('',#8464,.T.);
#8464 = EDGE_LOOP('',(#8465));
#8465 = ORIENTED_EDGE('',*,*,#8466,.F.);
#8466 = EDGE_CURVE('',#8467,#8467,#8469,.T.);
#8467 = VERTEX_POINT('',#8468);
#8468 = CARTESIAN_POINT('',(10.,-5.551115123126E-15,-25.));
#8469 = CIRCLE('',#8470,10.);
#8470 = AXIS2_PLACEMENT_3D('',#8471,#8472,#8473);
#8471 = CARTESIAN_POINT('',(0.,-5.551115123126E-15,-25.));
#8472 = DIRECTION('',(0.,-2.22044604925E-16,-1.));
#8473 = DIRECTION('',(1.,0.,0.));
#8474 = FACE_BOUND('',#8475,.T.);
#8475 = EDGE_LOOP('',(#8476));
#8476 = ORIENTED_EDGE('',*,*,#8387,.F.);
#8477 = PLANE('',#8478);
#8478 = AXIS2_PLACEMENT_3D('',#8479,#8480,#8481);
#8479 = CARTESIAN_POINT('',(1.42E-15,0.,-25.));
#8480 = DIRECTION('',(0.,0.,1.));
#8481 = DIRECTION('',(1.,0.,0.));
#8482 = ADVANCED_FACE('',(#8483,#8494),#8497,.F.);
#8483 = FACE_BOUND('',#8484,.T.);
#8484 = EDGE_LOOP('',(#8485));
#8485 = ORIENTED_EDGE('',*,*,#8486,.F.);
#8486 = EDGE_CURVE('',#8487,#8487,#8489,.T.);
#8487 = VERTEX_POINT('',#8488);
#8488 = CARTESIAN_POINT('',(12.,-5.551115123126E-15,-25.));
#8489 = CIRCLE('',#8490,12.);
#8490 = AXIS2_PLACEMENT_3D('',#8491,#8492,#8493);
#8491 = CARTESIAN_POINT('',(0.,-5.551115123126E-15,-25.));
#8492 = DIRECTION('',(0.,-2.22044604925E-16,-1.));
#8493 = DIRECTION('',(1.,0.,0.));
#8494 = FACE_BOUND('',#8495,.T.);
#8495 = EDGE_LOOP('',(#8496));
#8496 = ORIENTED_EDGE('',*,*,#8466,.T.);
#8497 = PLANE('',#8498);
#8498 = AXIS2_PLACEMENT_3D('',#8499,#8500,#8501);
#8499 = CARTESIAN_POINT('',(0.,-5.551115123126E-15,-25.));
#8500 = DIRECTION('',(0.,-2.22044604925E-16,-1.));
#8501 = DIRECTION('',(1.,0.,0.));
#8502 = ADVANCED_FACE('',(#8503),#8522,.T.);
#8503 = FACE_BOUND('',#8504,.T.);
#8504 = EDGE_LOOP('',(#8505,#8506,#8514,#8521));
#8505 = ORIENTED_EDGE('',*,*,#8486,.T.);
#8506 = ORIENTED_EDGE('',*,*,#8507,.T.);
#8507 = EDGE_CURVE('',#8487,#8508,#8510,.T.);
#8508 = VERTEX_POINT('',#8509);
#8509 = CARTESIAN_POINT('',(13.5,-5.884182030513E-15,-26.5));
#8510 = LINE('',#8511,#8512);
#8511 = CARTESIAN_POINT('',(13.5,-5.884182030513E-15,-26.5));
#8512 = VECTOR('',#8513,1.);
#8513 = DIRECTION('',(0.707106781187,-1.570092458684E-16,-0.707106781187
    ));
#8514 = ORIENTED_EDGE('',*,*,#8515,.F.);
#8515 = EDGE_CURVE('',#8508,#8508,#8516,.T.);
#8516 = CIRCLE('',#8517,13.5);
#8517 = AXIS2_PLACEMENT_3D('',#8518,#8519,#8520);
#8518 = CARTESIAN_POINT('',(0.,-5.884182030513E-15,-26.5));
#8519 = DIRECTION('',(0.,-2.22044604925E-16,-1.));
#8520 = DIRECTION('',(1.,0.,0.));
#8521 = ORIENTED_EDGE('',*,*,#8507,.F.);
#8522 = CONICAL_SURFACE('',#8523,13.5,0.785398163397);
#8523 = AXIS2_PLACEMENT_3D('',#8524,#8525,#8526);
#8524 = CARTESIAN_POINT('',(0.,-5.884182030513E-15,-26.5));
#8525 = DIRECTION('',(0.,-2.22044604925E-16,-1.));
#8526 = DIRECTION('',(1.,0.,0.));
#8527 = ADVANCED_FACE('',(#8528,#8623,#8681,#8739),#8804,.T.);
#8528 = FACE_BOUND('',#8529,.T.);
#8529 = EDGE_LOOP('',(#8530,#8538,#8539,#8540,#8559,#8578,#8586,#8593,
    #8594));
#8530 = ORIENTED_EDGE('',*,*,#8531,.F.);
#8531 = EDGE_CURVE('',#8508,#8532,#8534,.T.);
#8532 = VERTEX_POINT('',#8533);
#8533 = CARTESIAN_POINT('',(13.5,-6.183942247162E-15,-27.85));
#8534 = LINE('',#8535,#8536);
#8535 = CARTESIAN_POINT('',(13.5,-5.551115123126E-15,-25.));
#8536 = VECTOR('',#8537,1.);
#8537 = DIRECTION('',(0.,-2.22044604925E-16,-1.));
#8538 = ORIENTED_EDGE('',*,*,#8515,.T.);
#8539 = ORIENTED_EDGE('',*,*,#8531,.T.);
#8540 = ORIENTED_EDGE('',*,*,#8541,.F.);
#8541 = EDGE_CURVE('',#8542,#8532,#8544,.T.);
#8542 = VERTEX_POINT('',#8543);
#8543 = CARTESIAN_POINT('',(13.398787258554,1.65,-29.5));
#8544 = B_SPLINE_CURVE_WITH_KNOTS('',7,(#8545,#8546,#8547,#8548,#8549,
    #8550,#8551,#8552,#8553,#8554,#8555,#8556,#8557,#8558),
  .UNSPECIFIED.,.F.,.F.,(8,6,8),(0.,0.485059142909,1.),.UNSPECIFIED.);
#8545 = CARTESIAN_POINT('',(13.398787258554,1.65,-29.5));
#8546 = CARTESIAN_POINT('',(13.398787258554,1.65,-29.34203551467));
#8547 = CARTESIAN_POINT('',(13.400959924948,1.632356828335,
    -29.18415094783));
#8548 = CARTESIAN_POINT('',(13.405301559786,1.597101111392,
    -29.02762171441));
#8549 = CARTESIAN_POINT('',(13.411699825013,1.543936528687,
    -28.87383304595));
#8550 = CARTESIAN_POINT('',(13.419923177707,1.47234605368,
    -28.72445515601));
#8551 = CARTESIAN_POINT('',(13.429565318829,1.38168710714,
    -28.58162887498));
#8552 = CARTESIAN_POINT('',(13.451083421948,1.154209163115,
    -28.30665527636));
#8553 = CARTESIAN_POINT('',(13.463345252644,1.011878755155,
    -28.17206671924));
#8554 = CARTESIAN_POINT('',(13.475840399434,0.844589725992,
    -28.05259757899));
#8555 = CARTESIAN_POINT('',(13.487125361509,0.654852267232,
    -27.95534308647));
#8556 = CARTESIAN_POINT('',(13.495569914386,0.446929232225,
    -27.88624501223));
#8557 = CARTESIAN_POINT('',(13.5,0.226409558688,-27.85));
#8558 = CARTESIAN_POINT('',(13.5,-5.584421813865E-15,-27.85));
#8559 = ORIENTED_EDGE('',*,*,#8560,.F.);
#8560 = EDGE_CURVE('',#8561,#8542,#8563,.T.);
#8561 = VERTEX_POINT('',#8562);
#8562 = CARTESIAN_POINT('',(13.5,-6.916689443415E-15,-31.15));
#8563 = B_SPLINE_CURVE_WITH_KNOTS('',7,(#8564,#8565,#8566,#8567,#8568,
    #8569,#8570,#8571,#8572,#8573,#8574,#8575,#8576,#8577),
  .UNSPECIFIED.,.F.,.F.,(8,6,8),(0.,0.45455739016,1.),.UNSPECIFIED.);
#8564 = CARTESIAN_POINT('',(13.5,-5.739853037312E-15,-31.15));
#8565 = CARTESIAN_POINT('',(13.5,0.199002942036,-31.15));
#8566 = CARTESIAN_POINT('',(13.496577522789,0.394270857215,
    -31.12199860993));
#8567 = CARTESIAN_POINT('',(13.489964323308,0.580844732048,
    -31.06788684319));
#8568 = CARTESIAN_POINT('',(13.480889416041,0.754327908134,
    -30.9906992281));
#8569 = CARTESIAN_POINT('',(13.470446293221,0.911155533119,
    -30.89454204161));
#8570 = CARTESIAN_POINT('',(13.459708387605,1.048919867833,
    -30.78453251008));
#8571 = CARTESIAN_POINT('',(13.43722596854,1.308086969007,-30.5253654089
    ));
#8572 = CARTESIAN_POINT('',(13.425427189602,1.423964921561,
    -30.36952471046));
#8573 = CARTESIAN_POINT('',(13.415145058458,1.515220603738,
    -30.20393509754));
#8574 = CARTESIAN_POINT('',(13.407057724308,1.582841673016,
    -30.0318825967));
#8575 = CARTESIAN_POINT('',(13.401543792944,1.627615198916,
    -29.85586141979));
#8576 = CARTESIAN_POINT('',(13.398787258554,1.65,-29.67793038417));
#8577 = CARTESIAN_POINT('',(13.398787258554,1.65,-29.5));
#8578 = ORIENTED_EDGE('',*,*,#8579,.T.);
#8579 = EDGE_CURVE('',#8561,#8580,#8582,.T.);
#8580 = VERTEX_POINT('',#8581);
#8581 = CARTESIAN_POINT('',(13.5,-7.549516567451E-15,-34.));
#8582 = LINE('',#8583,#8584);
#8583 = CARTESIAN_POINT('',(13.5,-5.551115123126E-15,-25.));
#8584 = VECTOR('',#8585,1.);
#8585 = DIRECTION('',(0.,-2.22044604925E-16,-1.));
#8586 = ORIENTED_EDGE('',*,*,#8587,.F.);
#8587 = EDGE_CURVE('',#8580,#8580,#8588,.T.);
#8588 = CIRCLE('',#8589,13.5);
#8589 = AXIS2_PLACEMENT_3D('',#8590,#8591,#8592);
#8590 = CARTESIAN_POINT('',(0.,-7.549516567451E-15,-34.));
#8591 = DIRECTION('',(0.,-2.22044604925E-16,-1.));
#8592 = DIRECTION('',(1.,0.,0.));
#8593 = ORIENTED_EDGE('',*,*,#8579,.F.);
#8594 = ORIENTED_EDGE('',*,*,#8595,.F.);
#8595 = EDGE_CURVE('',#8532,#8561,#8596,.T.);
#8596 = B_SPLINE_CURVE_WITH_KNOTS('',7,(#8597,#8598,#8599,#8600,#8601,
    #8602,#8603,#8604,#8605,#8606,#8607,#8608,#8609,#8610,#8611,#8612,
    #8613,#8614,#8615,#8616,#8617,#8618,#8619,#8620,#8621,#8622),
  .UNSPECIFIED.,.F.,.F.,(8,6,6,6,8),(0.,0.257513094773,0.500046815701,
    0.742581103032,1.),.UNSPECIFIED.);
#8597 = CARTESIAN_POINT('',(13.5,-7.240575237495E-15,-27.85));
#8598 = CARTESIAN_POINT('',(13.5,-0.226457670218,-27.85));
#8599 = CARTESIAN_POINT('',(13.495568028229,-0.446980675895,
    -27.88626042265));
#8600 = CARTESIAN_POINT('',(13.487122966248,-0.654878586112,
    -27.95536273829));
#8601 = CARTESIAN_POINT('',(13.475840052578,-0.844585967002,
    -28.05260455081));
#8602 = CARTESIAN_POINT('',(13.463346903049,-1.011857015831,
    -28.17205305434));
#8603 = CARTESIAN_POINT('',(13.451085282141,-1.154189498148,
    -28.3066315055));
#8604 = CARTESIAN_POINT('',(13.429565117647,-1.381689233924,
    -28.58163144582));
#8605 = CARTESIAN_POINT('',(13.419923083489,-1.472346606772,
    -28.72445709404));
#8606 = CARTESIAN_POINT('',(13.411699911551,-1.543935834954,
    -28.87383267324));
#8607 = CARTESIAN_POINT('',(13.405301626439,-1.597100560514,
    -29.02761987509));
#8608 = CARTESIAN_POINT('',(13.400959917416,-1.632356894159,
    -29.18414958455));
#8609 = CARTESIAN_POINT('',(13.398787258554,-1.65,-29.34203588111));
#8610 = CARTESIAN_POINT('',(13.398787258554,-1.65,-29.65796448779));
#8611 = CARTESIAN_POINT('',(13.400959924995,-1.632356827746,
    -29.8158490461));
#8612 = CARTESIAN_POINT('',(13.40530155953,-1.59710111422,
    -29.97237828998));
#8613 = CARTESIAN_POINT('',(13.411699825521,-1.54393652332,
    -30.12616695629));
#8614 = CARTESIAN_POINT('',(13.419923177242,-1.472346058539,
    -30.27554483899));
#8615 = CARTESIAN_POINT('',(13.429565319005,-1.381687105277,
    -30.41837112726));
#8616 = CARTESIAN_POINT('',(13.451080988629,-1.154234886875,
    -30.69331362895));
#8617 = CARTESIAN_POINT('',(13.46334368015,-1.011900915027,
    -30.82792295501));
#8618 = CARTESIAN_POINT('',(13.475841775607,-0.844582799147,
    -30.94741877695));
#8619 = CARTESIAN_POINT('',(13.487128643749,-0.654808516429,
    -31.04468361646));
#8620 = CARTESIAN_POINT('',(13.49557204213,-0.446863364026,
    -31.11377242955));
#8621 = CARTESIAN_POINT('',(13.5,-0.226355060971,-31.15));
#8622 = CARTESIAN_POINT('',(13.5,-7.442641959354E-15,-31.15));
#8623 = FACE_BOUND('',#8624,.T.);
#8624 = EDGE_LOOP('',(#8625));
#8625 = ORIENTED_EDGE('',*,*,#8626,.T.);
#8626 = EDGE_CURVE('',#8627,#8627,#8629,.T.);
#8627 = VERTEX_POINT('',#8628);
#8628 = CARTESIAN_POINT('',(1.65,13.398787258554,-29.5));
#8629 = B_SPLINE_CURVE_WITH_KNOTS('',8,(#8630,#8631,#8632,#8633,#8634,
    #8635,#8636,#8637,#8638,#8639,#8640,#8641,#8642,#8643,#8644,#8645,
    #8646,#8647,#8648,#8649,#8650,#8651,#8652,#8653,#8654,#8655,#8656,
    #8657,#8658,#8659,#8660,#8661,#8662,#8663,#8664,#8665,#8666,#8667,
    #8668,#8669,#8670,#8671,#8672,#8673,#8674,#8675,#8676,#8677,#8678,
    #8679,#8680),.UNSPECIFIED.,.T.,.F.,(9,7,7,7,7,7,7,9),(0.,
    0.152591411487,0.285873394378,0.422162860622,0.588480276472,
    0.714359335639,0.838035708419,1.),.UNSPECIFIED.);
#8630 = CARTESIAN_POINT('',(1.65,13.398787258554,-29.5));
#8631 = CARTESIAN_POINT('',(1.65,13.398787258554,-29.32719616523));
#8632 = CARTESIAN_POINT('',(1.629317760037,13.401334066488,
    -29.15445303964));
#8633 = CARTESIAN_POINT('',(1.587973856961,13.406425845512,
    -28.98333231284));
#8634 = CARTESIAN_POINT('',(1.525601026994,13.413924546189,
    -28.81554746922));
#8635 = CARTESIAN_POINT('',(1.441562623853,13.423548815354,
    -28.65314914276));
#8636 = CARTESIAN_POINT('',(1.335060244076,13.434814500967,
    -28.49872455913));
#8637 = CARTESIAN_POINT('',(1.205295332786,13.446969302768,
    -28.35567724057));
#8638 = CARTESIAN_POINT('',(0.917634027136,13.469448563855,
    -28.11770311246));
#8639 = CARTESIAN_POINT('',(0.761283291236,13.48012993696,-28.0155928659
    ));
#8640 = CARTESIAN_POINT('',(0.585022202623,13.489943331963,
    -27.93054728361));
#8641 = CARTESIAN_POINT('',(0.393088939084,13.49762000686,-27.8687060183
    ));
#8642 = CARTESIAN_POINT('',(0.191168727014,13.502019761792,
    -27.83411967786));
#8643 = CARTESIAN_POINT('',(-1.432489948215E-02,13.502630474609,
    -27.82870221178));
#8644 = CARTESIAN_POINT('',(-0.216828572409,13.499646884934,
    -27.85215292723));
#8645 = CARTESIAN_POINT('',(-0.608214566846,13.48774503986,
    -27.95264377066));
#8646 = CARTESIAN_POINT('',(-0.790772416821,13.478874125001,
    -28.0293618481));
#8647 = CARTESIAN_POINT('',(-0.955756818716,13.468112345736,
    -28.12712634157));
#8648 = CARTESIAN_POINT('',(-1.101905055814,13.456503227987,
    -28.2417031203));
#8649 = CARTESIAN_POINT('',(-1.228611008007,13.444977605963,
    -28.36930508212));
#8650 = CARTESIAN_POINT('',(-1.335757501764,13.434270949487,
    -28.50649711697));
#8651 = CARTESIAN_POINT('',(-1.423647468307,13.424905669972,
    -28.6501576881));
#8652 = CARTESIAN_POINT('',(-1.577554096173,13.407780093853,
    -28.97722592088));
#8653 = CARTESIAN_POINT('',(-1.635443262009,13.400721630296,
    -29.1644538807));
#8654 = CARTESIAN_POINT('',(-1.667657414362,13.396582771718,
    -29.35611281301));
#8655 = CARTESIAN_POINT('',(-1.674629124844,13.395657469894,
    -29.54983450658));
#8656 = CARTESIAN_POINT('',(-1.656346685397,13.398037659222,
    -29.74332061566));
#8657 = CARTESIAN_POINT('',(-1.612482840073,13.403597091932,
    -29.93406400256));
#8658 = CARTESIAN_POINT('',(-1.542522237521,13.41193752459,
    -30.11914931878));
#8659 = CARTESIAN_POINT('',(-1.372781038505,13.430222691207,
    -30.42790741358));
#8660 = CARTESIAN_POINT('',(-1.283567553101,13.439372469485,
    -30.5570608191));
#8661 = CARTESIAN_POINT('',(-1.17779215276,13.449492480589,
    -30.67987693137));
#8662 = CARTESIAN_POINT('',(-1.055332846176,13.460117310442,
    -30.79369043034));
#8663 = CARTESIAN_POINT('',(-0.916433944706,13.470625372773,
    -30.8956434354));
#8664 = CARTESIAN_POINT('',(-0.761745201289,13.480265518294,
    -30.98266413389));
#8665 = CARTESIAN_POINT('',(-0.592423865627,13.488225226893,
    -31.0514105923));
#8666 = CARTESIAN_POINT('',(-0.231438973995,13.4992025902,
    -31.14409575922));
#8667 = CARTESIAN_POINT('',(-4.42299329839E-02,13.502181658172,
    -31.16776688272));
#8668 = CARTESIAN_POINT('',(0.146321727899,13.502116107191,
    -31.16674052255));
#8669 = CARTESIAN_POINT('',(0.334772077424,13.498783407326,
    -31.14047937099));
#8670 = CARTESIAN_POINT('',(0.515696612615,13.492529796376,
    -31.09026026236));
#8671 = CARTESIAN_POINT('',(0.684202393114,13.484172049674,
    -31.01911959996));
#8672 = CARTESIAN_POINT('',(0.836408297366,13.474728905007,
    -30.93182596406));
#8673 = CARTESIAN_POINT('',(1.144592777967,13.45253144742,
    -30.70791683243));
#8674 = CARTESIAN_POINT('',(1.292365145311,13.439282318739,
    -30.56060990978));
#8675 = CARTESIAN_POINT('',(1.413519697394,13.426744860047,
    -30.39907954697));
#8676 = CARTESIAN_POINT('',(1.508981057145,13.415919334908,
    -30.22769135005));
#8677 = CARTESIAN_POINT('',(1.579728069184,13.407441718538,
    -30.04974525041));
#8678 = CARTESIAN_POINT('',(1.626566907749,13.401672662389,
    -29.86780819966));
#8679 = CARTESIAN_POINT('',(1.65,13.398787258554,-29.683932037));
#8680 = CARTESIAN_POINT('',(1.65,13.398787258554,-29.5));
#8681 = FACE_BOUND('',#8682,.T.);
#8682 = EDGE_LOOP('',(#8683));
#8683 = ORIENTED_EDGE('',*,*,#8684,.F.);
#8684 = EDGE_CURVE('',#8685,#8685,#8687,.T.);
#8685 = VERTEX_POINT('',#8686);
#8686 = CARTESIAN_POINT('',(1.65,-13.39878725855,-29.5));
#8687 = B_SPLINE_CURVE_WITH_KNOTS('',8,(#8688,#8689,#8690,#8691,#8692,
    #8693,#8694,#8695,#8696,#8697,#8698,#8699,#8700,#8701,#8702,#8703,
    #8704,#8705,#8706,#8707,#8708,#8709,#8710,#8711,#8712,#8713,#8714,
    #8715,#8716,#8717,#8718,#8719,#8720,#8721,#8722,#8723,#8724,#8725,
    #8726,#8727,#8728,#8729,#8730,#8731,#8732,#8733,#8734,#8735,#8736,
    #8737,#8738),.UNSPECIFIED.,.T.,.F.,(9,7,7,7,7,7,7,9),(0.,
    0.152591411417,0.285873394248,0.422162860503,0.588480276482,
    0.714359335682,0.838035708443,1.),.UNSPECIFIED.);
#8688 = CARTESIAN_POINT('',(1.65,-13.39878725855,-29.5));
#8689 = CARTESIAN_POINT('',(1.65,-13.39878725855,-29.32719616523));
#8690 = CARTESIAN_POINT('',(1.629317760037,-13.40133406648,
    -29.15445303964));
#8691 = CARTESIAN_POINT('',(1.587973856961,-13.40642584551,
    -28.98333231284));
#8692 = CARTESIAN_POINT('',(1.525601026994,-13.41392454618,
    -28.81554746922));
#8693 = CARTESIAN_POINT('',(1.441562623853,-13.42354881535,
    -28.65314914276));
#8694 = CARTESIAN_POINT('',(1.335060244076,-13.43481450096,
    -28.49872455913));
#8695 = CARTESIAN_POINT('',(1.205295332786,-13.44696930276,
    -28.35567724057));
#8696 = CARTESIAN_POINT('',(0.917634027136,-13.46944856385,
    -28.11770311246));
#8697 = CARTESIAN_POINT('',(0.761283291236,-13.48012993696,
    -28.01559286591));
#8698 = CARTESIAN_POINT('',(0.585022202623,-13.48994333196,
    -27.93054728361));
#8699 = CARTESIAN_POINT('',(0.393088939084,-13.49762000686,
    -27.8687060183));
#8700 = CARTESIAN_POINT('',(0.191168727014,-13.50201976179,
    -27.83411967786));
#8701 = CARTESIAN_POINT('',(-1.432489948228E-02,-13.5026304746,
    -27.82870221178));
#8702 = CARTESIAN_POINT('',(-0.216828572409,-13.49964688493,
    -27.85215292723));
#8703 = CARTESIAN_POINT('',(-0.608214566952,-13.48774503985,
    -27.95264377069));
#8704 = CARTESIAN_POINT('',(-0.790772416859,-13.47887412499,
    -28.02936184814));
#8705 = CARTESIAN_POINT('',(-0.955756818662,-13.46811234573,
    -28.12712634156));
#8706 = CARTESIAN_POINT('',(-1.101905055734,-13.45650322799,
    -28.24170312024));
#8707 = CARTESIAN_POINT('',(-1.228611007976,-13.44497760596,
    -28.36930508205));
#8708 = CARTESIAN_POINT('',(-1.3357575018,-13.43427094948,
    -28.50649711699));
#8709 = CARTESIAN_POINT('',(-1.423647468356,-13.42490566996,
    -28.6501576882));
#8710 = CARTESIAN_POINT('',(-1.577554096173,-13.40778009385,
    -28.97722592088));
#8711 = CARTESIAN_POINT('',(-1.635443262009,-13.40072163029,
    -29.1644538807));
#8712 = CARTESIAN_POINT('',(-1.667657414362,-13.39658277171,
    -29.35611281301));
#8713 = CARTESIAN_POINT('',(-1.674629124844,-13.39565746989,
    -29.54983450658));
#8714 = CARTESIAN_POINT('',(-1.656346685397,-13.39803765922,
    -29.74332061566));
#8715 = CARTESIAN_POINT('',(-1.612482840073,-13.40359709193,
    -29.93406400256));
#8716 = CARTESIAN_POINT('',(-1.542522237521,-13.41193752459,
    -30.11914931878));
#8717 = CARTESIAN_POINT('',(-1.372781038544,-13.4302226912,
    -30.42790741351));
#8718 = CARTESIAN_POINT('',(-1.283567553126,-13.43937246948,
    -30.55706081909));
#8719 = CARTESIAN_POINT('',(-1.177792152736,-13.44949248059,
    -30.67987693141));
#8720 = CARTESIAN_POINT('',(-1.055332846119,-13.46011731044,
    -30.79369043039));
#8721 = CARTESIAN_POINT('',(-0.916433944669,-13.47062537277,
    -30.8956434354));
#8722 = CARTESIAN_POINT('',(-0.761745201316,-13.48026551829,
    -30.98266413387));
#8723 = CARTESIAN_POINT('',(-0.592423865701,-13.48822522689,
    -31.05141059228));
#8724 = CARTESIAN_POINT('',(-0.231438973995,-13.4992025902,
    -31.14409575922));
#8725 = CARTESIAN_POINT('',(-4.422993298383E-02,-13.50218165817,
    -31.16776688272));
#8726 = CARTESIAN_POINT('',(0.146321727899,-13.50211610719,
    -31.16674052255));
#8727 = CARTESIAN_POINT('',(0.334772077424,-13.49878340732,
    -31.14047937099));
#8728 = CARTESIAN_POINT('',(0.515696612615,-13.49252979637,
    -31.09026026236));
#8729 = CARTESIAN_POINT('',(0.684202393113,-13.48417204967,
    -31.01911959996));
#8730 = CARTESIAN_POINT('',(0.836408297366,-13.474728905,-30.93182596406
    ));
#8731 = CARTESIAN_POINT('',(1.144592777967,-13.45253144742,
    -30.70791683243));
#8732 = CARTESIAN_POINT('',(1.292365145311,-13.43928231873,
    -30.56060990978));
#8733 = CARTESIAN_POINT('',(1.413519697394,-13.42674486004,
    -30.39907954697));
#8734 = CARTESIAN_POINT('',(1.508981057145,-13.4159193349,
    -30.22769135005));
#8735 = CARTESIAN_POINT('',(1.579728069184,-13.40744171853,
    -30.04974525041));
#8736 = CARTESIAN_POINT('',(1.626566907749,-13.40167266238,
    -29.86780819966));
#8737 = CARTESIAN_POINT('',(1.65,-13.39878725855,-29.683932037));
#8738 = CARTESIAN_POINT('',(1.65,-13.39878725855,-29.5));
#8739 = FACE_BOUND('',#8740,.T.);
#8740 = EDGE_LOOP('',(#8741));
#8741 = ORIENTED_EDGE('',*,*,#8742,.T.);
#8742 = EDGE_CURVE('',#8743,#8743,#8745,.T.);
#8743 = VERTEX_POINT('',#8744);
#8744 = CARTESIAN_POINT('',(-13.39878725855,1.65,-29.5));
#8745 = B_SPLINE_CURVE_WITH_KNOTS('',8,(#8746,#8747,#8748,#8749,#8750,
    #8751,#8752,#8753,#8754,#8755,#8756,#8757,#8758,#8759,#8760,#8761,
    #8762,#8763,#8764,#8765,#8766,#8767,#8768,#8769,#8770,#8771,#8772,
    #8773,#8774,#8775,#8776,#8777,#8778,#8779,#8780,#8781,#8782,#8783,
    #8784,#8785,#8786,#8787,#8788,#8789,#8790,#8791,#8792,#8793,#8794,
    #8795,#8796,#8797,#8798,#8799,#8800,#8801,#8802,#8803),
  .UNSPECIFIED.,.T.,.F.,(9,7,7,7,7,7,7,7,9),(0.,0.119790756922,
    0.213888918687,0.332562018648,0.409266860958,0.560560682825,
    0.696842133977,0.801259348034,1.),.UNSPECIFIED.);
#8746 = CARTESIAN_POINT('',(-13.39878725855,1.65,-29.5));
#8747 = CARTESIAN_POINT('',(-13.39878725855,1.65,-29.36178107318));
#8748 = CARTESIAN_POINT('',(-13.40041675838,1.636767620809,
    -29.22362209347));
#8749 = CARTESIAN_POINT('',(-13.40367344658,1.610322006792,
    -29.08632017647));
#8750 = CARTESIAN_POINT('',(-13.40850069252,1.57051881877,
    -28.95072737686));
#8751 = CARTESIAN_POINT('',(-13.41478358241,1.517090099027,
    -28.81781633769));
#8752 = CARTESIAN_POINT('',(-13.42233371268,1.449681320223,
    -28.68874858894));
#8753 = CARTESIAN_POINT('',(-13.43087001306,1.36789457344,
    -28.56495656575));
#8754 = CARTESIAN_POINT('',(-13.44717692406,1.195506581455,
    -28.35657527974));
#8755 = CARTESIAN_POINT('',(-13.45476054403,1.110119596791,
    -28.26874284664));
#8756 = CARTESIAN_POINT('',(-13.46253738083,1.015187041956,
    -28.18616684226));
#8757 = CARTESIAN_POINT('',(-13.47023600417,0.91089530558,
    -28.11026296318));
#8758 = CARTESIAN_POINT('',(-13.47754171308,0.797612430043,
    -28.04244900378));
#8759 = CARTESIAN_POINT('',(-13.48411581216,0.675891361073,
    -27.98414780661));
#8760 = CARTESIAN_POINT('',(-13.4896223549,0.546480036451,
    -27.93679303733));
#8761 = CARTESIAN_POINT('',(-13.49898356696,0.238641439458,
    -27.85775351959));
#8762 = CARTESIAN_POINT('',(-13.50194694621,5.89934051311E-02,
    -27.83409833549));
#8763 = CARTESIAN_POINT('',(-13.50211827048,-0.124126609453,
    -27.83318721944));
#8764 = CARTESIAN_POINT('',(-13.49927485802,-0.305773249769,
    -27.85564367283));
#8765 = CARTESIAN_POINT('',(-13.49368455361,-0.48099848226,
    -27.90046551963));
#8766 = CARTESIAN_POINT('',(-13.48603749223,-0.64527938383,
    -27.96506007837));
#8767 = CARTESIAN_POINT('',(-13.47723065957,-0.79492006585,
    -28.04525824727));
#8768 = CARTESIAN_POINT('',(-13.46220703621,-1.013090805128,
    -28.19352692858));
#8769 = CARTESIAN_POINT('',(-13.45609544059,-1.092758652534,
    -28.25665059547));
#8770 = CARTESIAN_POINT('',(-13.44992452184,-1.166411639432,
    -28.3240042801));
#8771 = CARTESIAN_POINT('',(-13.44383166619,-1.234064401556,
    -28.39498014982));
#8772 = CARTESIAN_POINT('',(-13.43793587805,-1.295764281961,
    -28.46903701879));
#8773 = CARTESIAN_POINT('',(-13.4323373534,-1.351581170889,
    -28.54569177365));
#8774 = CARTESIAN_POINT('',(-13.42711835509,-1.401598590157,
    -28.62451151827));
#8775 = CARTESIAN_POINT('',(-13.4129311203,-1.533298688686,
    -28.86407310816));
#8776 = CARTESIAN_POINT('',(-13.40523466198,-1.598638338421,
    -29.03023702186));
#8777 = CARTESIAN_POINT('',(-13.39975727658,-1.642646848424,
    -29.20098124719));
#8778 = CARTESIAN_POINT('',(-13.39678885761,-1.665859775129,
    -29.37425769326));
#8779 = CARTESIAN_POINT('',(-13.39645309362,-1.668583535139,
    -29.54834497632));
#8780 = CARTESIAN_POINT('',(-13.39873878852,-1.650849555551,
    -29.72165081068));
#8781 = CARTESIAN_POINT('',(-13.40350398632,-1.612364199016,
    -29.89250855794));
#8782 = CARTESIAN_POINT('',(-13.41668691593,-1.498487096116,
    -30.20881437946));
#8783 = CARTESIAN_POINT('',(-13.42471873063,-1.426932639441,
    -30.35566644307));
#8784 = CARTESIAN_POINT('',(-13.43431488178,-1.337223936088,
    -30.49751353717));
#8785 = CARTESIAN_POINT('',(-13.44509965172,-1.228865806002,
    -30.63203917841));
#8786 = CARTESIAN_POINT('',(-13.4565236265,-1.101520993901,
    -30.75651532118));
#8787 = CARTESIAN_POINT('',(-13.46783615879,-0.955115767168,
    -30.86772473667));
#8788 = CARTESIAN_POINT('',(-13.4781036074,-0.790025967198,
    -30.96182664849));
#8789 = CARTESIAN_POINT('',(-13.49263045384,-0.467483908454,
    -31.08953008356));
#8790 = CARTESIAN_POINT('',(-13.49771627119,-0.317645251783,
    -31.13198467766));
#8791 = CARTESIAN_POINT('',(-13.50105120847,-0.160712131889,
    -31.1586272295));
#8792 = CARTESIAN_POINT('',(-13.50221714475,-6.152698886904E-05,
    -31.16771783703));
#8793 = CARTESIAN_POINT('',(-13.50105493678,0.160634272008,
    -31.15865507552));
#8794 = CARTESIAN_POINT('',(-13.49771734477,0.3176694048,-31.13199712856
    ));
#8795 = CARTESIAN_POINT('',(-13.49262634661,0.46757510203,
    -31.08949397747));
#8796 = CARTESIAN_POINT('',(-13.47434183509,0.873549241954,
    -30.92875744463));
#8797 = CARTESIAN_POINT('',(-13.45806100874,1.101482062281,
    -30.77747550299));
#8798 = CARTESIAN_POINT('',(-13.44061082004,1.288527669552,
    -30.59523206079));
#8799 = CARTESIAN_POINT('',(-13.42469084632,1.435364660341,
    -30.39225596942));
#8800 = CARTESIAN_POINT('',(-13.41190354879,1.543474540435,
    -30.17620930615));
#8801 = CARTESIAN_POINT('',(-13.40315043884,1.614571967962,
    -29.95276411902));
#8802 = CARTESIAN_POINT('',(-13.39878725855,1.65,-29.72616140072));
#8803 = CARTESIAN_POINT('',(-13.39878725855,1.65,-29.5));
#8804 = CYLINDRICAL_SURFACE('',#8805,13.5);
#8805 = AXIS2_PLACEMENT_3D('',#8806,#8807,#8808);
#8806 = CARTESIAN_POINT('',(0.,-5.551115123126E-15,-25.));
#8807 = DIRECTION('',(0.,-2.22044604925E-16,-1.));
#8808 = DIRECTION('',(1.,0.,0.));
#8809 = ADVANCED_FACE('',(#8810),#8831,.F.);
#8810 = FACE_BOUND('',#8811,.F.);
#8811 = EDGE_LOOP('',(#8812,#8820,#8821,#8822,#8823,#8824));
#8812 = ORIENTED_EDGE('',*,*,#8813,.F.);
#8813 = EDGE_CURVE('',#8542,#8814,#8816,.T.);
#8814 = VERTEX_POINT('',#8815);
#8815 = CARTESIAN_POINT('',(10.3,1.65,-29.5));
#8816 = LINE('',#8817,#8818);
#8817 = CARTESIAN_POINT('',(51.638565045903,1.65,-29.5));
#8818 = VECTOR('',#8819,1.);
#8819 = DIRECTION('',(-1.,-0.,0.));
#8820 = ORIENTED_EDGE('',*,*,#8560,.F.);
#8821 = ORIENTED_EDGE('',*,*,#8595,.F.);
#8822 = ORIENTED_EDGE('',*,*,#8541,.F.);
#8823 = ORIENTED_EDGE('',*,*,#8813,.T.);
#8824 = ORIENTED_EDGE('',*,*,#8825,.T.);
#8825 = EDGE_CURVE('',#8814,#8814,#8826,.T.);
#8826 = CIRCLE('',#8827,1.65);
#8827 = AXIS2_PLACEMENT_3D('',#8828,#8829,#8830);
#8828 = CARTESIAN_POINT('',(10.3,-6.2E-15,-29.5));
#8829 = DIRECTION('',(1.,0.,0.));
#8830 = DIRECTION('',(0.,1.,0.));
#8831 = CYLINDRICAL_SURFACE('',#8832,1.65);
#8832 = AXIS2_PLACEMENT_3D('',#8833,#8834,#8835);
#8833 = CARTESIAN_POINT('',(51.638565045903,-6.2E-15,-29.5));
#8834 = DIRECTION('',(1.,0.,0.));
#8835 = DIRECTION('',(0.,1.,0.));
#8836 = ADVANCED_FACE('',(#8837,#8840),#8851,.T.);
#8837 = FACE_BOUND('',#8838,.T.);
#8838 = EDGE_LOOP('',(#8839));
#8839 = ORIENTED_EDGE('',*,*,#8587,.T.);
#8840 = FACE_BOUND('',#8841,.T.);
#8841 = EDGE_LOOP('',(#8842));
#8842 = ORIENTED_EDGE('',*,*,#8843,.F.);
#8843 = EDGE_CURVE('',#8844,#8844,#8846,.T.);
#8844 = VERTEX_POINT('',#8845);
#8845 = CARTESIAN_POINT('',(7.3,-7.549516567451E-15,-34.));
#8846 = CIRCLE('',#8847,7.3);
#8847 = AXIS2_PLACEMENT_3D('',#8848,#8849,#8850);
#8848 = CARTESIAN_POINT('',(0.,-7.549516567451E-15,-34.));
#8849 = DIRECTION('',(0.,-2.22044604925E-16,-1.));
#8850 = DIRECTION('',(1.,0.,0.));
#8851 = PLANE('',#8852);
#8852 = AXIS2_PLACEMENT_3D('',#8853,#8854,#8855);
#8853 = CARTESIAN_POINT('',(0.,-7.549516567451E-15,-34.));
#8854 = DIRECTION('',(0.,-2.22044604925E-16,-1.));
#8855 = DIRECTION('',(1.,0.,0.));
#8856 = ADVANCED_FACE('',(#8857),#8876,.F.);
#8857 = FACE_BOUND('',#8858,.F.);
#8858 = EDGE_LOOP('',(#8859,#8868,#8874,#8875));
#8859 = ORIENTED_EDGE('',*,*,#8860,.F.);
#8860 = EDGE_CURVE('',#8861,#8861,#8863,.T.);
#8861 = VERTEX_POINT('',#8862);
#8862 = CARTESIAN_POINT('',(1.65,10.3,-29.5));
#8863 = CIRCLE('',#8864,1.65);
#8864 = AXIS2_PLACEMENT_3D('',#8865,#8866,#8867);
#8865 = CARTESIAN_POINT('',(1.3E-15,10.3,-29.5));
#8866 = DIRECTION('',(0.,-1.,2.22044604925E-16));
#8867 = DIRECTION('',(1.,0.,0.));
#8868 = ORIENTED_EDGE('',*,*,#8869,.T.);
#8869 = EDGE_CURVE('',#8861,#8627,#8870,.T.);
#8870 = LINE('',#8871,#8872);
#8871 = CARTESIAN_POINT('',(1.65,-51.6385650459,-29.5));
#8872 = VECTOR('',#8873,1.);
#8873 = DIRECTION('',(0.,1.,-2.22044604925E-16));
#8874 = ORIENTED_EDGE('',*,*,#8626,.T.);
#8875 = ORIENTED_EDGE('',*,*,#8869,.F.);
#8876 = CYLINDRICAL_SURFACE('',#8877,1.65);
#8877 = AXIS2_PLACEMENT_3D('',#8878,#8879,#8880);
#8878 = CARTESIAN_POINT('',(1.3E-15,-51.6385650459,-29.5));
#8879 = DIRECTION('',(0.,-1.,2.22044604925E-16));
#8880 = DIRECTION('',(1.,0.,0.));
#8881 = ADVANCED_FACE('',(#8882),#8901,.F.);
#8882 = FACE_BOUND('',#8883,.F.);
#8883 = EDGE_LOOP('',(#8884,#8892,#8893,#8894));
#8884 = ORIENTED_EDGE('',*,*,#8885,.F.);
#8885 = EDGE_CURVE('',#8685,#8886,#8888,.T.);
#8886 = VERTEX_POINT('',#8887);
#8887 = CARTESIAN_POINT('',(1.65,-10.3,-29.5));
#8888 = LINE('',#8889,#8890);
#8889 = CARTESIAN_POINT('',(1.65,-51.6385650459,-29.5));
#8890 = VECTOR('',#8891,1.);
#8891 = DIRECTION('',(0.,1.,-2.22044604925E-16));
#8892 = ORIENTED_EDGE('',*,*,#8684,.F.);
#8893 = ORIENTED_EDGE('',*,*,#8885,.T.);
#8894 = ORIENTED_EDGE('',*,*,#8895,.T.);
#8895 = EDGE_CURVE('',#8886,#8886,#8896,.T.);
#8896 = CIRCLE('',#8897,1.65);
#8897 = AXIS2_PLACEMENT_3D('',#8898,#8899,#8900);
#8898 = CARTESIAN_POINT('',(1.3E-15,-10.3,-29.5));
#8899 = DIRECTION('',(0.,-1.,2.22044604925E-16));
#8900 = DIRECTION('',(1.,0.,0.));
#8901 = CYLINDRICAL_SURFACE('',#8902,1.65);
#8902 = AXIS2_PLACEMENT_3D('',#8903,#8904,#8905);
#8903 = CARTESIAN_POINT('',(1.3E-15,-51.6385650459,-29.5));
#8904 = DIRECTION('',(0.,-1.,2.22044604925E-16));
#8905 = DIRECTION('',(1.,0.,0.));
#8906 = ADVANCED_FACE('',(#8907),#8926,.F.);
#8907 = FACE_BOUND('',#8908,.F.);
#8908 = EDGE_LOOP('',(#8909,#8918,#8924,#8925));
#8909 = ORIENTED_EDGE('',*,*,#8910,.F.);
#8910 = EDGE_CURVE('',#8911,#8911,#8913,.T.);
#8911 = VERTEX_POINT('',#8912);
#8912 = CARTESIAN_POINT('',(-10.3,1.65,-29.5));
#8913 = CIRCLE('',#8914,1.65);
#8914 = AXIS2_PLACEMENT_3D('',#8915,#8916,#8917);
#8915 = CARTESIAN_POINT('',(-10.3,-6.2E-15,-29.5));
#8916 = DIRECTION('',(1.,0.,0.));
#8917 = DIRECTION('',(0.,1.,0.));
#8918 = ORIENTED_EDGE('',*,*,#8919,.T.);
#8919 = EDGE_CURVE('',#8911,#8743,#8920,.T.);
#8920 = LINE('',#8921,#8922);
#8921 = CARTESIAN_POINT('',(51.638565045903,1.65,-29.5));
#8922 = VECTOR('',#8923,1.);
#8923 = DIRECTION('',(-1.,-0.,0.));
#8924 = ORIENTED_EDGE('',*,*,#8742,.T.);
#8925 = ORIENTED_EDGE('',*,*,#8919,.F.);
#8926 = CYLINDRICAL_SURFACE('',#8927,1.65);
#8927 = AXIS2_PLACEMENT_3D('',#8928,#8929,#8930);
#8928 = CARTESIAN_POINT('',(51.638565045903,-6.2E-15,-29.5));
#8929 = DIRECTION('',(1.,0.,0.));
#8930 = DIRECTION('',(0.,1.,0.));
#8931 = ADVANCED_FACE('',(#8932,#8982),#8985,.F.);
#8932 = FACE_BOUND('',#8933,.F.);
#8933 = EDGE_LOOP('',(#8934,#8944,#8952,#8960,#8968,#8976));
#8934 = ORIENTED_EDGE('',*,*,#8935,.T.);
#8935 = EDGE_CURVE('',#8936,#8938,#8940,.T.);
#8936 = VERTEX_POINT('',#8937);
#8937 = CARTESIAN_POINT('',(10.3,0.,-26.4));
#8938 = VERTEX_POINT('',#8939);
#8939 = CARTESIAN_POINT('',(10.3,-2.684678751732,-27.95));
#8940 = LINE('',#8941,#8942);
#8941 = CARTESIAN_POINT('',(10.3,0.,-26.4));
#8942 = VECTOR('',#8943,1.);
#8943 = DIRECTION('',(0.,-0.866025403784,-0.5));
#8944 = ORIENTED_EDGE('',*,*,#8945,.T.);
#8945 = EDGE_CURVE('',#8938,#8946,#8948,.T.);
#8946 = VERTEX_POINT('',#8947);
#8947 = CARTESIAN_POINT('',(10.3,-2.684678751732,-31.05));
#8948 = LINE('',#8949,#8950);
#8949 = CARTESIAN_POINT('',(10.3,-2.684678751732,-27.95));
#8950 = VECTOR('',#8951,1.);
#8951 = DIRECTION('',(0.,-1.432545838226E-16,-1.));
#8952 = ORIENTED_EDGE('',*,*,#8953,.T.);
#8953 = EDGE_CURVE('',#8946,#8954,#8956,.T.);
#8954 = VERTEX_POINT('',#8955);
#8955 = CARTESIAN_POINT('',(10.3,-4.440892098501E-16,-32.6));
#8956 = LINE('',#8957,#8958);
#8957 = CARTESIAN_POINT('',(10.3,-2.684678751732,-31.05));
#8958 = VECTOR('',#8959,1.);
#8959 = DIRECTION('',(0.,0.866025403784,-0.5));
#8960 = ORIENTED_EDGE('',*,*,#8961,.T.);
#8961 = EDGE_CURVE('',#8954,#8962,#8964,.T.);
#8962 = VERTEX_POINT('',#8963);
#8963 = CARTESIAN_POINT('',(10.3,2.684678751732,-31.05));
#8964 = LINE('',#8965,#8966);
#8965 = CARTESIAN_POINT('',(10.3,-4.440892098501E-16,-32.6));
#8966 = VECTOR('',#8967,1.);
#8967 = DIRECTION('',(0.,0.866025403784,0.5));
#8968 = ORIENTED_EDGE('',*,*,#8969,.T.);
#8969 = EDGE_CURVE('',#8962,#8970,#8972,.T.);
#8970 = VERTEX_POINT('',#8971);
#8971 = CARTESIAN_POINT('',(10.3,2.684678751732,-27.95));
#8972 = LINE('',#8973,#8974);
#8973 = CARTESIAN_POINT('',(10.3,2.684678751732,-31.05));
#8974 = VECTOR('',#8975,1.);
#8975 = DIRECTION('',(0.,5.730183352904E-16,1.));
#8976 = ORIENTED_EDGE('',*,*,#8977,.T.);
#8977 = EDGE_CURVE('',#8970,#8936,#8978,.T.);
#8978 = LINE('',#8979,#8980);
#8979 = CARTESIAN_POINT('',(10.3,2.684678751732,-27.95));
#8980 = VECTOR('',#8981,1.);
#8981 = DIRECTION('',(0.,-0.866025403784,0.5));
#8982 = FACE_BOUND('',#8983,.F.);
#8983 = EDGE_LOOP('',(#8984));
#8984 = ORIENTED_EDGE('',*,*,#8825,.F.);
#8985 = PLANE('',#8986);
#8986 = AXIS2_PLACEMENT_3D('',#8987,#8988,#8989);
#8987 = CARTESIAN_POINT('',(10.3,-3.820122235269E-16,-29.5));
#8988 = DIRECTION('',(1.,0.,0.));
#8989 = DIRECTION('',(0.,0.,1.));
#8990 = ADVANCED_FACE('',(#8991,#9146,#9200,#9254),#9308,.F.);
#8991 = FACE_BOUND('',#8992,.T.);
#8992 = EDGE_LOOP('',(#8993,#9001,#9002,#9003,#9012,#9020,#9029,#9037,
    #9046,#9054,#9063,#9071,#9080,#9089,#9097,#9106,#9114,#9121,#9122,
    #9131,#9139));
#8993 = ORIENTED_EDGE('',*,*,#8994,.F.);
#8994 = EDGE_CURVE('',#8844,#8995,#8997,.T.);
#8995 = VERTEX_POINT('',#8996);
#8996 = CARTESIAN_POINT('',(7.3,-3.841371665203E-15,-32.6));
#8997 = LINE('',#8998,#8999);
#8998 = CARTESIAN_POINT('',(7.3,-7.549516567451E-15,-34.));
#8999 = VECTOR('',#9000,1.);
#9000 = DIRECTION('',(0.,2.22044604925E-16,1.));
#9001 = ORIENTED_EDGE('',*,*,#8843,.T.);
#9002 = ORIENTED_EDGE('',*,*,#8994,.T.);
#9003 = ORIENTED_EDGE('',*,*,#9004,.F.);
#9004 = EDGE_CURVE('',#9005,#8995,#9007,.T.);
#9005 = VERTEX_POINT('',#9006);
#9006 = CARTESIAN_POINT('',(6.788409239284,2.684678751732,-31.05));
#9007 = ELLIPSE('',#9008,8.429313930169,7.3);
#9008 = AXIS2_PLACEMENT_3D('',#9009,#9010,#9011);
#9009 = CARTESIAN_POINT('',(0.,-7.238654120556E-15,-32.6));
#9010 = DIRECTION('',(0.,0.5,-0.866025403784));
#9011 = DIRECTION('',(0.,0.866025403784,0.5));
#9012 = ORIENTED_EDGE('',*,*,#9013,.T.);
#9013 = EDGE_CURVE('',#9005,#9014,#9016,.T.);
#9014 = VERTEX_POINT('',#9015);
#9015 = CARTESIAN_POINT('',(6.788409239284,2.684678751732,-27.95));
#9016 = LINE('',#9017,#9018);
#9017 = CARTESIAN_POINT('',(6.788409239284,2.684678751732,-34.));
#9018 = VECTOR('',#9019,1.);
#9019 = DIRECTION('',(0.,2.22044604925E-16,1.));
#9020 = ORIENTED_EDGE('',*,*,#9021,.F.);
#9021 = EDGE_CURVE('',#9022,#9014,#9024,.T.);
#9022 = VERTEX_POINT('',#9023);
#9023 = CARTESIAN_POINT('',(7.3,-2.93098878501E-15,-26.4));
#9024 = ELLIPSE('',#9025,8.429313930169,7.3);
#9025 = AXIS2_PLACEMENT_3D('',#9026,#9027,#9028);
#9026 = CARTESIAN_POINT('',(0.,-5.861977570021E-15,-26.4));
#9027 = DIRECTION('',(-0.,0.5,0.866025403784));
#9028 = DIRECTION('',(0.,-0.866025403784,0.5));
#9029 = ORIENTED_EDGE('',*,*,#9030,.T.);
#9030 = EDGE_CURVE('',#9022,#9031,#9033,.T.);
#9031 = VERTEX_POINT('',#9032);
#9032 = CARTESIAN_POINT('',(7.3,-2.6645352591E-15,-12.));
#9033 = LINE('',#9034,#9035);
#9034 = CARTESIAN_POINT('',(7.3,-7.549516567451E-15,-34.));
#9035 = VECTOR('',#9036,1.);
#9036 = DIRECTION('',(0.,2.22044604925E-16,1.));
#9037 = ORIENTED_EDGE('',*,*,#9038,.F.);
#9038 = EDGE_CURVE('',#9039,#9031,#9041,.T.);
#9039 = VERTEX_POINT('',#9040);
#9040 = CARTESIAN_POINT('',(7.020683727387,2.,-11.66712382864));
#9041 = ELLIPSE('',#9042,11.356783936081,7.3);
#9042 = AXIS2_PLACEMENT_3D('',#9043,#9044,#9045);
#9043 = CARTESIAN_POINT('',(0.,-7.327913329607E-16,-3.300198774062));
#9044 = DIRECTION('',(-0.766044443119,-1.427275208436E-16,
    -0.642787609687));
#9045 = DIRECTION('',(-0.642787609687,1.700960357274E-16,0.766044443119)
  );
#9046 = ORIENTED_EDGE('',*,*,#9047,.T.);
#9047 = EDGE_CURVE('',#9039,#9048,#9050,.T.);
#9048 = VERTEX_POINT('',#9049);
#9049 = CARTESIAN_POINT('',(7.020683727387,2.,-3.));
#9050 = LINE('',#9051,#9052);
#9051 = CARTESIAN_POINT('',(7.020683727387,2.,-34.));
#9052 = VECTOR('',#9053,1.);
#9053 = DIRECTION('',(0.,2.22044604925E-16,1.));
#9054 = ORIENTED_EDGE('',*,*,#9055,.F.);
#9055 = EDGE_CURVE('',#9056,#9048,#9058,.T.);
#9056 = VERTEX_POINT('',#9057);
#9057 = CARTESIAN_POINT('',(-7.020683727387,2.,-3.));
#9058 = CIRCLE('',#9059,7.3);
#9059 = AXIS2_PLACEMENT_3D('',#9060,#9061,#9062);
#9060 = CARTESIAN_POINT('',(0.,-6.661338147751E-16,-3.));
#9061 = DIRECTION('',(0.,-2.22044604925E-16,-1.));
#9062 = DIRECTION('',(1.,0.,0.));
#9063 = ORIENTED_EDGE('',*,*,#9064,.F.);
#9064 = EDGE_CURVE('',#9065,#9056,#9067,.T.);
#9065 = VERTEX_POINT('',#9066);
#9066 = CARTESIAN_POINT('',(-7.020683727387,2.,-11.66712382864));
#9067 = LINE('',#9068,#9069);
#9068 = CARTESIAN_POINT('',(-7.020683727387,2.,-34.));
#9069 = VECTOR('',#9070,1.);
#9070 = DIRECTION('',(0.,2.22044604925E-16,1.));
#9071 = ORIENTED_EDGE('',*,*,#9072,.T.);
#9072 = EDGE_CURVE('',#9065,#9073,#9075,.T.);
#9073 = VERTEX_POINT('',#9074);
#9074 = CARTESIAN_POINT('',(-7.3,-2.6645352591E-15,-12.));
#9075 = ELLIPSE('',#9076,11.356783936081,7.3);
#9076 = AXIS2_PLACEMENT_3D('',#9077,#9078,#9079);
#9077 = CARTESIAN_POINT('',(0.,-7.327913329607E-16,-3.300198774062));
#9078 = DIRECTION('',(-0.766044443119,1.427275208436E-16,0.642787609687)
  );
#9079 = DIRECTION('',(0.642787609687,1.700960357274E-16,0.766044443119)
  );
#9080 = ORIENTED_EDGE('',*,*,#9081,.T.);
#9081 = EDGE_CURVE('',#9073,#9082,#9084,.T.);
#9082 = VERTEX_POINT('',#9083);
#9083 = CARTESIAN_POINT('',(-7.020683727387,-2.,-11.66712382864));
#9084 = ELLIPSE('',#9085,11.356783936081,7.3);
#9085 = AXIS2_PLACEMENT_3D('',#9086,#9087,#9088);
#9086 = CARTESIAN_POINT('',(0.,-7.327913329607E-16,-3.300198774062));
#9087 = DIRECTION('',(-0.766044443119,1.427275208436E-16,0.642787609687)
  );
#9088 = DIRECTION('',(0.642787609687,1.700960357274E-16,0.766044443119)
  );
#9089 = ORIENTED_EDGE('',*,*,#9090,.T.);
#9090 = EDGE_CURVE('',#9082,#9091,#9093,.T.);
#9091 = VERTEX_POINT('',#9092);
#9092 = CARTESIAN_POINT('',(-7.020683727387,-2.,-3.));
#9093 = LINE('',#9094,#9095);
#9094 = CARTESIAN_POINT('',(-7.020683727387,-2.,-34.));
#9095 = VECTOR('',#9096,1.);
#9096 = DIRECTION('',(0.,2.22044604925E-16,1.));
#9097 = ORIENTED_EDGE('',*,*,#9098,.F.);
#9098 = EDGE_CURVE('',#9099,#9091,#9101,.T.);
#9099 = VERTEX_POINT('',#9100);
#9100 = CARTESIAN_POINT('',(7.020683727387,-2.,-3.));
#9101 = CIRCLE('',#9102,7.3);
#9102 = AXIS2_PLACEMENT_3D('',#9103,#9104,#9105);
#9103 = CARTESIAN_POINT('',(0.,-6.661338147751E-16,-3.));
#9104 = DIRECTION('',(0.,-2.22044604925E-16,-1.));
#9105 = DIRECTION('',(1.,0.,0.));
#9106 = ORIENTED_EDGE('',*,*,#9107,.F.);
#9107 = EDGE_CURVE('',#9108,#9099,#9110,.T.);
#9108 = VERTEX_POINT('',#9109);
#9109 = CARTESIAN_POINT('',(7.020683727387,-2.,-11.66712382864));
#9110 = LINE('',#9111,#9112);
#9111 = CARTESIAN_POINT('',(7.020683727387,-2.,-34.));
#9112 = VECTOR('',#9113,1.);
#9113 = DIRECTION('',(0.,2.22044604925E-16,1.));
#9114 = ORIENTED_EDGE('',*,*,#9115,.F.);
#9115 = EDGE_CURVE('',#9031,#9108,#9116,.T.);
#9116 = ELLIPSE('',#9117,11.356783936081,7.3);
#9117 = AXIS2_PLACEMENT_3D('',#9118,#9119,#9120);
#9118 = CARTESIAN_POINT('',(0.,-7.327913329607E-16,-3.300198774062));
#9119 = DIRECTION('',(-0.766044443119,-1.427275208436E-16,
    -0.642787609687));
#9120 = DIRECTION('',(-0.642787609687,1.700960357274E-16,0.766044443119)
  );
#9121 = ORIENTED_EDGE('',*,*,#9030,.F.);
#9122 = ORIENTED_EDGE('',*,*,#9123,.F.);
#9123 = EDGE_CURVE('',#9124,#9022,#9126,.T.);
#9124 = VERTEX_POINT('',#9125);
#9125 = CARTESIAN_POINT('',(6.788409239284,-2.684678751732,-27.95));
#9126 = ELLIPSE('',#9127,8.429313930169,7.3);
#9127 = AXIS2_PLACEMENT_3D('',#9128,#9129,#9130);
#9128 = CARTESIAN_POINT('',(0.,-5.861977570021E-15,-26.4));
#9129 = DIRECTION('',(0.,-0.5,0.866025403784));
#9130 = DIRECTION('',(0.,0.866025403784,0.5));
#9131 = ORIENTED_EDGE('',*,*,#9132,.F.);
#9132 = EDGE_CURVE('',#9133,#9124,#9135,.T.);
#9133 = VERTEX_POINT('',#9134);
#9134 = CARTESIAN_POINT('',(6.788409239284,-2.684678751732,-31.05));
#9135 = LINE('',#9136,#9137);
#9136 = CARTESIAN_POINT('',(6.788409239284,-2.684678751732,-34.));
#9137 = VECTOR('',#9138,1.);
#9138 = DIRECTION('',(0.,2.22044604925E-16,1.));
#9139 = ORIENTED_EDGE('',*,*,#9140,.F.);
#9140 = EDGE_CURVE('',#8995,#9133,#9141,.T.);
#9141 = ELLIPSE('',#9142,8.429313930169,7.3);
#9142 = AXIS2_PLACEMENT_3D('',#9143,#9144,#9145);
#9143 = CARTESIAN_POINT('',(0.,-7.238654120556E-15,-32.6));
#9144 = DIRECTION('',(0.,-0.5,-0.866025403784));
#9145 = DIRECTION('',(0.,-0.866025403784,0.5));
#9146 = FACE_BOUND('',#9147,.T.);
#9147 = EDGE_LOOP('',(#9148,#9159,#9167,#9176,#9185,#9193));
#9148 = ORIENTED_EDGE('',*,*,#9149,.F.);
#9149 = EDGE_CURVE('',#9150,#9152,#9154,.T.);
#9150 = VERTEX_POINT('',#9151);
#9151 = CARTESIAN_POINT('',(-2.684678751732,-6.788409239284,-27.95));
#9152 = VERTEX_POINT('',#9153);
#9153 = CARTESIAN_POINT('',(0.,-7.3,-26.4));
#9154 = ELLIPSE('',#9155,8.429313930169,7.3);
#9155 = AXIS2_PLACEMENT_3D('',#9156,#9157,#9158);
#9156 = CARTESIAN_POINT('',(0.,-5.861977570021E-15,-26.4));
#9157 = DIRECTION('',(-0.5,1.922962686384E-16,0.866025403784));
#9158 = DIRECTION('',(0.866025403784,1.110223024625E-16,0.5));
#9159 = ORIENTED_EDGE('',*,*,#9160,.F.);
#9160 = EDGE_CURVE('',#9161,#9150,#9163,.T.);
#9161 = VERTEX_POINT('',#9162);
#9162 = CARTESIAN_POINT('',(-2.684678751732,-6.788409239284,-31.05));
#9163 = LINE('',#9164,#9165);
#9164 = CARTESIAN_POINT('',(-2.684678751732,-6.788409239284,-34.));
#9165 = VECTOR('',#9166,1.);
#9166 = DIRECTION('',(0.,2.22044604925E-16,1.));
#9167 = ORIENTED_EDGE('',*,*,#9168,.F.);
#9168 = EDGE_CURVE('',#9169,#9161,#9171,.T.);
#9169 = VERTEX_POINT('',#9170);
#9170 = CARTESIAN_POINT('',(-1.33226762955E-15,-7.3,-32.6));
#9171 = ELLIPSE('',#9172,8.429313930169,7.3);
#9172 = AXIS2_PLACEMENT_3D('',#9173,#9174,#9175);
#9173 = CARTESIAN_POINT('',(0.,-7.238654120556E-15,-32.6));
#9174 = DIRECTION('',(-0.5,-1.922962686384E-16,-0.866025403784));
#9175 = DIRECTION('',(-0.866025403784,1.110223024625E-16,0.5));
#9176 = ORIENTED_EDGE('',*,*,#9177,.F.);
#9177 = EDGE_CURVE('',#9178,#9169,#9180,.T.);
#9178 = VERTEX_POINT('',#9179);
#9179 = CARTESIAN_POINT('',(2.684678751732,-6.788409239284,-31.05));
#9180 = ELLIPSE('',#9181,8.429313930169,7.3);
#9181 = AXIS2_PLACEMENT_3D('',#9182,#9183,#9184);
#9182 = CARTESIAN_POINT('',(0.,-7.238654120556E-15,-32.6));
#9183 = DIRECTION('',(0.5,-1.922962686384E-16,-0.866025403784));
#9184 = DIRECTION('',(0.866025403784,1.110223024625E-16,0.5));
#9185 = ORIENTED_EDGE('',*,*,#9186,.T.);
#9186 = EDGE_CURVE('',#9178,#9187,#9189,.T.);
#9187 = VERTEX_POINT('',#9188);
#9188 = CARTESIAN_POINT('',(2.684678751732,-6.788409239284,-27.95));
#9189 = LINE('',#9190,#9191);
#9190 = CARTESIAN_POINT('',(2.684678751732,-6.788409239284,-34.));
#9191 = VECTOR('',#9192,1.);
#9192 = DIRECTION('',(0.,2.22044604925E-16,1.));
#9193 = ORIENTED_EDGE('',*,*,#9194,.F.);
#9194 = EDGE_CURVE('',#9152,#9187,#9195,.T.);
#9195 = ELLIPSE('',#9196,8.429313930169,7.3);
#9196 = AXIS2_PLACEMENT_3D('',#9197,#9198,#9199);
#9197 = CARTESIAN_POINT('',(0.,-5.861977570021E-15,-26.4));
#9198 = DIRECTION('',(0.5,1.922962686384E-16,0.866025403784));
#9199 = DIRECTION('',(-0.866025403784,1.110223024625E-16,0.5));
#9200 = FACE_BOUND('',#9201,.T.);
#9201 = EDGE_LOOP('',(#9202,#9213,#9222,#9230,#9239,#9248));
#9202 = ORIENTED_EDGE('',*,*,#9203,.F.);
#9203 = EDGE_CURVE('',#9204,#9206,#9208,.T.);
#9204 = VERTEX_POINT('',#9205);
#9205 = CARTESIAN_POINT('',(-7.3,0.,-26.4));
#9206 = VERTEX_POINT('',#9207);
#9207 = CARTESIAN_POINT('',(-6.788409239284,-2.684678751732,-27.95));
#9208 = ELLIPSE('',#9209,8.429313930169,7.3);
#9209 = AXIS2_PLACEMENT_3D('',#9210,#9211,#9212);
#9210 = CARTESIAN_POINT('',(0.,-5.861977570021E-15,-26.4));
#9211 = DIRECTION('',(0.,-0.5,0.866025403784));
#9212 = DIRECTION('',(0.,0.866025403784,0.5));
#9213 = ORIENTED_EDGE('',*,*,#9214,.F.);
#9214 = EDGE_CURVE('',#9215,#9204,#9217,.T.);
#9215 = VERTEX_POINT('',#9216);
#9216 = CARTESIAN_POINT('',(-6.788409239284,2.684678751732,-27.95));
#9217 = ELLIPSE('',#9218,8.429313930169,7.3);
#9218 = AXIS2_PLACEMENT_3D('',#9219,#9220,#9221);
#9219 = CARTESIAN_POINT('',(0.,-5.861977570021E-15,-26.4));
#9220 = DIRECTION('',(-0.,0.5,0.866025403784));
#9221 = DIRECTION('',(0.,-0.866025403784,0.5));
#9222 = ORIENTED_EDGE('',*,*,#9223,.F.);
#9223 = EDGE_CURVE('',#9224,#9215,#9226,.T.);
#9224 = VERTEX_POINT('',#9225);
#9225 = CARTESIAN_POINT('',(-6.788409239284,2.684678751732,-31.05));
#9226 = LINE('',#9227,#9228);
#9227 = CARTESIAN_POINT('',(-6.788409239284,2.684678751732,-34.));
#9228 = VECTOR('',#9229,1.);
#9229 = DIRECTION('',(0.,2.22044604925E-16,1.));
#9230 = ORIENTED_EDGE('',*,*,#9231,.F.);
#9231 = EDGE_CURVE('',#9232,#9224,#9234,.T.);
#9232 = VERTEX_POINT('',#9233);
#9233 = CARTESIAN_POINT('',(-7.3,-4.440892098501E-16,-32.6));
#9234 = ELLIPSE('',#9235,8.429313930169,7.3);
#9235 = AXIS2_PLACEMENT_3D('',#9236,#9237,#9238);
#9236 = CARTESIAN_POINT('',(0.,-7.238654120556E-15,-32.6));
#9237 = DIRECTION('',(0.,0.5,-0.866025403784));
#9238 = DIRECTION('',(0.,0.866025403784,0.5));
#9239 = ORIENTED_EDGE('',*,*,#9240,.F.);
#9240 = EDGE_CURVE('',#9241,#9232,#9243,.T.);
#9241 = VERTEX_POINT('',#9242);
#9242 = CARTESIAN_POINT('',(-6.788409239284,-2.684678751732,-31.05));
#9243 = ELLIPSE('',#9244,8.429313930169,7.3);
#9244 = AXIS2_PLACEMENT_3D('',#9245,#9246,#9247);
#9245 = CARTESIAN_POINT('',(0.,-7.238654120556E-15,-32.6));
#9246 = DIRECTION('',(0.,-0.5,-0.866025403784));
#9247 = DIRECTION('',(0.,-0.866025403784,0.5));
#9248 = ORIENTED_EDGE('',*,*,#9249,.T.);
#9249 = EDGE_CURVE('',#9241,#9206,#9250,.T.);
#9250 = LINE('',#9251,#9252);
#9251 = CARTESIAN_POINT('',(-6.788409239284,-2.684678751732,-34.));
#9252 = VECTOR('',#9253,1.);
#9253 = DIRECTION('',(0.,2.22044604925E-16,1.));
#9254 = FACE_BOUND('',#9255,.T.);
#9255 = EDGE_LOOP('',(#9256,#9267,#9276,#9284,#9293,#9302));
#9256 = ORIENTED_EDGE('',*,*,#9257,.F.);
#9257 = EDGE_CURVE('',#9258,#9260,#9262,.T.);
#9258 = VERTEX_POINT('',#9259);
#9259 = CARTESIAN_POINT('',(0.,7.3,-26.4));
#9260 = VERTEX_POINT('',#9261);
#9261 = CARTESIAN_POINT('',(-2.684678751732,6.788409239284,-27.95));
#9262 = ELLIPSE('',#9263,8.429313930169,7.3);
#9263 = AXIS2_PLACEMENT_3D('',#9264,#9265,#9266);
#9264 = CARTESIAN_POINT('',(0.,-5.861977570021E-15,-26.4));
#9265 = DIRECTION('',(-0.5,1.922962686384E-16,0.866025403784));
#9266 = DIRECTION('',(0.866025403784,1.110223024625E-16,0.5));
#9267 = ORIENTED_EDGE('',*,*,#9268,.F.);
#9268 = EDGE_CURVE('',#9269,#9258,#9271,.T.);
#9269 = VERTEX_POINT('',#9270);
#9270 = CARTESIAN_POINT('',(2.684678751732,6.788409239284,-27.95));
#9271 = ELLIPSE('',#9272,8.429313930169,7.3);
#9272 = AXIS2_PLACEMENT_3D('',#9273,#9274,#9275);
#9273 = CARTESIAN_POINT('',(0.,-5.861977570021E-15,-26.4));
#9274 = DIRECTION('',(0.5,1.922962686384E-16,0.866025403784));
#9275 = DIRECTION('',(-0.866025403784,1.110223024625E-16,0.5));
#9276 = ORIENTED_EDGE('',*,*,#9277,.F.);
#9277 = EDGE_CURVE('',#9278,#9269,#9280,.T.);
#9278 = VERTEX_POINT('',#9279);
#9279 = CARTESIAN_POINT('',(2.684678751732,6.788409239284,-31.05));
#9280 = LINE('',#9281,#9282);
#9281 = CARTESIAN_POINT('',(2.684678751732,6.788409239284,-34.));
#9282 = VECTOR('',#9283,1.);
#9283 = DIRECTION('',(0.,2.22044604925E-16,1.));
#9284 = ORIENTED_EDGE('',*,*,#9285,.F.);
#9285 = EDGE_CURVE('',#9286,#9278,#9288,.T.);
#9286 = VERTEX_POINT('',#9287);
#9287 = CARTESIAN_POINT('',(-1.33226762955E-15,7.3,-32.6));
#9288 = ELLIPSE('',#9289,8.429313930169,7.3);
#9289 = AXIS2_PLACEMENT_3D('',#9290,#9291,#9292);
#9290 = CARTESIAN_POINT('',(0.,-7.238654120556E-15,-32.6));
#9291 = DIRECTION('',(0.5,-1.922962686384E-16,-0.866025403784));
#9292 = DIRECTION('',(0.866025403784,1.110223024625E-16,0.5));
#9293 = ORIENTED_EDGE('',*,*,#9294,.F.);
#9294 = EDGE_CURVE('',#9295,#9286,#9297,.T.);
#9295 = VERTEX_POINT('',#9296);
#9296 = CARTESIAN_POINT('',(-2.684678751732,6.788409239284,-31.05));
#9297 = ELLIPSE('',#9298,8.429313930169,7.3);
#9298 = AXIS2_PLACEMENT_3D('',#9299,#9300,#9301);
#9299 = CARTESIAN_POINT('',(0.,-7.238654120556E-15,-32.6));
#9300 = DIRECTION('',(-0.5,-1.922962686384E-16,-0.866025403784));
#9301 = DIRECTION('',(-0.866025403784,1.110223024625E-16,0.5));
#9302 = ORIENTED_EDGE('',*,*,#9303,.T.);
#9303 = EDGE_CURVE('',#9295,#9260,#9304,.T.);
#9304 = LINE('',#9305,#9306);
#9305 = CARTESIAN_POINT('',(-2.684678751732,6.788409239284,-34.));
#9306 = VECTOR('',#9307,1.);
#9307 = DIRECTION('',(0.,2.22044604925E-16,1.));
#9308 = CYLINDRICAL_SURFACE('',#9309,7.3);
#9309 = AXIS2_PLACEMENT_3D('',#9310,#9311,#9312);
#9310 = CARTESIAN_POINT('',(0.,-7.549516567451E-15,-34.));
#9311 = DIRECTION('',(0.,2.22044604925E-16,1.));
#9312 = DIRECTION('',(1.,0.,0.));
#9313 = ADVANCED_FACE('',(#9314,#9364),#9367,.F.);
#9314 = FACE_BOUND('',#9315,.F.);
#9315 = EDGE_LOOP('',(#9316,#9326,#9334,#9342,#9350,#9358));
#9316 = ORIENTED_EDGE('',*,*,#9317,.F.);
#9317 = EDGE_CURVE('',#9318,#9320,#9322,.T.);
#9318 = VERTEX_POINT('',#9319);
#9319 = CARTESIAN_POINT('',(0.,10.3,-26.4));
#9320 = VERTEX_POINT('',#9321);
#9321 = CARTESIAN_POINT('',(-2.684678751732,10.3,-27.95));
#9322 = LINE('',#9323,#9324);
#9323 = CARTESIAN_POINT('',(0.,10.3,-26.4));
#9324 = VECTOR('',#9325,1.);
#9325 = DIRECTION('',(-0.866025403784,-1.110223024625E-16,-0.5));
#9326 = ORIENTED_EDGE('',*,*,#9327,.F.);
#9327 = EDGE_CURVE('',#9328,#9318,#9330,.T.);
#9328 = VERTEX_POINT('',#9329);
#9329 = CARTESIAN_POINT('',(2.684678751732,10.3,-27.95));
#9330 = LINE('',#9331,#9332);
#9331 = CARTESIAN_POINT('',(2.684678751732,10.3,-27.95));
#9332 = VECTOR('',#9333,1.);
#9333 = DIRECTION('',(-0.866025403784,1.110223024625E-16,0.5));
#9334 = ORIENTED_EDGE('',*,*,#9335,.F.);
#9335 = EDGE_CURVE('',#9336,#9328,#9338,.T.);
#9336 = VERTEX_POINT('',#9337);
#9337 = CARTESIAN_POINT('',(2.684678751732,10.3,-31.05));
#9338 = LINE('',#9339,#9340);
#9339 = CARTESIAN_POINT('',(2.684678751732,10.3,-31.05));
#9340 = VECTOR('',#9341,1.);
#9341 = DIRECTION('',(1.432545838226E-16,2.22044604925E-16,1.));
#9342 = ORIENTED_EDGE('',*,*,#9343,.F.);
#9343 = EDGE_CURVE('',#9344,#9336,#9346,.T.);
#9344 = VERTEX_POINT('',#9345);
#9345 = CARTESIAN_POINT('',(-1.33226762955E-15,10.3,-32.6));
#9346 = LINE('',#9347,#9348);
#9347 = CARTESIAN_POINT('',(-1.33226762955E-15,10.3,-32.6));
#9348 = VECTOR('',#9349,1.);
#9349 = DIRECTION('',(0.866025403784,1.110223024625E-16,0.5));
#9350 = ORIENTED_EDGE('',*,*,#9351,.F.);
#9351 = EDGE_CURVE('',#9352,#9344,#9354,.T.);
#9352 = VERTEX_POINT('',#9353);
#9353 = CARTESIAN_POINT('',(-2.684678751732,10.3,-31.05));
#9354 = LINE('',#9355,#9356);
#9355 = CARTESIAN_POINT('',(-2.684678751732,10.3,-31.05));
#9356 = VECTOR('',#9357,1.);
#9357 = DIRECTION('',(0.866025403784,-1.110223024625E-16,-0.5));
#9358 = ORIENTED_EDGE('',*,*,#9359,.F.);
#9359 = EDGE_CURVE('',#9320,#9352,#9360,.T.);
#9360 = LINE('',#9361,#9362);
#9361 = CARTESIAN_POINT('',(-2.684678751732,10.3,-27.95));
#9362 = VECTOR('',#9363,1.);
#9363 = DIRECTION('',(-2.865091676452E-16,-2.22044604925E-16,-1.));
#9364 = FACE_BOUND('',#9365,.F.);
#9365 = EDGE_LOOP('',(#9366));
#9366 = ORIENTED_EDGE('',*,*,#8860,.T.);
#9367 = PLANE('',#9368);
#9368 = AXIS2_PLACEMENT_3D('',#9369,#9370,#9371);
#9369 = CARTESIAN_POINT('',(-8.595275029356E-16,10.3,-29.5));
#9370 = DIRECTION('',(0.,1.,0.));
#9371 = DIRECTION('',(0.,0.,1.));
#9372 = ADVANCED_FACE('',(#9373,#9423),#9426,.T.);
#9373 = FACE_BOUND('',#9374,.T.);
#9374 = EDGE_LOOP('',(#9375,#9385,#9393,#9401,#9409,#9417));
#9375 = ORIENTED_EDGE('',*,*,#9376,.F.);
#9376 = EDGE_CURVE('',#9377,#9379,#9381,.T.);
#9377 = VERTEX_POINT('',#9378);
#9378 = CARTESIAN_POINT('',(0.,-10.3,-26.4));
#9379 = VERTEX_POINT('',#9380);
#9380 = CARTESIAN_POINT('',(-2.684678751732,-10.3,-27.95));
#9381 = LINE('',#9382,#9383);
#9382 = CARTESIAN_POINT('',(0.,-10.3,-26.4));
#9383 = VECTOR('',#9384,1.);
#9384 = DIRECTION('',(-0.866025403784,-1.110223024625E-16,-0.5));
#9385 = ORIENTED_EDGE('',*,*,#9386,.F.);
#9386 = EDGE_CURVE('',#9387,#9377,#9389,.T.);
#9387 = VERTEX_POINT('',#9388);
#9388 = CARTESIAN_POINT('',(2.684678751732,-10.3,-27.95));
#9389 = LINE('',#9390,#9391);
#9390 = CARTESIAN_POINT('',(2.684678751732,-10.3,-27.95));
#9391 = VECTOR('',#9392,1.);
#9392 = DIRECTION('',(-0.866025403784,1.110223024625E-16,0.5));
#9393 = ORIENTED_EDGE('',*,*,#9394,.F.);
#9394 = EDGE_CURVE('',#9395,#9387,#9397,.T.);
#9395 = VERTEX_POINT('',#9396);
#9396 = CARTESIAN_POINT('',(2.684678751732,-10.3,-31.05));
#9397 = LINE('',#9398,#9399);
#9398 = CARTESIAN_POINT('',(2.684678751732,-10.3,-31.05));
#9399 = VECTOR('',#9400,1.);
#9400 = DIRECTION('',(1.432545838226E-16,2.22044604925E-16,1.));
#9401 = ORIENTED_EDGE('',*,*,#9402,.F.);
#9402 = EDGE_CURVE('',#9403,#9395,#9405,.T.);
#9403 = VERTEX_POINT('',#9404);
#9404 = CARTESIAN_POINT('',(-1.33226762955E-15,-10.3,-32.6));
#9405 = LINE('',#9406,#9407);
#9406 = CARTESIAN_POINT('',(-1.33226762955E-15,-10.3,-32.6));
#9407 = VECTOR('',#9408,1.);
#9408 = DIRECTION('',(0.866025403784,1.110223024625E-16,0.5));
#9409 = ORIENTED_EDGE('',*,*,#9410,.F.);
#9410 = EDGE_CURVE('',#9411,#9403,#9413,.T.);
#9411 = VERTEX_POINT('',#9412);
#9412 = CARTESIAN_POINT('',(-2.684678751732,-10.3,-31.05));
#9413 = LINE('',#9414,#9415);
#9414 = CARTESIAN_POINT('',(-2.684678751732,-10.3,-31.05));
#9415 = VECTOR('',#9416,1.);
#9416 = DIRECTION('',(0.866025403784,-1.110223024625E-16,-0.5));
#9417 = ORIENTED_EDGE('',*,*,#9418,.F.);
#9418 = EDGE_CURVE('',#9379,#9411,#9419,.T.);
#9419 = LINE('',#9420,#9421);
#9420 = CARTESIAN_POINT('',(-2.684678751732,-10.3,-27.95));
#9421 = VECTOR('',#9422,1.);
#9422 = DIRECTION('',(-2.865091676452E-16,-2.22044604925E-16,-1.));
#9423 = FACE_BOUND('',#9424,.T.);
#9424 = EDGE_LOOP('',(#9425));
#9425 = ORIENTED_EDGE('',*,*,#8895,.T.);
#9426 = PLANE('',#9427);
#9427 = AXIS2_PLACEMENT_3D('',#9428,#9429,#9430);
#9428 = CARTESIAN_POINT('',(-8.595275029356E-16,-10.3,-29.5));
#9429 = DIRECTION('',(0.,1.,0.));
#9430 = DIRECTION('',(0.,0.,1.));
#9431 = ADVANCED_FACE('',(#9432,#9482),#9485,.T.);
#9432 = FACE_BOUND('',#9433,.T.);
#9433 = EDGE_LOOP('',(#9434,#9444,#9452,#9460,#9468,#9476));
#9434 = ORIENTED_EDGE('',*,*,#9435,.T.);
#9435 = EDGE_CURVE('',#9436,#9438,#9440,.T.);
#9436 = VERTEX_POINT('',#9437);
#9437 = CARTESIAN_POINT('',(-10.3,0.,-26.4));
#9438 = VERTEX_POINT('',#9439);
#9439 = CARTESIAN_POINT('',(-10.3,-2.684678751732,-27.95));
#9440 = LINE('',#9441,#9442);
#9441 = CARTESIAN_POINT('',(-10.3,0.,-26.4));
#9442 = VECTOR('',#9443,1.);
#9443 = DIRECTION('',(0.,-0.866025403784,-0.5));
#9444 = ORIENTED_EDGE('',*,*,#9445,.T.);
#9445 = EDGE_CURVE('',#9438,#9446,#9448,.T.);
#9446 = VERTEX_POINT('',#9447);
#9447 = CARTESIAN_POINT('',(-10.3,-2.684678751732,-31.05));
#9448 = LINE('',#9449,#9450);
#9449 = CARTESIAN_POINT('',(-10.3,-2.684678751732,-27.95));
#9450 = VECTOR('',#9451,1.);
#9451 = DIRECTION('',(0.,-1.432545838226E-16,-1.));
#9452 = ORIENTED_EDGE('',*,*,#9453,.T.);
#9453 = EDGE_CURVE('',#9446,#9454,#9456,.T.);
#9454 = VERTEX_POINT('',#9455);
#9455 = CARTESIAN_POINT('',(-10.3,-4.440892098501E-16,-32.6));
#9456 = LINE('',#9457,#9458);
#9457 = CARTESIAN_POINT('',(-10.3,-2.684678751732,-31.05));
#9458 = VECTOR('',#9459,1.);
#9459 = DIRECTION('',(0.,0.866025403784,-0.5));
#9460 = ORIENTED_EDGE('',*,*,#9461,.T.);
#9461 = EDGE_CURVE('',#9454,#9462,#9464,.T.);
#9462 = VERTEX_POINT('',#9463);
#9463 = CARTESIAN_POINT('',(-10.3,2.684678751732,-31.05));
#9464 = LINE('',#9465,#9466);
#9465 = CARTESIAN_POINT('',(-10.3,-4.440892098501E-16,-32.6));
#9466 = VECTOR('',#9467,1.);
#9467 = DIRECTION('',(0.,0.866025403784,0.5));
#9468 = ORIENTED_EDGE('',*,*,#9469,.T.);
#9469 = EDGE_CURVE('',#9462,#9470,#9472,.T.);
#9470 = VERTEX_POINT('',#9471);
#9471 = CARTESIAN_POINT('',(-10.3,2.684678751732,-27.95));
#9472 = LINE('',#9473,#9474);
#9473 = CARTESIAN_POINT('',(-10.3,2.684678751732,-31.05));
#9474 = VECTOR('',#9475,1.);
#9475 = DIRECTION('',(0.,5.730183352904E-16,1.));
#9476 = ORIENTED_EDGE('',*,*,#9477,.T.);
#9477 = EDGE_CURVE('',#9470,#9436,#9478,.T.);
#9478 = LINE('',#9479,#9480);
#9479 = CARTESIAN_POINT('',(-10.3,2.684678751732,-27.95));
#9480 = VECTOR('',#9481,1.);
#9481 = DIRECTION('',(0.,-0.866025403784,0.5));
#9482 = FACE_BOUND('',#9483,.T.);
#9483 = EDGE_LOOP('',(#9484));
#9484 = ORIENTED_EDGE('',*,*,#8910,.F.);
#9485 = PLANE('',#9486);
#9486 = AXIS2_PLACEMENT_3D('',#9487,#9488,#9489);
#9487 = CARTESIAN_POINT('',(-10.3,-3.820122235269E-16,-29.5));
#9488 = DIRECTION('',(1.,0.,0.));
#9489 = DIRECTION('',(0.,0.,1.));
#9490 = ADVANCED_FACE('',(#9491),#9507,.F.);
#9491 = FACE_BOUND('',#9492,.F.);
#9492 = EDGE_LOOP('',(#9493,#9494,#9500,#9501));
#9493 = ORIENTED_EDGE('',*,*,#8935,.F.);
#9494 = ORIENTED_EDGE('',*,*,#9495,.T.);
#9495 = EDGE_CURVE('',#8936,#9022,#9496,.T.);
#9496 = LINE('',#9497,#9498);
#9497 = CARTESIAN_POINT('',(10.3,0.,-26.4));
#9498 = VECTOR('',#9499,1.);
#9499 = DIRECTION('',(-1.,-0.,0.));
#9500 = ORIENTED_EDGE('',*,*,#9123,.F.);
#9501 = ORIENTED_EDGE('',*,*,#9502,.F.);
#9502 = EDGE_CURVE('',#8938,#9124,#9503,.T.);
#9503 = LINE('',#9504,#9505);
#9504 = CARTESIAN_POINT('',(10.3,-2.684678751732,-27.95));
#9505 = VECTOR('',#9506,1.);
#9506 = DIRECTION('',(-1.,-0.,0.));
#9507 = PLANE('',#9508);
#9508 = AXIS2_PLACEMENT_3D('',#9509,#9510,#9511);
#9509 = CARTESIAN_POINT('',(10.3,0.,-26.4));
#9510 = DIRECTION('',(0.,-0.5,0.866025403784));
#9511 = DIRECTION('',(0.,-0.866025403784,-0.5));
#9512 = ADVANCED_FACE('',(#9513),#9524,.F.);
#9513 = FACE_BOUND('',#9514,.F.);
#9514 = EDGE_LOOP('',(#9515,#9516,#9522,#9523));
#9515 = ORIENTED_EDGE('',*,*,#8977,.F.);
#9516 = ORIENTED_EDGE('',*,*,#9517,.T.);
#9517 = EDGE_CURVE('',#8970,#9014,#9518,.T.);
#9518 = LINE('',#9519,#9520);
#9519 = CARTESIAN_POINT('',(10.3,2.684678751732,-27.95));
#9520 = VECTOR('',#9521,1.);
#9521 = DIRECTION('',(-1.,-0.,0.));
#9522 = ORIENTED_EDGE('',*,*,#9021,.F.);
#9523 = ORIENTED_EDGE('',*,*,#9495,.F.);
#9524 = PLANE('',#9525);
#9525 = AXIS2_PLACEMENT_3D('',#9526,#9527,#9528);
#9526 = CARTESIAN_POINT('',(10.3,2.684678751732,-27.95));
#9527 = DIRECTION('',(0.,0.5,0.866025403784));
#9528 = DIRECTION('',(0.,-0.866025403784,0.5));
#9529 = ADVANCED_FACE('',(#9530),#9541,.F.);
#9530 = FACE_BOUND('',#9531,.F.);
#9531 = EDGE_LOOP('',(#9532,#9533,#9534,#9535));
#9532 = ORIENTED_EDGE('',*,*,#8945,.F.);
#9533 = ORIENTED_EDGE('',*,*,#9502,.T.);
#9534 = ORIENTED_EDGE('',*,*,#9132,.F.);
#9535 = ORIENTED_EDGE('',*,*,#9536,.F.);
#9536 = EDGE_CURVE('',#8946,#9133,#9537,.T.);
#9537 = LINE('',#9538,#9539);
#9538 = CARTESIAN_POINT('',(10.3,-2.684678751732,-31.05));
#9539 = VECTOR('',#9540,1.);
#9540 = DIRECTION('',(-1.,-0.,0.));
#9541 = PLANE('',#9542);
#9542 = AXIS2_PLACEMENT_3D('',#9543,#9544,#9545);
#9543 = CARTESIAN_POINT('',(10.3,-2.684678751732,-27.95));
#9544 = DIRECTION('',(0.,-1.,1.432545838226E-16));
#9545 = DIRECTION('',(0.,-1.432545838226E-16,-1.));
#9546 = ADVANCED_FACE('',(#9547),#9558,.F.);
#9547 = FACE_BOUND('',#9548,.F.);
#9548 = EDGE_LOOP('',(#9549,#9550,#9556,#9557));
#9549 = ORIENTED_EDGE('',*,*,#8969,.F.);
#9550 = ORIENTED_EDGE('',*,*,#9551,.T.);
#9551 = EDGE_CURVE('',#8962,#9005,#9552,.T.);
#9552 = LINE('',#9553,#9554);
#9553 = CARTESIAN_POINT('',(10.3,2.684678751732,-31.05));
#9554 = VECTOR('',#9555,1.);
#9555 = DIRECTION('',(-1.,-0.,0.));
#9556 = ORIENTED_EDGE('',*,*,#9013,.T.);
#9557 = ORIENTED_EDGE('',*,*,#9517,.F.);
#9558 = PLANE('',#9559);
#9559 = AXIS2_PLACEMENT_3D('',#9560,#9561,#9562);
#9560 = CARTESIAN_POINT('',(10.3,2.684678751732,-31.05));
#9561 = DIRECTION('',(-0.,1.,-5.730183352904E-16));
#9562 = DIRECTION('',(0.,5.730183352904E-16,1.));
#9563 = ADVANCED_FACE('',(#9564),#9575,.F.);
#9564 = FACE_BOUND('',#9565,.F.);
#9565 = EDGE_LOOP('',(#9566,#9567,#9568,#9569));
#9566 = ORIENTED_EDGE('',*,*,#8953,.F.);
#9567 = ORIENTED_EDGE('',*,*,#9536,.T.);
#9568 = ORIENTED_EDGE('',*,*,#9140,.F.);
#9569 = ORIENTED_EDGE('',*,*,#9570,.F.);
#9570 = EDGE_CURVE('',#8954,#8995,#9571,.T.);
#9571 = LINE('',#9572,#9573);
#9572 = CARTESIAN_POINT('',(10.3,-4.440892098501E-16,-32.6));
#9573 = VECTOR('',#9574,1.);
#9574 = DIRECTION('',(-1.,-0.,0.));
#9575 = PLANE('',#9576);
#9576 = AXIS2_PLACEMENT_3D('',#9577,#9578,#9579);
#9577 = CARTESIAN_POINT('',(10.3,-2.684678751732,-31.05));
#9578 = DIRECTION('',(0.,-0.5,-0.866025403784));
#9579 = DIRECTION('',(0.,0.866025403784,-0.5));
#9580 = ADVANCED_FACE('',(#9581),#9587,.F.);
#9581 = FACE_BOUND('',#9582,.F.);
#9582 = EDGE_LOOP('',(#9583,#9584,#9585,#9586));
#9583 = ORIENTED_EDGE('',*,*,#8961,.F.);
#9584 = ORIENTED_EDGE('',*,*,#9570,.T.);
#9585 = ORIENTED_EDGE('',*,*,#9004,.F.);
#9586 = ORIENTED_EDGE('',*,*,#9551,.F.);
#9587 = PLANE('',#9588);
#9588 = AXIS2_PLACEMENT_3D('',#9589,#9590,#9591);
#9589 = CARTESIAN_POINT('',(10.3,-4.440892098501E-16,-32.6));
#9590 = DIRECTION('',(-0.,0.5,-0.866025403784));
#9591 = DIRECTION('',(0.,0.866025403784,0.5));
#9592 = ADVANCED_FACE('',(#9593),#9619,.T.);
#9593 = FACE_BOUND('',#9594,.T.);
#9594 = EDGE_LOOP('',(#9595,#9596,#9597,#9605,#9613));
#9595 = ORIENTED_EDGE('',*,*,#9038,.T.);
#9596 = ORIENTED_EDGE('',*,*,#9115,.T.);
#9597 = ORIENTED_EDGE('',*,*,#9598,.T.);
#9598 = EDGE_CURVE('',#9108,#9599,#9601,.T.);
#9599 = VERTEX_POINT('',#9600);
#9600 = CARTESIAN_POINT('',(0.,-2.,-3.300198774062));
#9601 = LINE('',#9602,#9603);
#9602 = CARTESIAN_POINT('',(7.3,-2.,-12.));
#9603 = VECTOR('',#9604,1.);
#9604 = DIRECTION('',(-0.642787609687,1.700960357274E-16,0.766044443119)
  );
#9605 = ORIENTED_EDGE('',*,*,#9606,.F.);
#9606 = EDGE_CURVE('',#9607,#9599,#9609,.T.);
#9607 = VERTEX_POINT('',#9608);
#9608 = CARTESIAN_POINT('',(0.,2.,-3.300198774062));
#9609 = LINE('',#9610,#9611);
#9610 = CARTESIAN_POINT('',(0.,2.,-3.300198774062));
#9611 = VECTOR('',#9612,1.);
#9612 = DIRECTION('',(0.,-1.,2.22044604925E-16));
#9613 = ORIENTED_EDGE('',*,*,#9614,.F.);
#9614 = EDGE_CURVE('',#9039,#9607,#9615,.T.);
#9615 = LINE('',#9616,#9617);
#9616 = CARTESIAN_POINT('',(7.3,2.,-12.));
#9617 = VECTOR('',#9618,1.);
#9618 = DIRECTION('',(-0.642787609687,1.700960357274E-16,0.766044443119)
  );
#9619 = PLANE('',#9620);
#9620 = AXIS2_PLACEMENT_3D('',#9621,#9622,#9623);
#9621 = CARTESIAN_POINT('',(7.3,2.,-12.));
#9622 = DIRECTION('',(-0.766044443119,-1.427275208436E-16,
    -0.642787609687));
#9623 = DIRECTION('',(-0.642787609687,1.700960357274E-16,0.766044443119)
  );
#9624 = ADVANCED_FACE('',(#9625),#9642,.F.);
#9625 = FACE_BOUND('',#9626,.F.);
#9626 = EDGE_LOOP('',(#9627,#9628,#9634,#9635,#9636));
#9627 = ORIENTED_EDGE('',*,*,#9090,.T.);
#9628 = ORIENTED_EDGE('',*,*,#9629,.T.);
#9629 = EDGE_CURVE('',#9091,#9099,#9630,.T.);
#9630 = LINE('',#9631,#9632);
#9631 = CARTESIAN_POINT('',(-7.3,-2.,-3.));
#9632 = VECTOR('',#9633,1.);
#9633 = DIRECTION('',(1.,0.,0.));
#9634 = ORIENTED_EDGE('',*,*,#9107,.F.);
#9635 = ORIENTED_EDGE('',*,*,#9598,.T.);
#9636 = ORIENTED_EDGE('',*,*,#9637,.F.);
#9637 = EDGE_CURVE('',#9082,#9599,#9638,.T.);
#9638 = LINE('',#9639,#9640);
#9639 = CARTESIAN_POINT('',(-7.3,-2.,-12.));
#9640 = VECTOR('',#9641,1.);
#9641 = DIRECTION('',(0.642787609687,1.700960357274E-16,0.766044443119)
  );
#9642 = PLANE('',#9643);
#9643 = AXIS2_PLACEMENT_3D('',#9644,#9645,#9646);
#9644 = CARTESIAN_POINT('',(0.,-2.,-6.373862059865));
#9645 = DIRECTION('',(0.,1.,0.));
#9646 = DIRECTION('',(0.,0.,1.));
#9647 = ADVANCED_FACE('',(#9648),#9652,.T.);
#9648 = FACE_BOUND('',#9649,.T.);
#9649 = EDGE_LOOP('',(#9650,#9651));
#9650 = ORIENTED_EDGE('',*,*,#9629,.T.);
#9651 = ORIENTED_EDGE('',*,*,#9098,.T.);
#9652 = PLANE('',#9653);
#9653 = AXIS2_PLACEMENT_3D('',#9654,#9655,#9656);
#9654 = CARTESIAN_POINT('',(0.,-6.661338147751E-16,-3.));
#9655 = DIRECTION('',(0.,-2.22044604925E-16,-1.));
#9656 = DIRECTION('',(1.,0.,0.));
#9657 = ADVANCED_FACE('',(#9658),#9670,.F.);
#9658 = FACE_BOUND('',#9659,.F.);
#9659 = EDGE_LOOP('',(#9660,#9661,#9662,#9663,#9664));
#9660 = ORIENTED_EDGE('',*,*,#9072,.T.);
#9661 = ORIENTED_EDGE('',*,*,#9081,.T.);
#9662 = ORIENTED_EDGE('',*,*,#9637,.T.);
#9663 = ORIENTED_EDGE('',*,*,#9606,.F.);
#9664 = ORIENTED_EDGE('',*,*,#9665,.F.);
#9665 = EDGE_CURVE('',#9065,#9607,#9666,.T.);
#9666 = LINE('',#9667,#9668);
#9667 = CARTESIAN_POINT('',(-7.3,2.,-12.));
#9668 = VECTOR('',#9669,1.);
#9669 = DIRECTION('',(0.642787609687,1.700960357274E-16,0.766044443119)
  );
#9670 = PLANE('',#9671);
#9671 = AXIS2_PLACEMENT_3D('',#9672,#9673,#9674);
#9672 = CARTESIAN_POINT('',(-7.3,2.,-12.));
#9673 = DIRECTION('',(-0.766044443119,1.427275208436E-16,0.642787609687)
  );
#9674 = DIRECTION('',(0.642787609687,1.700960357274E-16,0.766044443119)
  );
#9675 = ADVANCED_FACE('',(#9676),#9688,.T.);
#9676 = FACE_BOUND('',#9677,.T.);
#9677 = EDGE_LOOP('',(#9678,#9679,#9685,#9686,#9687));
#9678 = ORIENTED_EDGE('',*,*,#9064,.T.);
#9679 = ORIENTED_EDGE('',*,*,#9680,.T.);
#9680 = EDGE_CURVE('',#9056,#9048,#9681,.T.);
#9681 = LINE('',#9682,#9683);
#9682 = CARTESIAN_POINT('',(-7.3,2.,-3.));
#9683 = VECTOR('',#9684,1.);
#9684 = DIRECTION('',(1.,0.,0.));
#9685 = ORIENTED_EDGE('',*,*,#9047,.F.);
#9686 = ORIENTED_EDGE('',*,*,#9614,.T.);
#9687 = ORIENTED_EDGE('',*,*,#9665,.F.);
#9688 = PLANE('',#9689);
#9689 = AXIS2_PLACEMENT_3D('',#9690,#9691,#9692);
#9690 = CARTESIAN_POINT('',(0.,2.,-6.373862059865));
#9691 = DIRECTION('',(0.,1.,0.));
#9692 = DIRECTION('',(0.,0.,1.));
#9693 = ADVANCED_FACE('',(#9694),#9698,.T.);
#9694 = FACE_BOUND('',#9695,.T.);
#9695 = EDGE_LOOP('',(#9696,#9697));
#9696 = ORIENTED_EDGE('',*,*,#9055,.T.);
#9697 = ORIENTED_EDGE('',*,*,#9680,.F.);
#9698 = PLANE('',#9699);
#9699 = AXIS2_PLACEMENT_3D('',#9700,#9701,#9702);
#9700 = CARTESIAN_POINT('',(0.,-6.661338147751E-16,-3.));
#9701 = DIRECTION('',(0.,-2.22044604925E-16,-1.));
#9702 = DIRECTION('',(1.,0.,0.));
#9703 = ADVANCED_FACE('',(#9704),#9720,.F.);
#9704 = FACE_BOUND('',#9705,.F.);
#9705 = EDGE_LOOP('',(#9706,#9707,#9713,#9714));
#9706 = ORIENTED_EDGE('',*,*,#9376,.F.);
#9707 = ORIENTED_EDGE('',*,*,#9708,.T.);
#9708 = EDGE_CURVE('',#9377,#9152,#9709,.T.);
#9709 = LINE('',#9710,#9711);
#9710 = CARTESIAN_POINT('',(0.,-10.3,-26.4));
#9711 = VECTOR('',#9712,1.);
#9712 = DIRECTION('',(0.,1.,-2.22044604925E-16));
#9713 = ORIENTED_EDGE('',*,*,#9149,.F.);
#9714 = ORIENTED_EDGE('',*,*,#9715,.F.);
#9715 = EDGE_CURVE('',#9379,#9150,#9716,.T.);
#9716 = LINE('',#9717,#9718);
#9717 = CARTESIAN_POINT('',(-2.684678751732,-10.3,-27.95));
#9718 = VECTOR('',#9719,1.);
#9719 = DIRECTION('',(0.,1.,-2.22044604925E-16));
#9720 = PLANE('',#9721);
#9721 = AXIS2_PLACEMENT_3D('',#9722,#9723,#9724);
#9722 = CARTESIAN_POINT('',(0.,-10.3,-26.4));
#9723 = DIRECTION('',(-0.5,1.922962686384E-16,0.866025403784));
#9724 = DIRECTION('',(-0.866025403784,-1.110223024625E-16,-0.5));
#9725 = ADVANCED_FACE('',(#9726),#9737,.F.);
#9726 = FACE_BOUND('',#9727,.F.);
#9727 = EDGE_LOOP('',(#9728,#9729,#9730,#9731));
#9728 = ORIENTED_EDGE('',*,*,#9418,.F.);
#9729 = ORIENTED_EDGE('',*,*,#9715,.T.);
#9730 = ORIENTED_EDGE('',*,*,#9160,.F.);
#9731 = ORIENTED_EDGE('',*,*,#9732,.F.);
#9732 = EDGE_CURVE('',#9411,#9161,#9733,.T.);
#9733 = LINE('',#9734,#9735);
#9734 = CARTESIAN_POINT('',(-2.684678751732,-10.3,-31.05));
#9735 = VECTOR('',#9736,1.);
#9736 = DIRECTION('',(0.,1.,-2.22044604925E-16));
#9737 = PLANE('',#9738);
#9738 = AXIS2_PLACEMENT_3D('',#9739,#9740,#9741);
#9739 = CARTESIAN_POINT('',(-2.684678751732,-10.3,-27.95));
#9740 = DIRECTION('',(-1.,6.361781493718E-32,2.865091676452E-16));
#9741 = DIRECTION('',(-2.865091676452E-16,-2.22044604925E-16,-1.));
#9742 = ADVANCED_FACE('',(#9743),#9754,.F.);
#9743 = FACE_BOUND('',#9744,.F.);
#9744 = EDGE_LOOP('',(#9745,#9746,#9752,#9753));
#9745 = ORIENTED_EDGE('',*,*,#9386,.F.);
#9746 = ORIENTED_EDGE('',*,*,#9747,.T.);
#9747 = EDGE_CURVE('',#9387,#9187,#9748,.T.);
#9748 = LINE('',#9749,#9750);
#9749 = CARTESIAN_POINT('',(2.684678751732,-10.3,-27.95));
#9750 = VECTOR('',#9751,1.);
#9751 = DIRECTION('',(0.,1.,-2.22044604925E-16));
#9752 = ORIENTED_EDGE('',*,*,#9194,.F.);
#9753 = ORIENTED_EDGE('',*,*,#9708,.F.);
#9754 = PLANE('',#9755);
#9755 = AXIS2_PLACEMENT_3D('',#9756,#9757,#9758);
#9756 = CARTESIAN_POINT('',(2.684678751732,-10.3,-27.95));
#9757 = DIRECTION('',(0.5,1.922962686384E-16,0.866025403784));
#9758 = DIRECTION('',(-0.866025403784,1.110223024625E-16,0.5));
#9759 = ADVANCED_FACE('',(#9760),#9771,.F.);
#9760 = FACE_BOUND('',#9761,.F.);
#9761 = EDGE_LOOP('',(#9762,#9763,#9764,#9765));
#9762 = ORIENTED_EDGE('',*,*,#9410,.F.);
#9763 = ORIENTED_EDGE('',*,*,#9732,.T.);
#9764 = ORIENTED_EDGE('',*,*,#9168,.F.);
#9765 = ORIENTED_EDGE('',*,*,#9766,.F.);
#9766 = EDGE_CURVE('',#9403,#9169,#9767,.T.);
#9767 = LINE('',#9768,#9769);
#9768 = CARTESIAN_POINT('',(-1.33226762955E-15,-10.3,-32.6));
#9769 = VECTOR('',#9770,1.);
#9770 = DIRECTION('',(0.,1.,-2.22044604925E-16));
#9771 = PLANE('',#9772);
#9772 = AXIS2_PLACEMENT_3D('',#9773,#9774,#9775);
#9773 = CARTESIAN_POINT('',(-2.684678751732,-10.3,-31.05));
#9774 = DIRECTION('',(-0.5,-1.922962686384E-16,-0.866025403784));
#9775 = DIRECTION('',(0.866025403784,-1.110223024625E-16,-0.5));
#9776 = ADVANCED_FACE('',(#9777),#9788,.F.);
#9777 = FACE_BOUND('',#9778,.F.);
#9778 = EDGE_LOOP('',(#9779,#9780,#9786,#9787));
#9779 = ORIENTED_EDGE('',*,*,#9394,.F.);
#9780 = ORIENTED_EDGE('',*,*,#9781,.T.);
#9781 = EDGE_CURVE('',#9395,#9178,#9782,.T.);
#9782 = LINE('',#9783,#9784);
#9783 = CARTESIAN_POINT('',(2.684678751732,-10.3,-31.05));
#9784 = VECTOR('',#9785,1.);
#9785 = DIRECTION('',(0.,1.,-2.22044604925E-16));
#9786 = ORIENTED_EDGE('',*,*,#9186,.T.);
#9787 = ORIENTED_EDGE('',*,*,#9747,.F.);
#9788 = PLANE('',#9789);
#9789 = AXIS2_PLACEMENT_3D('',#9790,#9791,#9792);
#9790 = CARTESIAN_POINT('',(2.684678751732,-10.3,-31.05));
#9791 = DIRECTION('',(1.,-3.180890746859E-32,-1.432545838226E-16));
#9792 = DIRECTION('',(1.432545838226E-16,2.22044604925E-16,1.));
#9793 = ADVANCED_FACE('',(#9794),#9800,.F.);
#9794 = FACE_BOUND('',#9795,.F.);
#9795 = EDGE_LOOP('',(#9796,#9797,#9798,#9799));
#9796 = ORIENTED_EDGE('',*,*,#9402,.F.);
#9797 = ORIENTED_EDGE('',*,*,#9766,.T.);
#9798 = ORIENTED_EDGE('',*,*,#9177,.F.);
#9799 = ORIENTED_EDGE('',*,*,#9781,.F.);
#9800 = PLANE('',#9801);
#9801 = AXIS2_PLACEMENT_3D('',#9802,#9803,#9804);
#9802 = CARTESIAN_POINT('',(-1.33226762955E-15,-10.3,-32.6));
#9803 = DIRECTION('',(0.5,-1.922962686384E-16,-0.866025403784));
#9804 = DIRECTION('',(0.866025403784,1.110223024625E-16,0.5));
#9805 = ADVANCED_FACE('',(#9806),#9822,.F.);
#9806 = FACE_BOUND('',#9807,.F.);
#9807 = EDGE_LOOP('',(#9808,#9809,#9815,#9816));
#9808 = ORIENTED_EDGE('',*,*,#9203,.F.);
#9809 = ORIENTED_EDGE('',*,*,#9810,.T.);
#9810 = EDGE_CURVE('',#9204,#9436,#9811,.T.);
#9811 = LINE('',#9812,#9813);
#9812 = CARTESIAN_POINT('',(10.3,0.,-26.4));
#9813 = VECTOR('',#9814,1.);
#9814 = DIRECTION('',(-1.,-0.,0.));
#9815 = ORIENTED_EDGE('',*,*,#9435,.T.);
#9816 = ORIENTED_EDGE('',*,*,#9817,.F.);
#9817 = EDGE_CURVE('',#9206,#9438,#9818,.T.);
#9818 = LINE('',#9819,#9820);
#9819 = CARTESIAN_POINT('',(10.3,-2.684678751732,-27.95));
#9820 = VECTOR('',#9821,1.);
#9821 = DIRECTION('',(-1.,-0.,0.));
#9822 = PLANE('',#9823);
#9823 = AXIS2_PLACEMENT_3D('',#9824,#9825,#9826);
#9824 = CARTESIAN_POINT('',(10.3,0.,-26.4));
#9825 = DIRECTION('',(0.,-0.5,0.866025403784));
#9826 = DIRECTION('',(0.,-0.866025403784,-0.5));
#9827 = ADVANCED_FACE('',(#9828),#9839,.F.);
#9828 = FACE_BOUND('',#9829,.F.);
#9829 = EDGE_LOOP('',(#9830,#9831,#9832,#9833));
#9830 = ORIENTED_EDGE('',*,*,#9249,.T.);
#9831 = ORIENTED_EDGE('',*,*,#9817,.T.);
#9832 = ORIENTED_EDGE('',*,*,#9445,.T.);
#9833 = ORIENTED_EDGE('',*,*,#9834,.F.);
#9834 = EDGE_CURVE('',#9241,#9446,#9835,.T.);
#9835 = LINE('',#9836,#9837);
#9836 = CARTESIAN_POINT('',(10.3,-2.684678751732,-31.05));
#9837 = VECTOR('',#9838,1.);
#9838 = DIRECTION('',(-1.,-0.,0.));
#9839 = PLANE('',#9840);
#9840 = AXIS2_PLACEMENT_3D('',#9841,#9842,#9843);
#9841 = CARTESIAN_POINT('',(10.3,-2.684678751732,-27.95));
#9842 = DIRECTION('',(0.,-1.,1.432545838226E-16));
#9843 = DIRECTION('',(0.,-1.432545838226E-16,-1.));
#9844 = ADVANCED_FACE('',(#9845),#9856,.F.);
#9845 = FACE_BOUND('',#9846,.F.);
#9846 = EDGE_LOOP('',(#9847,#9848,#9849,#9850));
#9847 = ORIENTED_EDGE('',*,*,#9240,.F.);
#9848 = ORIENTED_EDGE('',*,*,#9834,.T.);
#9849 = ORIENTED_EDGE('',*,*,#9453,.T.);
#9850 = ORIENTED_EDGE('',*,*,#9851,.F.);
#9851 = EDGE_CURVE('',#9232,#9454,#9852,.T.);
#9852 = LINE('',#9853,#9854);
#9853 = CARTESIAN_POINT('',(10.3,-4.440892098501E-16,-32.6));
#9854 = VECTOR('',#9855,1.);
#9855 = DIRECTION('',(-1.,-0.,0.));
#9856 = PLANE('',#9857);
#9857 = AXIS2_PLACEMENT_3D('',#9858,#9859,#9860);
#9858 = CARTESIAN_POINT('',(10.3,-2.684678751732,-31.05));
#9859 = DIRECTION('',(0.,-0.5,-0.866025403784));
#9860 = DIRECTION('',(0.,0.866025403784,-0.5));
#9861 = ADVANCED_FACE('',(#9862),#9873,.F.);
#9862 = FACE_BOUND('',#9863,.F.);
#9863 = EDGE_LOOP('',(#9864,#9865,#9866,#9867));
#9864 = ORIENTED_EDGE('',*,*,#9231,.F.);
#9865 = ORIENTED_EDGE('',*,*,#9851,.T.);
#9866 = ORIENTED_EDGE('',*,*,#9461,.T.);
#9867 = ORIENTED_EDGE('',*,*,#9868,.F.);
#9868 = EDGE_CURVE('',#9224,#9462,#9869,.T.);
#9869 = LINE('',#9870,#9871);
#9870 = CARTESIAN_POINT('',(10.3,2.684678751732,-31.05));
#9871 = VECTOR('',#9872,1.);
#9872 = DIRECTION('',(-1.,-0.,0.));
#9873 = PLANE('',#9874);
#9874 = AXIS2_PLACEMENT_3D('',#9875,#9876,#9877);
#9875 = CARTESIAN_POINT('',(10.3,-4.440892098501E-16,-32.6));
#9876 = DIRECTION('',(-0.,0.5,-0.866025403784));
#9877 = DIRECTION('',(0.,0.866025403784,0.5));
#9878 = ADVANCED_FACE('',(#9879),#9890,.F.);
#9879 = FACE_BOUND('',#9880,.F.);
#9880 = EDGE_LOOP('',(#9881,#9882,#9883,#9884));
#9881 = ORIENTED_EDGE('',*,*,#9223,.F.);
#9882 = ORIENTED_EDGE('',*,*,#9868,.T.);
#9883 = ORIENTED_EDGE('',*,*,#9469,.T.);
#9884 = ORIENTED_EDGE('',*,*,#9885,.F.);
#9885 = EDGE_CURVE('',#9215,#9470,#9886,.T.);
#9886 = LINE('',#9887,#9888);
#9887 = CARTESIAN_POINT('',(10.3,2.684678751732,-27.95));
#9888 = VECTOR('',#9889,1.);
#9889 = DIRECTION('',(-1.,-0.,0.));
#9890 = PLANE('',#9891);
#9891 = AXIS2_PLACEMENT_3D('',#9892,#9893,#9894);
#9892 = CARTESIAN_POINT('',(10.3,2.684678751732,-31.05));
#9893 = DIRECTION('',(-0.,1.,-5.730183352904E-16));
#9894 = DIRECTION('',(0.,5.730183352904E-16,1.));
#9895 = ADVANCED_FACE('',(#9896),#9902,.F.);
#9896 = FACE_BOUND('',#9897,.F.);
#9897 = EDGE_LOOP('',(#9898,#9899,#9900,#9901));
#9898 = ORIENTED_EDGE('',*,*,#9214,.F.);
#9899 = ORIENTED_EDGE('',*,*,#9885,.T.);
#9900 = ORIENTED_EDGE('',*,*,#9477,.T.);
#9901 = ORIENTED_EDGE('',*,*,#9810,.F.);
#9902 = PLANE('',#9903);
#9903 = AXIS2_PLACEMENT_3D('',#9904,#9905,#9906);
#9904 = CARTESIAN_POINT('',(10.3,2.684678751732,-27.95));
#9905 = DIRECTION('',(0.,0.5,0.866025403784));
#9906 = DIRECTION('',(0.,-0.866025403784,0.5));
#9907 = ADVANCED_FACE('',(#9908),#9924,.F.);
#9908 = FACE_BOUND('',#9909,.F.);
#9909 = EDGE_LOOP('',(#9910,#9911,#9917,#9918));
#9910 = ORIENTED_EDGE('',*,*,#9257,.F.);
#9911 = ORIENTED_EDGE('',*,*,#9912,.T.);
#9912 = EDGE_CURVE('',#9258,#9318,#9913,.T.);
#9913 = LINE('',#9914,#9915);
#9914 = CARTESIAN_POINT('',(0.,-10.3,-26.4));
#9915 = VECTOR('',#9916,1.);
#9916 = DIRECTION('',(0.,1.,-2.22044604925E-16));
#9917 = ORIENTED_EDGE('',*,*,#9317,.T.);
#9918 = ORIENTED_EDGE('',*,*,#9919,.F.);
#9919 = EDGE_CURVE('',#9260,#9320,#9920,.T.);
#9920 = LINE('',#9921,#9922);
#9921 = CARTESIAN_POINT('',(-2.684678751732,-10.3,-27.95));
#9922 = VECTOR('',#9923,1.);
#9923 = DIRECTION('',(0.,1.,-2.22044604925E-16));
#9924 = PLANE('',#9925);
#9925 = AXIS2_PLACEMENT_3D('',#9926,#9927,#9928);
#9926 = CARTESIAN_POINT('',(0.,-10.3,-26.4));
#9927 = DIRECTION('',(-0.5,1.922962686384E-16,0.866025403784));
#9928 = DIRECTION('',(-0.866025403784,-1.110223024625E-16,-0.5));
#9929 = ADVANCED_FACE('',(#9930),#9941,.F.);
#9930 = FACE_BOUND('',#9931,.F.);
#9931 = EDGE_LOOP('',(#9932,#9933,#9939,#9940));
#9932 = ORIENTED_EDGE('',*,*,#9268,.F.);
#9933 = ORIENTED_EDGE('',*,*,#9934,.T.);
#9934 = EDGE_CURVE('',#9269,#9328,#9935,.T.);
#9935 = LINE('',#9936,#9937);
#9936 = CARTESIAN_POINT('',(2.684678751732,-10.3,-27.95));
#9937 = VECTOR('',#9938,1.);
#9938 = DIRECTION('',(0.,1.,-2.22044604925E-16));
#9939 = ORIENTED_EDGE('',*,*,#9327,.T.);
#9940 = ORIENTED_EDGE('',*,*,#9912,.F.);
#9941 = PLANE('',#9942);
#9942 = AXIS2_PLACEMENT_3D('',#9943,#9944,#9945);
#9943 = CARTESIAN_POINT('',(2.684678751732,-10.3,-27.95));
#9944 = DIRECTION('',(0.5,1.922962686384E-16,0.866025403784));
#9945 = DIRECTION('',(-0.866025403784,1.110223024625E-16,0.5));
#9946 = ADVANCED_FACE('',(#9947),#9958,.F.);
#9947 = FACE_BOUND('',#9948,.F.);
#9948 = EDGE_LOOP('',(#9949,#9950,#9951,#9952));
#9949 = ORIENTED_EDGE('',*,*,#9303,.T.);
#9950 = ORIENTED_EDGE('',*,*,#9919,.T.);
#9951 = ORIENTED_EDGE('',*,*,#9359,.T.);
#9952 = ORIENTED_EDGE('',*,*,#9953,.F.);
#9953 = EDGE_CURVE('',#9295,#9352,#9954,.T.);
#9954 = LINE('',#9955,#9956);
#9955 = CARTESIAN_POINT('',(-2.684678751732,-10.3,-31.05));
#9956 = VECTOR('',#9957,1.);
#9957 = DIRECTION('',(0.,1.,-2.22044604925E-16));
#9958 = PLANE('',#9959);
#9959 = AXIS2_PLACEMENT_3D('',#9960,#9961,#9962);
#9960 = CARTESIAN_POINT('',(-2.684678751732,-10.3,-27.95));
#9961 = DIRECTION('',(-1.,6.361781493718E-32,2.865091676452E-16));
#9962 = DIRECTION('',(-2.865091676452E-16,-2.22044604925E-16,-1.));
#9963 = ADVANCED_FACE('',(#9964),#9975,.F.);
#9964 = FACE_BOUND('',#9965,.F.);
#9965 = EDGE_LOOP('',(#9966,#9967,#9973,#9974));
#9966 = ORIENTED_EDGE('',*,*,#9277,.F.);
#9967 = ORIENTED_EDGE('',*,*,#9968,.T.);
#9968 = EDGE_CURVE('',#9278,#9336,#9969,.T.);
#9969 = LINE('',#9970,#9971);
#9970 = CARTESIAN_POINT('',(2.684678751732,-10.3,-31.05));
#9971 = VECTOR('',#9972,1.);
#9972 = DIRECTION('',(0.,1.,-2.22044604925E-16));
#9973 = ORIENTED_EDGE('',*,*,#9335,.T.);
#9974 = ORIENTED_EDGE('',*,*,#9934,.F.);
#9975 = PLANE('',#9976);
#9976 = AXIS2_PLACEMENT_3D('',#9977,#9978,#9979);
#9977 = CARTESIAN_POINT('',(2.684678751732,-10.3,-31.05));
#9978 = DIRECTION('',(1.,-3.180890746859E-32,-1.432545838226E-16));
#9979 = DIRECTION('',(1.432545838226E-16,2.22044604925E-16,1.));
#9980 = ADVANCED_FACE('',(#9981),#9992,.F.);
#9981 = FACE_BOUND('',#9982,.F.);
#9982 = EDGE_LOOP('',(#9983,#9984,#9985,#9986));
#9983 = ORIENTED_EDGE('',*,*,#9294,.F.);
#9984 = ORIENTED_EDGE('',*,*,#9953,.T.);
#9985 = ORIENTED_EDGE('',*,*,#9351,.T.);
#9986 = ORIENTED_EDGE('',*,*,#9987,.F.);
#9987 = EDGE_CURVE('',#9286,#9344,#9988,.T.);
#9988 = LINE('',#9989,#9990);
#9989 = CARTESIAN_POINT('',(-1.33226762955E-15,-10.3,-32.6));
#9990 = VECTOR('',#9991,1.);
#9991 = DIRECTION('',(0.,1.,-2.22044604925E-16));
#9992 = PLANE('',#9993);
#9993 = AXIS2_PLACEMENT_3D('',#9994,#9995,#9996);
#9994 = CARTESIAN_POINT('',(-2.684678751732,-10.3,-31.05));
#9995 = DIRECTION('',(-0.5,-1.922962686384E-16,-0.866025403784));
#9996 = DIRECTION('',(0.866025403784,-1.110223024625E-16,-0.5));
#9997 = ADVANCED_FACE('',(#9998),#10004,.F.);
#9998 = FACE_BOUND('',#9999,.F.);
#9999 = EDGE_LOOP('',(#10000,#10001,#10002,#10003));
#10000 = ORIENTED_EDGE('',*,*,#9285,.F.);
#10001 = ORIENTED_EDGE('',*,*,#9987,.T.);
#10002 = ORIENTED_EDGE('',*,*,#9343,.T.);
#10003 = ORIENTED_EDGE('',*,*,#9968,.F.);
#10004 = PLANE('',#10005);
#10005 = AXIS2_PLACEMENT_3D('',#10006,#10007,#10008);
#10006 = CARTESIAN_POINT('',(-1.33226762955E-15,-10.3,-32.6));
#10007 = DIRECTION('',(0.5,-1.922962686384E-16,-0.866025403784));
#10008 = DIRECTION('',(0.866025403784,1.110223024625E-16,0.5));
#10009 = ( GEOMETRIC_REPRESENTATION_CONTEXT(3) 
GLOBAL_UNCERTAINTY_ASSIGNED_CONTEXT((#10013)) 
GLOBAL_UNIT_ASSIGNED_CONTEXT((#10010,#10011,#10012)) 
REPRESENTATION_CONTEXT('Context #1',
  '3D Context with UNIT and UNCERTAINTY') );
#10010 = ( LENGTH_UNIT() NAMED_UNIT(*) SI_UNIT(.MILLI.,.METRE.) );
#10011 = ( NAMED_UNIT(*) PLANE_ANGLE_UNIT() SI_UNIT($,.RADIAN.) );
#10012 = ( NAMED_UNIT(*) SI_UNIT($,.STERADIAN.) SOLID_ANGLE_UNIT() );
#10013 = UNCERTAINTY_MEASURE_WITH_UNIT(LENGTH_MEASURE(2.E-06),#10010,
  'distance_accuracy_value','confusion accuracy');
#10014 = PRODUCT_RELATED_PRODUCT_CATEGORY('part',$,(#7));
#10015 = MECHANICAL_DESIGN_GEOMETRIC_PRESENTATION_REPRESENTATION('',(
    #10016),#10009);
#10016 = STYLED_ITEM('color',(#10017),#15);
#10017 = PRESENTATION_STYLE_ASSIGNMENT((#10018,#10024));
#10018 = SURFACE_STYLE_USAGE(.BOTH.,#10019);
#10019 = SURFACE_SIDE_STYLE('',(#10020));
#10020 = SURFACE_STYLE_FILL_AREA(#10021);
#10021 = FILL_AREA_STYLE('',(#10022));
#10022 = FILL_AREA_STYLE_COLOUR('',#10023);
#10023 = COLOUR_RGB('',0.447058818107,0.474509808674,0.501960817233);
#10024 = CURVE_STYLE('',#10025,POSITIVE_LENGTH_MEASURE(0.1),#10026);
#10025 = DRAUGHTING_PRE_DEFINED_CURVE_FONT('continuous');
#10026 = COLOUR_RGB('',9.803921802644E-02,9.803921802644E-02,
  9.803921802644E-02);
ENDSEC;
END-ISO-10303-21;
